sku,category,abc_class,week_idx,week_start,split,actual,promo_flag,naive,ma,ses,snaive,linear,mlp
SKU-00001,Textiles,B,72,2025-05-19,dev,201.0,0,175.0,181.2,183.9,211.0,187.5,184.3
SKU-00001,Textiles,B,73,2025-05-26,dev,193.0,0,201.0,185.8,190.7,234.0,196.6,187.9
SKU-00001,Textiles,B,74,2025-06-02,dev,211.0,0,193.0,189.0,191.6,220.0,199.9,191.7
SKU-00001,Textiles,B,75,2025-06-09,dev,243.0,0,211.0,195.0,199.4,242.0,207.5,195.7
SKU-00001,Textiles,B,76,2025-06-16,dev,231.0,0,243.0,212.0,216.8,249.0,224.8,218.5
SKU-00001,Textiles,B,77,2025-06-23,dev,228.0,0,231.0,219.5,222.5,255.0,226.1,224.5
SKU-00001,Textiles,B,78,2025-06-30,dev,181.0,0,228.0,228.2,224.7,255.0,230.8,229.7
SKU-00001,Textiles,B,79,2025-07-07,dev,241.0,0,181.0,220.8,207.2,356.0,212.6,208.2
SKU-00001,Textiles,B,80,2025-07-14,dev,265.0,0,241.0,220.2,220.7,256.0,229.7,221.2
SKU-00001,Textiles,B,81,2025-07-21,dev,287.0,0,265.0,228.8,238.4,282.0,245.0,251.3
SKU-00001,Textiles,B,82,2025-07-28,dev,249.0,0,287.0,243.5,257.9,404.0,260.0,268.2
SKU-00001,Textiles,B,83,2025-08-04,dev,213.0,0,249.0,260.5,254.3,293.0,257.3,264.1
SKU-00001,Textiles,B,84,2025-08-11,dev,283.0,0,213.0,253.5,237.8,309.0,240.3,242.8
SKU-00001,Textiles,B,85,2025-08-18,dev,274.0,0,283.0,258.0,255.9,289.0,262.8,269.7
SKU-00001,Textiles,B,86,2025-08-25,dev,259.0,0,274.0,254.8,263.1,291.0,263.9,274.4
SKU-00001,Textiles,B,87,2025-09-01,dev,249.0,0,259.0,257.2,261.5,325.0,261.1,267.7
SKU-00001,Textiles,B,88,2025-09-08,test,301.0,0,249.0,266.2,256.5,291.0,259.8,268.3
SKU-00001,Textiles,B,89,2025-09-15,test,272.0,0,301.0,270.8,274.3,354.0,278.0,289.0
SKU-00001,Textiles,B,90,2025-09-22,test,317.0,1,272.0,270.2,273.4,314.0,346.7,363.1
SKU-00001,Textiles,B,91,2025-09-29,test,327.0,1,317.0,284.8,290.8,258.0,328.3,334.2
SKU-00001,Textiles,B,92,2025-10-06,test,307.0,0,327.0,304.2,305.3,330.0,267.2,278.1
SKU-00001,Textiles,B,93,2025-10-13,test,279.0,0,307.0,305.8,306.0,294.0,298.3,308.3
SKU-00001,Textiles,B,94,2025-10-20,test,266.0,0,279.0,307.5,295.2,294.0,288.4,297.6
SKU-00001,Textiles,B,95,2025-10-27,test,252.0,0,266.0,294.8,283.5,348.0,278.1,287.8
SKU-00001,Textiles,B,96,2025-11-03,test,258.0,0,252.0,276.0,270.9,320.0,264.2,272.7
SKU-00001,Textiles,B,97,2025-11-10,test,250.0,0,258.0,263.8,265.7,278.0,260.7,268.7
SKU-00001,Textiles,B,98,2025-11-17,test,283.0,1,250.0,256.5,259.4,298.0,330.8,340.8
SKU-00001,Textiles,B,99,2025-11-24,test,260.0,0,283.0,260.8,268.9,252.0,231.0,238.6
SKU-00001,Textiles,B,100,2025-12-01,test,212.0,0,260.0,262.8,265.3,299.0,258.6,267.7
SKU-00001,Textiles,B,101,2025-12-08,test,285.0,1,212.0,251.2,244.0,291.0,311.6,316.3
SKU-00001,Textiles,B,102,2025-12-15,test,347.0,1,285.0,260.0,260.4,399.0,299.1,310.3
SKU-00001,Textiles,B,103,2025-12-22,test,232.0,0,347.0,276.0,295.0,239.0,255.4,261.1
SKU-00002,Electronics,B,72,2025-05-19,dev,484.0,0,434.0,447.0,436.9,366.0,418.5,433.3
SKU-00002,Electronics,B,73,2025-05-26,dev,504.0,0,484.0,458.0,455.8,378.0,437.9,458.0
SKU-00002,Electronics,B,74,2025-06-02,dev,463.0,0,504.0,470.0,475.1,464.0,457.9,481.2
SKU-00002,Electronics,B,75,2025-06-09,dev,504.0,0,463.0,471.2,470.2,403.0,447.3,462.6
SKU-00002,Electronics,B,76,2025-06-16,dev,592.0,0,504.0,488.8,483.7,393.0,464.9,486.6
SKU-00002,Electronics,B,77,2025-06-23,dev,541.0,0,592.0,515.8,527.0,427.0,507.0,533.3
SKU-00002,Electronics,B,78,2025-06-30,dev,512.0,0,541.0,525.0,532.6,397.0,504.8,515.7
SKU-00002,Electronics,B,79,2025-07-07,dev,827.0,1,512.0,537.2,524.4,444.0,608.4,643.2
SKU-00002,Electronics,B,80,2025-07-14,dev,560.0,0,827.0,618.0,645.4,432.0,575.3,530.9
SKU-00002,Electronics,B,81,2025-07-21,dev,526.0,0,560.0,610.0,611.3,450.0,560.8,531.6
SKU-00002,Electronics,B,82,2025-07-28,dev,567.0,0,526.0,606.2,577.2,457.0,531.6,528.6
SKU-00002,Electronics,B,83,2025-08-04,dev,550.0,0,567.0,620.0,573.1,427.0,551.0,544.5
SKU-00002,Electronics,B,84,2025-08-11,dev,497.0,0,550.0,550.8,563.9,457.0,525.8,537.3
SKU-00002,Electronics,B,85,2025-08-18,dev,521.0,0,497.0,535.0,537.1,574.0,501.1,512.6
SKU-00002,Electronics,B,86,2025-08-25,dev,512.0,0,521.0,533.8,530.7,501.0,504.7,518.6
SKU-00002,Electronics,B,87,2025-09-01,dev,537.0,0,512.0,520.0,523.2,450.0,499.9,513.9
SKU-00002,Electronics,B,88,2025-09-08,test,557.0,0,537.0,516.8,528.7,405.0,503.2,520.7
SKU-00002,Electronics,B,89,2025-09-15,test,512.0,0,557.0,531.8,540.0,428.0,516.3,531.5
SKU-00002,Electronics,B,90,2025-09-22,test,504.0,0,512.0,529.5,528.8,398.0,502.0,513.9
SKU-00002,Electronics,B,91,2025-09-29,test,542.0,0,504.0,527.5,518.9,399.0,493.8,503.6
SKU-00002,Electronics,B,92,2025-10-06,test,481.0,0,542.0,528.8,528.1,426.0,505.9,518.4
SKU-00002,Electronics,B,93,2025-10-13,test,494.0,0,481.0,509.8,509.3,392.0,482.0,493.9
SKU-00002,Electronics,B,94,2025-10-20,test,522.0,0,494.0,505.2,503.2,406.0,480.5,495.4
SKU-00002,Electronics,B,95,2025-10-27,test,480.0,0,522.0,509.8,510.7,394.0,492.0,507.5
SKU-00002,Electronics,B,96,2025-11-03,test,500.0,0,480.0,494.2,498.4,375.0,471.1,485.3
SKU-00002,Electronics,B,97,2025-11-10,test,464.0,0,500.0,499.0,499.1,356.0,475.8,491.2
SKU-00002,Electronics,B,98,2025-11-17,test,484.0,0,464.0,491.5,485.0,485.0,462.2,475.8
SKU-00002,Electronics,B,99,2025-11-24,test,442.0,0,484.0,482.0,484.6,382.0,463.0,477.9
SKU-00002,Electronics,B,100,2025-12-01,test,460.0,0,442.0,472.5,467.6,354.0,441.7,457.0
SKU-00002,Electronics,B,101,2025-12-08,test,435.0,0,460.0,462.5,464.5,354.0,441.3,456.1
SKU-00002,Electronics,B,102,2025-12-15,test,445.0,0,435.0,455.2,452.7,324.0,431.2,446.9
SKU-00002,Electronics,B,103,2025-12-22,test,411.0,0,445.0,445.5,449.6,345.0,428.7,443.1
SKU-00003,Packaging,A,72,2025-05-19,dev,41.0,0,42.0,42.8,42.7,40.0,41.3,42.2
SKU-00003,Packaging,A,73,2025-05-26,dev,43.0,0,41.0,43.2,42.0,38.0,41.0,41.5
SKU-00003,Packaging,A,74,2025-06-02,dev,43.0,0,43.0,42.5,42.4,43.0,41.9,42.9
SKU-00003,Packaging,A,75,2025-06-09,dev,47.0,0,43.0,42.2,42.7,44.0,42.0,43.2
SKU-00003,Packaging,A,76,2025-06-16,dev,41.0,0,47.0,43.5,44.4,44.0,43.7,45.4
SKU-00003,Packaging,A,77,2025-06-23,dev,44.0,0,41.0,43.5,43.0,45.0,42.0,43.2
SKU-00003,Packaging,A,78,2025-06-30,dev,46.0,0,44.0,43.8,43.4,43.0,43.2,44.4
SKU-00003,Packaging,A,79,2025-07-07,dev,42.0,0,46.0,44.5,44.5,56.0,44.3,46.2
SKU-00003,Packaging,A,80,2025-07-14,dev,46.0,0,42.0,43.2,43.5,50.0,42.7,44.0
SKU-00003,Packaging,A,81,2025-07-21,dev,48.0,0,46.0,44.5,44.5,55.0,44.2,45.8
SKU-00003,Packaging,A,82,2025-07-28,dev,44.0,0,48.0,45.5,45.9,44.0,45.5,47.6
SKU-00003,Packaging,A,83,2025-08-04,dev,51.0,0,44.0,45.0,45.1,48.0,44.6,46.0
SKU-00003,Packaging,A,84,2025-08-11,dev,49.0,0,51.0,47.2,47.5,46.0,47.4,49.4
SKU-00003,Packaging,A,85,2025-08-18,dev,49.0,0,49.0,48.0,48.1,52.0,47.5,49.7
SKU-00003,Packaging,A,86,2025-08-25,dev,58.0,1,49.0,48.2,48.5,59.0,59.9,63.8
SKU-00003,Packaging,A,87,2025-09-01,dev,66.0,1,58.0,51.8,52.3,48.0,58.3,57.9
SKU-00003,Packaging,A,88,2025-09-08,test,50.0,0,66.0,55.5,57.8,46.0,50.7,50.0
SKU-00003,Packaging,A,89,2025-09-15,test,49.0,0,50.0,55.8,54.7,50.0,52.1,52.6
SKU-00003,Packaging,A,90,2025-09-22,test,42.0,0,49.0,55.8,52.4,50.0,50.7,52.0
SKU-00003,Packaging,A,91,2025-09-29,test,44.0,0,42.0,51.8,48.2,45.0,46.8,48.3
SKU-00003,Packaging,A,92,2025-10-06,test,43.0,0,44.0,46.2,46.5,55.0,45.1,46.5
SKU-00003,Packaging,A,93,2025-10-13,test,38.0,0,43.0,44.5,45.1,45.0,44.3,46.0
SKU-00003,Packaging,A,94,2025-10-20,test,45.0,0,38.0,41.8,42.3,41.0,41.5,42.6
SKU-00003,Packaging,A,95,2025-10-27,test,46.0,0,45.0,42.5,43.4,42.0,43.6,44.9
SKU-00003,Packaging,A,96,2025-11-03,test,47.0,0,46.0,43.0,44.4,41.0,43.9,45.7
SKU-00003,Packaging,A,97,2025-11-10,test,37.0,0,47.0,44.0,45.5,49.0,44.7,46.1
SKU-00003,Packaging,A,98,2025-11-17,test,42.0,0,37.0,43.8,42.1,40.0,41.2,42.5
SKU-00003,Packaging,A,99,2025-11-24,test,35.0,0,42.0,43.0,42.0,37.0,42.0,42.8
SKU-00003,Packaging,A,100,2025-12-01,test,40.0,0,35.0,40.2,39.2,38.0,38.5,39.2
SKU-00003,Packaging,A,101,2025-12-08,test,37.0,0,40.0,38.5,39.5,36.0,39.0,39.3
SKU-00003,Packaging,A,102,2025-12-15,test,38.0,0,37.0,38.5,38.5,38.0,38.4,39.0
SKU-00003,Packaging,A,103,2025-12-22,test,39.0,0,38.0,37.5,38.3,38.0,38.1,38.2
SKU-00004,Chemicals,B,72,2025-05-19,dev,178.0,0,148.0,168.0,161.2,144.0,158.9,159.8
SKU-00004,Chemicals,B,73,2025-05-26,dev,156.0,0,178.0,166.8,167.9,133.0,167.2,165.8
SKU-00004,Chemicals,B,74,2025-06-02,dev,224.0,0,156.0,162.2,163.2,158.0,162.4,162.5
SKU-00004,Chemicals,B,75,2025-06-09,dev,180.0,0,224.0,176.5,187.5,167.0,188.7,196.0
SKU-00004,Chemicals,B,76,2025-06-16,dev,178.0,0,180.0,184.5,184.5,156.0,181.7,185.7
SKU-00004,Chemicals,B,77,2025-06-23,dev,258.0,1,178.0,184.5,181.9,161.0,231.7,235.2
SKU-00004,Chemicals,B,78,2025-06-30,dev,192.0,1,258.0,210.0,212.3,247.0,243.4,240.6
SKU-00004,Chemicals,B,79,2025-07-07,dev,167.0,0,192.0,202.0,204.2,165.0,171.4,173.4
SKU-00004,Chemicals,B,80,2025-07-14,dev,173.0,0,167.0,198.8,189.3,155.0,183.8,186.3
SKU-00004,Chemicals,B,81,2025-07-21,dev,181.0,0,173.0,197.5,182.8,154.0,183.5,185.0
SKU-00004,Chemicals,B,82,2025-07-28,dev,157.0,0,181.0,178.2,182.1,168.0,180.4,184.2
SKU-00004,Chemicals,B,83,2025-08-04,dev,171.0,0,157.0,169.5,172.0,155.0,171.0,173.8
SKU-00004,Chemicals,B,84,2025-08-11,dev,227.0,1,171.0,170.5,171.6,164.0,227.6,224.2
SKU-00004,Chemicals,B,85,2025-08-18,dev,274.0,1,227.0,184.0,193.8,174.0,226.2,227.0
SKU-00004,Chemicals,B,86,2025-08-25,dev,197.0,0,274.0,207.2,225.9,172.0,199.8,194.4
SKU-00004,Chemicals,B,87,2025-09-01,dev,189.0,0,197.0,217.2,214.3,170.0,207.4,208.6
SKU-00004,Chemicals,B,88,2025-09-08,test,249.0,1,189.0,221.8,204.2,165.0,254.9,275.9
SKU-00004,Chemicals,B,89,2025-09-15,test,372.0,1,249.0,227.2,222.1,191.0,250.8,253.9
SKU-00004,Chemicals,B,90,2025-09-22,test,214.0,0,372.0,251.8,282.1,177.0,252.0,234.1
SKU-00004,Chemicals,B,91,2025-09-29,test,217.0,0,214.0,256.0,254.8,183.0,235.8,223.3
SKU-00004,Chemicals,B,92,2025-10-06,test,209.0,0,217.0,263.0,239.7,199.0,229.3,230.0
SKU-00004,Chemicals,B,93,2025-10-13,test,231.0,0,209.0,253.0,227.4,175.0,222.9,222.2
SKU-00004,Chemicals,B,94,2025-10-20,test,191.0,0,231.0,217.8,228.9,182.0,217.5,225.7
SKU-00004,Chemicals,B,95,2025-10-27,test,217.0,0,191.0,212.0,213.7,192.0,203.9,210.7
SKU-00004,Chemicals,B,96,2025-11-03,test,224.0,0,217.0,212.0,215.0,207.0,208.5,215.3
SKU-00004,Chemicals,B,97,2025-11-10,test,237.0,0,224.0,215.8,218.6,229.0,213.4,221.9
SKU-00004,Chemicals,B,98,2025-11-17,test,189.0,0,237.0,217.2,226.0,251.0,217.2,224.9
SKU-00004,Chemicals,B,99,2025-11-24,test,213.0,0,189.0,216.8,211.2,202.0,201.9,208.4
SKU-00004,Chemicals,B,100,2025-12-01,test,340.0,1,213.0,215.8,211.9,208.0,257.5,276.1
SKU-00004,Chemicals,B,101,2025-12-08,test,236.0,0,340.0,244.8,263.1,253.0,232.5,221.8
SKU-00004,Chemicals,B,102,2025-12-15,test,232.0,0,236.0,244.5,252.3,203.0,232.7,227.0
SKU-00004,Chemicals,B,103,2025-12-22,test,247.0,0,232.0,255.2,244.2,164.0,228.7,231.6
SKU-00005,Raw Materials,A,72,2025-05-19,dev,600.0,1,300.0,354.0,347.8,270.0,436.5,428.1
SKU-00005,Raw Materials,A,73,2025-05-26,dev,393.0,0,600.0,439.5,448.7,347.0,402.3,407.9
SKU-00005,Raw Materials,A,74,2025-06-02,dev,277.0,0,393.0,420.2,426.4,262.0,404.1,406.8
SKU-00005,Raw Materials,A,75,2025-06-09,dev,308.0,1,277.0,392.5,366.6,296.0,449.9,454.0
SKU-00005,Raw Materials,A,76,2025-06-16,dev,451.0,1,308.0,394.5,343.2,292.0,400.5,436.4
SKU-00005,Raw Materials,A,77,2025-06-23,dev,315.0,0,451.0,357.2,386.3,379.0,332.7,328.3
SKU-00005,Raw Materials,A,78,2025-06-30,dev,325.0,0,315.0,337.8,357.8,285.0,345.0,344.7
SKU-00005,Raw Materials,A,79,2025-07-07,dev,330.0,0,325.0,349.8,344.7,379.0,342.8,340.1
SKU-00005,Raw Materials,A,80,2025-07-14,dev,260.0,0,330.0,355.2,338.8,343.0,346.8,348.3
SKU-00005,Raw Materials,A,81,2025-07-21,dev,284.0,0,260.0,307.5,307.3,312.0,304.7,297.5
SKU-00005,Raw Materials,A,82,2025-07-28,dev,302.0,0,284.0,299.8,298.0,391.0,304.0,284.6
SKU-00005,Raw Materials,A,83,2025-08-04,dev,414.0,0,302.0,294.0,299.6,397.0,312.8,298.4
SKU-00005,Raw Materials,A,84,2025-08-11,dev,321.0,0,414.0,315.0,345.3,329.0,359.0,365.5
SKU-00005,Raw Materials,A,85,2025-08-18,dev,315.0,0,321.0,330.2,335.6,384.0,339.6,340.6
SKU-00005,Raw Materials,A,86,2025-08-25,dev,340.0,0,315.0,338.0,327.4,383.0,334.2,334.7
SKU-00005,Raw Materials,A,87,2025-09-01,dev,439.0,1,340.0,347.5,332.4,329.0,452.5,452.7
SKU-00005,Raw Materials,A,88,2025-09-08,test,378.0,1,439.0,353.8,375.1,332.0,438.8,443.0
SKU-00005,Raw Materials,A,89,2025-09-15,test,232.0,0,378.0,368.0,376.2,328.0,325.2,328.8
SKU-00005,Raw Materials,A,90,2025-09-22,test,323.0,0,232.0,347.2,318.5,353.0,317.2,323.4
SKU-00005,Raw Materials,A,91,2025-09-29,test,428.0,0,323.0,343.0,320.3,337.0,334.7,328.8
SKU-00005,Raw Materials,A,92,2025-10-06,test,308.0,0,428.0,340.2,363.4,467.0,374.1,393.0
SKU-00005,Raw Materials,A,93,2025-10-13,test,382.0,0,308.0,322.8,341.2,320.0,336.2,334.5
SKU-00005,Raw Materials,A,94,2025-10-20,test,327.0,0,382.0,360.2,357.5,288.0,365.7,374.2
SKU-00005,Raw Materials,A,95,2025-10-27,test,296.0,0,327.0,361.2,345.3,316.0,352.6,366.1
SKU-00005,Raw Materials,A,96,2025-11-03,test,356.0,0,296.0,328.2,325.6,330.0,323.2,324.0
SKU-00005,Raw Materials,A,97,2025-11-10,test,430.0,0,356.0,340.2,337.8,403.0,344.4,350.4
SKU-00005,Raw Materials,A,98,2025-11-17,test,353.0,0,430.0,352.2,374.7,502.0,378.8,394.9
SKU-00005,Raw Materials,A,99,2025-11-24,test,374.0,0,353.0,358.8,366.0,403.0,361.2,371.0
SKU-00005,Raw Materials,A,100,2025-12-01,test,316.0,0,374.0,378.2,369.2,447.0,364.6,374.7
SKU-00005,Raw Materials,A,101,2025-12-08,test,312.0,0,316.0,368.2,347.9,345.0,343.6,351.7
SKU-00005,Raw Materials,A,102,2025-12-15,test,366.0,0,312.0,338.8,333.6,332.0,327.9,328.6
SKU-00005,Raw Materials,A,103,2025-12-22,test,424.0,0,366.0,342.0,346.5,267.0,346.7,353.7
SKU-00006,Chemicals,C,72,2025-05-19,dev,58.0,0,44.0,43.5,43.2,35.0,43.9,41.7
SKU-00006,Chemicals,C,73,2025-05-26,dev,58.0,0,58.0,45.8,49.1,58.0,49.7,49.5
SKU-00006,Chemicals,C,74,2025-06-02,dev,40.0,0,58.0,49.5,52.7,32.0,52.8,53.8
SKU-00006,Chemicals,C,75,2025-06-09,dev,50.0,0,40.0,50.0,47.6,41.0,47.0,47.3
SKU-00006,Chemicals,C,76,2025-06-16,dev,45.0,0,50.0,51.5,48.6,36.0,49.5,48.5
SKU-00006,Chemicals,C,77,2025-06-23,dev,43.0,0,45.0,48.2,47.1,34.0,47.4,47.1
SKU-00006,Chemicals,C,78,2025-06-30,dev,47.0,0,43.0,44.5,45.5,36.0,45.9,43.9
SKU-00006,Chemicals,C,79,2025-07-07,dev,53.0,0,47.0,46.2,46.1,33.0,47.7,46.1
SKU-00006,Chemicals,C,80,2025-07-14,dev,47.0,0,53.0,47.0,48.9,47.0,50.3,50.2
SKU-00006,Chemicals,C,81,2025-07-21,dev,44.0,0,47.0,47.5,48.1,44.0,48.8,48.7
SKU-00006,Chemicals,C,82,2025-07-28,dev,67.0,0,44.0,47.8,46.5,39.0,47.3,46.2
SKU-00006,Chemicals,C,83,2025-08-04,dev,46.0,0,67.0,52.8,54.7,33.0,57.1,59.6
SKU-00006,Chemicals,C,84,2025-08-11,dev,64.0,0,46.0,51.0,51.2,64.0,51.1,51.6
SKU-00006,Chemicals,C,85,2025-08-18,dev,58.0,0,64.0,55.2,56.3,43.0,57.3,58.8
SKU-00006,Chemicals,C,86,2025-08-25,dev,66.0,0,58.0,58.8,57.0,43.0,57.8,60.5
SKU-00006,Chemicals,C,87,2025-09-01,dev,43.0,0,66.0,58.5,60.6,54.0,60.3,62.4
SKU-00006,Chemicals,C,88,2025-09-08,test,57.0,0,43.0,57.8,53.6,46.0,52.9,54.6
SKU-00006,Chemicals,C,89,2025-09-15,test,43.0,0,57.0,56.0,54.9,55.0,55.5,56.3
SKU-00006,Chemicals,C,90,2025-09-22,test,55.0,0,43.0,52.2,50.2,95.0,50.6,51.9
SKU-00006,Chemicals,C,91,2025-09-29,test,81.0,0,55.0,49.5,52.1,72.0,52.4,53.0
SKU-00006,Chemicals,C,92,2025-10-06,test,49.0,0,81.0,59.0,63.7,95.0,65.2,68.9
SKU-00006,Chemicals,C,93,2025-10-13,test,74.0,0,49.0,57.0,57.8,70.0,55.7,55.4
SKU-00006,Chemicals,C,94,2025-10-20,test,88.0,0,74.0,64.8,64.3,69.0,64.5,66.5
SKU-00006,Chemicals,C,95,2025-10-27,test,60.0,1,88.0,73.0,73.8,50.0,89.5,96.0
SKU-00006,Chemicals,C,96,2025-11-03,test,118.0,1,60.0,67.8,68.3,45.0,71.8,72.4
SKU-00006,Chemicals,C,97,2025-11-10,test,53.0,1,118.0,85.0,88.2,71.0,95.3,97.2
SKU-00006,Chemicals,C,98,2025-11-17,test,82.0,0,53.0,79.8,74.1,67.0,60.3,59.8
SKU-00006,Chemicals,C,99,2025-11-24,test,50.0,0,82.0,78.2,77.3,39.0,73.1,74.2
SKU-00006,Chemicals,C,100,2025-12-01,test,39.0,0,50.0,75.8,66.4,95.0,62.5,61.5
SKU-00006,Chemicals,C,101,2025-12-08,test,43.0,0,39.0,56.0,55.4,50.0,50.2,49.0
SKU-00006,Chemicals,C,102,2025-12-15,test,66.0,0,43.0,53.5,50.4,85.0,49.5,47.9
SKU-00006,Chemicals,C,103,2025-12-22,test,58.0,0,66.0,49.5,56.7,76.0,55.8,57.4
SKU-00007,Chemicals,C,72,2025-05-19,dev,29.0,0,33.0,33.2,33.2,25.0,27.7,30.8
SKU-00007,Chemicals,C,73,2025-05-26,dev,48.0,1,29.0,32.2,31.5,31.0,43.3,41.0
SKU-00007,Chemicals,C,74,2025-06-02,dev,34.0,1,48.0,36.2,38.1,24.0,45.6,44.7
SKU-00007,Chemicals,C,75,2025-06-09,dev,34.0,0,34.0,36.0,36.5,25.0,30.5,33.0
SKU-00007,Chemicals,C,76,2025-06-16,dev,35.0,0,34.0,36.2,35.5,27.0,35.3,34.7
SKU-00007,Chemicals,C,77,2025-06-23,dev,32.0,0,35.0,37.8,35.3,29.0,36.1,35.9
SKU-00007,Chemicals,C,78,2025-06-30,dev,28.0,0,32.0,33.8,34.0,24.0,34.4,33.3
SKU-00007,Chemicals,C,79,2025-07-07,dev,25.0,0,28.0,32.2,31.6,32.0,32.3,30.8
SKU-00007,Chemicals,C,80,2025-07-14,dev,32.0,0,25.0,30.0,29.0,30.0,30.2,28.7
SKU-00007,Chemicals,C,81,2025-07-21,dev,34.0,0,32.0,29.2,30.2,25.0,32.1,29.0
SKU-00007,Chemicals,C,82,2025-07-28,dev,41.0,0,34.0,29.8,31.7,30.0,33.2,31.1
SKU-00007,Chemicals,C,83,2025-08-04,dev,46.0,0,41.0,33.0,35.4,26.0,37.1,36.7
SKU-00007,Chemicals,C,84,2025-08-11,dev,51.0,0,46.0,38.2,39.7,35.0,41.1,42.6
SKU-00007,Chemicals,C,85,2025-08-18,dev,44.0,0,51.0,43.0,44.2,46.0,44.9,46.9
SKU-00007,Chemicals,C,86,2025-08-25,dev,45.0,0,44.0,45.5,44.1,36.0,43.9,45.2
SKU-00007,Chemicals,C,87,2025-09-01,dev,51.0,0,45.0,46.5,44.5,42.0,44.4,45.8
SKU-00007,Chemicals,C,88,2025-09-08,test,53.0,0,51.0,47.8,47.1,51.0,47.1,49.3
SKU-00007,Chemicals,C,89,2025-09-15,test,57.0,0,53.0,48.2,49.4,42.0,48.6,50.8
SKU-00007,Chemicals,C,90,2025-09-22,test,66.0,0,57.0,51.5,52.5,47.0,51.4,53.7
SKU-00007,Chemicals,C,91,2025-09-29,test,62.0,0,66.0,56.8,57.9,50.0,56.5,58.3
SKU-00007,Chemicals,C,92,2025-10-06,test,63.0,0,62.0,59.5,59.5,54.0,56.9,57.1
SKU-00007,Chemicals,C,93,2025-10-13,test,80.0,1,63.0,62.0,60.9,45.0,69.6,72.9
SKU-00007,Chemicals,C,94,2025-10-20,test,63.0,0,80.0,67.8,68.6,46.0,60.2,55.1
SKU-00007,Chemicals,C,95,2025-10-27,test,68.0,0,63.0,67.0,66.3,62.0,61.4,58.7
SKU-00007,Chemicals,C,96,2025-11-03,test,67.0,0,68.0,68.5,67.0,54.0,62.3,61.2
SKU-00007,Chemicals,C,97,2025-11-10,test,73.0,0,67.0,69.5,67.0,63.0,62.7,61.0
SKU-00007,Chemicals,C,98,2025-11-17,test,68.0,0,73.0,67.8,69.4,81.0,64.2,63.7
SKU-00007,Chemicals,C,99,2025-11-24,test,65.0,0,68.0,69.0,68.8,51.0,63.4,61.7
SKU-00007,Chemicals,C,100,2025-12-01,test,55.0,0,65.0,68.2,67.3,46.0,61.4,59.9
SKU-00007,Chemicals,C,101,2025-12-08,test,72.0,0,55.0,65.2,62.4,52.0,56.9,55.2
SKU-00007,Chemicals,C,102,2025-12-15,test,68.0,0,72.0,65.0,66.2,47.0,61.6,61.6
SKU-00007,Chemicals,C,103,2025-12-22,test,53.0,0,68.0,65.0,66.9,49.0,61.5,60.5
SKU-00008,Packaging,B,72,2025-05-19,dev,75.0,0,69.0,81.0,75.2,75.0,72.8,72.1
SKU-00008,Packaging,B,73,2025-05-26,dev,67.0,0,75.0,80.8,75.1,90.0,74.6,74.9
SKU-00008,Packaging,B,74,2025-06-02,dev,67.0,0,67.0,70.8,71.9,96.0,70.1,70.5
SKU-00008,Packaging,B,75,2025-06-09,dev,92.0,0,67.0,69.5,69.9,96.0,69.2,68.5
SKU-00008,Packaging,B,76,2025-06-16,dev,100.0,0,92.0,75.2,78.8,108.0,79.4,82.7
SKU-00008,Packaging,B,77,2025-06-23,dev,123.0,1,100.0,81.5,87.3,94.0,108.4,112.8
SKU-00008,Packaging,B,78,2025-06-30,dev,84.0,0,123.0,95.5,101.6,97.0,89.2,86.9
SKU-00008,Packaging,B,79,2025-07-07,dev,86.0,0,84.0,99.8,94.5,92.0,90.2,90.4
SKU-00008,Packaging,B,80,2025-07-14,dev,84.0,0,86.0,98.2,91.1,111.0,88.0,90.6
SKU-00008,Packaging,B,81,2025-07-21,dev,92.0,0,84.0,94.2,88.3,109.0,86.2,89.7
SKU-00008,Packaging,B,82,2025-07-28,dev,91.0,0,92.0,86.5,89.8,93.0,86.4,90.3
SKU-00008,Packaging,B,83,2025-08-04,dev,80.0,0,91.0,88.2,90.3,90.0,88.1,92.0
SKU-00008,Packaging,B,84,2025-08-11,dev,107.0,0,80.0,86.8,86.2,106.0,83.8,86.7
SKU-00008,Packaging,B,85,2025-08-18,dev,90.0,1,107.0,92.5,94.5,100.0,116.2,125.4
SKU-00008,Packaging,B,86,2025-08-25,dev,103.0,1,90.0,92.0,92.7,78.0,101.2,103.2
SKU-00008,Packaging,B,87,2025-09-01,dev,87.0,0,103.0,95.0,96.8,80.0,83.5,85.3
SKU-00008,Packaging,B,88,2025-09-08,test,94.0,0,87.0,96.8,92.9,92.0,90.4,93.6
SKU-00008,Packaging,B,89,2025-09-15,test,94.0,0,94.0,93.5,93.3,72.0,90.7,93.9
SKU-00008,Packaging,B,90,2025-09-22,test,77.0,0,94.0,94.5,93.6,90.0,91.5,95.4
SKU-00008,Packaging,B,91,2025-09-29,test,84.0,0,77.0,88.0,87.0,92.0,83.4,85.9
SKU-00008,Packaging,B,92,2025-10-06,test,69.0,0,84.0,87.2,85.8,81.0,84.3,87.1
SKU-00008,Packaging,B,93,2025-10-13,test,80.0,0,69.0,81.0,79.1,72.0,77.3,80.0
SKU-00008,Packaging,B,94,2025-10-20,test,65.0,0,80.0,77.5,79.4,77.0,78.7,80.7
SKU-00008,Packaging,B,95,2025-10-27,test,69.0,0,65.0,74.5,73.7,80.0,73.0,75.2
SKU-00008,Packaging,B,96,2025-11-03,test,49.0,0,69.0,70.8,71.8,87.0,71.3,71.8
SKU-00008,Packaging,B,97,2025-11-10,test,67.0,0,49.0,65.8,62.7,80.0,62.8,62.8
SKU-00008,Packaging,B,98,2025-11-17,test,71.0,0,67.0,62.5,64.4,85.0,66.0,62.6
SKU-00008,Packaging,B,99,2025-11-24,test,71.0,0,71.0,64.0,67.0,62.0,68.9,69.2
SKU-00008,Packaging,B,100,2025-12-01,test,55.0,0,71.0,64.5,68.6,61.0,68.3,68.9
SKU-00008,Packaging,B,101,2025-12-08,test,60.0,0,55.0,66.0,63.2,62.0,63.4,64.6
SKU-00008,Packaging,B,102,2025-12-15,test,38.0,0,60.0,64.2,61.9,68.0,63.1,61.5
SKU-00008,Packaging,B,103,2025-12-22,test,44.0,0,38.0,56.0,52.3,66.0,53.2,55.0
SKU-00009,Electronics,C,72,2025-05-19,dev,162.0,0,148.0,146.2,145.1,144.0,139.5,143.1
SKU-00009,Electronics,C,73,2025-05-26,dev,155.0,0,162.0,154.8,151.8,153.0,147.1,153.8
SKU-00009,Electronics,C,74,2025-06-02,dev,176.0,0,155.0,154.5,153.1,154.0,147.6,154.1
SKU-00009,Electronics,C,75,2025-06-09,dev,180.0,0,176.0,160.2,162.3,170.0,156.7,164.4
SKU-00009,Electronics,C,76,2025-06-16,dev,184.0,0,180.0,168.2,169.4,187.0,162.6,170.5
SKU-00009,Electronics,C,77,2025-06-23,dev,236.0,1,184.0,173.8,175.2,173.0,204.6,215.2
SKU-00009,Electronics,C,78,2025-06-30,dev,254.0,1,236.0,194.0,199.5,149.0,212.8,219.7
SKU-00009,Electronics,C,79,2025-07-07,dev,192.0,0,254.0,213.5,221.3,169.0,191.9,170.7
SKU-00009,Electronics,C,80,2025-07-14,dev,309.0,1,192.0,216.5,209.6,186.0,230.6,229.7
SKU-00009,Electronics,C,81,2025-07-21,dev,206.0,0,309.0,247.8,249.4,176.0,220.6,200.7
SKU-00009,Electronics,C,82,2025-07-28,dev,189.0,0,206.0,240.2,232.0,178.0,210.9,193.4
SKU-00009,Electronics,C,83,2025-08-04,dev,204.0,0,189.0,224.0,214.8,194.0,194.6,189.5
SKU-00009,Electronics,C,84,2025-08-11,dev,192.0,0,204.0,227.0,210.5,160.0,199.3,193.8
SKU-00009,Electronics,C,85,2025-08-18,dev,208.0,0,192.0,197.8,203.1,164.0,186.8,188.3
SKU-00009,Electronics,C,86,2025-08-25,dev,171.0,0,208.0,198.2,205.1,158.0,191.2,194.3
SKU-00009,Electronics,C,87,2025-09-01,dev,186.0,0,171.0,193.8,191.4,168.0,178.0,177.6
SKU-00009,Electronics,C,88,2025-09-08,test,192.0,0,186.0,189.2,189.3,152.0,179.0,181.8
SKU-00009,Electronics,C,89,2025-09-15,test,187.0,0,192.0,189.2,190.4,168.0,180.5,183.4
SKU-00009,Electronics,C,90,2025-09-22,test,180.0,0,187.0,184.0,189.0,150.0,177.3,181.5
SKU-00009,Electronics,C,91,2025-09-29,test,164.0,0,180.0,186.2,185.4,149.0,174.9,177.1
SKU-00009,Electronics,C,92,2025-10-06,test,161.0,0,164.0,180.8,176.8,159.0,166.9,169.1
SKU-00009,Electronics,C,93,2025-10-13,test,163.0,0,161.0,173.0,170.5,142.0,162.0,165.9
SKU-00009,Electronics,C,94,2025-10-20,test,161.0,0,163.0,167.0,167.5,147.0,159.9,165.5
SKU-00009,Electronics,C,95,2025-10-27,test,155.0,0,161.0,162.2,164.9,129.0,157.7,163.2
SKU-00009,Electronics,C,96,2025-11-03,test,167.0,1,155.0,160.0,160.9,134.0,191.3,205.1
SKU-00009,Electronics,C,97,2025-11-10,test,212.0,1,167.0,161.5,163.4,157.0,176.8,180.0
SKU-00009,Electronics,C,98,2025-11-17,test,161.0,1,212.0,173.8,182.8,205.0,196.7,196.3
SKU-00009,Electronics,C,99,2025-11-24,test,165.0,1,161.0,173.8,174.1,115.0,182.8,183.7
SKU-00009,Electronics,C,100,2025-12-01,test,120.0,0,165.0,176.2,170.5,118.0,142.2,147.8
SKU-00009,Electronics,C,101,2025-12-08,test,132.0,0,120.0,164.5,150.3,92.0,141.4,144.5
SKU-00009,Electronics,C,102,2025-12-15,test,115.0,0,132.0,144.5,143.0,105.0,135.4,136.9
SKU-00009,Electronics,C,103,2025-12-22,test,113.0,0,115.0,133.0,131.8,102.0,126.2,128.4
SKU-00010,Raw Materials,B,72,2025-05-19,dev,94.0,0,100.0,102.2,102.1,115.0,103.3,99.6
SKU-00010,Raw Materials,B,73,2025-05-26,dev,97.0,0,94.0,99.5,98.8,118.0,100.4,98.3
SKU-00010,Raw Materials,B,74,2025-06-02,dev,94.0,0,97.0,96.5,98.1,108.0,101.5,96.4
SKU-00010,Raw Materials,B,75,2025-06-09,dev,87.0,0,94.0,96.2,96.5,124.0,100.3,96.2
SKU-00010,Raw Materials,B,76,2025-06-16,dev,95.0,0,87.0,93.0,92.7,112.0,96.6,93.5
SKU-00010,Raw Materials,B,77,2025-06-23,dev,97.0,0,95.0,93.2,93.6,111.0,98.7,93.4
SKU-00010,Raw Materials,B,78,2025-06-30,dev,89.0,0,97.0,93.2,95.0,117.0,101.3,95.0
SKU-00010,Raw Materials,B,79,2025-07-07,dev,111.0,0,89.0,92.0,92.6,112.0,98.3,93.9
SKU-00010,Raw Materials,B,80,2025-07-14,dev,92.0,0,111.0,98.0,99.9,122.0,107.1,98.1
SKU-00010,Raw Materials,B,81,2025-07-21,dev,88.0,0,92.0,97.2,96.8,103.0,102.1,98.6
SKU-00010,Raw Materials,B,82,2025-07-28,dev,89.0,0,88.0,95.0,93.3,115.0,98.7,94.0
SKU-00010,Raw Materials,B,83,2025-08-04,dev,89.0,0,89.0,95.0,91.6,112.0,99.8,93.1
SKU-00010,Raw Materials,B,84,2025-08-11,dev,93.0,0,89.0,89.5,90.5,106.0,98.0,91.6
SKU-00010,Raw Materials,B,85,2025-08-18,dev,95.0,0,93.0,89.8,91.5,117.0,99.4,92.3
SKU-00010,Raw Materials,B,86,2025-08-25,dev,100.0,0,95.0,91.5,92.9,111.0,100.9,94.0
SKU-00010,Raw Materials,B,87,2025-09-01,dev,150.0,1,100.0,94.2,95.7,102.0,142.7,132.5
SKU-00010,Raw Materials,B,88,2025-09-08,test,101.0,0,150.0,109.5,117.4,116.0,107.8,103.6
SKU-00010,Raw Materials,B,89,2025-09-15,test,90.0,0,101.0,111.5,110.9,132.0,114.4,111.3
SKU-00010,Raw Materials,B,90,2025-09-22,test,91.0,0,90.0,110.2,102.5,122.0,107.2,102.6
SKU-00010,Raw Materials,B,91,2025-09-29,test,98.0,0,91.0,108.0,97.9,115.0,105.5,99.5
SKU-00010,Raw Materials,B,92,2025-10-06,test,97.0,0,98.0,95.0,97.9,120.0,103.7,96.5
SKU-00010,Raw Materials,B,93,2025-10-13,test,111.0,0,97.0,94.0,97.6,133.0,103.5,97.4
SKU-00010,Raw Materials,B,94,2025-10-20,test,101.0,0,111.0,99.2,102.9,125.0,110.0,103.4
SKU-00010,Raw Materials,B,95,2025-10-27,test,107.0,0,101.0,101.8,102.2,125.0,108.5,104.4
SKU-00010,Raw Materials,B,96,2025-11-03,test,113.0,0,107.0,104.0,104.1,138.0,108.9,104.9
SKU-00010,Raw Materials,B,97,2025-11-10,test,118.0,0,113.0,108.0,107.7,128.0,112.7,110.1
SKU-00010,Raw Materials,B,98,2025-11-17,test,107.0,0,118.0,109.8,111.8,126.0,115.7,114.8
SKU-00010,Raw Materials,B,99,2025-11-24,test,111.0,0,107.0,111.2,109.9,130.0,113.1,112.5
SKU-00010,Raw Materials,B,100,2025-12-01,test,112.0,0,111.0,112.2,110.3,136.0,112.6,111.7
SKU-00010,Raw Materials,B,101,2025-12-08,test,184.0,1,112.0,112.0,111.0,130.0,151.8,147.5
SKU-00010,Raw Materials,B,102,2025-12-15,test,118.0,0,184.0,128.5,140.2,135.0,124.7,121.8
SKU-00010,Raw Materials,B,103,2025-12-22,test,116.0,0,118.0,131.2,131.3,123.0,127.5,128.1
SKU-00011,Electronics,C,72,2025-05-19,dev,67.0,1,74.0,60.0,62.5,52.0,75.5,80.8
SKU-00011,Electronics,C,73,2025-05-26,dev,88.0,1,67.0,63.5,64.3,49.0,68.7,67.3
SKU-00011,Electronics,C,74,2025-06-02,dev,74.0,0,88.0,71.2,73.8,56.0,64.0,61.1
SKU-00011,Electronics,C,75,2025-06-09,dev,73.0,0,74.0,75.8,73.9,57.0,69.7,69.1
SKU-00011,Electronics,C,76,2025-06-16,dev,69.0,0,73.0,75.5,73.5,57.0,68.6,69.3
SKU-00011,Electronics,C,77,2025-06-23,dev,68.0,0,69.0,76.0,71.7,59.0,67.5,68.1
SKU-00011,Electronics,C,78,2025-06-30,dev,83.0,0,68.0,71.0,70.2,61.0,66.0,67.8
SKU-00011,Electronics,C,79,2025-07-07,dev,74.0,0,83.0,73.2,75.3,64.0,71.9,74.4
SKU-00011,Electronics,C,80,2025-07-14,dev,87.0,0,74.0,73.5,74.8,59.0,70.0,70.5
SKU-00011,Electronics,C,81,2025-07-21,dev,80.0,0,87.0,78.0,79.7,63.0,75.4,77.2
SKU-00011,Electronics,C,82,2025-07-28,dev,74.0,0,80.0,81.0,79.8,65.0,74.8,74.2
SKU-00011,Electronics,C,83,2025-08-04,dev,76.0,0,74.0,78.8,77.5,62.0,72.1,71.9
SKU-00011,Electronics,C,84,2025-08-11,dev,82.0,0,76.0,79.2,76.9,57.0,72.6,72.7
SKU-00011,Electronics,C,85,2025-08-18,dev,117.0,1,82.0,78.0,78.9,70.0,89.1,93.5
SKU-00011,Electronics,C,86,2025-08-25,dev,82.0,0,117.0,87.2,94.2,57.0,82.8,75.6
SKU-00011,Electronics,C,87,2025-09-01,dev,86.0,0,82.0,89.2,89.3,62.0,81.6,75.6
SKU-00011,Electronics,C,88,2025-09-08,test,77.0,0,86.0,91.8,88.0,59.0,81.6,79.3
SKU-00011,Electronics,C,89,2025-09-15,test,74.0,0,77.0,90.5,83.6,59.0,78.3,75.0
SKU-00011,Electronics,C,90,2025-09-22,test,75.0,0,74.0,79.8,79.8,56.0,73.1,72.7
SKU-00011,Electronics,C,91,2025-09-29,test,75.0,0,75.0,78.0,77.9,61.0,72.5,72.2
SKU-00011,Electronics,C,92,2025-10-06,test,78.0,1,75.0,75.2,76.7,60.0,86.3,90.6
SKU-00011,Electronics,C,93,2025-10-13,test,78.0,1,78.0,75.5,77.2,60.0,80.3,82.7
SKU-00011,Electronics,C,94,2025-10-20,test,69.0,0,78.0,76.5,77.5,53.0,65.6,62.8
SKU-00011,Electronics,C,95,2025-10-27,test,61.0,0,69.0,75.0,74.1,49.0,69.1,69.2
SKU-00011,Electronics,C,96,2025-11-03,test,61.0,0,61.0,71.5,68.9,51.0,64.0,64.1
SKU-00011,Electronics,C,97,2025-11-10,test,96.0,1,61.0,67.2,65.7,50.0,76.6,82.0
SKU-00011,Electronics,C,98,2025-11-17,test,65.0,0,96.0,71.8,77.8,51.0,68.0,63.2
SKU-00011,Electronics,C,99,2025-11-24,test,49.0,0,65.0,70.8,72.7,48.0,66.8,64.8
SKU-00011,Electronics,C,100,2025-12-01,test,54.0,0,49.0,67.8,63.2,46.0,57.7,58.1
SKU-00011,Electronics,C,101,2025-12-08,test,50.0,0,54.0,66.0,59.5,42.0,57.3,56.8
SKU-00011,Electronics,C,102,2025-12-15,test,45.0,0,50.0,54.5,55.7,58.0,52.2,53.7
SKU-00011,Electronics,C,103,2025-12-22,test,58.0,0,45.0,49.5,51.4,53.0,48.4,49.0
SKU-00012,Electronics,A,72,2025-05-19,dev,777.0,0,907.0,772.0,779.1,755.0,761.7,805.9
SKU-00012,Electronics,A,73,2025-05-26,dev,838.0,0,777.0,753.5,778.3,684.0,730.0,746.4
SKU-00012,Electronics,A,74,2025-06-02,dev,824.0,0,838.0,798.5,802.2,751.0,767.8,798.4
SKU-00012,Electronics,A,75,2025-06-09,dev,702.0,0,824.0,836.5,810.9,641.0,782.1,818.0
SKU-00012,Electronics,A,76,2025-06-16,dev,918.0,0,702.0,785.2,767.3,512.0,723.3,746.6
SKU-00012,Electronics,A,77,2025-06-23,dev,776.0,0,918.0,820.5,827.6,540.0,798.2,839.4
SKU-00012,Electronics,A,78,2025-06-30,dev,908.0,0,776.0,805.0,807.0,574.0,769.6,799.6
SKU-00012,Electronics,A,79,2025-07-07,dev,1127.0,1,908.0,826.0,847.4,736.0,999.5,1062.8
SKU-00012,Electronics,A,80,2025-07-14,dev,1045.0,1,1127.0,932.2,959.2,864.0,1027.9,1062.4
SKU-00012,Electronics,A,81,2025-07-21,dev,984.0,0,1045.0,964.0,993.5,983.0,843.6,769.5
SKU-00012,Electronics,A,82,2025-07-28,dev,893.0,0,984.0,1016.0,989.7,686.0,926.8,920.0
SKU-00012,Electronics,A,83,2025-08-04,dev,970.0,0,893.0,1012.2,951.0,773.0,897.6,889.7
SKU-00012,Electronics,A,84,2025-08-11,dev,869.0,0,970.0,973.0,958.6,774.0,906.7,916.7
SKU-00012,Electronics,A,85,2025-08-18,dev,1019.0,0,869.0,929.0,922.8,903.0,863.5,875.0
SKU-00012,Electronics,A,86,2025-08-25,dev,1174.0,0,1019.0,937.8,961.3,735.0,911.8,936.4
SKU-00012,Electronics,A,87,2025-09-01,dev,719.0,0,1174.0,1008.0,1046.4,945.0,1000.5,1015.1
SKU-00012,Electronics,A,88,2025-09-08,test,713.0,0,719.0,945.2,915.4,642.0,836.8,802.7
SKU-00012,Electronics,A,89,2025-09-15,test,921.0,0,713.0,906.2,834.4,719.0,788.0,791.0
SKU-00012,Electronics,A,90,2025-09-22,test,1033.0,0,921.0,881.8,869.1,1188.0,845.8,869.3
SKU-00012,Electronics,A,91,2025-09-29,test,1015.0,0,1033.0,846.5,934.6,562.0,884.4,924.4
SKU-00012,Electronics,A,92,2025-10-06,test,864.0,0,1015.0,920.5,966.8,540.0,911.5,921.5
SKU-00012,Electronics,A,93,2025-10-13,test,838.0,0,864.0,958.2,925.7,544.0,873.4,867.5
SKU-00012,Electronics,A,94,2025-10-20,test,773.0,0,838.0,937.5,890.6,681.0,845.8,846.3
SKU-00012,Electronics,A,95,2025-10-27,test,981.0,0,773.0,872.5,843.6,587.0,796.4,806.9
SKU-00012,Electronics,A,96,2025-11-03,test,882.0,0,981.0,864.0,898.5,600.0,854.8,885.2
SKU-00012,Electronics,A,97,2025-11-10,test,519.0,0,882.0,868.5,891.9,453.0,839.6,854.5
SKU-00012,Electronics,A,98,2025-11-17,test,561.0,0,519.0,788.8,742.8,598.0,683.6,690.0
SKU-00012,Electronics,A,99,2025-11-24,test,844.0,0,561.0,735.8,670.1,443.0,649.8,637.0
SKU-00012,Electronics,A,100,2025-12-01,test,834.0,0,844.0,701.5,739.6,902.0,723.8,752.3
SKU-00012,Electronics,A,101,2025-12-08,test,864.0,0,834.0,689.5,777.4,830.0,735.4,757.0
SKU-00012,Electronics,A,102,2025-12-15,test,686.0,0,864.0,775.8,812.0,599.0,773.9,794.2
SKU-00012,Electronics,A,103,2025-12-22,test,543.0,0,686.0,807.0,761.6,677.0,726.9,748.5
SKU-00013,Chemicals,B,72,2025-05-19,dev,112.0,0,190.0,155.5,165.0,109.0,140.7,140.1
SKU-00013,Chemicals,B,73,2025-05-26,dev,154.0,0,112.0,146.2,143.8,127.0,138.4,139.8
SKU-00013,Chemicals,B,74,2025-06-02,dev,206.0,1,154.0,148.5,147.9,134.0,198.6,186.5
SKU-00013,Chemicals,B,75,2025-06-09,dev,153.0,0,206.0,165.5,171.1,99.0,151.2,151.5
SKU-00013,Chemicals,B,76,2025-06-16,dev,145.0,0,153.0,156.2,163.9,132.0,158.1,156.2
SKU-00013,Chemicals,B,77,2025-06-23,dev,156.0,0,145.0,164.5,156.3,121.0,154.7,153.4
SKU-00013,Chemicals,B,78,2025-06-30,dev,148.0,0,156.0,165.0,156.2,118.0,159.9,160.7
SKU-00013,Chemicals,B,79,2025-07-07,dev,164.0,0,148.0,150.5,152.9,132.0,153.4,153.1
SKU-00013,Chemicals,B,80,2025-07-14,dev,152.0,0,164.0,153.2,157.3,138.0,158.7,159.7
SKU-00013,Chemicals,B,81,2025-07-21,dev,169.0,0,152.0,155.0,155.2,116.0,156.9,159.1
SKU-00013,Chemicals,B,82,2025-07-28,dev,188.0,0,169.0,158.2,160.7,144.0,162.9,165.9
SKU-00013,Chemicals,B,83,2025-08-04,dev,202.0,0,188.0,168.2,171.6,148.0,174.8,181.6
SKU-00013,Chemicals,B,84,2025-08-11,dev,187.0,0,202.0,177.8,183.8,142.0,184.4,192.2
SKU-00013,Chemicals,B,85,2025-08-18,dev,187.0,0,187.0,186.5,185.1,144.0,183.8,190.6
SKU-00013,Chemicals,B,86,2025-08-25,dev,195.0,0,187.0,191.0,185.8,163.0,184.7,191.5
SKU-00013,Chemicals,B,87,2025-09-01,dev,210.0,0,195.0,192.8,189.5,152.0,188.9,196.3
SKU-00013,Chemicals,B,88,2025-09-08,test,220.0,0,210.0,194.8,197.7,177.0,195.5,203.8
SKU-00013,Chemicals,B,89,2025-09-15,test,256.0,0,220.0,203.0,206.6,167.0,203.3,212.2
SKU-00013,Chemicals,B,90,2025-09-22,test,176.0,0,256.0,220.2,226.4,177.0,222.5,233.5
SKU-00013,Chemicals,B,91,2025-09-29,test,233.0,0,176.0,215.5,206.2,176.0,196.5,198.3
SKU-00013,Chemicals,B,92,2025-10-06,test,249.0,0,233.0,221.2,216.9,175.0,212.1,219.1
SKU-00013,Chemicals,B,93,2025-10-13,test,239.0,0,249.0,228.5,229.8,195.0,224.1,231.1
SKU-00013,Chemicals,B,94,2025-10-20,test,270.0,0,239.0,224.2,233.5,196.0,221.2,227.2
SKU-00013,Chemicals,B,95,2025-10-27,test,273.0,0,270.0,247.8,248.1,193.0,239.4,244.0
SKU-00013,Chemicals,B,96,2025-11-03,test,246.0,0,273.0,257.8,258.0,229.0,244.9,246.2
SKU-00013,Chemicals,B,97,2025-11-10,test,262.0,0,246.0,257.0,253.2,230.0,236.4,234.6
SKU-00013,Chemicals,B,98,2025-11-17,test,272.0,0,262.0,262.8,256.7,232.0,241.8,241.1
SKU-00013,Chemicals,B,99,2025-11-24,test,285.0,0,272.0,263.2,262.8,247.0,247.4,247.1
SKU-00013,Chemicals,B,100,2025-12-01,test,237.0,0,285.0,266.2,271.7,237.0,252.0,251.9
SKU-00013,Chemicals,B,101,2025-12-08,test,254.0,0,237.0,264.0,257.8,228.0,236.2,230.7
SKU-00013,Chemicals,B,102,2025-12-15,test,275.0,1,254.0,262.0,256.3,220.0,287.4,299.5
SKU-00013,Chemicals,B,103,2025-12-22,test,250.0,0,275.0,262.8,263.8,199.0,222.7,212.4
SKU-00014,Textiles,C,72,2025-05-19,dev,238.0,0,225.0,239.2,237.9,198.0,238.5,234.4
SKU-00014,Textiles,C,73,2025-05-26,dev,272.0,0,238.0,239.8,237.9,217.0,239.9,231.5
SKU-00014,Textiles,C,74,2025-06-02,dev,276.0,0,272.0,246.8,251.6,212.0,257.8,249.3
SKU-00014,Textiles,C,75,2025-06-09,dev,271.0,0,276.0,252.8,261.3,245.0,264.1,262.3
SKU-00014,Textiles,C,76,2025-06-16,dev,277.0,0,271.0,264.2,265.2,256.0,267.2,267.7
SKU-00014,Textiles,C,77,2025-06-23,dev,311.0,0,277.0,274.0,269.9,247.0,272.5,274.8
SKU-00014,Textiles,C,78,2025-06-30,dev,321.0,0,311.0,283.8,286.4,254.0,291.5,301.2
SKU-00014,Textiles,C,79,2025-07-07,dev,346.0,0,321.0,295.0,300.2,493.0,301.6,312.7
SKU-00014,Textiles,C,80,2025-07-14,dev,385.0,0,346.0,313.8,318.5,284.0,318.1,331.2
SKU-00014,Textiles,C,81,2025-07-21,dev,395.0,0,385.0,340.8,345.1,301.0,343.1,360.5
SKU-00014,Textiles,C,82,2025-07-28,dev,414.0,0,395.0,361.8,365.1,306.0,357.4,373.6
SKU-00014,Textiles,C,83,2025-08-04,dev,442.0,0,414.0,385.0,384.6,342.0,376.2,394.1
SKU-00014,Textiles,C,84,2025-08-11,dev,440.0,0,442.0,409.0,407.6,328.0,396.5,411.6
SKU-00014,Textiles,C,85,2025-08-18,dev,423.0,0,440.0,422.8,420.6,367.0,404.2,413.9
SKU-00014,Textiles,C,86,2025-08-25,dev,407.0,0,423.0,429.8,421.5,355.0,402.1,409.3
SKU-00014,Textiles,C,87,2025-09-01,dev,480.0,0,407.0,428.0,415.7,355.0,397.0,402.2
SKU-00014,Textiles,C,88,2025-09-08,test,448.0,0,480.0,437.5,441.4,384.0,424.5,433.8
SKU-00014,Textiles,C,89,2025-09-15,test,451.0,0,448.0,439.5,444.1,435.0,420.3,423.4
SKU-00014,Textiles,C,90,2025-09-22,test,486.0,0,451.0,446.5,446.8,595.0,422.2,427.0
SKU-00014,Textiles,C,91,2025-09-29,test,458.0,0,486.0,466.2,462.5,394.0,440.2,440.6
SKU-00014,Textiles,C,92,2025-10-06,test,649.0,1,458.0,460.8,460.7,394.0,518.0,540.0
SKU-00014,Textiles,C,93,2025-10-13,test,509.0,0,649.0,511.0,536.0,389.0,470.0,427.3
SKU-00014,Textiles,C,94,2025-10-20,test,458.0,0,509.0,525.5,525.2,369.0,484.1,455.6
SKU-00014,Textiles,C,95,2025-10-27,test,467.0,0,458.0,518.5,498.3,368.0,456.8,440.2
SKU-00014,Textiles,C,96,2025-11-03,test,482.0,0,467.0,520.8,485.8,399.0,453.9,436.6
SKU-00014,Textiles,C,97,2025-11-10,test,471.0,0,482.0,479.0,484.3,347.0,446.0,441.4
SKU-00014,Textiles,C,98,2025-11-17,test,427.0,0,471.0,469.5,479.0,369.0,440.5,437.7
SKU-00014,Textiles,C,99,2025-11-24,test,411.0,0,427.0,461.8,458.2,377.0,422.2,417.5
SKU-00014,Textiles,C,100,2025-12-01,test,420.0,0,411.0,447.8,439.3,350.0,405.3,402.6
SKU-00014,Textiles,C,101,2025-12-08,test,449.0,0,420.0,432.2,431.6,574.0,399.3,401.3
SKU-00014,Textiles,C,102,2025-12-15,test,436.0,0,449.0,426.8,438.6,344.0,406.9,413.0
SKU-00014,Textiles,C,103,2025-12-22,test,419.0,0,436.0,429.0,437.5,310.0,405.1,409.5
SKU-00015,Raw Materials,C,72,2025-05-19,dev,63.0,0,67.0,70.5,69.7,61.0,69.5,67.8
SKU-00015,Raw Materials,C,73,2025-05-26,dev,56.0,0,63.0,66.8,67.0,65.0,66.7,64.9
SKU-00015,Raw Materials,C,74,2025-06-02,dev,63.0,0,56.0,63.0,62.6,59.0,63.5,61.4
SKU-00015,Raw Materials,C,75,2025-06-09,dev,61.0,0,63.0,62.2,62.8,49.0,64.8,60.8
SKU-00015,Raw Materials,C,76,2025-06-16,dev,60.0,0,61.0,60.8,62.1,58.0,64.1,61.2
SKU-00015,Raw Materials,C,77,2025-06-23,dev,55.0,0,60.0,60.0,61.2,57.0,63.2,60.5
SKU-00015,Raw Materials,C,78,2025-06-30,dev,79.0,1,55.0,59.8,58.7,50.0,86.3,79.8
SKU-00015,Raw Materials,C,79,2025-07-07,dev,54.0,0,79.0,63.8,66.8,47.0,59.6,60.1
SKU-00015,Raw Materials,C,80,2025-07-14,dev,58.0,0,54.0,62.0,61.7,58.0,63.9,62.8
SKU-00015,Raw Materials,C,81,2025-07-21,dev,58.0,0,58.0,61.5,60.2,58.0,63.3,59.5
SKU-00015,Raw Materials,C,82,2025-07-28,dev,62.0,0,58.0,62.2,59.3,57.0,63.8,59.9
SKU-00015,Raw Materials,C,83,2025-08-04,dev,59.0,0,62.0,58.0,60.4,48.0,64.4,59.5
SKU-00015,Raw Materials,C,84,2025-08-11,dev,73.0,1,59.0,59.2,59.8,59.0,88.2,81.9
SKU-00015,Raw Materials,C,85,2025-08-18,dev,75.0,1,73.0,63.0,65.1,83.0,82.4,83.4
SKU-00015,Raw Materials,C,86,2025-08-25,dev,85.0,1,75.0,67.2,69.1,90.0,85.6,87.9
SKU-00015,Raw Materials,C,87,2025-09-01,dev,71.0,0,85.0,73.0,75.4,62.0,67.2,67.4
SKU-00015,Raw Materials,C,88,2025-09-08,test,87.0,1,71.0,76.0,73.7,63.0,100.1,100.5
SKU-00015,Raw Materials,C,89,2025-09-15,test,77.0,0,87.0,79.5,79.0,74.0,70.2,70.2
SKU-00015,Raw Materials,C,90,2025-09-22,test,72.0,0,77.0,80.0,78.2,77.0,80.0,82.9
SKU-00015,Raw Materials,C,91,2025-09-29,test,74.0,0,72.0,76.8,75.7,77.0,76.5,78.0
SKU-00015,Raw Materials,C,92,2025-10-06,test,87.0,0,74.0,77.5,75.0,86.0,77.2,78.4
SKU-00015,Raw Materials,C,93,2025-10-13,test,82.0,0,87.0,77.5,79.8,78.0,81.7,84.7
SKU-00015,Raw Materials,C,94,2025-10-20,test,86.0,0,82.0,78.8,80.7,88.0,81.5,84.3
SKU-00015,Raw Materials,C,95,2025-10-27,test,91.0,0,86.0,82.2,82.8,96.0,83.6,86.2
SKU-00015,Raw Materials,C,96,2025-11-03,test,93.0,0,91.0,86.5,86.1,91.0,86.4,89.8
SKU-00015,Raw Materials,C,97,2025-11-10,test,99.0,0,93.0,88.0,88.9,92.0,88.0,91.2
SKU-00015,Raw Materials,C,98,2025-11-17,test,99.0,0,99.0,92.2,92.9,96.0,91.8,95.1
SKU-00015,Raw Materials,C,99,2025-11-24,test,88.0,0,99.0,95.5,95.3,95.0,93.6,97.0
SKU-00015,Raw Materials,C,100,2025-12-01,test,102.0,0,88.0,94.8,92.4,93.0,88.9,91.7
SKU-00015,Raw Materials,C,101,2025-12-08,test,109.0,0,102.0,97.0,96.2,83.0,93.7,97.0
SKU-00015,Raw Materials,C,102,2025-12-15,test,102.0,0,109.0,99.5,101.3,92.0,98.0,102.0
SKU-00015,Raw Materials,C,103,2025-12-22,test,107.0,0,102.0,100.2,101.6,99.0,96.7,99.5
SKU-00016,Raw Materials,B,72,2025-05-19,dev,33.0,0,33.0,35.2,34.5,29.0,34.8,34.2
SKU-00016,Raw Materials,B,73,2025-05-26,dev,40.0,0,33.0,33.8,33.9,39.0,34.0,33.1
SKU-00016,Raw Materials,B,74,2025-06-02,dev,35.0,0,40.0,35.5,36.3,44.0,37.5,35.9
SKU-00016,Raw Materials,B,75,2025-06-09,dev,31.0,0,35.0,35.2,35.8,38.0,36.2,35.7
SKU-00016,Raw Materials,B,76,2025-06-16,dev,32.0,0,31.0,34.8,33.9,33.0,34.4,33.4
SKU-00016,Raw Materials,B,77,2025-06-23,dev,38.0,0,32.0,34.5,33.1,41.0,34.3,32.6
SKU-00016,Raw Materials,B,78,2025-06-30,dev,36.0,0,38.0,34.0,35.1,37.0,36.7,34.6
SKU-00016,Raw Materials,B,79,2025-07-07,dev,33.0,0,36.0,34.2,35.4,38.0,36.6,35.2
SKU-00016,Raw Materials,B,80,2025-07-14,dev,37.0,0,33.0,34.8,34.5,57.0,35.6,34.1
SKU-00016,Raw Materials,B,81,2025-07-21,dev,35.0,0,37.0,36.0,35.5,53.0,37.2,35.5
SKU-00016,Raw Materials,B,82,2025-07-28,dev,28.0,0,35.0,35.2,35.3,33.0,36.5,35.2
SKU-00016,Raw Materials,B,83,2025-08-04,dev,34.0,0,28.0,33.2,32.4,38.0,33.7,32.4
SKU-00016,Raw Materials,B,84,2025-08-11,dev,41.0,0,34.0,33.5,33.0,38.0,35.3,32.3
SKU-00016,Raw Materials,B,85,2025-08-18,dev,30.0,0,41.0,34.5,36.2,46.0,38.4,37.3
SKU-00016,Raw Materials,B,86,2025-08-25,dev,32.0,0,30.0,33.2,33.7,32.0,34.8,33.8
SKU-00016,Raw Materials,B,87,2025-09-01,dev,25.0,0,32.0,34.2,33.0,41.0,35.1,32.7
SKU-00016,Raw Materials,B,88,2025-09-08,test,29.0,0,25.0,32.0,29.8,46.0,32.1,30.9
SKU-00016,Raw Materials,B,89,2025-09-15,test,34.0,0,29.0,29.0,29.5,45.0,31.9,29.5
SKU-00016,Raw Materials,B,90,2025-09-22,test,34.0,0,34.0,30.0,31.3,37.0,34.1,31.0
SKU-00016,Raw Materials,B,91,2025-09-29,test,31.0,0,34.0,30.5,32.4,32.0,34.5,32.5
SKU-00016,Raw Materials,B,92,2025-10-06,test,34.0,0,31.0,32.0,31.8,40.0,34.0,32.6
SKU-00016,Raw Materials,B,93,2025-10-13,test,35.0,0,34.0,33.2,32.7,40.0,35.1,33.1
SKU-00016,Raw Materials,B,94,2025-10-20,test,35.0,0,35.0,33.5,33.6,46.0,35.8,34.2
SKU-00016,Raw Materials,B,95,2025-10-27,test,32.0,0,35.0,33.8,34.2,47.0,36.0,34.5
SKU-00016,Raw Materials,B,96,2025-11-03,test,35.0,0,32.0,34.0,33.3,43.0,34.8,33.9
SKU-00016,Raw Materials,B,97,2025-11-10,test,31.0,0,35.0,34.2,34.0,41.0,35.7,34.3
SKU-00016,Raw Materials,B,98,2025-11-17,test,32.0,0,31.0,33.2,32.8,49.0,34.2,33.3
SKU-00016,Raw Materials,B,99,2025-11-24,test,40.0,0,32.0,32.5,32.5,39.0,34.0,32.5
SKU-00016,Raw Materials,B,100,2025-12-01,test,41.0,0,40.0,34.5,35.5,38.0,37.0,35.8
SKU-00016,Raw Materials,B,101,2025-12-08,test,38.0,0,41.0,36.0,37.7,46.0,38.4,38.9
SKU-00016,Raw Materials,B,102,2025-12-15,test,37.0,0,38.0,37.8,37.8,47.0,38.1,38.9
SKU-00016,Raw Materials,B,103,2025-12-22,test,41.0,0,37.0,39.0,37.5,43.0,38.0,38.5
SKU-00017,Raw Materials,A,72,2025-05-19,dev,319.0,0,336.0,340.0,387.4,333.0,352.7,343.7
SKU-00017,Raw Materials,A,73,2025-05-26,dev,333.0,0,319.0,338.5,360.0,344.0,346.4,337.0
SKU-00017,Raw Materials,A,74,2025-06-02,dev,387.0,0,333.0,331.8,349.2,355.0,351.0,336.1
SKU-00017,Raw Materials,A,75,2025-06-09,dev,296.0,0,387.0,343.8,364.3,335.0,368.2,363.2
SKU-00017,Raw Materials,A,76,2025-06-16,dev,341.0,0,296.0,333.8,337.0,357.0,331.8,327.9
SKU-00017,Raw Materials,A,77,2025-06-23,dev,335.0,0,341.0,339.2,338.6,301.0,342.6,325.8
SKU-00017,Raw Materials,A,78,2025-06-30,dev,322.0,0,335.0,339.8,337.2,282.0,348.0,335.8
SKU-00017,Raw Materials,A,79,2025-07-07,dev,364.0,0,322.0,323.5,331.1,338.0,337.9,322.6
SKU-00017,Raw Materials,A,80,2025-07-14,dev,365.0,1,364.0,340.5,344.3,325.0,474.8,450.8
SKU-00017,Raw Materials,A,81,2025-07-21,dev,345.0,0,365.0,346.5,352.6,375.0,305.6,321.2
SKU-00017,Raw Materials,A,82,2025-07-28,dev,311.0,0,345.0,349.0,349.5,330.0,356.9,351.1
SKU-00017,Raw Materials,A,83,2025-08-04,dev,354.0,0,311.0,346.2,334.1,405.0,346.0,334.8
SKU-00017,Raw Materials,A,84,2025-08-11,dev,318.0,0,354.0,343.8,342.1,341.0,357.6,345.7
SKU-00017,Raw Materials,A,85,2025-08-18,dev,363.0,0,318.0,332.0,332.4,331.0,344.5,332.2
SKU-00017,Raw Materials,A,86,2025-08-25,dev,355.0,0,363.0,336.5,344.7,484.0,358.8,347.2
SKU-00017,Raw Materials,A,87,2025-09-01,dev,378.0,0,355.0,347.5,348.8,377.0,364.3,362.7
SKU-00017,Raw Materials,A,88,2025-09-08,test,448.0,1,378.0,353.5,360.5,345.0,491.6,480.1
SKU-00017,Raw Materials,A,89,2025-09-15,test,485.0,1,448.0,386.0,395.5,335.0,471.0,481.8
SKU-00017,Raw Materials,A,90,2025-09-22,test,348.0,0,485.0,416.5,431.3,404.0,381.4,379.0
SKU-00017,Raw Materials,A,91,2025-09-29,test,429.0,0,348.0,414.8,398.0,344.0,394.5,403.5
SKU-00017,Raw Materials,A,92,2025-10-06,test,400.0,0,429.0,427.5,410.4,378.0,417.0,427.6
SKU-00017,Raw Materials,A,93,2025-10-13,test,376.0,0,400.0,415.5,406.2,374.0,409.5,427.8
SKU-00017,Raw Materials,A,94,2025-10-20,test,259.0,0,376.0,388.2,394.1,376.0,391.1,401.5
SKU-00017,Raw Materials,A,95,2025-10-27,test,442.0,0,259.0,366.0,340.1,392.0,342.6,342.8
SKU-00017,Raw Materials,A,96,2025-11-03,test,392.0,0,442.0,369.2,380.8,408.0,393.0,395.4
SKU-00017,Raw Materials,A,97,2025-11-10,test,397.0,0,392.0,367.2,385.3,352.0,387.3,404.8
SKU-00017,Raw Materials,A,98,2025-11-17,test,585.0,1,397.0,372.5,390.0,369.0,504.9,506.6
SKU-00017,Raw Materials,A,99,2025-11-24,test,412.0,1,585.0,454.0,468.0,388.0,539.5,529.8
SKU-00017,Raw Materials,A,100,2025-12-01,test,380.0,0,412.0,446.5,445.6,439.0,369.9,384.2
SKU-00017,Raw Materials,A,101,2025-12-08,test,373.0,0,380.0,443.5,419.4,376.0,403.8,410.7
SKU-00017,Raw Materials,A,102,2025-12-15,test,397.0,0,373.0,437.5,400.8,452.0,396.9,402.4
SKU-00017,Raw Materials,A,103,2025-12-22,test,421.0,0,397.0,390.5,399.3,483.0,390.3,398.8
SKU-00018,Packaging,C,72,2025-05-19,dev,96.0,1,76.0,71.2,71.4,67.0,91.6,93.1
SKU-00018,Packaging,C,73,2025-05-26,dev,72.0,0,96.0,75.2,81.2,71.0,69.2,69.7
SKU-00018,Packaging,C,74,2025-06-02,dev,74.0,0,72.0,77.8,77.5,75.0,74.6,75.2
SKU-00018,Packaging,C,75,2025-06-09,dev,72.0,0,74.0,79.5,76.1,88.0,74.3,76.0
SKU-00018,Packaging,C,76,2025-06-16,dev,86.0,0,72.0,78.5,74.5,78.0,73.4,75.5
SKU-00018,Packaging,C,77,2025-06-23,dev,89.0,0,86.0,76.0,79.1,90.0,77.1,80.5
SKU-00018,Packaging,C,78,2025-06-30,dev,98.0,0,89.0,80.2,83.0,81.0,81.6,85.7
SKU-00018,Packaging,C,79,2025-07-07,dev,104.0,0,98.0,86.2,89.0,79.0,87.1,91.2
SKU-00018,Packaging,C,80,2025-07-14,dev,95.0,0,104.0,94.2,95.0,89.0,92.6,97.1
SKU-00018,Packaging,C,81,2025-07-21,dev,89.0,0,95.0,96.5,95.0,86.0,90.8,93.4
SKU-00018,Packaging,C,82,2025-07-28,dev,99.0,0,89.0,96.5,92.6,76.0,88.4,91.6
SKU-00018,Packaging,C,83,2025-08-04,dev,86.0,0,99.0,96.8,95.2,83.0,92.3,95.8
SKU-00018,Packaging,C,84,2025-08-11,dev,92.0,0,86.0,92.2,91.5,88.0,87.4,90.8
SKU-00018,Packaging,C,85,2025-08-18,dev,98.0,0,92.0,91.5,91.7,79.0,88.3,91.8
SKU-00018,Packaging,C,86,2025-08-25,dev,141.0,1,98.0,93.8,94.2,81.0,112.4,120.7
SKU-00018,Packaging,C,87,2025-09-01,dev,83.0,0,141.0,104.2,112.9,76.0,100.1,92.4
SKU-00018,Packaging,C,88,2025-09-08,test,89.0,0,83.0,103.5,101.0,81.0,93.6,89.3
SKU-00018,Packaging,C,89,2025-09-15,test,102.0,0,89.0,102.8,96.2,84.0,91.4,92.5
SKU-00018,Packaging,C,90,2025-09-22,test,83.0,0,102.0,103.8,98.5,81.0,96.4,97.6
SKU-00018,Packaging,C,91,2025-09-29,test,88.0,0,83.0,89.2,92.3,83.0,85.9,88.2
SKU-00018,Packaging,C,92,2025-10-06,test,93.0,0,88.0,90.5,90.6,70.0,86.7,89.2
SKU-00018,Packaging,C,93,2025-10-13,test,105.0,0,93.0,91.5,91.5,77.0,89.0,92.5
SKU-00018,Packaging,C,94,2025-10-20,test,100.0,0,105.0,92.2,96.9,89.0,93.6,97.7
SKU-00018,Packaging,C,95,2025-10-27,test,83.0,0,100.0,96.5,98.2,65.0,93.7,96.3
SKU-00018,Packaging,C,96,2025-11-03,test,97.0,0,83.0,95.2,92.1,84.0,86.8,88.3
SKU-00018,Packaging,C,97,2025-11-10,test,91.0,0,97.0,96.2,94.1,70.0,90.6,93.1
SKU-00018,Packaging,C,98,2025-11-17,test,86.0,0,91.0,92.8,92.8,99.0,88.3,91.0
SKU-00018,Packaging,C,99,2025-11-24,test,91.0,0,86.0,89.2,90.1,90.0,85.2,87.6
SKU-00018,Packaging,C,100,2025-12-01,test,79.0,0,91.0,91.2,90.5,67.0,86.3,89.2
SKU-00018,Packaging,C,101,2025-12-08,test,83.0,0,79.0,86.8,85.9,60.0,81.1,83.8
SKU-00018,Packaging,C,102,2025-12-15,test,74.0,0,83.0,84.8,84.7,67.0,80.7,83.3
SKU-00018,Packaging,C,103,2025-12-22,test,75.0,0,74.0,81.8,80.4,61.0,76.7,79.5
SKU-00019,Chemicals,C,72,2025-05-19,dev,106.0,0,109.0,97.2,100.8,81.0,85.2,88.6
SKU-00019,Chemicals,C,73,2025-05-26,dev,79.0,0,106.0,99.5,102.9,116.0,100.6,102.5
SKU-00019,Chemicals,C,74,2025-06-02,dev,87.0,0,79.0,98.0,93.3,117.0,92.2,93.3
SKU-00019,Chemicals,C,75,2025-06-09,dev,96.0,0,87.0,95.2,90.8,84.0,91.8,88.3
SKU-00019,Chemicals,C,76,2025-06-16,dev,98.0,0,96.0,92.0,92.9,95.0,94.2,92.1
SKU-00019,Chemicals,C,77,2025-06-23,dev,96.0,0,98.0,90.0,94.9,116.0,94.8,93.2
SKU-00019,Chemicals,C,78,2025-06-30,dev,98.0,0,96.0,94.2,95.4,81.0,97.1,96.7
SKU-00019,Chemicals,C,79,2025-07-07,dev,90.0,0,98.0,97.0,96.4,105.0,98.5,98.8
SKU-00019,Chemicals,C,80,2025-07-14,dev,95.0,0,90.0,95.5,93.8,82.0,95.3,94.6
SKU-00019,Chemicals,C,81,2025-07-21,dev,109.0,0,95.0,94.8,94.3,105.0,96.0,94.6
SKU-00019,Chemicals,C,82,2025-07-28,dev,94.0,0,109.0,98.0,100.2,89.0,102.3,104.7
SKU-00019,Chemicals,C,83,2025-08-04,dev,111.0,0,94.0,97.0,97.7,114.0,99.0,100.6
SKU-00019,Chemicals,C,84,2025-08-11,dev,111.0,0,111.0,102.2,103.0,116.0,105.5,108.1
SKU-00019,Chemicals,C,85,2025-08-18,dev,116.0,0,111.0,106.2,106.2,94.0,108.1,112.1
SKU-00019,Chemicals,C,86,2025-08-25,dev,125.0,0,116.0,108.0,110.1,114.0,110.6,114.1
SKU-00019,Chemicals,C,87,2025-09-01,dev,128.0,0,125.0,115.8,116.1,92.0,117.1,121.7
SKU-00019,Chemicals,C,88,2025-09-08,test,109.0,0,128.0,120.0,120.8,110.0,120.5,125.4
SKU-00019,Chemicals,C,89,2025-09-15,test,118.0,0,109.0,119.5,116.1,108.0,114.5,118.0
SKU-00019,Chemicals,C,90,2025-09-22,test,151.0,0,118.0,120.0,116.9,117.0,116.4,120.3
SKU-00019,Chemicals,C,91,2025-09-29,test,173.0,1,151.0,126.5,130.5,131.0,161.4,174.2
SKU-00019,Chemicals,C,92,2025-10-06,test,175.0,1,173.0,137.8,147.5,56.0,160.3,156.5
SKU-00019,Chemicals,C,93,2025-10-13,test,123.0,0,175.0,154.2,158.5,64.0,137.6,128.0
SKU-00019,Chemicals,C,94,2025-10-20,test,131.0,0,123.0,155.5,144.3,47.0,136.1,133.2
SKU-00019,Chemicals,C,95,2025-10-27,test,131.0,0,131.0,150.5,139.0,77.0,133.7,134.7
SKU-00019,Chemicals,C,96,2025-11-03,test,152.0,0,131.0,140.0,135.8,128.0,129.8,132.6
SKU-00019,Chemicals,C,97,2025-11-10,test,162.0,0,152.0,134.2,142.3,125.0,135.3,140.7
SKU-00019,Chemicals,C,98,2025-11-17,test,147.0,0,162.0,144.0,150.2,140.0,143.7,148.5
SKU-00019,Chemicals,C,99,2025-11-24,test,157.0,0,147.0,148.0,148.9,134.0,140.7,142.5
SKU-00019,Chemicals,C,100,2025-12-01,test,130.0,0,157.0,154.5,152.1,146.0,143.7,145.5
SKU-00019,Chemicals,C,101,2025-12-08,test,224.0,1,130.0,149.0,143.3,133.0,164.3,174.4
SKU-00019,Chemicals,C,102,2025-12-15,test,182.0,1,224.0,164.5,175.6,138.0,184.6,187.6
SKU-00019,Chemicals,C,103,2025-12-22,test,157.0,0,182.0,173.2,178.1,128.0,149.5,131.7
SKU-00020,Raw Materials,A,72,2025-05-19,dev,869.0,0,846.0,873.0,871.7,710.0,837.7,857.5
SKU-00020,Raw Materials,A,73,2025-05-26,dev,848.0,0,869.0,877.5,870.6,822.0,843.9,862.7
SKU-00020,Raw Materials,A,74,2025-06-02,dev,872.0,0,848.0,862.0,861.6,707.0,842.6,867.3
SKU-00020,Raw Materials,A,75,2025-06-09,dev,937.0,0,872.0,858.8,865.7,751.0,847.5,872.9
SKU-00020,Raw Materials,A,76,2025-06-16,dev,845.0,0,937.0,881.5,894.2,737.0,878.4,914.2
SKU-00020,Raw Materials,A,77,2025-06-23,dev,821.0,0,845.0,875.5,874.5,667.0,850.7,877.3
SKU-00020,Raw Materials,A,78,2025-06-30,dev,848.0,0,821.0,868.8,853.1,660.0,843.4,863.5
SKU-00020,Raw Materials,A,79,2025-07-07,dev,850.0,0,848.0,862.8,851.1,661.0,848.0,870.9
SKU-00020,Raw Materials,A,80,2025-07-14,dev,900.0,0,850.0,841.0,850.6,889.0,843.3,870.2
SKU-00020,Raw Materials,A,81,2025-07-21,dev,808.0,0,900.0,854.8,870.4,762.0,864.8,895.6
SKU-00020,Raw Materials,A,82,2025-07-28,dev,858.0,0,808.0,851.5,845.4,666.0,836.4,861.2
SKU-00020,Raw Materials,A,83,2025-08-04,dev,873.0,0,858.0,854.0,850.5,701.0,854.6,878.0
SKU-00020,Raw Materials,A,84,2025-08-11,dev,947.0,0,873.0,859.8,859.5,755.0,863.8,894.6
SKU-00020,Raw Materials,A,85,2025-08-18,dev,964.0,0,947.0,871.5,894.5,741.0,894.2,927.8
SKU-00020,Raw Materials,A,86,2025-08-25,dev,1012.0,1,964.0,910.5,922.3,706.0,1165.4,1228.7
SKU-00020,Raw Materials,A,87,2025-09-01,dev,1599.0,1,1012.0,949.0,958.2,785.0,1081.3,1106.5
SKU-00020,Raw Materials,A,88,2025-09-08,test,996.0,0,1599.0,1130.5,1214.5,743.0,1099.2,1034.2
SKU-00020,Raw Materials,A,89,2025-09-15,test,953.0,0,996.0,1142.8,1127.1,995.0,1064.5,1034.2
SKU-00020,Raw Materials,A,90,2025-09-22,test,984.0,0,953.0,1140.0,1057.5,781.0,1012.2,1026.8
SKU-00020,Raw Materials,A,91,2025-09-29,test,991.0,0,984.0,1133.0,1028.1,810.0,1014.2,1024.6
SKU-00020,Raw Materials,A,92,2025-10-06,test,1043.0,0,991.0,981.0,1013.2,791.0,969.8,1004.6
SKU-00020,Raw Materials,A,93,2025-10-13,test,1007.0,0,1043.0,992.8,1025.1,859.0,992.4,1029.0
SKU-00020,Raw Materials,A,94,2025-10-20,test,982.0,0,1007.0,1006.2,1017.9,842.0,989.0,1023.9
SKU-00020,Raw Materials,A,95,2025-10-27,test,998.0,0,982.0,1005.8,1003.5,869.0,978.0,1009.2
SKU-00020,Raw Materials,A,96,2025-11-03,test,1003.0,0,998.0,1007.5,1001.3,876.0,967.9,1002.9
SKU-00020,Raw Materials,A,97,2025-11-10,test,1148.0,0,1003.0,997.5,1002.0,861.0,967.3,1002.9
SKU-00020,Raw Materials,A,98,2025-11-17,test,1101.0,0,1148.0,1032.8,1060.4,884.0,1029.1,1070.1
SKU-00020,Raw Materials,A,99,2025-11-24,test,1129.0,0,1101.0,1062.5,1076.6,909.0,1034.5,1074.5
SKU-00020,Raw Materials,A,100,2025-12-01,test,1119.0,0,1129.0,1095.2,1097.6,856.0,1043.4,1078.6
SKU-00020,Raw Materials,A,101,2025-12-08,test,1174.0,0,1119.0,1124.2,1106.1,947.0,1052.3,1079.6
SKU-00020,Raw Materials,A,102,2025-12-15,test,1111.0,0,1174.0,1130.8,1133.3,863.0,1073.8,1104.9
SKU-00020,Raw Materials,A,103,2025-12-22,test,1124.0,0,1111.0,1133.2,1124.4,938.0,1059.1,1083.4
SKU-00021,Packaging,C,72,2025-05-19,dev,159.0,0,145.0,134.2,141.3,158.0,138.6,137.0
SKU-00021,Packaging,C,73,2025-05-26,dev,147.0,0,159.0,150.2,148.4,185.0,147.1,150.4
SKU-00021,Packaging,C,74,2025-06-02,dev,233.0,1,147.0,155.2,147.8,159.0,191.4,198.7
SKU-00021,Packaging,C,75,2025-06-09,dev,161.0,1,233.0,171.0,181.9,204.0,204.3,193.9
SKU-00021,Packaging,C,76,2025-06-16,dev,142.0,0,161.0,175.0,173.5,171.0,144.5,146.0
SKU-00021,Packaging,C,77,2025-06-23,dev,177.0,0,142.0,170.8,160.9,153.0,153.8,155.7
SKU-00021,Packaging,C,78,2025-06-30,dev,136.0,0,177.0,178.2,167.4,143.0,168.6,174.5
SKU-00021,Packaging,C,79,2025-07-07,dev,154.0,0,136.0,154.0,154.8,179.0,149.1,153.4
SKU-00021,Packaging,C,80,2025-07-14,dev,150.0,0,154.0,152.2,154.5,151.0,151.8,154.4
SKU-00021,Packaging,C,81,2025-07-21,dev,179.0,0,150.0,154.2,152.7,190.0,152.2,157.2
SKU-00021,Packaging,C,82,2025-07-28,dev,139.0,0,179.0,154.8,163.2,175.0,162.0,168.8
SKU-00021,Packaging,C,83,2025-08-04,dev,128.0,0,139.0,155.5,153.5,172.0,151.3,155.4
SKU-00021,Packaging,C,84,2025-08-11,dev,133.0,0,128.0,149.0,143.3,185.0,142.5,143.1
SKU-00021,Packaging,C,85,2025-08-18,dev,173.0,0,133.0,144.8,139.2,190.0,141.8,142.4
SKU-00021,Packaging,C,86,2025-08-25,dev,185.0,0,173.0,143.2,152.7,162.0,154.7,161.0
SKU-00021,Packaging,C,87,2025-09-01,dev,170.0,0,185.0,154.8,165.6,224.0,166.1,173.5
SKU-00021,Packaging,C,88,2025-09-08,test,137.0,0,170.0,165.2,167.4,239.0,165.8,170.6
SKU-00021,Packaging,C,89,2025-09-15,test,148.0,0,137.0,166.2,155.2,200.0,154.1,158.5
SKU-00021,Packaging,C,90,2025-09-22,test,146.0,0,148.0,160.0,152.3,150.0,153.1,156.5
SKU-00021,Packaging,C,91,2025-09-29,test,161.0,0,146.0,150.2,149.8,145.0,149.4,154.8
SKU-00021,Packaging,C,92,2025-10-06,test,162.0,0,161.0,148.0,154.3,165.0,153.9,159.2
SKU-00021,Packaging,C,93,2025-10-13,test,138.0,0,162.0,154.2,157.4,278.0,157.6,163.6
SKU-00021,Packaging,C,94,2025-10-20,test,165.0,0,138.0,151.8,149.6,138.0,148.6,153.1
SKU-00021,Packaging,C,95,2025-10-27,test,143.0,0,165.0,156.5,155.8,124.0,157.2,162.9
SKU-00021,Packaging,C,96,2025-11-03,test,146.0,0,143.0,152.0,150.7,165.0,148.7,154.5
SKU-00021,Packaging,C,97,2025-11-10,test,122.0,0,146.0,148.0,148.8,167.0,147.0,151.0
SKU-00021,Packaging,C,98,2025-11-17,test,120.0,0,122.0,144.0,138.1,145.0,137.7,139.9
SKU-00021,Packaging,C,99,2025-11-24,test,113.0,0,120.0,132.8,130.8,141.0,131.4,129.2
SKU-00021,Packaging,C,100,2025-12-01,test,130.0,0,113.0,125.2,123.7,125.0,124.1,122.5
SKU-00021,Packaging,C,101,2025-12-08,test,91.0,0,130.0,121.2,126.2,133.0,127.6,123.9
SKU-00021,Packaging,C,102,2025-12-15,test,102.0,0,91.0,113.5,112.1,109.0,112.8,114.7
SKU-00021,Packaging,C,103,2025-12-22,test,86.0,0,102.0,109.0,108.1,127.0,111.6,107.6
SKU-00022,Packaging,C,72,2025-05-19,dev,155.0,0,142.0,154.8,147.7,170.0,145.1,144.1
SKU-00022,Packaging,C,73,2025-05-26,dev,162.0,0,155.0,157.8,150.6,176.0,150.3,151.2
SKU-00022,Packaging,C,74,2025-06-02,dev,155.0,0,162.0,151.0,155.2,192.0,153.5,158.0
SKU-00022,Packaging,C,75,2025-06-09,dev,243.0,1,155.0,153.5,155.1,176.0,199.1,201.8
SKU-00022,Packaging,C,76,2025-06-16,dev,158.0,0,243.0,178.8,190.3,165.0,168.7,166.7
SKU-00022,Packaging,C,77,2025-06-23,dev,148.0,0,158.0,179.5,177.4,191.0,169.4,169.5
SKU-00022,Packaging,C,78,2025-06-30,dev,174.0,0,148.0,176.0,165.6,191.0,160.8,162.5
SKU-00022,Packaging,C,79,2025-07-07,dev,189.0,0,174.0,180.8,169.0,187.0,170.3,175.3
SKU-00022,Packaging,C,80,2025-07-14,dev,163.0,0,189.0,167.2,177.0,188.0,173.1,181.5
SKU-00022,Packaging,C,81,2025-07-21,dev,185.0,0,163.0,168.5,171.4,212.0,166.1,170.5
SKU-00022,Packaging,C,82,2025-07-28,dev,181.0,0,185.0,177.8,176.8,207.0,174.9,182.2
SKU-00022,Packaging,C,83,2025-08-04,dev,224.0,1,181.0,179.5,178.5,191.0,223.5,240.4
SKU-00022,Packaging,C,84,2025-08-11,dev,206.0,1,224.0,188.2,196.7,183.0,217.8,211.3
SKU-00022,Packaging,C,85,2025-08-18,dev,183.0,0,206.0,199.0,200.4,215.0,172.7,178.0
SKU-00022,Packaging,C,86,2025-08-25,dev,227.0,1,183.0,198.5,193.5,188.0,232.7,250.3
SKU-00022,Packaging,C,87,2025-09-01,dev,250.0,1,227.0,210.0,206.9,173.0,228.2,229.2
SKU-00022,Packaging,C,88,2025-09-08,test,172.0,0,250.0,216.5,224.1,194.0,195.2,190.9
SKU-00022,Packaging,C,89,2025-09-15,test,152.0,0,172.0,208.0,203.3,184.0,190.8,190.9
SKU-00022,Packaging,C,90,2025-09-22,test,161.0,0,152.0,200.2,182.8,203.0,176.2,178.4
SKU-00022,Packaging,C,91,2025-09-29,test,169.0,0,161.0,183.8,174.1,192.0,171.4,173.8
SKU-00022,Packaging,C,92,2025-10-06,test,152.0,0,169.0,163.5,172.0,222.0,167.3,174.1
SKU-00022,Packaging,C,93,2025-10-13,test,157.0,0,152.0,158.5,164.0,164.0,160.0,165.3
SKU-00022,Packaging,C,94,2025-10-20,test,148.0,0,157.0,159.8,161.2,160.0,160.6,165.1
SKU-00022,Packaging,C,95,2025-10-27,test,177.0,1,148.0,156.5,155.9,171.0,202.2,207.0
SKU-00022,Packaging,C,96,2025-11-03,test,179.0,1,177.0,158.5,164.4,160.0,187.4,193.4
SKU-00022,Packaging,C,97,2025-11-10,test,131.0,0,179.0,165.2,170.2,172.0,146.0,151.8
SKU-00022,Packaging,C,98,2025-11-17,test,141.0,0,131.0,158.8,154.5,154.0,150.3,154.2
SKU-00022,Packaging,C,99,2025-11-24,test,173.0,1,141.0,157.0,149.1,144.0,195.8,196.7
SKU-00022,Packaging,C,100,2025-12-01,test,130.0,0,173.0,156.0,158.7,140.0,136.3,140.3
SKU-00022,Packaging,C,101,2025-12-08,test,144.0,0,130.0,143.8,147.2,152.0,142.3,148.4
SKU-00022,Packaging,C,102,2025-12-15,test,124.0,0,144.0,147.0,145.9,151.0,145.0,145.0
SKU-00022,Packaging,C,103,2025-12-22,test,125.0,0,124.0,142.8,137.2,133.0,137.6,139.7
SKU-00023,Raw Materials,C,72,2025-05-19,dev,116.0,0,112.0,124.8,123.9,114.0,125.3,123.2
SKU-00023,Raw Materials,C,73,2025-05-26,dev,109.0,0,116.0,118.2,120.7,192.0,123.1,119.3
SKU-00023,Raw Materials,C,74,2025-06-02,dev,88.0,0,109.0,115.5,116.0,96.0,121.4,117.0
SKU-00023,Raw Materials,C,75,2025-06-09,dev,95.0,0,88.0,106.2,104.8,98.0,110.5,110.7
SKU-00023,Raw Materials,C,76,2025-06-16,dev,89.0,0,95.0,102.0,100.9,85.0,109.4,107.5
SKU-00023,Raw Materials,C,77,2025-06-23,dev,86.0,0,89.0,95.2,96.1,79.0,105.0,106.2
SKU-00023,Raw Materials,C,78,2025-06-30,dev,104.0,0,86.0,89.5,92.1,81.0,103.4,105.0
SKU-00023,Raw Materials,C,79,2025-07-07,dev,84.0,0,104.0,93.5,96.8,101.0,110.1,106.7
SKU-00023,Raw Materials,C,80,2025-07-14,dev,78.0,0,84.0,90.8,91.7,85.0,103.5,106.2
SKU-00023,Raw Materials,C,81,2025-07-21,dev,83.0,0,78.0,88.0,86.2,98.0,98.9,103.4
SKU-00023,Raw Materials,C,82,2025-07-28,dev,90.0,0,83.0,87.2,84.9,98.0,99.6,102.9
SKU-00023,Raw Materials,C,83,2025-08-04,dev,89.0,0,90.0,83.8,87.0,106.0,102.5,103.9
SKU-00023,Raw Materials,C,84,2025-08-11,dev,101.0,0,89.0,85.0,87.8,90.0,103.0,104.7
SKU-00023,Raw Materials,C,85,2025-08-18,dev,108.0,0,101.0,90.8,93.1,114.0,108.9,106.5
SKU-00023,Raw Materials,C,86,2025-08-25,dev,130.0,0,108.0,97.0,99.0,98.0,114.3,109.4
SKU-00023,Raw Materials,C,87,2025-09-01,dev,100.0,0,130.0,107.0,111.4,112.0,126.1,116.2
SKU-00023,Raw Materials,C,88,2025-09-08,test,123.0,0,100.0,109.8,106.9,126.0,118.9,116.5
SKU-00023,Raw Materials,C,89,2025-09-15,test,113.0,0,123.0,115.2,113.3,111.0,126.8,116.8
SKU-00023,Raw Materials,C,90,2025-09-22,test,140.0,0,113.0,116.5,113.2,146.0,125.7,119.4
SKU-00023,Raw Materials,C,91,2025-09-29,test,158.0,0,140.0,119.0,123.9,168.0,134.8,124.2
SKU-00023,Raw Materials,C,92,2025-10-06,test,123.0,0,158.0,133.5,137.5,159.0,148.1,145.6
SKU-00023,Raw Materials,C,93,2025-10-13,test,166.0,0,123.0,133.5,131.7,142.0,138.1,136.3
SKU-00023,Raw Materials,C,94,2025-10-20,test,237.0,1,166.0,146.8,145.4,170.0,204.4,197.0
SKU-00023,Raw Materials,C,95,2025-10-27,test,163.0,1,237.0,171.0,182.1,180.0,215.9,213.1
SKU-00023,Raw Materials,C,96,2025-11-03,test,185.0,0,163.0,172.2,174.4,186.0,146.8,146.5
SKU-00023,Raw Materials,C,97,2025-11-10,test,180.0,0,185.0,187.8,178.7,175.0,178.7,182.9
SKU-00023,Raw Materials,C,98,2025-11-17,test,206.0,1,180.0,191.2,179.2,199.0,229.7,247.1
SKU-00023,Raw Materials,C,99,2025-11-24,test,239.0,1,206.0,183.5,189.9,182.0,212.4,218.3
SKU-00023,Raw Materials,C,100,2025-12-01,test,203.0,0,239.0,202.5,209.6,346.0,180.7,186.9
SKU-00023,Raw Materials,C,101,2025-12-08,test,193.0,0,203.0,207.0,206.9,302.0,197.4,201.6
SKU-00023,Raw Materials,C,102,2025-12-15,test,187.0,0,193.0,210.2,201.4,207.0,193.1,198.5
SKU-00023,Raw Materials,C,103,2025-12-22,test,212.0,0,187.0,205.5,195.6,207.0,188.3,195.0
SKU-00024,Raw Materials,A,72,2025-05-19,dev,981.0,0,914.0,971.8,1000.9,632.0,973.3,946.9
SKU-00024,Raw Materials,A,73,2025-05-26,dev,897.0,0,981.0,950.8,993.0,845.0,980.9,949.3
SKU-00024,Raw Materials,A,74,2025-06-02,dev,902.0,0,897.0,929.8,954.6,862.0,956.4,925.4
SKU-00024,Raw Materials,A,75,2025-06-09,dev,937.0,0,902.0,923.5,933.5,718.0,944.4,901.3
SKU-00024,Raw Materials,A,76,2025-06-16,dev,1077.0,0,937.0,929.2,934.9,823.0,953.4,912.1
SKU-00024,Raw Materials,A,77,2025-06-23,dev,1009.0,0,1077.0,953.2,991.8,826.0,1009.7,979.7
SKU-00024,Raw Materials,A,78,2025-06-30,dev,1113.0,0,1009.0,981.2,998.7,919.0,1019.8,1012.4
SKU-00024,Raw Materials,A,79,2025-07-07,dev,891.0,0,1113.0,1034.0,1044.4,891.0,1069.2,1073.4
SKU-00024,Raw Materials,A,80,2025-07-14,dev,974.0,0,891.0,1022.5,983.0,973.0,999.2,995.6
SKU-00024,Raw Materials,A,81,2025-07-21,dev,809.0,0,974.0,996.8,979.4,845.0,1003.2,966.5
SKU-00024,Raw Materials,A,82,2025-07-28,dev,1060.0,0,809.0,946.8,911.3,865.0,936.6,903.6
SKU-00024,Raw Materials,A,83,2025-08-04,dev,952.0,0,1060.0,933.5,970.8,718.0,1015.2,969.0
SKU-00024,Raw Materials,A,84,2025-08-11,dev,916.0,0,952.0,948.8,963.3,822.0,1001.4,982.0
SKU-00024,Raw Materials,A,85,2025-08-18,dev,1234.0,0,916.0,934.2,944.4,908.0,976.4,934.2
SKU-00024,Raw Materials,A,86,2025-08-25,dev,1229.0,0,1234.0,1040.5,1060.2,1008.0,1115.5,1133.6
SKU-00024,Raw Materials,A,87,2025-09-01,dev,1027.0,0,1229.0,1082.8,1127.7,909.0,1153.8,1195.5
SKU-00024,Raw Materials,A,88,2025-09-08,test,1606.0,1,1027.0,1101.5,1087.4,1117.0,1430.6,1447.3
SKU-00024,Raw Materials,A,89,2025-09-15,test,1114.0,0,1606.0,1274.0,1294.9,1069.0,1175.2,1166.9
SKU-00024,Raw Materials,A,90,2025-09-22,test,1105.0,0,1114.0,1244.0,1222.5,937.0,1206.8,1234.1
SKU-00024,Raw Materials,A,91,2025-09-29,test,1330.0,0,1105.0,1213.0,1175.5,1180.0,1158.8,1179.3
SKU-00024,Raw Materials,A,92,2025-10-06,test,1286.0,0,1330.0,1288.8,1237.3,1246.0,1259.9,1314.0
SKU-00024,Raw Materials,A,93,2025-10-13,test,1420.0,0,1286.0,1208.8,1256.8,1113.0,1238.5,1285.9
SKU-00024,Raw Materials,A,94,2025-10-20,test,1514.0,0,1420.0,1285.2,1322.1,1277.0,1307.4,1353.0
SKU-00024,Raw Materials,A,95,2025-10-27,test,2020.0,1,1514.0,1387.5,1398.8,966.0,1718.8,1851.8
SKU-00024,Raw Materials,A,96,2025-11-03,test,1812.0,1,2020.0,1560.0,1647.3,1235.0,1788.7,1777.2
SKU-00024,Raw Materials,A,97,2025-11-10,test,2208.0,1,1812.0,1691.5,1713.2,1278.0,1800.4,1779.2
SKU-00024,Raw Materials,A,98,2025-11-17,test,1592.0,0,2208.0,1888.5,1911.1,1112.0,1660.2,1498.5
SKU-00024,Raw Materials,A,99,2025-11-24,test,1852.0,0,1592.0,1908.0,1783.5,1448.0,1657.2,1569.8
SKU-00024,Raw Materials,A,100,2025-12-01,test,1838.0,0,1852.0,1866.0,1810.9,1116.0,1680.7,1663.4
SKU-00024,Raw Materials,A,101,2025-12-08,test,1652.0,0,1838.0,1872.5,1821.7,1152.0,1700.4,1671.5
SKU-00024,Raw Materials,A,102,2025-12-15,test,1541.0,0,1652.0,1733.5,1753.8,1220.0,1596.1,1583.6
SKU-00024,Raw Materials,A,103,2025-12-22,test,1707.0,0,1541.0,1720.8,1668.7,1321.0,1543.3,1532.3
SKU-00025,Packaging,B,72,2025-05-19,dev,87.0,0,143.0,99.0,107.0,119.0,94.6,91.1
SKU-00025,Packaging,B,73,2025-05-26,dev,97.0,0,87.0,101.2,99.0,115.0,95.6,94.4
SKU-00025,Packaging,B,74,2025-06-02,dev,84.0,0,97.0,101.8,98.2,109.0,96.9,96.5
SKU-00025,Packaging,B,75,2025-06-09,dev,105.0,0,84.0,102.8,92.5,115.0,93.6,93.5
SKU-00025,Packaging,B,76,2025-06-16,dev,103.0,0,105.0,93.2,97.5,126.0,96.7,97.6
SKU-00025,Packaging,B,77,2025-06-23,dev,120.0,0,103.0,97.2,99.7,131.0,99.1,102.5
SKU-00025,Packaging,B,78,2025-06-30,dev,98.0,0,120.0,103.0,107.8,127.0,107.9,112.0
SKU-00025,Packaging,B,79,2025-07-07,dev,119.0,0,98.0,106.5,103.9,138.0,103.2,106.1
SKU-00025,Packaging,B,80,2025-07-14,dev,104.0,0,119.0,110.0,109.9,122.0,109.5,113.7
SKU-00025,Packaging,B,81,2025-07-21,dev,108.0,0,104.0,110.2,107.6,147.0,106.2,110.7
SKU-00025,Packaging,B,82,2025-07-28,dev,116.0,0,108.0,107.2,107.7,126.0,105.7,109.0
SKU-00025,Packaging,B,83,2025-08-04,dev,124.0,0,116.0,111.8,111.0,118.0,111.3,116.2
SKU-00025,Packaging,B,84,2025-08-11,dev,109.0,0,124.0,113.0,116.2,133.0,115.1,120.3
SKU-00025,Packaging,B,85,2025-08-18,dev,115.0,0,109.0,114.2,113.3,131.0,111.2,115.3
SKU-00025,Packaging,B,86,2025-08-25,dev,108.0,0,115.0,116.0,114.0,137.0,112.7,116.9
SKU-00025,Packaging,B,87,2025-09-01,dev,112.0,0,108.0,114.0,111.6,147.0,110.5,114.7
SKU-00025,Packaging,B,88,2025-09-08,test,121.0,0,112.0,111.0,111.8,202.0,110.3,114.1
SKU-00025,Packaging,B,89,2025-09-15,test,110.0,0,121.0,114.0,115.5,214.0,114.7,119.5
SKU-00025,Packaging,B,90,2025-09-22,test,109.0,0,110.0,112.8,113.3,162.0,111.3,115.2
SKU-00025,Packaging,B,91,2025-09-29,test,97.0,0,109.0,113.0,111.6,123.0,110.0,113.6
SKU-00025,Packaging,B,92,2025-10-06,test,112.0,0,97.0,109.2,105.7,97.0,104.4,108.2
SKU-00025,Packaging,B,93,2025-10-13,test,80.0,0,112.0,107.0,108.2,91.0,107.8,111.8
SKU-00025,Packaging,B,94,2025-10-20,test,90.0,0,80.0,99.5,96.9,108.0,95.4,98.1
SKU-00025,Packaging,B,95,2025-10-27,test,110.0,0,90.0,94.8,94.2,102.0,94.8,94.6
SKU-00025,Packaging,B,96,2025-11-03,test,92.0,1,110.0,98.0,100.5,91.0,131.9,134.2
SKU-00025,Packaging,B,97,2025-11-10,test,104.0,1,92.0,93.0,97.1,95.0,111.1,117.5
SKU-00025,Packaging,B,98,2025-11-17,test,69.0,0,104.0,99.0,99.9,76.0,86.0,88.5
SKU-00025,Packaging,B,99,2025-11-24,test,76.0,0,69.0,93.8,87.5,94.0,87.4,90.1
SKU-00025,Packaging,B,100,2025-12-01,test,72.0,0,76.0,85.2,82.9,93.0,83.1,80.2
SKU-00025,Packaging,B,101,2025-12-08,test,64.0,0,72.0,80.2,78.5,62.0,80.1,77.9
SKU-00025,Packaging,B,102,2025-12-15,test,70.0,0,64.0,70.2,72.7,76.0,73.7,72.9
SKU-00025,Packaging,B,103,2025-12-22,test,61.0,0,70.0,70.5,71.6,81.0,75.0,72.2
SKU-00026,Machinery Parts,B,72,2025-05-19,dev,105.0,0,114.0,146.0,135.7,119.0,128.2,126.9
SKU-00026,Machinery Parts,B,73,2025-05-26,dev,138.0,0,105.0,131.2,123.4,134.0,118.5,116.1
SKU-00026,Machinery Parts,B,74,2025-06-02,dev,171.0,0,138.0,121.0,129.3,129.0,126.3,128.0
SKU-00026,Machinery Parts,B,75,2025-06-09,dev,124.0,0,171.0,132.0,146.0,144.0,143.4,151.4
SKU-00026,Machinery Parts,B,76,2025-06-16,dev,136.0,0,124.0,134.5,137.2,113.0,130.9,130.6
SKU-00026,Machinery Parts,B,77,2025-06-23,dev,152.0,0,136.0,142.2,136.7,123.0,134.0,137.1
SKU-00026,Machinery Parts,B,78,2025-06-30,dev,128.0,0,152.0,145.8,142.8,98.0,142.2,149.6
SKU-00026,Machinery Parts,B,79,2025-07-07,dev,134.0,0,128.0,135.0,136.9,98.0,132.0,135.4
SKU-00026,Machinery Parts,B,80,2025-07-14,dev,156.0,0,134.0,137.5,135.7,122.0,133.4,137.6
SKU-00026,Machinery Parts,B,81,2025-07-21,dev,133.0,0,156.0,142.5,143.8,103.0,143.2,150.4
SKU-00026,Machinery Parts,B,82,2025-07-28,dev,97.0,0,133.0,137.8,139.5,105.0,135.5,139.7
SKU-00026,Machinery Parts,B,83,2025-08-04,dev,119.0,0,97.0,130.0,122.5,87.0,119.9,120.6
SKU-00026,Machinery Parts,B,84,2025-08-11,dev,117.0,0,119.0,126.2,121.1,88.0,123.3,122.6
SKU-00026,Machinery Parts,B,85,2025-08-18,dev,83.0,0,117.0,116.5,119.5,67.0,120.7,123.0
SKU-00026,Machinery Parts,B,86,2025-08-25,dev,98.0,0,83.0,104.0,104.9,77.0,104.5,101.4
SKU-00026,Machinery Parts,B,87,2025-09-01,dev,94.0,0,98.0,104.2,102.1,77.0,107.3,99.2
SKU-00026,Machinery Parts,B,88,2025-09-08,test,87.0,0,94.0,98.0,98.9,137.0,104.4,97.7
SKU-00026,Machinery Parts,B,89,2025-09-15,test,86.0,0,87.0,90.5,94.1,104.0,98.6,92.6
SKU-00026,Machinery Parts,B,90,2025-09-22,test,81.0,0,86.0,91.2,90.9,71.0,97.5,91.0
SKU-00026,Machinery Parts,B,91,2025-09-29,test,94.0,0,81.0,87.0,86.9,104.0,93.8,89.0
SKU-00026,Machinery Parts,B,92,2025-10-06,test,82.0,0,94.0,87.0,89.8,87.0,97.4,90.1
SKU-00026,Machinery Parts,B,93,2025-10-13,test,100.0,0,82.0,85.8,86.7,93.0,93.5,90.1
SKU-00026,Machinery Parts,B,94,2025-10-20,test,90.0,0,100.0,89.2,92.0,96.0,100.0,92.2
SKU-00026,Machinery Parts,B,95,2025-10-27,test,91.0,0,90.0,91.5,91.2,86.0,98.5,94.4
SKU-00026,Machinery Parts,B,96,2025-11-03,test,87.0,0,91.0,90.8,91.1,84.0,96.8,93.3
SKU-00026,Machinery Parts,B,97,2025-11-10,test,134.0,0,87.0,92.0,89.5,91.0,96.0,92.9
SKU-00026,Machinery Parts,B,98,2025-11-17,test,145.0,1,134.0,100.5,107.3,93.0,151.9,143.0
SKU-00026,Machinery Parts,B,99,2025-11-24,test,129.0,0,145.0,114.2,122.4,90.0,108.5,107.4
SKU-00026,Machinery Parts,B,100,2025-12-01,test,120.0,0,129.0,123.8,125.0,83.0,124.1,126.2
SKU-00026,Machinery Parts,B,101,2025-12-08,test,126.0,0,120.0,132.0,123.0,109.0,123.3,126.8
SKU-00026,Machinery Parts,B,102,2025-12-15,test,164.0,0,126.0,130.0,124.2,117.0,124.2,127.5
SKU-00026,Machinery Parts,B,103,2025-12-22,test,150.0,0,164.0,134.8,140.1,112.0,139.5,145.1
SKU-00027,Raw Materials,C,72,2025-05-19,dev,55.0,0,47.0,53.2,51.7,44.0,51.4,51.0
SKU-00027,Raw Materials,C,73,2025-05-26,dev,52.0,0,55.0,50.5,53.0,42.0,52.6,50.5
SKU-00027,Raw Materials,C,74,2025-06-02,dev,58.0,0,52.0,52.0,52.6,50.0,53.3,52.1
SKU-00027,Raw Materials,C,75,2025-06-09,dev,42.0,0,58.0,53.0,54.8,45.0,55.4,54.1
SKU-00027,Raw Materials,C,76,2025-06-16,dev,55.0,0,42.0,51.8,49.7,50.0,50.0,49.7
SKU-00027,Raw Materials,C,77,2025-06-23,dev,55.0,0,55.0,51.8,51.8,45.0,53.0,49.8
SKU-00027,Raw Materials,C,78,2025-06-30,dev,42.0,0,55.0,52.5,53.1,39.0,55.0,54.1
SKU-00027,Raw Materials,C,79,2025-07-07,dev,51.0,0,42.0,48.5,48.6,49.0,49.3,48.1
SKU-00027,Raw Materials,C,80,2025-07-14,dev,55.0,0,51.0,50.8,49.6,45.0,52.1,48.4
SKU-00027,Raw Materials,C,81,2025-07-21,dev,57.0,0,55.0,50.8,51.8,48.0,54.0,52.1
SKU-00027,Raw Materials,C,82,2025-07-28,dev,56.0,0,57.0,51.2,53.9,47.0,55.2,54.1
SKU-00027,Raw Materials,C,83,2025-08-04,dev,48.0,0,56.0,54.8,54.7,55.0,56.7,56.8
SKU-00027,Raw Materials,C,84,2025-08-11,dev,51.0,0,48.0,54.0,52.0,67.0,53.8,52.7
SKU-00027,Raw Materials,C,85,2025-08-18,dev,53.0,0,51.0,53.0,51.6,48.0,53.9,51.7
SKU-00027,Raw Materials,C,86,2025-08-25,dev,54.0,0,53.0,52.0,52.2,41.0,54.3,52.6
SKU-00027,Raw Materials,C,87,2025-09-01,dev,55.0,0,54.0,51.5,52.9,86.0,55.0,53.9
SKU-00027,Raw Materials,C,88,2025-09-08,test,59.0,0,55.0,53.2,53.7,63.0,56.0,55.5
SKU-00027,Raw Materials,C,89,2025-09-15,test,65.0,0,59.0,55.2,55.8,54.0,58.1,58.6
SKU-00027,Raw Materials,C,90,2025-09-22,test,54.0,0,65.0,58.2,59.5,50.0,61.4,63.3
SKU-00027,Raw Materials,C,91,2025-09-29,test,64.0,0,54.0,58.2,57.3,49.0,58.0,59.6
SKU-00027,Raw Materials,C,92,2025-10-06,test,68.0,0,64.0,60.5,60.0,63.0,61.5,63.2
SKU-00027,Raw Materials,C,93,2025-10-13,test,61.0,0,68.0,62.8,63.2,60.0,64.4,67.1
SKU-00027,Raw Materials,C,94,2025-10-20,test,59.0,0,61.0,61.8,62.3,63.0,62.1,64.0
SKU-00027,Raw Materials,C,95,2025-10-27,test,119.0,1,59.0,63.0,61.0,58.0,79.6,81.9
SKU-00027,Raw Materials,C,96,2025-11-03,test,60.0,0,119.0,76.8,84.2,66.0,77.0,73.6
SKU-00027,Raw Materials,C,97,2025-11-10,test,78.0,0,60.0,74.8,74.5,67.0,69.7,67.4
SKU-00027,Raw Materials,C,98,2025-11-17,test,68.0,0,78.0,79.0,75.9,69.0,73.4,74.2
SKU-00027,Raw Materials,C,99,2025-11-24,test,79.0,0,68.0,81.2,72.7,70.0,72.1,73.2
SKU-00027,Raw Materials,C,100,2025-12-01,test,64.0,0,79.0,71.2,75.2,72.0,71.2,73.3
SKU-00027,Raw Materials,C,101,2025-12-08,test,89.0,0,64.0,72.2,70.7,69.0,67.3,69.7
SKU-00027,Raw Materials,C,102,2025-12-15,test,77.0,0,89.0,75.0,78.0,68.0,75.7,78.5
SKU-00027,Raw Materials,C,103,2025-12-22,test,70.0,0,77.0,77.2,77.6,60.0,74.4,76.9
SKU-00028,Raw Materials,C,72,2025-05-19,dev,26.0,0,20.0,20.8,20.4,26.0,20.3,19.9
SKU-00028,Raw Materials,C,73,2025-05-26,dev,18.0,0,26.0,22.8,22.6,29.0,23.0,23.1
SKU-00028,Raw Materials,C,74,2025-06-02,dev,21.0,0,18.0,21.0,20.8,31.0,20.7,20.5
SKU-00028,Raw Materials,C,75,2025-06-09,dev,20.0,0,21.0,21.2,20.9,13.0,21.2,20.2
SKU-00028,Raw Materials,C,76,2025-06-16,dev,19.0,0,20.0,21.2,20.5,19.0,21.1,20.5
SKU-00028,Raw Materials,C,77,2025-06-23,dev,14.0,0,19.0,19.5,19.9,25.0,20.1,19.3
SKU-00028,Raw Materials,C,78,2025-06-30,dev,19.0,0,14.0,18.5,17.5,21.0,18.2,17.8
SKU-00028,Raw Materials,C,79,2025-07-07,dev,19.0,0,19.0,18.0,18.1,29.0,19.4,17.5
SKU-00028,Raw Materials,C,80,2025-07-14,dev,20.0,0,19.0,17.8,18.5,23.0,19.6,18.3
SKU-00028,Raw Materials,C,81,2025-07-21,dev,18.0,0,20.0,18.0,19.1,25.0,20.0,18.6
SKU-00028,Raw Materials,C,82,2025-07-28,dev,20.0,0,18.0,19.0,18.7,23.0,19.7,18.8
SKU-00028,Raw Materials,C,83,2025-08-04,dev,14.0,0,20.0,19.2,19.2,15.0,20.5,19.0
SKU-00028,Raw Materials,C,84,2025-08-11,dev,20.0,0,14.0,18.0,17.1,21.0,18.2,17.8
SKU-00028,Raw Materials,C,85,2025-08-18,dev,31.0,1,20.0,18.0,18.3,20.0,27.0,24.5
SKU-00028,Raw Materials,C,86,2025-08-25,dev,26.0,1,31.0,21.2,23.4,15.0,28.8,28.2
SKU-00028,Raw Materials,C,87,2025-09-01,dev,18.0,0,26.0,22.8,24.4,25.0,21.3,20.3
SKU-00028,Raw Materials,C,88,2025-09-08,test,28.0,0,18.0,23.8,21.9,22.0,22.2,22.6
SKU-00028,Raw Materials,C,89,2025-09-15,test,23.0,0,28.0,25.8,24.3,27.0,25.6,26.2
SKU-00028,Raw Materials,C,90,2025-09-22,test,25.0,0,23.0,23.8,23.8,26.0,24.1,25.1
SKU-00028,Raw Materials,C,91,2025-09-29,test,29.0,0,25.0,23.5,24.3,26.0,24.3,24.8
SKU-00028,Raw Materials,C,92,2025-10-06,test,20.0,0,29.0,26.2,26.2,18.0,26.8,28.0
SKU-00028,Raw Materials,C,93,2025-10-13,test,28.0,1,20.0,24.2,23.7,21.0,30.8,31.6
SKU-00028,Raw Materials,C,94,2025-10-20,test,21.0,0,28.0,25.5,25.4,26.0,22.4,22.3
SKU-00028,Raw Materials,C,95,2025-10-27,test,25.0,0,21.0,24.5,23.7,24.0,23.7,24.7
SKU-00028,Raw Materials,C,96,2025-11-03,test,24.0,0,25.0,23.5,24.2,21.0,24.1,24.5
SKU-00028,Raw Materials,C,97,2025-11-10,test,16.0,0,24.0,24.5,24.1,18.0,24.3,25.2
SKU-00028,Raw Materials,C,98,2025-11-17,test,32.0,1,16.0,21.5,20.9,34.0,27.8,27.5
SKU-00028,Raw Materials,C,99,2025-11-24,test,19.0,1,32.0,24.2,25.3,22.0,30.0,29.8
SKU-00028,Raw Materials,C,100,2025-12-01,test,34.0,0,19.0,22.8,22.8,32.0,18.7,21.4
SKU-00028,Raw Materials,C,101,2025-12-08,test,23.0,0,34.0,25.2,27.3,24.0,27.2,27.9
SKU-00028,Raw Materials,C,102,2025-12-15,test,23.0,0,23.0,27.0,25.6,26.0,25.1,26.1
SKU-00028,Raw Materials,C,103,2025-12-22,test,25.0,0,23.0,24.8,24.5,28.0,23.7,23.9
SKU-00029,Chemicals,A,72,2025-05-19,dev,675.0,0,843.0,627.2,672.7,466.0,583.3,590.5
SKU-00029,Chemicals,A,73,2025-05-26,dev,447.0,0,675.0,642.8,673.6,402.0,633.8,641.2
SKU-00029,Chemicals,A,74,2025-06-02,dev,442.0,0,447.0,625.2,583.0,489.0,549.0,542.8
SKU-00029,Chemicals,A,75,2025-06-09,dev,414.0,0,442.0,601.8,526.6,473.0,520.7,502.0
SKU-00029,Chemicals,A,76,2025-06-16,dev,518.0,0,414.0,494.5,481.5,446.0,472.9,458.3
SKU-00029,Chemicals,A,77,2025-06-23,dev,567.0,0,518.0,455.2,496.1,417.0,491.1,471.9
SKU-00029,Chemicals,A,78,2025-06-30,dev,587.0,0,567.0,485.2,524.5,621.0,531.0,542.7
SKU-00029,Chemicals,A,79,2025-07-07,dev,423.0,0,587.0,521.5,549.5,430.0,553.6,570.3
SKU-00029,Chemicals,A,80,2025-07-14,dev,629.0,0,423.0,523.8,498.9,390.0,497.2,504.2
SKU-00029,Chemicals,A,81,2025-07-21,dev,593.0,0,629.0,551.5,550.9,429.0,562.4,573.8
SKU-00029,Chemicals,A,82,2025-07-28,dev,625.0,0,593.0,558.0,567.8,497.0,567.8,594.3
SKU-00029,Chemicals,A,83,2025-08-04,dev,509.0,0,625.0,567.5,590.7,541.0,586.4,603.4
SKU-00029,Chemicals,A,84,2025-08-11,dev,636.0,0,509.0,589.0,558.0,404.0,558.6,575.3
SKU-00029,Chemicals,A,85,2025-08-18,dev,623.0,0,636.0,590.8,589.2,439.0,594.4,616.4
SKU-00029,Chemicals,A,86,2025-08-25,dev,607.0,0,623.0,598.2,602.7,502.0,601.5,629.5
SKU-00029,Chemicals,A,87,2025-09-01,dev,587.0,0,607.0,593.8,604.4,451.0,596.1,613.6
SKU-00029,Chemicals,A,88,2025-09-08,test,644.0,0,587.0,613.2,597.5,634.0,596.7,617.4
SKU-00029,Chemicals,A,89,2025-09-15,test,644.0,0,644.0,615.2,616.1,543.0,614.9,638.7
SKU-00029,Chemicals,A,90,2025-09-22,test,746.0,1,644.0,620.5,627.2,564.0,783.0,833.8
SKU-00029,Chemicals,A,91,2025-09-29,test,610.0,1,746.0,655.2,674.7,477.0,749.7,741.5
SKU-00029,Chemicals,A,92,2025-10-06,test,725.0,0,610.0,661.0,648.8,554.0,553.0,591.3
SKU-00029,Chemicals,A,93,2025-10-13,test,613.0,0,725.0,681.2,679.3,786.0,667.4,690.8
SKU-00029,Chemicals,A,94,2025-10-20,test,803.0,0,613.0,673.5,652.8,644.0,635.4,658.8
SKU-00029,Chemicals,A,95,2025-10-27,test,690.0,0,803.0,687.8,712.9,590.0,697.4,725.9
SKU-00029,Chemicals,A,96,2025-11-03,test,619.0,0,690.0,707.8,703.7,613.0,675.8,696.0
SKU-00029,Chemicals,A,97,2025-11-10,test,871.0,0,619.0,681.2,669.8,603.0,636.4,652.4
SKU-00029,Chemicals,A,98,2025-11-17,test,751.0,0,871.0,745.8,750.3,597.0,737.7,767.0
SKU-00029,Chemicals,A,99,2025-11-24,test,791.0,0,751.0,732.8,750.6,544.0,710.9,723.4
SKU-00029,Chemicals,A,100,2025-12-01,test,761.0,0,791.0,758.0,766.7,538.0,720.5,739.6
SKU-00029,Chemicals,A,101,2025-12-08,test,866.0,0,761.0,793.5,764.4,726.0,725.1,730.6
SKU-00029,Chemicals,A,102,2025-12-15,test,688.0,0,866.0,792.2,805.1,728.0,760.1,776.7
SKU-00029,Chemicals,A,103,2025-12-22,test,841.0,0,688.0,776.5,758.2,624.0,702.3,700.6
SKU-00030,Electronics,B,72,2025-05-19,dev,500.0,1,425.0,399.8,398.8,534.0,439.2,451.3
SKU-00030,Electronics,B,73,2025-05-26,dev,377.0,0,500.0,432.8,439.3,420.0,376.9,391.6
SKU-00030,Electronics,B,74,2025-06-02,dev,431.0,0,377.0,423.2,414.4,404.0,392.5,399.0
SKU-00030,Electronics,B,75,2025-06-09,dev,408.0,0,431.0,433.2,421.0,447.0,406.2,422.0
SKU-00030,Electronics,B,76,2025-06-16,dev,471.0,0,408.0,429.0,415.8,419.0,401.1,421.1
SKU-00030,Electronics,B,77,2025-06-23,dev,459.0,0,471.0,421.8,437.9,355.0,419.2,439.1
SKU-00030,Electronics,B,78,2025-06-30,dev,479.0,0,459.0,442.2,446.3,462.0,430.7,451.3
SKU-00030,Electronics,B,79,2025-07-07,dev,464.0,0,479.0,454.2,459.4,399.0,441.6,461.8
SKU-00030,Electronics,B,80,2025-07-14,dev,507.0,0,464.0,468.2,461.2,518.0,443.1,461.4
SKU-00030,Electronics,B,81,2025-07-21,dev,473.0,0,507.0,477.2,479.5,467.0,459.3,479.4
SKU-00030,Electronics,B,82,2025-07-28,dev,403.0,0,473.0,480.8,476.9,457.0,453.2,466.9
SKU-00030,Electronics,B,83,2025-08-04,dev,506.0,0,403.0,461.8,447.4,457.0,424.5,437.8
SKU-00030,Electronics,B,84,2025-08-11,dev,380.0,0,506.0,472.2,470.8,584.0,458.0,477.9
SKU-00030,Electronics,B,85,2025-08-18,dev,487.0,0,380.0,440.5,434.5,413.0,412.0,424.9
SKU-00030,Electronics,B,86,2025-08-25,dev,470.0,0,487.0,444.0,455.5,405.0,440.3,458.3
SKU-00030,Electronics,B,87,2025-09-01,dev,430.0,1,470.0,460.8,461.3,418.0,550.5,591.7
SKU-00030,Electronics,B,88,2025-09-08,test,659.0,1,430.0,441.8,448.8,392.0,480.7,483.2
SKU-00030,Electronics,B,89,2025-09-15,test,426.0,0,659.0,511.5,532.9,552.0,475.3,442.5
SKU-00030,Electronics,B,90,2025-09-22,test,468.0,0,426.0,496.2,490.1,410.0,457.9,445.3
SKU-00030,Electronics,B,91,2025-09-29,test,328.0,0,468.0,495.8,481.3,487.0,456.0,464.0
SKU-00030,Electronics,B,92,2025-10-06,test,318.0,0,328.0,470.2,420.0,432.0,401.9,402.5
SKU-00030,Electronics,B,93,2025-10-13,test,361.0,0,318.0,385.0,379.2,448.0,360.5,362.3
SKU-00030,Electronics,B,94,2025-10-20,test,320.0,0,361.0,368.8,371.9,355.0,366.8,375.0
SKU-00030,Electronics,B,95,2025-10-27,test,357.0,0,320.0,331.8,351.1,366.0,342.3,352.4
SKU-00030,Electronics,B,96,2025-11-03,test,318.0,0,357.0,339.0,353.5,286.0,350.3,358.5
SKU-00030,Electronics,B,97,2025-11-10,test,316.0,0,318.0,339.0,339.3,310.0,336.0,346.4
SKU-00030,Electronics,B,98,2025-11-17,test,293.0,0,316.0,327.8,330.0,312.0,327.9,333.0
SKU-00030,Electronics,B,99,2025-11-24,test,277.0,0,293.0,321.0,315.2,338.0,315.8,318.7
SKU-00030,Electronics,B,100,2025-12-01,test,325.0,0,277.0,301.0,299.9,259.0,297.8,296.6
SKU-00030,Electronics,B,101,2025-12-08,test,295.0,0,325.0,302.8,309.9,273.0,313.0,310.5
SKU-00030,Electronics,B,102,2025-12-15,test,286.0,0,295.0,297.5,304.0,250.0,303.9,306.8
SKU-00030,Electronics,B,103,2025-12-22,test,303.0,0,286.0,295.8,296.8,240.0,298.1,296.6
SKU-00031,Machinery Parts,A,72,2025-05-19,dev,719.0,0,755.0,763.2,786.9,642.0,733.4,758.4
SKU-00031,Machinery Parts,A,73,2025-05-26,dev,860.0,0,719.0,762.5,759.7,636.0,720.6,744.5
SKU-00031,Machinery Parts,A,74,2025-06-02,dev,690.0,0,860.0,770.5,799.8,1137.0,775.0,812.2
SKU-00031,Machinery Parts,A,75,2025-06-09,dev,949.0,1,690.0,756.0,755.9,646.0,915.9,970.9
SKU-00031,Machinery Parts,A,76,2025-06-16,dev,865.0,1,949.0,804.5,833.1,531.0,910.8,890.0
SKU-00031,Machinery Parts,A,77,2025-06-23,dev,567.0,0,865.0,841.0,845.9,568.0,716.8,748.6
SKU-00031,Machinery Parts,A,78,2025-06-30,dev,679.0,0,567.0,767.8,734.3,568.0,689.6,689.5
SKU-00031,Machinery Parts,A,79,2025-07-07,dev,753.0,0,679.0,765.0,712.2,734.0,704.3,705.8
SKU-00031,Machinery Parts,A,80,2025-07-14,dev,757.0,0,753.0,716.0,728.5,784.0,719.2,752.0
SKU-00031,Machinery Parts,A,81,2025-07-21,dev,711.0,0,757.0,689.0,739.9,666.0,717.4,743.9
SKU-00031,Machinery Parts,A,82,2025-07-28,dev,758.0,0,711.0,725.0,728.3,600.0,712.9,738.0
SKU-00031,Machinery Parts,A,83,2025-08-04,dev,709.0,0,758.0,744.8,740.2,670.0,738.2,767.4
SKU-00031,Machinery Parts,A,84,2025-08-11,dev,754.0,0,709.0,733.8,727.7,520.0,718.8,746.2
SKU-00031,Machinery Parts,A,85,2025-08-18,dev,818.0,0,754.0,733.0,738.2,483.0,728.9,756.1
SKU-00031,Machinery Parts,A,86,2025-08-25,dev,775.0,0,818.0,759.8,770.1,406.0,764.4,799.6
SKU-00031,Machinery Parts,A,87,2025-09-01,dev,603.0,0,775.0,764.0,772.1,588.0,759.3,788.0
SKU-00031,Machinery Parts,A,88,2025-09-08,test,808.0,0,603.0,737.5,704.5,687.0,689.7,708.7
SKU-00031,Machinery Parts,A,89,2025-09-15,test,842.0,0,808.0,751.0,745.9,538.0,750.3,778.3
SKU-00031,Machinery Parts,A,90,2025-09-22,test,817.0,0,842.0,757.0,784.3,608.0,778.2,816.8
SKU-00031,Machinery Parts,A,91,2025-09-29,test,1015.0,1,817.0,767.5,797.4,554.0,971.9,1025.7
SKU-00031,Machinery Parts,A,92,2025-10-06,test,601.0,1,1015.0,870.5,884.4,612.0,977.9,962.4
SKU-00031,Machinery Parts,A,93,2025-10-13,test,810.0,0,601.0,818.8,771.1,625.0,639.6,698.2
SKU-00031,Machinery Parts,A,94,2025-10-20,test,754.0,0,810.0,810.8,786.6,737.0,772.7,792.7
SKU-00031,Machinery Parts,A,95,2025-10-27,test,851.0,0,754.0,795.0,773.6,591.0,761.9,795.3
SKU-00031,Machinery Parts,A,96,2025-11-03,test,742.0,0,851.0,754.0,804.5,634.0,774.0,797.8
SKU-00031,Machinery Parts,A,97,2025-11-10,test,733.0,0,742.0,789.2,779.5,576.0,755.5,783.6
SKU-00031,Machinery Parts,A,98,2025-11-17,test,904.0,0,733.0,770.0,760.9,596.0,737.9,760.9
SKU-00031,Machinery Parts,A,99,2025-11-24,test,784.0,0,904.0,807.5,818.2,659.0,806.3,840.0
SKU-00031,Machinery Parts,A,100,2025-12-01,test,750.0,0,784.0,790.8,804.5,637.0,762.4,786.5
SKU-00031,Machinery Parts,A,101,2025-12-08,test,852.0,0,750.0,792.8,782.7,616.0,746.0,766.1
SKU-00031,Machinery Parts,A,102,2025-12-15,test,833.0,0,852.0,822.5,810.4,689.0,787.1,817.7
SKU-00031,Machinery Parts,A,103,2025-12-22,test,855.0,0,833.0,804.8,819.4,765.0,782.7,811.9
SKU-00032,Chemicals,C,72,2025-05-19,dev,58.0,1,77.0,55.5,60.8,46.0,73.7,72.1
SKU-00032,Chemicals,C,73,2025-05-26,dev,48.0,0,58.0,58.0,59.7,45.0,49.5,54.9
SKU-00032,Chemicals,C,74,2025-06-02,dev,65.0,1,48.0,57.8,55.0,45.0,76.4,72.6
SKU-00032,Chemicals,C,75,2025-06-09,dev,47.0,0,65.0,62.0,59.0,45.0,52.0,54.6
SKU-00032,Chemicals,C,76,2025-06-16,dev,51.0,0,47.0,54.5,54.2,48.0,54.7,54.5
SKU-00032,Chemicals,C,77,2025-06-23,dev,49.0,0,51.0,52.8,52.9,48.0,54.3,51.5
SKU-00032,Chemicals,C,78,2025-06-30,dev,52.0,0,49.0,53.0,51.4,49.0,54.8,51.5
SKU-00032,Chemicals,C,79,2025-07-07,dev,62.0,0,52.0,49.8,51.6,47.0,54.6,50.8
SKU-00032,Chemicals,C,80,2025-07-14,dev,58.0,0,62.0,53.5,55.8,49.0,59.2,54.9
SKU-00032,Chemicals,C,81,2025-07-21,dev,64.0,0,58.0,55.2,56.7,53.0,59.1,56.7
SKU-00032,Chemicals,C,82,2025-07-28,dev,64.0,0,64.0,59.0,59.6,54.0,62.2,60.3
SKU-00032,Chemicals,C,83,2025-08-04,dev,64.0,0,64.0,62.0,61.4,58.0,64.2,64.1
SKU-00032,Chemicals,C,84,2025-08-11,dev,69.0,0,64.0,62.5,62.4,67.0,64.6,64.5
SKU-00032,Chemicals,C,85,2025-08-18,dev,70.0,0,69.0,65.2,65.0,75.0,67.3,68.3
SKU-00032,Chemicals,C,86,2025-08-25,dev,71.0,0,70.0,66.8,67.0,70.0,68.7,70.6
SKU-00032,Chemicals,C,87,2025-09-01,dev,74.0,0,71.0,68.5,68.6,77.0,70.2,72.3
SKU-00032,Chemicals,C,88,2025-09-08,test,78.0,0,74.0,71.0,70.8,95.0,72.2,74.5
SKU-00032,Chemicals,C,89,2025-09-15,test,96.0,1,78.0,73.2,73.7,120.0,95.4,99.2
SKU-00032,Chemicals,C,90,2025-09-22,test,104.0,1,96.0,79.8,82.6,92.0,94.1,92.9
SKU-00032,Chemicals,C,91,2025-09-29,test,76.0,0,104.0,88.0,91.2,87.0,80.1,80.9
SKU-00032,Chemicals,C,92,2025-10-06,test,88.0,0,76.0,88.5,85.1,85.0,81.8,82.9
SKU-00032,Chemicals,C,93,2025-10-13,test,94.0,0,88.0,91.0,86.3,86.0,84.9,87.4
SKU-00032,Chemicals,C,94,2025-10-20,test,87.0,0,94.0,90.5,89.4,93.0,87.7,91.3
SKU-00032,Chemicals,C,95,2025-10-27,test,95.0,0,87.0,86.2,88.4,90.0,84.7,87.6
SKU-00032,Chemicals,C,96,2025-11-03,test,99.0,0,95.0,91.0,91.0,93.0,88.0,91.1
SKU-00032,Chemicals,C,97,2025-11-10,test,101.0,0,99.0,93.8,94.2,105.0,91.0,94.1
SKU-00032,Chemicals,C,98,2025-11-17,test,120.0,1,101.0,95.5,96.9,88.0,113.4,119.9
SKU-00032,Chemicals,C,99,2025-11-24,test,94.0,0,120.0,103.8,106.2,87.0,91.9,87.5
SKU-00032,Chemicals,C,100,2025-12-01,test,98.0,0,94.0,103.5,101.3,83.0,93.9,92.4
SKU-00032,Chemicals,C,101,2025-12-08,test,100.0,0,98.0,103.2,100.0,85.0,93.5,94.2
SKU-00032,Chemicals,C,102,2025-12-15,test,94.0,0,100.0,103.0,100.0,93.0,94.4,94.9
SKU-00032,Chemicals,C,103,2025-12-22,test,88.0,0,94.0,96.5,97.6,94.0,90.5,92.4
SKU-00033,Chemicals,B,72,2025-05-19,dev,197.0,0,207.0,221.5,220.0,154.0,217.4,209.3
SKU-00033,Chemicals,B,73,2025-05-26,dev,177.0,0,197.0,199.5,210.8,153.0,207.3,200.9
SKU-00033,Chemicals,B,74,2025-06-02,dev,208.0,0,177.0,194.2,197.3,152.0,200.8,193.2
SKU-00033,Chemicals,B,75,2025-06-09,dev,211.0,0,208.0,197.2,201.6,160.0,210.4,195.0
SKU-00033,Chemicals,B,76,2025-06-16,dev,211.0,0,211.0,198.2,205.3,148.0,212.0,201.0
SKU-00033,Chemicals,B,77,2025-06-23,dev,269.0,1,211.0,201.8,207.6,162.0,289.9,271.9
SKU-00033,Chemicals,B,78,2025-06-30,dev,328.0,1,269.0,224.8,232.2,177.0,283.3,284.6
SKU-00033,Chemicals,B,79,2025-07-07,dev,235.0,0,328.0,254.8,270.5,181.0,240.6,233.3
SKU-00033,Chemicals,B,80,2025-07-14,dev,255.0,0,235.0,260.8,256.3,176.0,253.7,252.5
SKU-00033,Chemicals,B,81,2025-07-21,dev,267.0,0,255.0,271.8,255.8,201.0,258.4,260.5
SKU-00033,Chemicals,B,82,2025-07-28,dev,305.0,1,267.0,271.2,260.3,204.0,341.6,352.1
SKU-00033,Chemicals,B,83,2025-08-04,dev,453.0,1,305.0,265.5,278.2,235.0,319.3,324.4
SKU-00033,Chemicals,B,84,2025-08-11,dev,305.0,0,453.0,320.0,348.1,247.0,313.8,303.9
SKU-00033,Chemicals,B,85,2025-08-18,dev,280.0,0,305.0,332.5,330.9,245.0,317.6,317.5
SKU-00033,Chemicals,B,86,2025-08-25,dev,323.0,0,280.0,335.8,310.5,250.0,301.1,307.1
SKU-00033,Chemicals,B,87,2025-09-01,dev,360.0,0,323.0,340.2,315.5,256.0,315.3,326.4
SKU-00033,Chemicals,B,88,2025-09-08,test,388.0,0,360.0,317.0,333.3,279.0,324.0,339.9
SKU-00033,Chemicals,B,89,2025-09-15,test,386.0,0,388.0,337.8,355.2,271.0,344.2,360.4
SKU-00033,Chemicals,B,90,2025-09-22,test,361.0,0,386.0,364.2,367.5,305.0,355.6,366.2
SKU-00033,Chemicals,B,91,2025-09-29,test,409.0,0,361.0,373.8,364.9,302.0,350.2,355.8
SKU-00033,Chemicals,B,92,2025-10-06,test,432.0,0,409.0,386.0,382.5,324.0,367.8,374.4
SKU-00033,Chemicals,B,93,2025-10-13,test,421.0,0,432.0,397.0,402.3,334.0,383.6,389.0
SKU-00033,Chemicals,B,94,2025-10-20,test,475.0,0,421.0,405.8,409.8,363.0,386.1,386.6
SKU-00033,Chemicals,B,95,2025-10-27,test,468.0,0,475.0,434.2,435.9,311.0,414.3,414.2
SKU-00033,Chemicals,B,96,2025-11-03,test,434.0,0,468.0,449.0,448.7,369.0,419.4,410.9
SKU-00033,Chemicals,B,97,2025-11-10,test,529.0,1,434.0,449.5,442.8,332.0,485.9,496.8
SKU-00033,Chemicals,B,98,2025-11-17,test,485.0,1,529.0,476.5,477.3,381.0,488.1,491.0
SKU-00033,Chemicals,B,99,2025-11-24,test,504.0,0,485.0,479.0,480.4,349.0,405.0,357.2
SKU-00033,Chemicals,B,100,2025-12-01,test,496.0,0,504.0,488.0,489.8,341.0,446.6,431.2
SKU-00033,Chemicals,B,101,2025-12-08,test,489.0,0,496.0,503.5,492.3,384.0,450.9,431.2
SKU-00033,Chemicals,B,102,2025-12-15,test,407.0,0,489.0,493.5,491.0,353.0,445.6,427.6
SKU-00033,Chemicals,B,103,2025-12-22,test,450.0,0,407.0,474.0,457.4,363.0,411.1,390.6
SKU-00034,Packaging,B,72,2025-05-19,dev,68.0,0,51.0,52.5,51.8,69.0,52.1,52.0
SKU-00034,Packaging,B,73,2025-05-26,dev,62.0,1,68.0,56.2,58.3,68.0,76.9,75.5
SKU-00034,Packaging,B,74,2025-06-02,dev,45.0,1,62.0,59.2,59.8,98.0,69.3,71.9
SKU-00034,Packaging,B,75,2025-06-09,dev,83.0,1,45.0,56.5,53.9,84.0,62.3,66.6
SKU-00034,Packaging,B,76,2025-06-16,dev,80.0,1,83.0,64.5,65.5,90.0,76.7,75.7
SKU-00034,Packaging,B,77,2025-06-23,dev,72.0,0,80.0,67.5,71.3,82.0,61.4,61.2
SKU-00034,Packaging,B,78,2025-06-30,dev,70.0,0,72.0,70.0,71.6,61.0,69.2,69.9
SKU-00034,Packaging,B,79,2025-07-07,dev,69.0,0,70.0,76.2,71.0,116.0,70.2,73.0
SKU-00034,Packaging,B,80,2025-07-14,dev,72.0,0,69.0,72.8,70.2,90.0,68.8,71.7
SKU-00034,Packaging,B,81,2025-07-21,dev,74.0,0,72.0,70.8,70.9,94.0,69.1,72.1
SKU-00034,Packaging,B,82,2025-07-28,dev,79.0,0,74.0,71.2,72.1,102.0,70.2,73.4
SKU-00034,Packaging,B,83,2025-08-04,dev,78.0,0,79.0,73.5,74.9,118.0,73.7,77.0
SKU-00034,Packaging,B,84,2025-08-11,dev,71.0,0,78.0,75.8,76.1,115.0,74.4,77.7
SKU-00034,Packaging,B,85,2025-08-18,dev,65.0,0,71.0,75.5,74.1,97.0,71.8,74.6
SKU-00034,Packaging,B,86,2025-08-25,dev,64.0,0,65.0,73.2,70.4,86.0,68.6,70.9
SKU-00034,Packaging,B,87,2025-09-01,dev,73.0,0,64.0,69.5,67.9,81.0,66.7,69.0
SKU-00034,Packaging,B,88,2025-09-08,test,86.0,0,73.0,68.2,69.9,78.0,69.2,72.0
SKU-00034,Packaging,B,89,2025-09-15,test,78.0,0,86.0,72.0,76.4,79.0,75.5,79.2
SKU-00034,Packaging,B,90,2025-09-22,test,74.0,0,78.0,75.2,77.0,79.0,74.8,77.4
SKU-00034,Packaging,B,91,2025-09-29,test,67.0,0,74.0,77.8,75.8,65.0,73.6,75.8
SKU-00034,Packaging,B,92,2025-10-06,test,68.0,0,67.0,76.2,72.3,79.0,70.4,72.6
SKU-00034,Packaging,B,93,2025-10-13,test,59.0,0,68.0,71.8,70.6,59.0,68.7,71.1
SKU-00034,Packaging,B,94,2025-10-20,test,59.0,0,59.0,67.0,65.9,50.0,64.2,66.5
SKU-00034,Packaging,B,95,2025-10-27,test,49.0,0,59.0,63.2,63.2,65.0,62.3,63.7
SKU-00034,Packaging,B,96,2025-11-03,test,48.0,0,49.0,58.8,57.5,50.0,56.7,57.1
SKU-00034,Packaging,B,97,2025-11-10,test,41.0,0,48.0,53.8,53.7,59.0,53.6,52.3
SKU-00034,Packaging,B,98,2025-11-17,test,36.0,0,41.0,49.2,48.6,60.0,49.3,47.6
SKU-00034,Packaging,B,99,2025-11-24,test,55.0,0,36.0,43.5,43.6,61.0,44.9,43.4
SKU-00034,Packaging,B,100,2025-12-01,test,47.0,0,55.0,45.0,48.1,55.0,50.4,46.5
SKU-00034,Packaging,B,101,2025-12-08,test,58.0,1,47.0,44.8,47.7,58.0,66.8,63.8
SKU-00034,Packaging,B,102,2025-12-15,test,43.0,0,58.0,49.0,51.8,72.0,44.5,46.7
SKU-00034,Packaging,B,103,2025-12-22,test,38.0,0,43.0,50.8,48.3,46.0,49.4,50.2
SKU-00035,Chemicals,C,72,2025-05-19,dev,63.0,0,62.0,59.2,59.3,76.0,61.1,57.4
SKU-00035,Chemicals,C,73,2025-05-26,dev,59.0,0,63.0,57.2,60.8,72.0,61.4,59.2
SKU-00035,Chemicals,C,74,2025-06-02,dev,65.0,0,59.0,58.5,60.1,73.0,61.5,59.2
SKU-00035,Chemicals,C,75,2025-06-09,dev,70.0,0,65.0,62.2,62.0,65.0,64.4,61.3
SKU-00035,Chemicals,C,76,2025-06-16,dev,64.0,0,70.0,64.2,65.2,67.0,67.1,65.1
SKU-00035,Chemicals,C,77,2025-06-23,dev,65.0,0,64.0,64.5,64.7,72.0,65.5,64.4
SKU-00035,Chemicals,C,78,2025-06-30,dev,61.0,0,65.0,66.0,64.8,81.0,67.0,64.8
SKU-00035,Chemicals,C,79,2025-07-07,dev,67.0,0,61.0,65.0,63.3,73.0,65.5,63.2
SKU-00035,Chemicals,C,80,2025-07-14,dev,66.0,0,67.0,64.2,64.8,69.0,67.0,64.2
SKU-00035,Chemicals,C,81,2025-07-21,dev,68.0,0,66.0,64.8,65.3,78.0,67.3,65.3
SKU-00035,Chemicals,C,82,2025-07-28,dev,53.0,0,68.0,65.5,66.4,75.0,68.3,66.5
SKU-00035,Chemicals,C,83,2025-08-04,dev,60.0,0,53.0,63.5,61.0,72.0,63.3,61.2
SKU-00035,Chemicals,C,84,2025-08-11,dev,69.0,0,60.0,61.8,60.6,72.0,63.9,59.1
SKU-00035,Chemicals,C,85,2025-08-18,dev,57.0,0,69.0,62.5,64.0,62.0,67.6,65.0
SKU-00035,Chemicals,C,86,2025-08-25,dev,63.0,0,57.0,59.8,61.2,74.0,63.3,60.8
SKU-00035,Chemicals,C,87,2025-09-01,dev,71.0,0,63.0,62.2,61.9,80.0,65.6,62.0
SKU-00035,Chemicals,C,88,2025-09-08,test,63.0,0,71.0,65.0,65.5,71.0,69.5,68.4
SKU-00035,Chemicals,C,89,2025-09-15,test,84.0,1,63.0,63.5,64.5,76.0,89.5,86.5
SKU-00035,Chemicals,C,90,2025-09-22,test,80.0,1,84.0,70.2,72.3,75.0,87.4,88.3
SKU-00035,Chemicals,C,91,2025-09-29,test,54.0,0,80.0,74.5,75.4,73.0,66.4,68.0
SKU-00035,Chemicals,C,92,2025-10-06,test,71.0,0,54.0,70.2,66.8,76.0,67.0,68.4
SKU-00035,Chemicals,C,93,2025-10-13,test,94.0,1,71.0,72.2,68.5,66.0,94.1,91.8
SKU-00035,Chemicals,C,94,2025-10-20,test,49.0,0,94.0,74.8,78.7,75.0,70.5,70.7
SKU-00035,Chemicals,C,95,2025-10-27,test,66.0,0,49.0,67.0,66.8,58.0,65.5,65.0
SKU-00035,Chemicals,C,96,2025-11-03,test,66.0,0,66.0,70.0,66.5,79.0,68.4,65.9
SKU-00035,Chemicals,C,97,2025-11-10,test,56.0,0,66.0,68.8,66.3,84.0,69.0,69.6
SKU-00035,Chemicals,C,98,2025-11-17,test,54.0,0,56.0,59.2,62.2,77.0,62.3,60.8
SKU-00035,Chemicals,C,99,2025-11-24,test,60.0,0,54.0,60.5,58.9,71.0,61.1,58.7
SKU-00035,Chemicals,C,100,2025-12-01,test,55.0,0,60.0,59.0,59.3,82.0,61.6,58.8
SKU-00035,Chemicals,C,101,2025-12-08,test,62.0,0,55.0,56.2,57.6,75.0,59.3,58.3
SKU-00035,Chemicals,C,102,2025-12-15,test,54.0,0,62.0,57.8,59.4,72.0,61.4,58.9
SKU-00035,Chemicals,C,103,2025-12-22,test,62.0,0,54.0,57.8,57.2,82.0,59.3,58.9
SKU-00036,Electronics,C,72,2025-05-19,dev,44.0,0,37.0,35.8,35.8,30.0,34.1,35.5
SKU-00036,Electronics,C,73,2025-05-26,dev,41.0,0,44.0,38.2,39.1,35.0,37.6,39.6
SKU-00036,Electronics,C,74,2025-06-02,dev,47.0,0,41.0,39.2,39.8,28.0,37.9,39.2
SKU-00036,Electronics,C,75,2025-06-09,dev,40.0,0,47.0,42.2,42.7,37.0,40.8,42.5
SKU-00036,Electronics,C,76,2025-06-16,dev,48.0,0,40.0,43.0,41.6,41.0,39.2,39.6
SKU-00036,Electronics,C,77,2025-06-23,dev,45.0,0,48.0,44.0,44.2,34.0,41.8,43.3
SKU-00036,Electronics,C,78,2025-06-30,dev,48.0,0,45.0,45.0,44.5,41.0,42.1,42.6
SKU-00036,Electronics,C,79,2025-07-07,dev,64.0,1,48.0,45.2,45.9,44.0,52.0,54.3
SKU-00036,Electronics,C,80,2025-07-14,dev,62.0,1,64.0,51.2,53.1,39.0,55.5,56.5
SKU-00036,Electronics,C,81,2025-07-21,dev,46.0,0,62.0,54.8,56.7,44.0,48.4,41.8
SKU-00036,Electronics,C,82,2025-07-28,dev,47.0,0,46.0,55.0,52.4,39.0,47.5,44.4
SKU-00036,Electronics,C,83,2025-08-04,dev,49.0,0,47.0,54.8,50.2,44.0,46.9,45.3
SKU-00036,Electronics,C,84,2025-08-11,dev,50.0,0,49.0,51.0,49.7,42.0,46.5,45.8
SKU-00036,Electronics,C,85,2025-08-18,dev,64.0,1,50.0,48.0,49.8,45.0,54.8,57.0
SKU-00036,Electronics,C,86,2025-08-25,dev,52.0,0,64.0,52.5,55.5,43.0,48.1,43.8
SKU-00036,Electronics,C,87,2025-09-01,dev,69.0,1,52.0,53.8,54.1,39.0,58.7,58.4
SKU-00036,Electronics,C,88,2025-09-08,test,48.0,0,69.0,58.8,60.1,42.0,52.1,46.9
SKU-00036,Electronics,C,89,2025-09-15,test,39.0,0,48.0,58.2,55.2,42.0,50.3,46.1
SKU-00036,Electronics,C,90,2025-09-22,test,47.0,0,39.0,52.0,48.7,47.0,43.8,42.1
SKU-00036,Electronics,C,91,2025-09-29,test,37.0,0,47.0,50.8,48.0,42.0,45.3,44.2
SKU-00036,Electronics,C,92,2025-10-06,test,41.0,0,37.0,42.8,43.6,32.0,39.7,39.9
SKU-00036,Electronics,C,93,2025-10-13,test,37.0,0,41.0,41.0,42.6,35.0,39.7,40.8
SKU-00036,Electronics,C,94,2025-10-20,test,41.0,0,37.0,40.5,40.3,44.0,38.2,38.9
SKU-00036,Electronics,C,95,2025-10-27,test,42.0,0,41.0,39.0,40.6,33.0,38.6,40.0
SKU-00036,Electronics,C,96,2025-11-03,test,37.0,0,42.0,40.2,41.2,30.0,39.0,40.2
SKU-00036,Electronics,C,97,2025-11-10,test,37.0,0,37.0,39.2,39.5,31.0,37.0,38.0
SKU-00036,Electronics,C,98,2025-11-17,test,34.0,0,37.0,39.2,38.5,25.0,36.7,37.7
SKU-00036,Electronics,C,99,2025-11-24,test,28.0,0,34.0,37.5,36.7,24.0,34.9,36.1
SKU-00036,Electronics,C,100,2025-12-01,test,30.0,0,28.0,34.0,33.2,26.0,31.2,31.9
SKU-00036,Electronics,C,101,2025-12-08,test,28.0,0,30.0,32.2,31.9,27.0,30.7,31.1
SKU-00036,Electronics,C,102,2025-12-15,test,28.0,0,28.0,30.0,30.4,25.0,29.3,29.9
SKU-00036,Electronics,C,103,2025-12-22,test,27.0,0,28.0,28.5,29.4,21.0,28.6,28.9
SKU-00037,Raw Materials,A,72,2025-05-19,dev,878.0,0,739.0,840.2,815.0,602.0,777.4,776.6
SKU-00037,Raw Materials,A,73,2025-05-26,dev,844.0,1,878.0,826.8,840.2,542.0,1049.8,1080.0
SKU-00037,Raw Materials,A,74,2025-06-02,dev,1294.0,1,844.0,808.5,841.7,605.0,936.3,965.6
SKU-00037,Raw Materials,A,75,2025-06-09,dev,954.0,0,1294.0,938.8,1022.6,665.0,896.2,884.6
SKU-00037,Raw Materials,A,76,2025-06-16,dev,734.0,0,954.0,992.5,995.2,486.0,944.8,957.5
SKU-00037,Raw Materials,A,77,2025-06-23,dev,843.0,0,734.0,956.5,890.7,857.0,836.9,841.5
SKU-00037,Raw Materials,A,78,2025-06-30,dev,760.0,1,843.0,956.2,871.6,677.0,1097.8,1173.3
SKU-00037,Raw Materials,A,79,2025-07-07,dev,796.0,1,760.0,822.8,827.0,579.0,921.6,975.3
SKU-00037,Raw Materials,A,80,2025-07-14,dev,1250.0,1,796.0,783.2,814.6,530.0,915.7,935.6
SKU-00037,Raw Materials,A,81,2025-07-21,dev,1026.0,0,1250.0,912.2,988.8,838.0,880.9,872.7
SKU-00037,Raw Materials,A,82,2025-07-28,dev,885.0,0,1026.0,958.0,1003.7,931.0,967.0,988.6
SKU-00037,Raw Materials,A,83,2025-08-04,dev,769.0,0,885.0,989.2,956.2,611.0,919.2,937.3
SKU-00037,Raw Materials,A,84,2025-08-11,dev,923.0,0,769.0,982.5,881.3,742.0,866.8,886.5
SKU-00037,Raw Materials,A,85,2025-08-18,dev,890.0,0,923.0,900.8,898.0,767.0,884.3,920.4
SKU-00037,Raw Materials,A,86,2025-08-25,dev,875.0,0,890.0,866.8,894.8,831.0,872.9,912.1
SKU-00037,Raw Materials,A,87,2025-09-01,dev,1020.0,0,875.0,864.2,886.9,651.0,869.1,896.4
SKU-00037,Raw Materials,A,88,2025-09-08,test,646.0,0,1020.0,927.0,940.1,902.0,938.7,979.8
SKU-00037,Raw Materials,A,89,2025-09-15,test,851.0,0,646.0,857.8,822.5,724.0,796.2,815.8
SKU-00037,Raw Materials,A,90,2025-09-22,test,1164.0,0,851.0,848.0,833.9,699.0,833.4,845.1
SKU-00037,Raw Materials,A,91,2025-09-29,test,847.0,0,1164.0,920.2,965.9,736.0,973.1,1028.8
SKU-00037,Raw Materials,A,92,2025-10-06,test,794.0,0,847.0,877.0,918.4,1103.0,877.5,882.1
SKU-00037,Raw Materials,A,93,2025-10-13,test,743.0,0,794.0,914.0,868.6,808.0,850.3,869.3
SKU-00037,Raw Materials,A,94,2025-10-20,test,1114.0,0,743.0,887.0,818.4,756.0,818.6,837.3
SKU-00037,Raw Materials,A,95,2025-10-27,test,1175.0,0,1114.0,874.5,936.6,773.0,935.3,978.9
SKU-00037,Raw Materials,A,96,2025-11-03,test,962.0,0,1175.0,956.5,1032.0,784.0,1002.0,1047.8
SKU-00037,Raw Materials,A,97,2025-11-10,test,1211.0,0,962.0,998.5,1004.0,761.0,954.7,963.3
SKU-00037,Raw Materials,A,98,2025-11-17,test,1150.0,0,1211.0,1115.5,1086.8,771.0,1064.7,1092.7
SKU-00037,Raw Materials,A,99,2025-11-24,test,1165.0,1,1150.0,1124.5,1112.1,767.0,1296.2,1375.0
SKU-00037,Raw Materials,A,100,2025-12-01,test,1169.0,1,1165.0,1122.0,1133.2,681.0,1179.5,1182.8
SKU-00037,Raw Materials,A,101,2025-12-08,test,1144.0,0,1169.0,1173.8,1147.5,952.0,970.4,961.0
SKU-00037,Raw Materials,A,102,2025-12-15,test,1131.0,0,1144.0,1157.0,1146.1,954.0,1073.3,1082.3
SKU-00037,Raw Materials,A,103,2025-12-22,test,1137.0,0,1131.0,1152.2,1140.1,962.0,1066.0,1075.1
SKU-00038,Electronics,A,72,2025-05-19,dev,871.0,0,916.0,804.5,844.0,652.0,835.8,857.3
SKU-00038,Electronics,A,73,2025-05-26,dev,952.0,0,871.0,841.8,854.8,1206.0,834.5,839.8
SKU-00038,Electronics,A,74,2025-06-02,dev,860.0,0,952.0,920.5,893.7,1004.0,896.8,930.3
SKU-00038,Electronics,A,75,2025-06-09,dev,972.0,0,860.0,899.8,880.2,1193.0,866.4,894.3
SKU-00038,Electronics,A,76,2025-06-16,dev,1158.0,0,972.0,913.8,916.9,1133.0,903.7,935.9
SKU-00038,Electronics,A,77,2025-06-23,dev,832.0,0,1158.0,985.5,1013.4,1148.0,1000.6,1055.7
SKU-00038,Electronics,A,78,2025-06-30,dev,1006.0,0,832.0,955.5,940.8,1158.0,909.1,919.8
SKU-00038,Electronics,A,79,2025-07-07,dev,1119.0,0,1006.0,992.0,966.9,1042.0,957.5,991.6
SKU-00038,Electronics,A,80,2025-07-14,dev,1080.0,1,1119.0,1028.8,1027.7,1169.0,1275.4,1390.0
SKU-00038,Electronics,A,81,2025-07-21,dev,924.0,0,1080.0,1009.2,1048.6,1014.0,888.2,901.0
SKU-00038,Electronics,A,82,2025-07-28,dev,1067.0,0,924.0,1032.2,998.8,1184.0,964.8,997.7
SKU-00038,Electronics,A,83,2025-08-04,dev,1183.0,1,1067.0,1047.5,1026.1,1167.0,1271.5,1384.7
SKU-00038,Electronics,A,84,2025-08-11,dev,1029.0,1,1183.0,1063.5,1088.8,1046.0,1203.6,1195.0
SKU-00038,Electronics,A,85,2025-08-18,dev,886.0,0,1029.0,1050.8,1064.9,995.0,900.0,930.2
SKU-00038,Electronics,A,86,2025-08-25,dev,1168.0,0,886.0,1041.2,993.3,1078.0,963.4,991.6
SKU-00038,Electronics,A,87,2025-09-01,dev,768.0,0,1168.0,1066.5,1063.2,1065.0,1058.6,1105.8
SKU-00038,Electronics,A,88,2025-09-08,test,970.0,0,768.0,962.8,945.1,762.0,907.9,934.6
SKU-00038,Electronics,A,89,2025-09-15,test,752.0,0,970.0,948.0,955.1,1542.0,941.8,963.0
SKU-00038,Electronics,A,90,2025-09-22,test,1112.0,0,752.0,914.5,873.8,1208.0,869.9,898.3
SKU-00038,Electronics,A,91,2025-09-29,test,740.0,0,1112.0,900.5,969.1,905.0,966.8,999.8
SKU-00038,Electronics,A,92,2025-10-06,test,709.0,0,740.0,893.5,877.5,982.0,861.2,893.4
SKU-00038,Electronics,A,93,2025-10-13,test,712.0,0,709.0,828.2,810.1,905.0,801.8,798.9
SKU-00038,Electronics,A,94,2025-10-20,test,914.0,0,712.0,818.2,770.8,811.0,794.4,793.3
SKU-00038,Electronics,A,95,2025-10-27,test,852.0,0,914.0,768.8,828.1,996.0,841.5,855.9
SKU-00038,Electronics,A,96,2025-11-03,test,690.0,0,852.0,796.8,837.7,1184.0,837.4,867.2
SKU-00038,Electronics,A,97,2025-11-10,test,639.0,0,690.0,792.0,778.6,879.0,775.9,788.4
SKU-00038,Electronics,A,98,2025-11-17,test,623.0,0,639.0,773.8,722.8,1057.0,740.8,727.6
SKU-00038,Electronics,A,99,2025-11-24,test,648.0,0,623.0,701.0,682.9,692.0,702.2,673.0
SKU-00038,Electronics,A,100,2025-12-01,test,513.0,0,648.0,650.0,668.9,713.0,681.0,657.3
SKU-00038,Electronics,A,101,2025-12-08,test,602.0,0,513.0,605.8,606.5,758.0,621.6,624.8
SKU-00038,Electronics,A,102,2025-12-15,test,963.0,1,602.0,596.5,604.7,763.0,893.1,815.5
SKU-00038,Electronics,A,103,2025-12-22,test,709.0,1,963.0,681.5,748.0,617.0,922.8,924.6
SKU-00039,Chemicals,C,72,2025-05-19,dev,84.0,0,66.0,65.0,66.5,59.0,68.4,66.0
SKU-00039,Chemicals,C,73,2025-05-26,dev,60.0,0,84.0,69.5,73.5,67.0,75.9,71.3
SKU-00039,Chemicals,C,74,2025-06-02,dev,71.0,0,60.0,67.8,68.1,57.0,69.8,69.3
SKU-00039,Chemicals,C,75,2025-06-09,dev,106.0,1,71.0,70.2,69.3,60.0,100.1,91.8
SKU-00039,Chemicals,C,76,2025-06-16,dev,73.0,0,106.0,80.2,84.0,60.0,75.2,74.2
SKU-00039,Chemicals,C,77,2025-06-23,dev,73.0,0,73.0,77.5,79.6,64.0,79.1,76.5
SKU-00039,Chemicals,C,78,2025-06-30,dev,61.0,0,73.0,80.8,76.9,81.0,79.2,75.8
SKU-00039,Chemicals,C,79,2025-07-07,dev,75.0,0,61.0,78.2,70.6,73.0,74.4,71.4
SKU-00039,Chemicals,C,80,2025-07-14,dev,82.0,0,75.0,70.5,72.3,84.0,75.7,69.1
SKU-00039,Chemicals,C,81,2025-07-21,dev,76.0,0,82.0,72.8,76.2,93.0,79.7,75.3
SKU-00039,Chemicals,C,82,2025-07-28,dev,93.0,0,76.0,73.5,76.1,88.0,78.6,75.4
SKU-00039,Chemicals,C,83,2025-08-04,dev,83.0,0,93.0,81.5,82.9,71.0,87.5,86.7
SKU-00039,Chemicals,C,84,2025-08-11,dev,86.0,0,83.0,83.5,82.9,111.0,85.7,86.7
SKU-00039,Chemicals,C,85,2025-08-18,dev,86.0,0,86.0,84.5,84.2,73.0,86.6,86.7
SKU-00039,Chemicals,C,86,2025-08-25,dev,96.0,0,86.0,87.0,84.9,92.0,87.7,88.7
SKU-00039,Chemicals,C,87,2025-09-01,dev,119.0,0,96.0,87.8,89.3,68.0,91.9,94.6
SKU-00039,Chemicals,C,88,2025-09-08,test,106.0,0,119.0,96.8,101.2,126.0,103.6,108.2
SKU-00039,Chemicals,C,89,2025-09-15,test,99.0,0,106.0,101.8,103.1,143.0,102.9,106.0
SKU-00039,Chemicals,C,90,2025-09-22,test,125.0,0,99.0,105.0,101.5,104.0,101.1,103.8
SKU-00039,Chemicals,C,91,2025-09-29,test,118.0,0,125.0,112.2,110.9,85.0,111.5,116.3
SKU-00039,Chemicals,C,92,2025-10-06,test,118.0,0,118.0,112.0,113.7,133.0,111.3,116.0
SKU-00039,Chemicals,C,93,2025-10-13,test,101.0,0,118.0,115.0,115.4,208.0,112.2,116.0
SKU-00039,Chemicals,C,94,2025-10-20,test,113.0,0,101.0,115.5,109.7,133.0,107.0,110.4
SKU-00039,Chemicals,C,95,2025-10-27,test,143.0,1,113.0,112.5,111.0,100.0,136.5,148.0
SKU-00039,Chemicals,C,96,2025-11-03,test,136.0,0,143.0,118.8,123.8,111.0,107.9,109.5
SKU-00039,Chemicals,C,97,2025-11-10,test,137.0,0,136.0,123.2,128.7,111.0,122.7,125.9
SKU-00039,Chemicals,C,98,2025-11-17,test,146.0,0,137.0,132.2,132.0,119.0,126.0,128.6
SKU-00039,Chemicals,C,99,2025-11-24,test,144.0,0,146.0,140.5,137.6,137.0,132.0,133.1
SKU-00039,Chemicals,C,100,2025-12-01,test,135.0,0,144.0,140.8,140.2,109.0,131.2,131.9
SKU-00039,Chemicals,C,101,2025-12-08,test,128.0,0,135.0,140.5,138.1,117.0,128.2,128.3
SKU-00039,Chemicals,C,102,2025-12-15,test,156.0,0,128.0,138.2,134.1,83.0,124.9,125.0
SKU-00039,Chemicals,C,103,2025-12-22,test,91.0,0,156.0,140.8,142.8,122.0,134.9,136.8
SKU-00040,Machinery Parts,B,72,2025-05-19,dev,119.0,0,127.0,121.5,125.3,99.0,117.3,122.3
SKU-00040,Machinery Parts,B,73,2025-05-26,dev,111.0,0,119.0,123.0,122.8,100.0,115.3,119.7
SKU-00040,Machinery Parts,B,74,2025-06-02,dev,109.0,0,111.0,120.2,118.1,130.0,112.3,116.7
SKU-00040,Machinery Parts,B,75,2025-06-09,dev,109.0,0,109.0,116.5,114.5,142.0,109.5,114.0
SKU-00040,Machinery Parts,B,76,2025-06-16,dev,106.0,0,109.0,112.0,112.3,89.0,107.6,112.0
SKU-00040,Machinery Parts,B,77,2025-06-23,dev,103.0,0,106.0,108.8,109.8,94.0,105.4,109.4
SKU-00040,Machinery Parts,B,78,2025-06-30,dev,103.0,0,103.0,106.8,107.1,78.0,104.5,108.3
SKU-00040,Machinery Parts,B,79,2025-07-07,dev,95.0,0,103.0,105.2,105.4,77.0,103.6,107.1
SKU-00040,Machinery Parts,B,80,2025-07-14,dev,93.0,0,95.0,101.8,101.3,84.0,99.4,101.8
SKU-00040,Machinery Parts,B,81,2025-07-21,dev,102.0,0,93.0,98.5,98.0,95.0,96.9,97.9
SKU-00040,Machinery Parts,B,82,2025-07-28,dev,110.0,1,102.0,98.2,99.6,80.0,128.8,130.3
SKU-00040,Machinery Parts,B,83,2025-08-04,dev,114.0,1,110.0,100.0,103.7,67.0,119.4,122.4
SKU-00040,Machinery Parts,B,84,2025-08-11,dev,85.0,0,114.0,104.8,107.8,64.0,93.6,94.8
SKU-00040,Machinery Parts,B,85,2025-08-18,dev,83.0,0,85.0,102.8,98.7,65.0,97.5,99.8
SKU-00040,Machinery Parts,B,86,2025-08-25,dev,88.0,0,83.0,98.0,92.4,68.0,93.1,92.4
SKU-00040,Machinery Parts,B,87,2025-09-01,dev,75.0,0,88.0,92.5,90.7,62.0,92.9,93.5
SKU-00040,Machinery Parts,B,88,2025-09-08,test,85.0,0,75.0,82.8,84.4,65.0,85.5,82.7
SKU-00040,Machinery Parts,B,89,2025-09-15,test,84.0,0,85.0,82.8,84.6,67.0,87.8,84.2
SKU-00040,Machinery Parts,B,90,2025-09-22,test,78.0,0,84.0,83.0,84.4,61.0,88.0,85.9
SKU-00040,Machinery Parts,B,91,2025-09-29,test,77.0,0,78.0,80.5,81.8,67.0,84.5,81.6
SKU-00040,Machinery Parts,B,92,2025-10-06,test,63.0,0,77.0,81.0,79.9,68.0,83.5,79.9
SKU-00040,Machinery Parts,B,93,2025-10-13,test,70.0,0,63.0,75.5,73.1,55.0,76.8,74.2
SKU-00040,Machinery Parts,B,94,2025-10-20,test,76.0,0,70.0,72.0,71.9,72.0,76.8,71.4
SKU-00040,Machinery Parts,B,95,2025-10-27,test,88.0,0,76.0,71.5,73.5,64.0,78.9,73.3
SKU-00040,Machinery Parts,B,96,2025-11-03,test,85.0,0,88.0,74.2,79.3,72.0,83.5,79.4
SKU-00040,Machinery Parts,B,97,2025-11-10,test,79.0,0,85.0,79.8,81.6,73.0,85.1,83.8
SKU-00040,Machinery Parts,B,98,2025-11-17,test,96.0,0,79.0,82.0,80.6,76.0,83.7,82.4
SKU-00040,Machinery Parts,B,99,2025-11-24,test,85.0,0,96.0,87.0,86.7,80.0,90.7,90.6
SKU-00040,Machinery Parts,B,100,2025-12-01,test,81.0,0,85.0,86.2,86.0,93.0,86.9,88.6
SKU-00040,Machinery Parts,B,101,2025-12-08,test,91.0,0,81.0,85.2,84.0,80.0,84.7,84.7
SKU-00040,Machinery Parts,B,102,2025-12-15,test,100.0,0,91.0,88.2,86.8,102.0,88.9,88.5
SKU-00040,Machinery Parts,B,103,2025-12-22,test,121.0,0,100.0,89.2,92.1,90.0,93.2,95.4
SKU-00041,Textiles,A,72,2025-05-19,dev,1485.0,0,1438.0,1501.5,1504.0,1933.0,1496.6,1482.0
SKU-00041,Textiles,A,73,2025-05-26,dev,1607.0,0,1485.0,1533.8,1496.4,1727.0,1511.6,1473.0
SKU-00041,Textiles,A,74,2025-06-02,dev,1529.0,0,1607.0,1535.5,1540.6,1392.0,1577.1,1523.5
SKU-00041,Textiles,A,75,2025-06-09,dev,1785.0,0,1529.0,1514.8,1536.0,1850.0,1554.2,1518.5
SKU-00041,Textiles,A,76,2025-06-16,dev,1634.0,0,1785.0,1601.5,1635.6,2070.0,1664.4,1648.9
SKU-00041,Textiles,A,77,2025-06-23,dev,1685.0,0,1634.0,1638.8,1635.0,1646.0,1647.4,1657.7
SKU-00041,Textiles,A,78,2025-06-30,dev,1676.0,0,1685.0,1658.2,1655.0,1671.0,1683.3,1685.8
SKU-00041,Textiles,A,79,2025-07-07,dev,1745.0,0,1676.0,1695.0,1663.4,1690.0,1696.2,1714.5
SKU-00041,Textiles,A,80,2025-07-14,dev,1560.0,0,1745.0,1685.0,1696.0,1789.0,1718.6,1740.4
SKU-00041,Textiles,A,81,2025-07-21,dev,1873.0,0,1560.0,1666.5,1641.6,1737.0,1657.3,1661.9
SKU-00041,Textiles,A,82,2025-07-28,dev,1749.0,0,1873.0,1713.5,1734.2,1725.0,1766.2,1796.7
SKU-00041,Textiles,A,83,2025-08-04,dev,1907.0,0,1749.0,1731.8,1740.1,1934.0,1770.1,1826.8
SKU-00041,Textiles,A,84,2025-08-11,dev,1699.0,0,1907.0,1772.2,1806.9,1979.0,1829.1,1877.1
SKU-00041,Textiles,A,85,2025-08-18,dev,1847.0,0,1699.0,1807.0,1763.7,3263.0,1783.4,1837.0
SKU-00041,Textiles,A,86,2025-08-25,dev,1912.0,0,1847.0,1800.5,1797.0,1866.0,1818.1,1864.4
SKU-00041,Textiles,A,87,2025-09-01,dev,2028.0,0,1912.0,1841.2,1843.0,1990.0,1870.3,1939.7
SKU-00041,Textiles,A,88,2025-09-08,test,1997.0,0,2028.0,1871.5,1917.0,2045.0,1926.3,1990.5
SKU-00041,Textiles,A,89,2025-09-15,test,1842.0,0,1997.0,1946.0,1949.0,2104.0,1953.7,2020.9
SKU-00041,Textiles,A,90,2025-09-22,test,2030.0,0,1842.0,1944.8,1906.2,2103.0,1900.3,1959.6
SKU-00041,Textiles,A,91,2025-09-29,test,1966.0,0,2030.0,1974.2,1955.7,1949.0,1958.4,2030.6
SKU-00041,Textiles,A,92,2025-10-06,test,1823.0,0,1966.0,1958.8,1959.8,2272.0,1945.2,2020.4
SKU-00041,Textiles,A,93,2025-10-13,test,1955.0,0,1823.0,1915.2,1905.1,3324.0,1881.6,1941.6
SKU-00041,Textiles,A,94,2025-10-20,test,2055.0,0,1955.0,1943.5,1925.1,2041.0,1925.6,1996.8
SKU-00041,Textiles,A,95,2025-10-27,test,2049.0,0,2055.0,1949.8,1977.0,1928.0,1970.6,2048.4
SKU-00041,Textiles,A,96,2025-11-03,test,1930.0,0,2049.0,1970.5,2005.8,2081.0,1967.0,2036.2
SKU-00041,Textiles,A,97,2025-11-10,test,1901.0,0,1930.0,1997.2,1975.5,2020.0,1935.9,2001.5
SKU-00041,Textiles,A,98,2025-11-17,test,2059.0,0,1901.0,1983.8,1945.7,1965.0,1914.6,1981.7
SKU-00041,Textiles,A,99,2025-11-24,test,1974.0,0,2059.0,1984.8,1991.0,1853.0,1964.7,2040.2
SKU-00041,Textiles,A,100,2025-12-01,test,1903.0,0,1974.0,1966.0,1984.2,1788.0,1919.9,1987.7
SKU-00041,Textiles,A,101,2025-12-08,test,2419.0,1,1903.0,1959.2,1951.7,1630.0,2423.0,2554.8
SKU-00041,Textiles,A,102,2025-12-15,test,1871.0,0,2419.0,2088.8,2138.6,2817.0,1846.1,1928.1
SKU-00041,Textiles,A,103,2025-12-22,test,1660.0,0,1871.0,2041.8,2031.6,2438.0,1939.4,1993.5
SKU-00042,Textiles,C,72,2025-05-19,dev,46.0,0,42.0,40.8,40.7,42.0,40.8,40.1
SKU-00042,Textiles,C,73,2025-05-26,dev,47.0,0,46.0,42.5,42.8,39.0,43.1,43.1
SKU-00042,Textiles,C,74,2025-06-02,dev,36.0,0,47.0,43.5,44.5,50.0,44.6,45.6
SKU-00042,Textiles,C,75,2025-06-09,dev,48.0,0,36.0,42.8,41.1,63.0,40.8,41.1
SKU-00042,Textiles,C,76,2025-06-16,dev,49.0,0,48.0,44.2,43.9,40.0,44.6,44.5
SKU-00042,Textiles,C,77,2025-06-23,dev,39.0,0,49.0,45.0,45.9,35.0,46.1,47.8
SKU-00042,Textiles,C,78,2025-06-30,dev,57.0,0,39.0,43.0,43.2,42.0,42.8,42.8
SKU-00042,Textiles,C,79,2025-07-07,dev,58.0,0,57.0,48.2,48.7,42.0,49.9,51.7
SKU-00042,Textiles,C,80,2025-07-14,dev,40.0,0,58.0,50.8,52.4,43.0,52.4,55.2
SKU-00042,Textiles,C,81,2025-07-21,dev,41.0,0,40.0,48.5,47.4,53.0,45.8,45.5
SKU-00042,Textiles,C,82,2025-07-28,dev,55.0,0,41.0,49.0,44.9,44.0,45.1,44.5
SKU-00042,Textiles,C,83,2025-08-04,dev,52.0,0,55.0,48.5,48.9,49.0,50.1,52.1
SKU-00042,Textiles,C,84,2025-08-11,dev,51.0,0,52.0,47.0,50.2,43.0,49.6,51.4
SKU-00042,Textiles,C,85,2025-08-18,dev,70.0,1,51.0,49.8,50.5,45.0,63.9,66.4
SKU-00042,Textiles,C,86,2025-08-25,dev,62.0,0,70.0,57.0,58.3,57.0,52.3,52.7
SKU-00042,Textiles,C,87,2025-09-01,dev,50.0,0,62.0,58.8,59.8,60.0,58.4,60.5
SKU-00042,Textiles,C,88,2025-09-08,test,53.0,0,50.0,58.2,55.9,50.0,53.7,54.8
SKU-00042,Textiles,C,89,2025-09-15,test,57.0,0,53.0,58.8,54.7,57.0,54.2,55.8
SKU-00042,Textiles,C,90,2025-09-22,test,60.0,0,57.0,55.5,55.6,47.0,54.8,57.2
SKU-00042,Textiles,C,91,2025-09-29,test,61.0,0,60.0,55.0,57.4,46.0,55.8,58.0
SKU-00042,Textiles,C,92,2025-10-06,test,45.0,0,61.0,57.8,58.8,56.0,57.3,59.5
SKU-00042,Textiles,C,93,2025-10-13,test,63.0,0,45.0,55.8,53.3,55.0,51.4,52.9
SKU-00042,Textiles,C,94,2025-10-20,test,56.0,0,63.0,57.2,57.2,50.0,56.7,58.8
SKU-00042,Textiles,C,95,2025-10-27,test,61.0,0,56.0,56.2,56.7,61.0,55.1,57.5
SKU-00042,Textiles,C,96,2025-11-03,test,57.0,0,61.0,56.2,58.4,49.0,56.1,57.7
SKU-00042,Textiles,C,97,2025-11-10,test,70.0,1,57.0,59.2,57.9,92.0,70.0,75.3
SKU-00042,Textiles,C,98,2025-11-17,test,94.0,1,70.0,61.0,62.7,122.0,68.1,67.4
SKU-00042,Textiles,C,99,2025-11-24,test,69.0,1,94.0,70.5,75.2,113.0,80.3,82.3
SKU-00042,Textiles,C,100,2025-12-01,test,62.0,0,69.0,72.5,72.7,55.0,60.1,54.6
SKU-00042,Textiles,C,101,2025-12-08,test,63.0,1,62.0,73.8,68.4,51.0,77.3,80.7
SKU-00042,Textiles,C,102,2025-12-15,test,82.0,1,63.0,72.0,66.3,52.0,69.9,74.5
SKU-00042,Textiles,C,103,2025-12-22,test,46.0,0,82.0,69.0,72.6,45.0,61.6,58.6
SKU-00043,Packaging,A,72,2025-05-19,dev,235.0,0,266.0,240.0,240.0,225.0,235.7,242.9
SKU-00043,Packaging,A,73,2025-05-26,dev,262.0,0,235.0,247.8,238.0,294.0,231.9,241.3
SKU-00043,Packaging,A,74,2025-06-02,dev,285.0,0,262.0,243.2,247.6,310.0,240.8,249.6
SKU-00043,Packaging,A,75,2025-06-09,dev,240.0,0,285.0,262.0,262.6,185.0,257.4,271.0
SKU-00043,Packaging,A,76,2025-06-16,dev,261.0,0,240.0,255.5,253.5,238.0,242.6,248.5
SKU-00043,Packaging,A,77,2025-06-23,dev,265.0,1,261.0,262.0,256.5,231.0,314.8,338.7
SKU-00043,Packaging,A,78,2025-06-30,dev,342.0,1,265.0,262.8,259.9,244.0,288.6,299.6
SKU-00043,Packaging,A,79,2025-07-07,dev,301.0,0,342.0,277.0,292.7,282.0,254.9,256.4
SKU-00043,Packaging,A,80,2025-07-14,dev,358.0,0,301.0,292.2,296.0,316.0,283.5,291.5
SKU-00043,Packaging,A,81,2025-07-21,dev,317.0,1,358.0,316.5,320.8,275.0,374.5,394.7
SKU-00043,Packaging,A,82,2025-07-28,dev,394.0,1,317.0,329.5,319.3,315.0,338.2,345.1
SKU-00043,Packaging,A,83,2025-08-04,dev,309.0,0,394.0,342.5,349.2,325.0,302.8,283.1
SKU-00043,Packaging,A,84,2025-08-11,dev,373.0,0,309.0,344.5,333.1,371.0,312.9,307.6
SKU-00043,Packaging,A,85,2025-08-18,dev,288.0,0,373.0,348.2,349.1,294.0,330.9,336.5
SKU-00043,Packaging,A,86,2025-08-25,dev,306.0,0,288.0,341.0,324.6,271.0,305.0,301.7
SKU-00043,Packaging,A,87,2025-09-01,dev,327.0,0,306.0,319.0,317.2,285.0,298.4,304.2
SKU-00043,Packaging,A,88,2025-09-08,test,368.0,0,327.0,323.5,321.1,305.0,308.0,313.5
SKU-00043,Packaging,A,89,2025-09-15,test,326.0,0,368.0,322.2,339.9,284.0,322.6,332.6
SKU-00043,Packaging,A,90,2025-09-22,test,312.0,0,326.0,331.8,334.3,259.0,314.9,315.6
SKU-00043,Packaging,A,91,2025-09-29,test,322.0,0,312.0,333.2,325.4,260.0,306.4,307.5
SKU-00043,Packaging,A,92,2025-10-06,test,289.0,0,322.0,332.0,324.0,194.0,308.4,310.2
SKU-00043,Packaging,A,93,2025-10-13,test,322.0,0,289.0,312.2,310.0,262.0,290.7,294.8
SKU-00043,Packaging,A,94,2025-10-20,test,297.0,0,322.0,311.2,314.8,218.0,299.4,307.1
SKU-00043,Packaging,A,95,2025-10-27,test,306.0,1,297.0,307.5,307.7,263.0,357.5,380.4
SKU-00043,Packaging,A,96,2025-11-03,test,379.0,1,306.0,303.5,307.0,246.0,323.9,328.6
SKU-00043,Packaging,A,97,2025-11-10,test,300.0,0,379.0,326.0,335.8,227.0,290.4,277.1
SKU-00043,Packaging,A,98,2025-11-17,test,253.0,0,300.0,320.5,321.5,219.0,298.8,295.9
SKU-00043,Packaging,A,99,2025-11-24,test,190.0,0,253.0,309.5,294.1,194.0,274.0,275.7
SKU-00043,Packaging,A,100,2025-12-01,test,248.0,0,190.0,280.5,252.5,245.0,236.3,236.7
SKU-00043,Packaging,A,101,2025-12-08,test,225.0,0,248.0,247.8,250.7,214.0,239.7,242.5
SKU-00043,Packaging,A,102,2025-12-15,test,250.0,0,225.0,229.0,240.4,208.0,228.6,237.5
SKU-00043,Packaging,A,103,2025-12-22,test,201.0,0,250.0,228.2,244.2,184.0,234.6,241.4
SKU-00044,Chemicals,A,72,2025-05-19,dev,82.0,0,82.0,100.2,101.4,87.0,101.0,102.3
SKU-00044,Chemicals,A,73,2025-05-26,dev,94.0,0,82.0,95.8,93.6,72.0,95.6,93.9
SKU-00044,Chemicals,A,74,2025-06-02,dev,112.0,0,94.0,97.8,93.8,96.0,100.8,94.8
SKU-00044,Chemicals,A,75,2025-06-09,dev,107.0,0,112.0,92.5,101.1,84.0,105.7,98.5
SKU-00044,Chemicals,A,76,2025-06-16,dev,92.0,0,107.0,98.8,103.4,96.0,107.5,103.5
SKU-00044,Chemicals,A,77,2025-06-23,dev,93.0,0,92.0,101.2,98.9,96.0,103.0,101.1
SKU-00044,Chemicals,A,78,2025-06-30,dev,139.0,1,93.0,101.0,96.5,95.0,144.3,132.7
SKU-00044,Chemicals,A,79,2025-07-07,dev,94.0,0,139.0,107.8,113.5,104.0,101.9,101.8
SKU-00044,Chemicals,A,80,2025-07-14,dev,89.0,0,94.0,104.5,105.7,126.0,108.7,106.1
SKU-00044,Chemicals,A,81,2025-07-21,dev,123.0,0,89.0,103.8,99.0,123.0,104.0,99.4
SKU-00044,Chemicals,A,82,2025-07-28,dev,138.0,0,123.0,111.2,108.6,101.0,117.5,109.7
SKU-00044,Chemicals,A,83,2025-08-04,dev,138.0,0,138.0,111.0,120.4,152.0,126.1,124.6
SKU-00044,Chemicals,A,84,2025-08-11,dev,142.0,0,138.0,122.0,127.4,144.0,131.1,131.0
SKU-00044,Chemicals,A,85,2025-08-18,dev,132.0,0,142.0,135.2,133.3,135.0,137.4,141.1
SKU-00044,Chemicals,A,86,2025-08-25,dev,156.0,0,132.0,137.5,132.8,141.0,135.6,139.4
SKU-00044,Chemicals,A,87,2025-09-01,dev,141.0,0,156.0,142.0,142.1,171.0,144.9,149.8
SKU-00044,Chemicals,A,88,2025-09-08,test,139.0,0,141.0,142.8,141.6,158.0,142.4,147.4
SKU-00044,Chemicals,A,89,2025-09-15,test,170.0,0,139.0,142.0,140.6,131.0,141.1,144.9
SKU-00044,Chemicals,A,90,2025-09-22,test,203.0,0,170.0,151.5,152.3,140.0,154.7,161.5
SKU-00044,Chemicals,A,91,2025-09-29,test,154.0,0,203.0,163.2,172.6,174.0,171.8,180.4
SKU-00044,Chemicals,A,92,2025-10-06,test,177.0,0,154.0,166.5,165.2,253.0,159.3,161.4
SKU-00044,Chemicals,A,93,2025-10-13,test,176.0,0,177.0,176.0,169.9,141.0,167.1,172.3
SKU-00044,Chemicals,A,94,2025-10-20,test,217.0,0,176.0,177.5,172.3,162.0,169.2,175.2
SKU-00044,Chemicals,A,95,2025-10-27,test,211.0,0,217.0,181.0,190.2,181.0,184.5,193.1
SKU-00044,Chemicals,A,96,2025-11-03,test,207.0,0,211.0,195.2,198.5,255.0,189.6,192.6
SKU-00044,Chemicals,A,97,2025-11-10,test,206.0,0,207.0,202.8,201.9,147.0,191.2,192.9
SKU-00044,Chemicals,A,98,2025-11-17,test,173.0,0,206.0,210.2,203.5,188.0,193.5,193.4
SKU-00044,Chemicals,A,99,2025-11-24,test,216.0,0,173.0,199.2,191.3,168.0,178.6,178.4
SKU-00044,Chemicals,A,100,2025-12-01,test,175.0,0,216.0,200.5,201.2,181.0,190.0,193.4
SKU-00044,Chemicals,A,101,2025-12-08,test,178.0,0,175.0,192.5,190.7,141.0,176.7,177.2
SKU-00044,Chemicals,A,102,2025-12-15,test,191.0,0,178.0,185.5,185.6,180.0,172.8,176.8
SKU-00044,Chemicals,A,103,2025-12-22,test,178.0,0,191.0,190.0,187.8,201.0,178.3,181.9
SKU-00045,Textiles,B,72,2025-05-19,dev,279.0,1,332.0,316.5,308.2,241.0,343.1,349.8
SKU-00045,Textiles,B,73,2025-05-26,dev,298.0,0,279.0,311.2,296.5,282.0,247.2,272.6
SKU-00045,Textiles,B,74,2025-06-02,dev,401.0,0,298.0,291.8,297.1,193.0,286.5,294.7
SKU-00045,Textiles,B,75,2025-06-09,dev,426.0,0,401.0,327.5,338.7,328.0,335.0,354.9
SKU-00045,Textiles,B,76,2025-06-16,dev,442.0,0,426.0,351.0,373.6,221.0,359.8,375.1
SKU-00045,Textiles,B,77,2025-06-23,dev,293.0,0,442.0,391.8,401.0,220.0,382.0,390.6
SKU-00045,Textiles,B,78,2025-06-30,dev,307.0,0,293.0,390.5,357.8,292.0,336.2,332.4
SKU-00045,Textiles,B,79,2025-07-07,dev,363.0,1,307.0,367.0,337.5,282.0,405.0,432.8
SKU-00045,Textiles,B,80,2025-07-14,dev,289.0,1,363.0,351.2,347.7,240.0,380.0,385.1
SKU-00045,Textiles,B,81,2025-07-21,dev,294.0,0,289.0,313.0,324.2,226.0,265.7,280.5
SKU-00045,Textiles,B,82,2025-07-28,dev,354.0,0,294.0,313.2,312.1,260.0,301.6,310.7
SKU-00045,Textiles,B,83,2025-08-04,dev,320.0,0,354.0,325.0,328.9,312.0,327.1,343.5
SKU-00045,Textiles,B,84,2025-08-11,dev,332.0,0,320.0,314.2,325.3,353.0,315.3,327.9
SKU-00045,Textiles,B,85,2025-08-18,dev,307.0,0,332.0,325.0,328.0,288.0,319.3,331.4
SKU-00045,Textiles,B,86,2025-08-25,dev,293.0,0,307.0,328.2,319.6,278.0,313.1,325.8
SKU-00045,Textiles,B,87,2025-09-01,dev,313.0,0,293.0,313.0,309.0,277.0,302.5,312.3
SKU-00045,Textiles,B,88,2025-09-08,test,317.0,0,313.0,311.2,310.6,252.0,306.9,318.5
SKU-00045,Textiles,B,89,2025-09-15,test,329.0,0,317.0,307.5,313.1,276.0,308.6,320.7
SKU-00045,Textiles,B,90,2025-09-22,test,338.0,0,329.0,313.0,319.5,310.0,315.1,327.2
SKU-00045,Textiles,B,91,2025-09-29,test,355.0,0,338.0,324.2,326.9,369.0,321.5,333.4
SKU-00045,Textiles,B,92,2025-10-06,test,339.0,0,355.0,334.8,338.1,420.0,331.5,344.4
SKU-00045,Textiles,B,93,2025-10-13,test,301.0,0,339.0,340.2,338.5,281.0,329.3,341.3
SKU-00045,Textiles,B,94,2025-10-20,test,338.0,0,301.0,333.2,323.5,300.0,313.5,323.2
SKU-00045,Textiles,B,95,2025-10-27,test,338.0,0,338.0,333.2,329.3,303.0,323.5,334.9
SKU-00045,Textiles,B,96,2025-11-03,test,312.0,0,338.0,329.0,332.8,347.0,322.4,335.1
SKU-00045,Textiles,B,97,2025-11-10,test,349.0,0,312.0,322.2,324.5,295.0,311.7,321.8
SKU-00045,Textiles,B,98,2025-11-17,test,242.0,0,349.0,334.2,334.3,372.0,326.2,337.9
SKU-00045,Textiles,B,99,2025-11-24,test,257.0,0,242.0,310.2,297.4,344.0,284.6,294.0
SKU-00045,Textiles,B,100,2025-12-01,test,294.0,0,257.0,290.0,281.2,260.0,271.3,271.4
SKU-00045,Textiles,B,101,2025-12-08,test,354.0,0,294.0,285.5,286.3,295.0,282.2,289.9
SKU-00045,Textiles,B,102,2025-12-15,test,306.0,0,354.0,286.8,313.4,221.0,305.4,317.0
SKU-00045,Textiles,B,103,2025-12-22,test,272.0,0,306.0,302.8,310.4,262.0,298.7,306.4
SKU-00046,Electronics,B,72,2025-05-19,dev,232.0,0,203.0,218.8,215.0,242.0,206.7,211.6
SKU-00046,Electronics,B,73,2025-05-26,dev,247.0,0,232.0,220.2,221.8,241.0,215.5,221.2
SKU-00046,Electronics,B,74,2025-06-02,dev,232.0,0,247.0,227.8,231.9,251.0,227.8,238.7
SKU-00046,Electronics,B,75,2025-06-09,dev,269.0,0,232.0,228.5,231.9,256.0,224.7,231.8
SKU-00046,Electronics,B,76,2025-06-16,dev,244.0,0,269.0,245.0,246.8,286.0,241.4,252.8
SKU-00046,Electronics,B,77,2025-06-23,dev,253.0,0,244.0,248.0,245.7,255.0,236.8,246.3
SKU-00046,Electronics,B,78,2025-06-30,dev,307.0,1,253.0,249.5,248.6,272.0,303.2,326.5
SKU-00046,Electronics,B,79,2025-07-07,dev,309.0,1,307.0,268.2,272.0,307.0,298.9,295.4
SKU-00046,Electronics,B,80,2025-07-14,dev,271.0,0,309.0,278.2,286.8,285.0,246.1,243.1
SKU-00046,Electronics,B,81,2025-07-21,dev,282.0,0,271.0,285.0,280.5,320.0,266.2,272.3
SKU-00046,Electronics,B,82,2025-07-28,dev,275.0,0,282.0,292.2,281.1,277.0,270.0,278.8
SKU-00046,Electronics,B,83,2025-08-04,dev,304.0,0,275.0,284.2,278.6,299.0,268.0,277.0
SKU-00046,Electronics,B,84,2025-08-11,dev,288.0,0,304.0,283.0,288.8,268.0,277.1,289.3
SKU-00046,Electronics,B,85,2025-08-18,dev,303.0,0,288.0,287.2,288.5,260.0,275.7,284.7
SKU-00046,Electronics,B,86,2025-08-25,dev,425.0,1,303.0,292.5,294.3,294.0,343.6,364.6
SKU-00046,Electronics,B,87,2025-09-01,dev,418.0,1,425.0,330.0,346.6,275.0,369.2,379.4
SKU-00046,Electronics,B,88,2025-09-08,test,279.0,0,418.0,358.5,375.1,272.0,324.1,284.1
SKU-00046,Electronics,B,89,2025-09-15,test,271.0,0,279.0,356.2,336.7,309.0,307.4,287.8
SKU-00046,Electronics,B,90,2025-09-22,test,335.0,1,271.0,348.2,310.4,176.0,354.3,374.9
SKU-00046,Electronics,B,91,2025-09-29,test,224.0,0,335.0,325.8,320.2,140.0,275.6,266.3
SKU-00046,Electronics,B,92,2025-10-06,test,249.0,0,224.0,277.2,281.7,157.0,256.3,256.5
SKU-00046,Electronics,B,93,2025-10-13,test,211.0,0,249.0,269.8,268.6,246.0,254.3,259.3
SKU-00046,Electronics,B,94,2025-10-20,test,206.0,0,211.0,254.8,245.6,253.0,237.2,243.4
SKU-00046,Electronics,B,95,2025-10-27,test,231.0,0,206.0,222.5,229.8,209.0,220.0,225.0
SKU-00046,Electronics,B,96,2025-11-03,test,205.0,0,231.0,224.2,230.3,231.0,224.3,232.3
SKU-00046,Electronics,B,97,2025-11-10,test,217.0,0,205.0,213.2,220.2,217.0,213.0,220.8
SKU-00046,Electronics,B,98,2025-11-17,test,216.0,0,217.0,214.8,218.9,197.0,215.1,221.8
SKU-00046,Electronics,B,99,2025-11-24,test,240.0,1,216.0,217.2,217.7,183.0,276.7,288.6
SKU-00046,Electronics,B,100,2025-12-01,test,188.0,1,240.0,219.5,226.6,172.0,253.3,262.9
SKU-00046,Electronics,B,101,2025-12-08,test,170.0,0,188.0,215.2,211.2,180.0,174.1,194.2
SKU-00046,Electronics,B,102,2025-12-15,test,172.0,0,170.0,203.5,194.7,174.0,190.1,189.4
SKU-00046,Electronics,B,103,2025-12-22,test,176.0,0,172.0,192.5,185.6,179.0,185.4,183.8
SKU-00047,Machinery Parts,C,72,2025-05-19,dev,104.0,0,108.0,103.2,107.0,95.0,100.4,104.7
SKU-00047,Machinery Parts,C,73,2025-05-26,dev,147.0,1,104.0,103.5,105.8,89.0,125.9,135.5
SKU-00047,Machinery Parts,C,74,2025-06-02,dev,161.0,1,147.0,113.5,122.3,87.0,131.9,130.3
SKU-00047,Machinery Parts,C,75,2025-06-09,dev,95.0,0,161.0,130.0,137.8,89.0,118.6,108.7
SKU-00047,Machinery Parts,C,76,2025-06-16,dev,84.0,0,95.0,126.8,120.7,74.0,109.3,104.6
SKU-00047,Machinery Parts,C,77,2025-06-23,dev,71.0,0,84.0,121.8,106.0,149.0,99.4,98.7
SKU-00047,Machinery Parts,C,78,2025-06-30,dev,78.0,0,71.0,102.8,92.0,77.0,88.6,86.6
SKU-00047,Machinery Parts,C,79,2025-07-07,dev,76.0,0,78.0,82.0,86.4,69.0,83.0,81.6
SKU-00047,Machinery Parts,C,80,2025-07-14,dev,71.0,0,76.0,77.2,82.2,57.0,80.8,80.4
SKU-00047,Machinery Parts,C,81,2025-07-21,dev,64.0,0,71.0,74.0,77.7,64.0,77.6,75.1
SKU-00047,Machinery Parts,C,82,2025-07-28,dev,61.0,0,64.0,72.2,72.2,61.0,73.5,69.8
SKU-00047,Machinery Parts,C,83,2025-08-04,dev,68.0,0,61.0,68.0,67.7,64.0,70.2,65.5
SKU-00047,Machinery Parts,C,84,2025-08-11,dev,58.0,0,68.0,66.0,67.8,55.0,71.3,65.3
SKU-00047,Machinery Parts,C,85,2025-08-18,dev,51.0,0,58.0,62.8,63.9,52.0,67.1,63.7
SKU-00047,Machinery Parts,C,86,2025-08-25,dev,76.0,1,51.0,59.5,58.7,56.0,88.7,80.7
SKU-00047,Machinery Parts,C,87,2025-09-01,dev,87.0,1,76.0,63.2,65.6,53.0,85.5,86.4
SKU-00047,Machinery Parts,C,88,2025-09-08,test,50.0,0,87.0,68.0,74.2,49.0,66.6,67.6
SKU-00047,Machinery Parts,C,89,2025-09-15,test,50.0,0,50.0,66.0,64.5,44.0,66.8,66.9
SKU-00047,Machinery Parts,C,90,2025-09-22,test,49.0,0,50.0,65.8,58.7,46.0,64.1,60.6
SKU-00047,Machinery Parts,C,91,2025-09-29,test,48.0,0,49.0,59.0,54.8,52.0,61.0,58.5
SKU-00047,Machinery Parts,C,92,2025-10-06,test,49.0,0,48.0,49.2,52.1,46.0,57.2,56.1
SKU-00047,Machinery Parts,C,93,2025-10-13,test,43.0,0,49.0,49.0,50.9,46.0,57.2,56.0
SKU-00047,Machinery Parts,C,94,2025-10-20,test,49.0,0,43.0,47.2,47.7,55.0,54.7,55.3
SKU-00047,Machinery Parts,C,95,2025-10-27,test,51.0,0,49.0,47.2,48.2,73.0,55.9,55.2
SKU-00047,Machinery Parts,C,96,2025-11-03,test,53.0,0,51.0,48.0,49.3,64.0,56.0,55.9
SKU-00047,Machinery Parts,C,97,2025-11-10,test,57.0,0,53.0,49.0,50.8,52.0,57.2,56.4
SKU-00047,Machinery Parts,C,98,2025-11-17,test,60.0,0,57.0,52.5,53.3,63.0,59.9,57.9
SKU-00047,Machinery Parts,C,99,2025-11-24,test,63.0,0,60.0,55.2,56.0,62.0,62.2,60.0
SKU-00047,Machinery Parts,C,100,2025-12-01,test,64.0,0,63.0,58.2,58.8,63.0,63.5,62.4
SKU-00047,Machinery Parts,C,101,2025-12-08,test,70.0,0,64.0,61.0,60.9,68.0,65.1,64.1
SKU-00047,Machinery Parts,C,102,2025-12-15,test,72.0,0,70.0,64.2,64.5,70.0,68.5,66.5
SKU-00047,Machinery Parts,C,103,2025-12-22,test,69.0,0,72.0,67.2,67.5,76.0,70.8,69.3
SKU-00048,Raw Materials,C,72,2025-05-19,dev,32.0,0,31.0,31.0,30.7,36.0,30.1,30.3
SKU-00048,Raw Materials,C,73,2025-05-26,dev,29.0,0,32.0,30.8,31.2,29.0,30.5,31.1
SKU-00048,Raw Materials,C,74,2025-06-02,dev,30.0,0,29.0,30.2,30.3,26.0,29.7,30.2
SKU-00048,Raw Materials,C,75,2025-06-09,dev,38.0,1,30.0,30.5,30.2,37.0,39.2,39.1
SKU-00048,Raw Materials,C,76,2025-06-16,dev,32.0,0,38.0,32.2,33.3,28.0,28.9,29.2
SKU-00048,Raw Materials,C,77,2025-06-23,dev,35.0,0,32.0,32.2,32.8,31.0,31.9,32.5
SKU-00048,Raw Materials,C,78,2025-06-30,dev,29.0,0,35.0,33.8,33.7,33.0,33.4,34.4
SKU-00048,Raw Materials,C,79,2025-07-07,dev,31.0,0,29.0,33.5,31.8,28.0,31.5,32.5
SKU-00048,Raw Materials,C,80,2025-07-14,dev,30.0,0,31.0,31.8,31.5,30.0,31.2,31.6
SKU-00048,Raw Materials,C,81,2025-07-21,dev,28.0,0,30.0,31.2,30.9,25.0,30.8,31.5
SKU-00048,Raw Materials,C,82,2025-07-28,dev,35.0,0,28.0,29.5,29.7,28.0,29.5,29.7
SKU-00048,Raw Materials,C,83,2025-08-04,dev,35.0,0,35.0,31.0,31.8,30.0,32.5,33.6
SKU-00048,Raw Materials,C,84,2025-08-11,dev,28.0,0,35.0,32.0,33.1,29.0,33.2,34.6
SKU-00048,Raw Materials,C,85,2025-08-18,dev,29.0,0,28.0,31.5,31.1,25.0,30.7,31.3
SKU-00048,Raw Materials,C,86,2025-08-25,dev,37.0,0,29.0,31.8,30.2,33.0,30.6,30.9
SKU-00048,Raw Materials,C,87,2025-09-01,dev,30.0,0,37.0,32.2,32.9,28.0,33.6,35.1
SKU-00048,Raw Materials,C,88,2025-09-08,test,26.0,0,30.0,31.0,31.8,28.0,31.5,32.4
SKU-00048,Raw Materials,C,89,2025-09-15,test,37.0,0,26.0,30.5,29.5,30.0,29.5,29.8
SKU-00048,Raw Materials,C,90,2025-09-22,test,33.0,0,37.0,32.5,32.5,30.0,33.6,34.7
SKU-00048,Raw Materials,C,91,2025-09-29,test,33.0,0,33.0,31.5,32.7,32.0,32.5,33.9
SKU-00048,Raw Materials,C,92,2025-10-06,test,37.0,0,33.0,32.2,32.8,33.0,32.5,33.3
SKU-00048,Raw Materials,C,93,2025-10-13,test,35.0,0,37.0,35.0,34.5,31.0,34.8,36.2
SKU-00048,Raw Materials,C,94,2025-10-20,test,36.0,0,35.0,34.5,34.7,29.0,34.3,35.6
SKU-00048,Raw Materials,C,95,2025-10-27,test,33.0,0,36.0,35.2,35.2,30.0,34.8,35.9
SKU-00048,Raw Materials,C,96,2025-11-03,test,39.0,0,33.0,35.2,34.3,33.0,33.6,34.8
SKU-00048,Raw Materials,C,97,2025-11-10,test,33.0,0,39.0,35.8,36.2,29.0,35.7,37.0
SKU-00048,Raw Materials,C,98,2025-11-17,test,35.0,0,33.0,35.2,34.9,31.0,33.9,35.2
SKU-00048,Raw Materials,C,99,2025-11-24,test,36.0,0,35.0,35.0,35.0,43.0,34.1,35.2
SKU-00048,Raw Materials,C,100,2025-12-01,test,40.0,0,36.0,35.8,35.4,39.0,34.5,35.8
SKU-00048,Raw Materials,C,101,2025-12-08,test,40.0,0,40.0,36.0,37.2,32.0,36.0,37.3
SKU-00048,Raw Materials,C,102,2025-12-15,test,36.0,0,40.0,37.8,38.3,41.0,36.9,38.2
SKU-00048,Raw Materials,C,103,2025-12-22,test,38.0,0,36.0,38.0,37.4,43.0,35.7,36.8
SKU-00049,Electronics,A,72,2025-05-19,dev,1337.0,0,1196.0,1256.2,1223.8,1104.0,1166.8,1201.9
SKU-00049,Electronics,A,73,2025-05-26,dev,1205.0,0,1337.0,1284.8,1269.1,1001.0,1209.6,1262.9
SKU-00049,Electronics,A,74,2025-06-02,dev,1669.0,0,1205.0,1277.8,1243.5,1152.0,1188.1,1242.2
SKU-00049,Electronics,A,75,2025-06-09,dev,1653.0,0,1669.0,1351.8,1413.7,1357.0,1364.4,1441.2
SKU-00049,Electronics,A,76,2025-06-16,dev,1462.0,0,1653.0,1466.0,1509.4,1211.0,1434.5,1462.8
SKU-00049,Electronics,A,77,2025-06-23,dev,1609.0,0,1462.0,1497.2,1490.4,1184.0,1385.1,1385.4
SKU-00049,Electronics,A,78,2025-06-30,dev,1667.0,0,1609.0,1598.2,1537.9,1614.0,1469.9,1486.4
SKU-00049,Electronics,A,79,2025-07-07,dev,1565.0,0,1667.0,1597.8,1589.5,1401.0,1501.5,1519.7
SKU-00049,Electronics,A,80,2025-07-14,dev,1718.0,0,1565.0,1575.8,1579.7,1321.0,1469.3,1471.9
SKU-00049,Electronics,A,81,2025-07-21,dev,1626.0,0,1718.0,1639.8,1635.0,1418.0,1538.2,1553.7
SKU-00049,Electronics,A,82,2025-07-28,dev,1495.0,0,1626.0,1644.0,1631.4,1513.0,1524.3,1517.9
SKU-00049,Electronics,A,83,2025-08-04,dev,1704.0,0,1495.0,1601.0,1576.8,1458.0,1468.1,1465.3
SKU-00049,Electronics,A,84,2025-08-11,dev,1988.0,0,1704.0,1635.8,1627.7,1490.0,1539.6,1549.7
SKU-00049,Electronics,A,85,2025-08-18,dev,1783.0,0,1988.0,1703.2,1771.8,1303.0,1674.6,1690.1
SKU-00049,Electronics,A,86,2025-08-25,dev,1388.0,0,1783.0,1742.5,1776.3,1556.0,1642.0,1594.6
SKU-00049,Electronics,A,87,2025-09-01,dev,1712.0,0,1388.0,1715.8,1621.0,1285.0,1490.5,1435.1
SKU-00049,Electronics,A,88,2025-09-08,test,1839.0,0,1712.0,1717.8,1657.4,1002.0,1571.9,1555.7
SKU-00049,Electronics,A,89,2025-09-15,test,1574.0,0,1839.0,1680.5,1730.0,1659.0,1623.5,1624.6
SKU-00049,Electronics,A,90,2025-09-22,test,1722.0,1,1574.0,1628.2,1667.6,1077.0,1827.3,1857.8
SKU-00049,Electronics,A,91,2025-09-29,test,1622.0,0,1722.0,1711.8,1689.4,1097.0,1442.3,1330.9
SKU-00049,Electronics,A,92,2025-10-06,test,1453.0,0,1622.0,1689.2,1662.4,1211.0,1554.1,1529.0
SKU-00049,Electronics,A,93,2025-10-13,test,1362.0,0,1453.0,1592.8,1578.7,1086.0,1454.5,1442.6
SKU-00049,Electronics,A,94,2025-10-20,test,1398.0,0,1362.0,1539.8,1492.0,1025.0,1390.7,1383.6
SKU-00049,Electronics,A,95,2025-10-27,test,1097.0,0,1398.0,1458.8,1454.4,1068.0,1369.4,1386.6
SKU-00049,Electronics,A,96,2025-11-03,test,1308.0,0,1097.0,1327.5,1311.4,965.0,1213.8,1238.5
SKU-00049,Electronics,A,97,2025-11-10,test,1275.0,0,1308.0,1291.2,1310.1,1013.0,1244.8,1281.5
SKU-00049,Electronics,A,98,2025-11-17,test,1118.0,0,1275.0,1269.5,1296.0,1009.0,1236.8,1284.2
SKU-00049,Electronics,A,99,2025-11-24,test,1016.0,0,1118.0,1199.5,1224.8,1031.0,1153.8,1187.6
SKU-00049,Electronics,A,100,2025-12-01,test,1021.0,0,1016.0,1179.2,1141.3,767.0,1084.0,1112.3
SKU-00049,Electronics,A,101,2025-12-08,test,902.0,0,1021.0,1107.5,1093.2,988.0,1049.8,1073.1
SKU-00049,Electronics,A,102,2025-12-15,test,911.0,0,902.0,1014.2,1016.7,847.0,974.9,991.1
SKU-00049,Electronics,A,103,2025-12-22,test,830.0,0,911.0,962.5,974.4,732.0,947.3,951.7
SKU-00050,Textiles,C,72,2025-05-19,dev,206.0,0,178.0,195.0,180.1,142.0,178.1,176.3
SKU-00050,Textiles,C,73,2025-05-26,dev,145.0,0,206.0,193.5,190.5,173.0,188.4,195.2
SKU-00050,Textiles,C,74,2025-06-02,dev,171.0,0,145.0,171.0,172.3,180.0,164.9,165.7
SKU-00050,Textiles,C,75,2025-06-09,dev,210.0,0,171.0,175.0,171.8,168.0,170.7,168.0
SKU-00050,Textiles,C,76,2025-06-16,dev,157.0,0,210.0,183.0,187.1,136.0,188.7,196.4
SKU-00050,Textiles,C,77,2025-06-23,dev,170.0,0,157.0,170.8,175.0,160.0,169.4,169.2
SKU-00050,Textiles,C,78,2025-06-30,dev,143.0,0,170.0,177.0,173.0,205.0,173.6,173.5
SKU-00050,Textiles,C,79,2025-07-07,dev,246.0,1,143.0,170.0,161.0,177.0,216.6,212.0
SKU-00050,Textiles,C,80,2025-07-14,dev,304.0,1,246.0,179.0,195.0,172.0,226.6,219.7
SKU-00050,Textiles,C,81,2025-07-21,dev,219.0,0,304.0,215.8,238.6,192.0,212.1,204.9
SKU-00050,Textiles,C,82,2025-07-28,dev,152.0,0,219.0,228.0,230.8,187.0,219.1,217.2
SKU-00050,Textiles,C,83,2025-08-04,dev,171.0,0,152.0,230.2,199.3,209.0,193.6,196.0
SKU-00050,Textiles,C,84,2025-08-11,dev,177.0,0,171.0,211.5,188.0,189.0,188.5,186.7
SKU-00050,Textiles,C,85,2025-08-18,dev,256.0,1,177.0,179.8,183.6,173.0,234.9,238.0
SKU-00050,Textiles,C,86,2025-08-25,dev,265.0,1,256.0,189.0,212.5,214.0,239.5,230.3
SKU-00050,Textiles,C,87,2025-09-01,dev,205.0,0,265.0,217.2,233.5,181.0,205.5,203.4
SKU-00050,Textiles,C,88,2025-09-08,test,184.0,0,205.0,225.8,222.1,216.0,214.7,217.2
SKU-00050,Textiles,C,89,2025-09-15,test,200.0,0,184.0,227.5,206.9,188.0,203.0,207.7
SKU-00050,Textiles,C,90,2025-09-22,test,203.0,0,200.0,213.5,204.1,213.0,201.9,208.3
SKU-00050,Textiles,C,91,2025-09-29,test,194.0,0,203.0,198.0,203.7,182.0,198.7,206.7
SKU-00050,Textiles,C,92,2025-10-06,test,208.0,0,194.0,195.2,199.8,213.0,195.4,202.1
SKU-00050,Textiles,C,93,2025-10-13,test,185.0,0,208.0,201.2,203.1,190.0,201.7,209.1
SKU-00050,Textiles,C,94,2025-10-20,test,224.0,0,185.0,197.5,195.8,267.0,193.0,200.1
SKU-00050,Textiles,C,95,2025-10-27,test,180.0,0,224.0,202.8,207.1,282.0,205.6,213.0
SKU-00050,Textiles,C,96,2025-11-03,test,233.0,0,180.0,199.2,196.3,216.0,190.7,197.9
SKU-00050,Textiles,C,97,2025-11-10,test,234.0,0,233.0,205.5,211.0,170.0,207.8,214.7
SKU-00050,Textiles,C,98,2025-11-17,test,219.0,0,234.0,217.8,220.2,218.0,216.0,225.4
SKU-00050,Textiles,C,99,2025-11-24,test,237.0,0,219.0,216.5,219.7,180.0,211.1,217.3
SKU-00050,Textiles,C,100,2025-12-01,test,202.0,0,237.0,230.8,226.6,171.0,219.0,226.6
SKU-00050,Textiles,C,101,2025-12-08,test,196.0,0,202.0,223.0,216.8,198.0,206.1,213.2
SKU-00050,Textiles,C,102,2025-12-15,test,203.0,0,196.0,213.5,208.5,198.0,198.8,204.8
SKU-00050,Textiles,C,103,2025-12-22,test,224.0,0,203.0,209.5,206.3,141.0,199.1,206.8
SKU-00051,Chemicals,C,72,2025-05-19,dev,87.0,0,82.0,85.5,85.8,100.0,83.6,83.4
SKU-00051,Chemicals,C,73,2025-05-26,dev,74.0,0,87.0,84.8,86.3,69.0,84.7,84.4
SKU-00051,Chemicals,C,74,2025-06-02,dev,83.0,0,74.0,82.2,81.4,70.0,80.6,80.4
SKU-00051,Chemicals,C,75,2025-06-09,dev,129.0,0,83.0,81.5,82.0,99.0,82.3,80.4
SKU-00051,Chemicals,C,76,2025-06-16,dev,111.0,0,129.0,93.2,100.8,103.0,102.2,108.3
SKU-00051,Chemicals,C,77,2025-06-23,dev,84.0,0,111.0,99.2,104.9,81.0,101.6,103.3
SKU-00051,Chemicals,C,78,2025-06-30,dev,104.0,0,84.0,101.8,96.5,77.0,93.6,93.7
SKU-00051,Chemicals,C,79,2025-07-07,dev,87.0,0,104.0,107.0,99.5,85.0,100.2,103.3
SKU-00051,Chemicals,C,80,2025-07-14,dev,150.0,1,87.0,96.5,94.5,92.0,119.4,125.3
SKU-00051,Chemicals,C,81,2025-07-21,dev,94.0,0,150.0,106.2,116.7,87.0,103.1,100.1
SKU-00051,Chemicals,C,82,2025-07-28,dev,108.0,0,94.0,108.8,107.6,100.0,102.9,103.9
SKU-00051,Chemicals,C,83,2025-08-04,dev,95.0,0,108.0,109.8,107.8,77.0,105.3,107.8
SKU-00051,Chemicals,C,84,2025-08-11,dev,83.0,0,95.0,111.8,102.7,87.0,102.1,106.2
SKU-00051,Chemicals,C,85,2025-08-18,dev,114.0,0,83.0,95.0,94.8,76.0,91.5,93.3
SKU-00051,Chemicals,C,86,2025-08-25,dev,135.0,1,114.0,100.0,102.5,80.0,129.6,136.9
SKU-00051,Chemicals,C,87,2025-09-01,dev,86.0,0,135.0,106.8,115.5,84.0,101.7,101.6
SKU-00051,Chemicals,C,88,2025-09-08,test,78.0,0,86.0,104.5,103.7,92.0,99.3,99.0
SKU-00051,Chemicals,C,89,2025-09-15,test,105.0,0,78.0,103.2,93.4,107.0,92.2,92.3
SKU-00051,Chemicals,C,90,2025-09-22,test,107.0,0,105.0,101.0,98.0,82.0,99.7,102.2
SKU-00051,Chemicals,C,91,2025-09-29,test,71.0,0,107.0,94.0,101.6,116.0,99.6,103.7
SKU-00051,Chemicals,C,92,2025-10-06,test,105.0,0,71.0,90.2,89.4,89.0,86.5,87.9
SKU-00051,Chemicals,C,93,2025-10-13,test,120.0,0,105.0,97.0,95.6,74.0,97.7,99.7
SKU-00051,Chemicals,C,94,2025-10-20,test,111.0,0,120.0,100.8,105.4,72.0,106.1,111.6
SKU-00051,Chemicals,C,95,2025-10-27,test,83.0,0,111.0,101.8,107.6,102.0,104.3,106.4
SKU-00051,Chemicals,C,96,2025-11-03,test,116.0,0,83.0,104.8,97.8,92.0,94.7,97.2
SKU-00051,Chemicals,C,97,2025-11-10,test,67.0,0,116.0,107.5,105.1,109.0,104.9,108.9
SKU-00051,Chemicals,C,98,2025-11-17,test,92.0,0,67.0,94.2,89.8,104.0,86.2,89.6
SKU-00051,Chemicals,C,99,2025-11-24,test,103.0,0,92.0,89.5,90.7,106.0,89.5,89.4
SKU-00051,Chemicals,C,100,2025-12-01,test,85.0,0,103.0,94.5,95.6,103.0,95.6,99.8
SKU-00051,Chemicals,C,101,2025-12-08,test,114.0,1,85.0,86.8,91.4,80.0,114.5,116.5
SKU-00051,Chemicals,C,102,2025-12-15,test,186.0,1,114.0,98.5,100.4,121.0,113.8,116.1
SKU-00051,Chemicals,C,103,2025-12-22,test,110.0,0,186.0,122.0,134.7,114.0,121.0,112.8
SKU-00052,Chemicals,B,72,2025-05-19,dev,76.0,0,87.0,88.5,86.9,93.0,88.2,87.4
SKU-00052,Chemicals,B,73,2025-05-26,dev,81.0,0,76.0,82.5,82.5,87.0,82.1,81.5
SKU-00052,Chemicals,B,74,2025-06-02,dev,74.0,0,81.0,84.2,81.9,81.0,84.9,80.2
SKU-00052,Chemicals,B,75,2025-06-09,dev,70.0,0,74.0,79.5,78.8,64.0,81.1,78.3
SKU-00052,Chemicals,B,76,2025-06-16,dev,65.0,0,70.0,75.2,75.3,70.0,77.9,75.0
SKU-00052,Chemicals,B,77,2025-06-23,dev,75.0,0,65.0,72.5,71.2,111.0,74.7,72.3
SKU-00052,Chemicals,B,78,2025-06-30,dev,85.0,0,75.0,71.0,72.7,73.0,78.4,72.6
SKU-00052,Chemicals,B,79,2025-07-07,dev,75.0,1,85.0,73.8,77.6,92.0,114.0,104.6
SKU-00052,Chemicals,B,80,2025-07-14,dev,85.0,1,75.0,75.0,76.6,97.0,96.9,100.9
SKU-00052,Chemicals,B,81,2025-07-21,dev,70.0,0,85.0,80.0,79.9,92.0,70.4,75.2
SKU-00052,Chemicals,B,82,2025-07-28,dev,78.0,0,70.0,78.8,76.0,93.0,80.4,77.8
SKU-00052,Chemicals,B,83,2025-08-04,dev,58.0,0,78.0,77.0,76.8,97.0,82.4,76.1
SKU-00052,Chemicals,B,84,2025-08-11,dev,70.0,0,58.0,72.8,69.3,99.0,74.8,72.6
SKU-00052,Chemicals,B,85,2025-08-18,dev,110.0,1,70.0,69.0,69.6,94.0,107.1,95.5
SKU-00052,Chemicals,B,86,2025-08-25,dev,89.0,0,110.0,79.0,85.7,92.0,79.0,77.1
SKU-00052,Chemicals,B,87,2025-09-01,dev,93.0,0,89.0,81.8,87.0,107.0,90.9,87.0
SKU-00052,Chemicals,B,88,2025-09-08,test,97.0,0,93.0,90.5,89.4,103.0,94.0,93.0
SKU-00052,Chemicals,B,89,2025-09-15,test,102.0,0,97.0,97.2,92.5,104.0,97.9,99.2
SKU-00052,Chemicals,B,90,2025-09-22,test,94.0,0,102.0,95.2,96.3,102.0,99.5,101.1
SKU-00052,Chemicals,B,91,2025-09-29,test,102.0,0,94.0,96.5,95.4,119.0,97.5,99.8
SKU-00052,Chemicals,B,92,2025-10-06,test,123.0,0,102.0,98.8,98.0,112.0,100.8,103.3
SKU-00052,Chemicals,B,93,2025-10-13,test,100.0,0,123.0,105.2,108.0,116.0,111.0,115.5
SKU-00052,Chemicals,B,94,2025-10-20,test,114.0,1,100.0,104.8,104.8,134.0,135.4,139.3
SKU-00052,Chemicals,B,95,2025-10-27,test,95.0,0,114.0,109.8,108.5,119.0,94.8,97.1
SKU-00052,Chemicals,B,96,2025-11-03,test,93.0,0,95.0,108.0,103.1,88.0,102.8,106.7
SKU-00052,Chemicals,B,97,2025-11-10,test,97.0,0,93.0,100.5,99.1,120.0,98.4,99.6
SKU-00052,Chemicals,B,98,2025-11-17,test,78.0,0,97.0,99.8,98.2,112.0,99.2,101.0
SKU-00052,Chemicals,B,99,2025-11-24,test,92.0,0,78.0,90.8,90.1,100.0,90.1,90.1
SKU-00052,Chemicals,B,100,2025-12-01,test,110.0,0,92.0,90.0,90.9,129.0,91.8,89.5
SKU-00052,Chemicals,B,101,2025-12-08,test,102.0,0,110.0,94.2,98.5,111.0,99.9,102.8
SKU-00052,Chemicals,B,102,2025-12-15,test,81.0,0,102.0,95.5,99.9,136.0,98.9,101.7
SKU-00052,Chemicals,B,103,2025-12-22,test,112.0,0,81.0,96.2,92.4,183.0,91.4,94.1
SKU-00053,Textiles,A,72,2025-05-19,dev,1431.0,0,1603.0,1557.5,1554.3,1141.0,1535.6,1530.8
SKU-00053,Textiles,A,73,2025-05-26,dev,1772.0,0,1431.0,1535.0,1505.0,1330.0,1482.8,1495.6
SKU-00053,Textiles,A,74,2025-06-02,dev,1506.0,0,1772.0,1564.2,1611.8,1337.0,1618.8,1647.0
SKU-00053,Textiles,A,75,2025-06-09,dev,1561.0,0,1506.0,1578.0,1569.5,1334.0,1555.0,1586.9
SKU-00053,Textiles,A,76,2025-06-16,dev,1745.0,0,1561.0,1567.5,1566.1,1366.0,1554.0,1556.6
SKU-00053,Textiles,A,77,2025-06-23,dev,1924.0,0,1745.0,1646.0,1637.6,1453.0,1645.7,1689.2
SKU-00053,Textiles,A,78,2025-06-30,dev,1770.0,0,1924.0,1684.0,1752.2,1651.0,1752.0,1824.9
SKU-00053,Textiles,A,79,2025-07-07,dev,2124.0,0,1770.0,1750.0,1759.3,1492.0,1739.4,1794.2
SKU-00053,Textiles,A,80,2025-07-14,dev,1937.0,0,2124.0,1890.8,1905.2,1564.0,1897.8,1986.3
SKU-00053,Textiles,A,81,2025-07-21,dev,2202.0,0,1937.0,1938.8,1917.9,1649.0,1881.5,1963.6
SKU-00053,Textiles,A,82,2025-07-28,dev,2101.0,0,2202.0,2008.2,2031.5,1803.0,1984.6,2074.7
SKU-00053,Textiles,A,83,2025-08-04,dev,2512.0,0,2101.0,2091.0,2059.3,1829.0,2017.0,2112.4
SKU-00053,Textiles,A,84,2025-08-11,dev,2464.0,0,2512.0,2188.0,2240.4,2172.0,2188.4,2297.4
SKU-00053,Textiles,A,85,2025-08-18,dev,1966.0,0,2464.0,2319.8,2329.8,2179.0,2251.7,2317.5
SKU-00053,Textiles,A,86,2025-08-25,dev,2325.0,0,1966.0,2260.8,2184.3,1839.0,2067.4,2097.4
SKU-00053,Textiles,A,87,2025-09-01,dev,2231.0,0,2325.0,2316.8,2240.6,1703.0,2181.2,2241.3
SKU-00053,Textiles,A,88,2025-09-08,test,3547.0,1,2231.0,2246.5,2236.7,1951.0,2639.1,2831.6
SKU-00053,Textiles,A,89,2025-09-15,test,2804.0,0,3547.0,2517.2,2760.8,2068.0,2450.6,2253.3
SKU-00053,Textiles,A,90,2025-09-22,test,2781.0,0,2804.0,2726.8,2778.1,1878.0,2605.5,2500.9
SKU-00053,Textiles,A,91,2025-09-29,test,2733.0,0,2781.0,2840.8,2779.3,2106.0,2591.2,2535.3
SKU-00053,Textiles,A,92,2025-10-06,test,2673.0,0,2733.0,2966.2,2760.8,2361.0,2615.8,2524.9
SKU-00053,Textiles,A,93,2025-10-13,test,2366.0,0,2673.0,2747.8,2725.7,1965.0,2523.3,2490.0
SKU-00053,Textiles,A,94,2025-10-20,test,2412.0,0,2366.0,2638.2,2581.8,2063.0,2387.1,2354.6
SKU-00053,Textiles,A,95,2025-10-27,test,2642.0,0,2412.0,2546.0,2513.9,2227.0,2352.0,2349.3
SKU-00053,Textiles,A,96,2025-11-03,test,2504.0,0,2642.0,2523.2,2565.1,2787.0,2412.4,2427.9
SKU-00053,Textiles,A,97,2025-11-10,test,2560.0,0,2504.0,2481.0,2540.7,2268.0,2356.9,2369.1
SKU-00053,Textiles,A,98,2025-11-17,test,3772.0,1,2560.0,2529.5,2548.4,2132.0,2867.5,2991.9
SKU-00053,Textiles,A,99,2025-11-24,test,2751.0,0,3772.0,2869.5,3037.8,2004.0,2669.4,2421.8
SKU-00053,Textiles,A,100,2025-12-01,test,2488.0,0,2751.0,2896.8,2923.1,1912.0,2640.3,2454.5
SKU-00053,Textiles,A,101,2025-12-08,test,2498.0,0,2488.0,2892.8,2749.1,1944.0,2485.1,2389.7
SKU-00053,Textiles,A,102,2025-12-15,test,2523.0,0,2498.0,2877.2,2648.6,1831.0,2464.3,2367.7
SKU-00053,Textiles,A,103,2025-12-22,test,2260.0,0,2523.0,2565.0,2598.4,2050.0,2371.1,2363.0
SKU-00054,Chemicals,C,72,2025-05-19,dev,120.0,0,156.0,145.8,148.7,165.0,150.9,145.4
SKU-00054,Chemicals,C,73,2025-05-26,dev,144.0,0,120.0,141.8,137.2,141.0,138.5,140.1
SKU-00054,Chemicals,C,74,2025-06-02,dev,161.0,0,144.0,141.2,139.9,174.0,146.0,136.6
SKU-00054,Chemicals,C,75,2025-06-09,dev,132.0,0,161.0,145.2,148.4,160.0,154.9,146.8
SKU-00054,Chemicals,C,76,2025-06-16,dev,143.0,0,132.0,139.2,141.8,151.0,144.4,141.8
SKU-00054,Chemicals,C,77,2025-06-23,dev,143.0,0,143.0,145.0,142.3,154.0,148.1,140.2
SKU-00054,Chemicals,C,78,2025-06-30,dev,135.0,0,143.0,144.8,142.6,130.0,150.8,141.7
SKU-00054,Chemicals,C,79,2025-07-07,dev,113.0,0,135.0,138.2,139.5,174.0,146.0,138.4
SKU-00054,Chemicals,C,80,2025-07-14,dev,114.0,0,113.0,133.5,128.9,198.0,136.2,131.5
SKU-00054,Chemicals,C,81,2025-07-21,dev,158.0,0,114.0,126.2,123.0,195.0,132.5,126.1
SKU-00054,Chemicals,C,82,2025-07-28,dev,148.0,0,158.0,130.0,137.0,165.0,148.4,133.2
SKU-00054,Chemicals,C,83,2025-08-04,dev,137.0,0,148.0,133.2,141.4,168.0,150.6,141.7
SKU-00054,Chemicals,C,84,2025-08-11,dev,157.0,0,137.0,139.2,139.6,185.0,148.4,140.6
SKU-00054,Chemicals,C,85,2025-08-18,dev,154.0,0,157.0,150.0,146.6,168.0,157.9,149.2
SKU-00054,Chemicals,C,86,2025-08-25,dev,169.0,0,154.0,149.0,149.5,151.0,158.0,151.7
SKU-00054,Chemicals,C,87,2025-09-01,dev,158.0,0,169.0,154.2,157.3,169.0,165.5,162.4
SKU-00054,Chemicals,C,88,2025-09-08,test,164.0,0,158.0,159.5,157.6,251.0,165.1,164.0
SKU-00054,Chemicals,C,89,2025-09-15,test,171.0,0,164.0,161.2,160.2,339.0,167.5,165.7
SKU-00054,Chemicals,C,90,2025-09-22,test,188.0,0,171.0,165.5,164.5,182.0,171.8,172.3
SKU-00054,Chemicals,C,91,2025-09-29,test,308.0,1,188.0,170.2,173.9,168.0,233.8,233.9
SKU-00054,Chemicals,C,92,2025-10-06,test,245.0,1,308.0,207.8,227.5,179.0,262.4,245.2
SKU-00054,Chemicals,C,93,2025-10-13,test,168.0,0,245.0,228.0,234.5,160.0,202.9,196.8
SKU-00054,Chemicals,C,94,2025-10-20,test,156.0,0,168.0,227.2,207.9,188.0,199.9,200.8
SKU-00054,Chemicals,C,95,2025-10-27,test,180.0,0,156.0,219.2,187.1,239.0,187.8,186.6
SKU-00054,Chemicals,C,96,2025-11-03,test,249.0,1,180.0,187.2,184.3,223.0,237.4,241.2
SKU-00054,Chemicals,C,97,2025-11-10,test,224.0,1,249.0,188.2,210.2,176.0,236.7,235.4
SKU-00054,Chemicals,C,98,2025-11-17,test,176.0,0,224.0,202.2,215.7,185.0,183.8,186.0
SKU-00054,Chemicals,C,99,2025-11-24,test,176.0,0,176.0,207.2,199.8,215.0,194.3,198.7
SKU-00054,Chemicals,C,100,2025-12-01,test,182.0,0,176.0,206.2,190.3,247.0,187.0,189.3
SKU-00054,Chemicals,C,101,2025-12-08,test,220.0,0,182.0,189.5,187.0,199.0,182.6,186.8
SKU-00054,Chemicals,C,102,2025-12-15,test,203.0,0,220.0,188.5,200.2,192.0,195.7,203.1
SKU-00054,Chemicals,C,103,2025-12-22,test,151.0,0,203.0,195.2,201.3,210.0,195.5,202.3
SKU-00055,Electronics,C,72,2025-05-19,dev,34.0,0,44.0,33.8,35.6,27.0,30.9,31.0
SKU-00055,Electronics,C,73,2025-05-26,dev,33.0,0,34.0,35.5,35.0,32.0,33.0,33.4
SKU-00055,Electronics,C,74,2025-06-02,dev,34.0,0,33.0,36.0,34.2,32.0,32.7,33.8
SKU-00055,Electronics,C,75,2025-06-09,dev,33.0,0,34.0,36.2,34.1,35.0,33.1,34.6
SKU-00055,Electronics,C,76,2025-06-16,dev,30.0,0,33.0,33.5,33.7,34.0,32.0,33.4
SKU-00055,Electronics,C,77,2025-06-23,dev,57.0,1,30.0,32.5,32.2,35.0,38.9,41.9
SKU-00055,Electronics,C,78,2025-06-30,dev,33.0,0,57.0,38.5,42.1,36.0,37.9,35.4
SKU-00055,Electronics,C,79,2025-07-07,dev,36.0,0,33.0,38.2,38.5,33.0,35.8,34.5
SKU-00055,Electronics,C,80,2025-07-14,dev,34.0,0,36.0,39.0,37.5,39.0,35.4,36.1
SKU-00055,Electronics,C,81,2025-07-21,dev,37.0,0,34.0,40.0,36.1,35.0,35.2,35.6
SKU-00055,Electronics,C,82,2025-07-28,dev,33.0,0,37.0,35.0,36.5,35.0,34.4,36.0
SKU-00055,Electronics,C,83,2025-08-04,dev,49.0,1,33.0,35.0,35.1,35.0,41.8,45.2
SKU-00055,Electronics,C,84,2025-08-11,dev,36.0,0,49.0,38.2,40.6,34.0,35.8,34.3
SKU-00055,Electronics,C,85,2025-08-18,dev,33.0,0,36.0,38.8,38.8,34.0,36.8,36.8
SKU-00055,Electronics,C,86,2025-08-25,dev,37.0,0,33.0,37.8,36.5,36.0,34.4,35.2
SKU-00055,Electronics,C,87,2025-09-01,dev,35.0,0,37.0,38.8,36.7,35.0,35.9,36.7
SKU-00055,Electronics,C,88,2025-09-08,test,34.0,0,35.0,35.2,36.0,35.0,34.4,35.8
SKU-00055,Electronics,C,89,2025-09-15,test,34.0,0,34.0,34.8,35.2,29.0,33.8,34.9
SKU-00055,Electronics,C,90,2025-09-22,test,31.0,0,34.0,35.0,34.7,33.0,33.7,35.0
SKU-00055,Electronics,C,91,2025-09-29,test,31.0,0,31.0,33.5,33.2,33.0,32.1,33.2
SKU-00055,Electronics,C,92,2025-10-06,test,31.0,0,31.0,32.5,32.3,27.0,31.4,32.5
SKU-00055,Electronics,C,93,2025-10-13,test,30.0,0,31.0,31.8,31.8,30.0,31.1,32.3
SKU-00055,Electronics,C,94,2025-10-20,test,29.0,0,30.0,30.8,31.1,31.0,30.4,31.5
SKU-00055,Electronics,C,95,2025-10-27,test,28.0,0,29.0,30.2,30.2,30.0,29.7,30.8
SKU-00055,Electronics,C,96,2025-11-03,test,52.0,1,28.0,29.5,29.3,27.0,37.0,38.6
SKU-00055,Electronics,C,97,2025-11-10,test,28.0,0,52.0,34.8,38.4,23.0,34.5,33.3
SKU-00055,Electronics,C,98,2025-11-17,test,25.0,0,28.0,34.2,34.2,25.0,32.0,31.3
SKU-00055,Electronics,C,99,2025-11-24,test,24.0,0,25.0,33.2,30.5,23.0,29.1,29.2
SKU-00055,Electronics,C,100,2025-12-01,test,24.0,0,24.0,32.2,27.9,24.0,27.7,27.4
SKU-00055,Electronics,C,101,2025-12-08,test,23.0,0,24.0,25.2,26.4,24.0,25.3,25.3
SKU-00055,Electronics,C,102,2025-12-15,test,22.0,0,23.0,24.0,25.0,24.0,24.5,24.3
SKU-00055,Electronics,C,103,2025-12-22,test,21.0,0,22.0,23.2,23.8,21.0,23.7,23.3
SKU-00056,Machinery Parts,A,72,2025-05-19,dev,178.0,0,161.0,174.0,172.6,154.0,161.2,167.7
SKU-00056,Machinery Parts,A,73,2025-05-26,dev,155.0,0,178.0,172.2,174.7,134.0,165.4,172.8
SKU-00056,Machinery Parts,A,74,2025-06-02,dev,195.0,0,155.0,166.8,166.8,145.0,158.2,164.6
SKU-00056,Machinery Parts,A,75,2025-06-09,dev,224.0,1,195.0,172.2,178.1,119.0,213.1,228.7
SKU-00056,Machinery Parts,A,76,2025-06-16,dev,234.0,1,224.0,188.0,196.5,159.0,210.8,210.1
SKU-00056,Machinery Parts,A,77,2025-06-23,dev,154.0,0,234.0,202.0,211.5,138.0,179.6,168.1
SKU-00056,Machinery Parts,A,78,2025-06-30,dev,153.0,0,154.0,201.8,188.5,113.0,175.5,172.7
SKU-00056,Machinery Parts,A,79,2025-07-07,dev,143.0,0,153.0,191.2,174.3,108.0,166.1,169.1
SKU-00056,Machinery Parts,A,80,2025-07-14,dev,120.0,0,143.0,171.0,161.8,122.0,155.7,158.8
SKU-00056,Machinery Parts,A,81,2025-07-21,dev,112.0,0,120.0,142.5,145.1,151.0,137.5,137.5
SKU-00056,Machinery Parts,A,82,2025-07-28,dev,172.0,1,112.0,132.0,131.8,138.0,171.1,164.7
SKU-00056,Machinery Parts,A,83,2025-08-04,dev,120.0,1,172.0,136.8,147.9,100.0,172.6,170.7
SKU-00056,Machinery Parts,A,84,2025-08-11,dev,107.0,0,120.0,131.0,136.7,106.0,114.7,122.0
SKU-00056,Machinery Parts,A,85,2025-08-18,dev,104.0,0,107.0,127.8,124.8,88.0,124.6,120.7
SKU-00056,Machinery Parts,A,86,2025-08-25,dev,122.0,0,104.0,125.8,116.5,90.0,121.4,115.9
SKU-00056,Machinery Parts,A,87,2025-09-01,dev,108.0,0,122.0,113.2,118.7,100.0,123.0,116.7
SKU-00056,Machinery Parts,A,88,2025-09-08,test,88.0,0,108.0,110.2,114.4,77.0,118.3,112.9
SKU-00056,Machinery Parts,A,89,2025-09-15,test,106.0,0,88.0,105.5,103.9,105.0,108.9,104.2
SKU-00056,Machinery Parts,A,90,2025-09-22,test,166.0,1,106.0,106.0,104.7,76.0,155.3,142.9
SKU-00056,Machinery Parts,A,91,2025-09-29,test,95.0,0,166.0,117.0,129.2,79.0,117.3,112.5
SKU-00056,Machinery Parts,A,92,2025-10-06,test,95.0,0,95.0,113.8,115.5,85.0,116.9,113.7
SKU-00056,Machinery Parts,A,93,2025-10-13,test,160.0,1,95.0,115.5,107.3,92.0,154.4,146.1
SKU-00056,Machinery Parts,A,94,2025-10-20,test,112.0,1,160.0,129.0,128.4,93.0,160.6,164.5
SKU-00056,Machinery Parts,A,95,2025-10-27,test,115.0,0,112.0,115.5,121.8,78.0,102.9,113.1
SKU-00056,Machinery Parts,A,96,2025-11-03,test,101.0,0,115.0,120.5,119.1,104.0,121.4,118.4
SKU-00056,Machinery Parts,A,97,2025-11-10,test,105.0,0,101.0,122.0,111.9,105.0,117.5,115.5
SKU-00056,Machinery Parts,A,98,2025-11-17,test,119.0,0,105.0,108.2,109.1,109.0,113.4,107.6
SKU-00056,Machinery Parts,A,99,2025-11-24,test,110.0,0,119.0,110.0,113.1,117.0,118.2,112.6
SKU-00056,Machinery Parts,A,100,2025-12-01,test,105.0,0,110.0,108.8,111.8,117.0,114.3,112.3
SKU-00056,Machinery Parts,A,101,2025-12-08,test,151.0,0,105.0,109.8,109.1,118.0,112.5,110.3
SKU-00056,Machinery Parts,A,102,2025-12-15,test,111.0,0,151.0,121.2,125.9,144.0,130.9,130.5
SKU-00056,Machinery Parts,A,103,2025-12-22,test,151.0,0,111.0,119.2,119.9,147.0,120.2,124.2
SKU-00057,Chemicals,C,72,2025-05-19,dev,58.0,0,47.0,53.2,52.5,47.0,53.8,54.0
SKU-00057,Chemicals,C,73,2025-05-26,dev,57.0,0,58.0,53.0,54.7,45.0,56.5,53.8
SKU-00057,Chemicals,C,74,2025-06-02,dev,58.0,0,57.0,55.0,55.6,35.0,58.4,55.9
SKU-00057,Chemicals,C,75,2025-06-09,dev,52.0,0,58.0,55.0,56.6,39.0,58.7,56.1
SKU-00057,Chemicals,C,76,2025-06-16,dev,49.0,0,52.0,56.2,54.7,47.0,57.2,55.7
SKU-00057,Chemicals,C,77,2025-06-23,dev,82.0,1,49.0,54.0,52.4,41.0,77.2,70.9
SKU-00057,Chemicals,C,78,2025-06-30,dev,56.0,0,82.0,60.2,64.3,42.0,58.3,56.5
SKU-00057,Chemicals,C,79,2025-07-07,dev,66.0,0,56.0,59.8,61.0,51.0,62.4,60.5
SKU-00057,Chemicals,C,80,2025-07-14,dev,71.0,0,66.0,63.2,63.0,49.0,65.4,62.2
SKU-00057,Chemicals,C,81,2025-07-21,dev,70.0,0,71.0,68.8,66.2,54.0,69.6,69.9
SKU-00057,Chemicals,C,82,2025-07-28,dev,69.0,0,70.0,65.8,67.7,54.0,68.8,68.8
SKU-00057,Chemicals,C,83,2025-08-04,dev,91.0,0,69.0,69.0,68.2,70.0,70.3,70.9
SKU-00057,Chemicals,C,84,2025-08-11,dev,81.0,0,91.0,75.2,77.3,59.0,79.9,83.2
SKU-00057,Chemicals,C,85,2025-08-18,dev,88.0,0,81.0,77.8,78.8,73.0,79.3,81.9
SKU-00057,Chemicals,C,86,2025-08-25,dev,77.0,0,88.0,82.2,82.5,68.0,82.5,85.3
SKU-00057,Chemicals,C,87,2025-09-01,dev,94.0,0,77.0,84.2,80.3,76.0,80.5,83.4
SKU-00057,Chemicals,C,88,2025-09-08,test,110.0,0,94.0,85.0,85.8,76.0,85.9,89.3
SKU-00057,Chemicals,C,89,2025-09-15,test,108.0,0,110.0,92.2,95.5,94.0,95.1,100.2
SKU-00057,Chemicals,C,90,2025-09-22,test,107.0,0,108.0,97.2,100.5,91.0,97.7,101.2
SKU-00057,Chemicals,C,91,2025-09-29,test,117.0,0,107.0,104.8,103.1,95.0,99.9,102.5
SKU-00057,Chemicals,C,92,2025-10-06,test,98.0,0,117.0,110.5,108.7,91.0,105.3,107.2
SKU-00057,Chemicals,C,93,2025-10-13,test,107.0,0,98.0,107.5,104.4,97.0,98.9,99.5
SKU-00057,Chemicals,C,94,2025-10-20,test,139.0,0,107.0,107.2,105.4,232.0,100.8,102.8
SKU-00057,Chemicals,C,95,2025-10-27,test,135.0,0,139.0,115.2,118.9,102.0,115.2,117.7
SKU-00057,Chemicals,C,96,2025-11-03,test,123.0,0,135.0,119.8,125.3,96.0,117.3,116.1
SKU-00057,Chemicals,C,97,2025-11-10,test,125.0,0,123.0,126.0,124.4,114.0,115.4,112.2
SKU-00057,Chemicals,C,98,2025-11-17,test,123.0,0,125.0,130.5,124.6,163.0,116.9,114.0
SKU-00057,Chemicals,C,99,2025-11-24,test,171.0,1,123.0,126.5,124.0,122.0,137.4,142.7
SKU-00057,Chemicals,C,100,2025-12-01,test,144.0,1,171.0,135.5,142.8,117.0,145.0,144.7
SKU-00057,Chemicals,C,101,2025-12-08,test,141.0,0,144.0,140.8,143.3,93.0,119.5,101.0
SKU-00057,Chemicals,C,102,2025-12-15,test,140.0,0,141.0,144.8,142.4,101.0,129.2,122.8
SKU-00057,Chemicals,C,103,2025-12-22,test,135.0,0,140.0,149.0,141.4,92.0,130.0,123.0
SKU-00058,Chemicals,C,72,2025-05-19,dev,112.0,0,102.0,109.2,104.6,91.0,105.5,101.9
SKU-00058,Chemicals,C,73,2025-05-26,dev,135.0,0,112.0,100.8,107.5,76.0,106.5,103.3
SKU-00058,Chemicals,C,74,2025-06-02,dev,134.0,0,135.0,109.8,118.5,93.0,119.3,122.1
SKU-00058,Chemicals,C,75,2025-06-09,dev,118.0,0,134.0,120.8,124.7,76.0,124.2,127.8
SKU-00058,Chemicals,C,76,2025-06-16,dev,116.0,0,118.0,124.8,122.0,83.0,120.5,122.6
SKU-00058,Chemicals,C,77,2025-06-23,dev,142.0,0,116.0,125.8,119.6,74.0,118.7,119.8
SKU-00058,Chemicals,C,78,2025-06-30,dev,115.0,0,142.0,127.5,128.6,114.0,129.6,135.2
SKU-00058,Chemicals,C,79,2025-07-07,dev,114.0,0,115.0,122.8,123.1,78.0,121.2,124.0
SKU-00058,Chemicals,C,80,2025-07-14,dev,109.0,0,114.0,121.8,119.5,89.0,118.9,119.6
SKU-00058,Chemicals,C,81,2025-07-21,dev,122.0,0,109.0,120.0,115.3,79.0,116.6,117.0
SKU-00058,Chemicals,C,82,2025-07-28,dev,107.0,0,122.0,115.0,118.0,106.0,118.7,120.2
SKU-00058,Chemicals,C,83,2025-08-04,dev,150.0,0,107.0,113.0,113.6,85.0,114.7,116.1
SKU-00058,Chemicals,C,84,2025-08-11,dev,143.0,0,150.0,122.0,128.2,126.0,131.2,136.2
SKU-00058,Chemicals,C,85,2025-08-18,dev,138.0,0,143.0,130.5,134.1,126.0,134.8,141.0
SKU-00058,Chemicals,C,86,2025-08-25,dev,152.0,0,138.0,134.5,135.7,121.0,134.1,138.0
SKU-00058,Chemicals,C,87,2025-09-01,dev,139.0,0,152.0,145.8,142.2,100.0,142.8,148.7
SKU-00058,Chemicals,C,88,2025-09-08,test,159.0,0,139.0,143.0,140.9,99.0,138.9,144.2
SKU-00058,Chemicals,C,89,2025-09-15,test,151.0,0,159.0,147.0,148.1,105.0,146.5,152.4
SKU-00058,Chemicals,C,90,2025-09-22,test,142.0,0,151.0,150.2,149.3,191.0,146.6,152.9
SKU-00058,Chemicals,C,91,2025-09-29,test,178.0,0,142.0,147.8,146.4,146.0,142.3,146.7
SKU-00058,Chemicals,C,92,2025-10-06,test,192.0,1,178.0,157.5,159.0,143.0,193.3,207.4
SKU-00058,Chemicals,C,93,2025-10-13,test,210.0,0,192.0,165.8,172.2,254.0,149.8,148.1
SKU-00058,Chemicals,C,94,2025-10-20,test,177.0,0,210.0,180.5,187.3,168.0,179.9,183.9
SKU-00058,Chemicals,C,95,2025-10-27,test,174.0,0,177.0,189.2,183.2,155.0,173.5,171.2
SKU-00058,Chemicals,C,96,2025-11-03,test,149.0,0,174.0,188.2,179.5,138.0,169.3,168.6
SKU-00058,Chemicals,C,97,2025-11-10,test,233.0,0,149.0,177.5,167.3,170.0,157.2,156.7
SKU-00058,Chemicals,C,98,2025-11-17,test,194.0,0,233.0,183.2,193.6,184.0,185.9,191.8
SKU-00058,Chemicals,C,99,2025-11-24,test,204.0,0,194.0,187.5,193.8,119.0,180.7,177.6
SKU-00058,Chemicals,C,100,2025-12-01,test,219.0,0,204.0,195.0,197.9,173.0,182.9,182.3
SKU-00058,Chemicals,C,101,2025-12-08,test,152.0,0,219.0,212.5,206.3,139.0,194.4,190.7
SKU-00058,Chemicals,C,102,2025-12-15,test,192.0,0,152.0,192.2,184.6,133.0,166.1,159.3
SKU-00058,Chemicals,C,103,2025-12-22,test,168.0,0,192.0,191.8,187.6,135.0,174.8,174.8
SKU-00059,Chemicals,C,72,2025-05-19,dev,90.0,1,97.0,97.0,97.2,73.0,115.9,121.2
SKU-00059,Chemicals,C,73,2025-05-26,dev,100.0,1,90.0,100.2,94.3,66.0,102.6,108.9
SKU-00059,Chemicals,C,74,2025-06-02,dev,94.0,0,100.0,99.0,96.6,69.0,82.2,88.2
SKU-00059,Chemicals,C,75,2025-06-09,dev,72.0,0,94.0,95.2,95.6,61.0,91.3,95.4
SKU-00059,Chemicals,C,76,2025-06-16,dev,92.0,0,72.0,89.0,86.1,84.0,81.6,83.0
SKU-00059,Chemicals,C,77,2025-06-23,dev,87.0,0,92.0,89.5,88.5,60.0,87.0,88.9
SKU-00059,Chemicals,C,78,2025-06-30,dev,91.0,0,87.0,86.2,87.9,84.0,86.3,90.4
SKU-00059,Chemicals,C,79,2025-07-07,dev,99.0,0,91.0,85.5,89.1,87.0,86.9,89.8
SKU-00059,Chemicals,C,80,2025-07-14,dev,127.0,1,99.0,92.2,93.1,86.0,115.8,124.1
SKU-00059,Chemicals,C,81,2025-07-21,dev,89.0,0,127.0,101.0,106.6,67.0,93.6,93.8
SKU-00059,Chemicals,C,82,2025-07-28,dev,88.0,0,89.0,101.5,99.6,67.0,94.5,95.6
SKU-00059,Chemicals,C,83,2025-08-04,dev,71.0,0,88.0,100.8,95.0,120.0,92.1,94.4
SKU-00059,Chemicals,C,84,2025-08-11,dev,75.0,0,71.0,93.8,85.4,83.0,84.0,85.2
SKU-00059,Chemicals,C,85,2025-08-18,dev,91.0,0,75.0,80.8,81.2,77.0,79.7,79.9
SKU-00059,Chemicals,C,86,2025-08-25,dev,114.0,1,91.0,81.2,85.1,67.0,109.2,112.1
SKU-00059,Chemicals,C,87,2025-09-01,dev,93.0,0,114.0,87.8,96.7,118.0,85.2,83.9
SKU-00059,Chemicals,C,88,2025-09-08,test,86.0,0,93.0,93.2,95.2,82.0,93.1,95.1
SKU-00059,Chemicals,C,89,2025-09-15,test,106.0,0,86.0,96.0,91.5,76.0,89.9,92.1
SKU-00059,Chemicals,C,90,2025-09-22,test,82.0,0,106.0,99.8,97.3,74.0,97.3,101.7
SKU-00059,Chemicals,C,91,2025-09-29,test,95.0,0,82.0,91.8,91.2,77.0,87.8,91.0
SKU-00059,Chemicals,C,92,2025-10-06,test,108.0,0,95.0,92.2,92.7,82.0,91.0,93.7
SKU-00059,Chemicals,C,93,2025-10-13,test,90.0,0,108.0,97.8,98.8,85.0,98.2,102.9
SKU-00059,Chemicals,C,94,2025-10-20,test,103.0,0,90.0,93.8,95.3,82.0,91.9,94.5
SKU-00059,Chemicals,C,95,2025-10-27,test,103.0,0,103.0,99.0,98.4,82.0,96.6,99.9
SKU-00059,Chemicals,C,96,2025-11-03,test,117.0,0,103.0,101.0,100.2,92.0,97.5,101.4
SKU-00059,Chemicals,C,97,2025-11-10,test,135.0,0,117.0,103.2,106.9,82.0,103.2,107.3
SKU-00059,Chemicals,C,98,2025-11-17,test,99.0,0,135.0,114.5,118.2,83.0,114.1,117.8
SKU-00059,Chemicals,C,99,2025-11-24,test,129.0,1,99.0,113.5,110.5,86.0,127.3,131.7
SKU-00059,Chemicals,C,100,2025-12-01,test,182.0,1,129.0,120.0,117.9,77.0,124.8,127.7
SKU-00059,Chemicals,C,101,2025-12-08,test,100.0,0,182.0,136.2,143.5,97.0,126.5,115.1
SKU-00059,Chemicals,C,102,2025-12-15,test,112.0,0,100.0,127.5,126.1,98.0,111.9,102.1
SKU-00059,Chemicals,C,103,2025-12-22,test,95.0,0,112.0,130.8,120.5,107.0,111.7,109.5
SKU-00060,Raw Materials,C,72,2025-05-19,dev,27.0,0,30.0,41.8,38.2,30.0,35.8,35.8
SKU-00060,Raw Materials,C,73,2025-05-26,dev,25.0,0,27.0,37.5,33.7,24.0,32.3,31.1
SKU-00060,Raw Materials,C,74,2025-06-02,dev,30.0,0,25.0,31.2,30.2,18.0,29.8,28.4
SKU-00060,Raw Materials,C,75,2025-06-09,dev,24.0,0,30.0,28.0,30.1,16.0,30.1,27.9
SKU-00060,Raw Materials,C,76,2025-06-16,dev,25.0,0,24.0,26.5,27.7,19.0,27.8,27.0
SKU-00060,Raw Materials,C,77,2025-06-23,dev,31.0,0,25.0,26.0,26.6,19.0,27.4,25.8
SKU-00060,Raw Materials,C,78,2025-06-30,dev,24.0,0,31.0,27.5,28.4,24.0,30.1,27.7
SKU-00060,Raw Materials,C,79,2025-07-07,dev,27.0,0,24.0,26.0,26.6,25.0,27.5,26.8
SKU-00060,Raw Materials,C,80,2025-07-14,dev,25.0,0,27.0,26.8,26.8,20.0,28.2,26.3
SKU-00060,Raw Materials,C,81,2025-07-21,dev,28.0,0,25.0,26.8,26.1,26.0,27.7,26.3
SKU-00060,Raw Materials,C,82,2025-07-28,dev,24.0,0,28.0,26.0,26.8,20.0,28.4,26.3
SKU-00060,Raw Materials,C,83,2025-08-04,dev,34.0,0,24.0,26.0,25.7,30.0,27.5,26.2
SKU-00060,Raw Materials,C,84,2025-08-11,dev,33.0,0,34.0,27.8,29.0,26.0,31.2,29.3
SKU-00060,Raw Materials,C,85,2025-08-18,dev,26.0,0,33.0,29.8,30.6,29.0,32.3,32.1
SKU-00060,Raw Materials,C,86,2025-08-25,dev,32.0,0,26.0,29.2,28.8,29.0,29.7,28.9
SKU-00060,Raw Materials,C,87,2025-09-01,dev,29.0,0,32.0,31.2,30.1,24.0,32.1,31.1
SKU-00060,Raw Materials,C,88,2025-09-08,test,57.0,1,29.0,30.0,29.6,27.0,41.7,40.3
SKU-00060,Raw Materials,C,89,2025-09-15,test,54.0,1,57.0,36.0,40.6,41.0,47.9,44.5
SKU-00060,Raw Materials,C,90,2025-09-22,test,47.0,0,54.0,43.0,45.9,38.0,40.8,38.6
SKU-00060,Raw Materials,C,91,2025-09-29,test,41.0,0,47.0,46.8,46.4,32.0,44.9,45.2
SKU-00060,Raw Materials,C,92,2025-10-06,test,44.0,0,41.0,49.8,44.2,34.0,43.5,43.8
SKU-00060,Raw Materials,C,93,2025-10-13,test,45.0,0,44.0,46.5,44.1,31.0,43.1,44.5
SKU-00060,Raw Materials,C,94,2025-10-20,test,43.0,0,45.0,44.2,44.5,40.0,43.1,44.8
SKU-00060,Raw Materials,C,95,2025-10-27,test,52.0,0,43.0,43.2,43.9,36.0,42.3,43.8
SKU-00060,Raw Materials,C,96,2025-11-03,test,45.0,0,52.0,46.0,47.1,45.0,46.0,47.9
SKU-00060,Raw Materials,C,97,2025-11-10,test,44.0,0,45.0,46.2,46.3,46.0,44.3,45.6
SKU-00060,Raw Materials,C,98,2025-11-17,test,55.0,0,44.0,46.0,45.4,45.0,43.3,44.4
SKU-00060,Raw Materials,C,99,2025-11-24,test,51.0,1,55.0,49.0,49.2,52.0,58.5,62.2
SKU-00060,Raw Materials,C,100,2025-12-01,test,74.0,1,51.0,48.8,49.9,46.0,52.4,52.5
SKU-00060,Raw Materials,C,101,2025-12-08,test,56.0,0,74.0,56.0,59.6,39.0,51.9,46.8
SKU-00060,Raw Materials,C,102,2025-12-15,test,54.0,0,56.0,59.0,58.1,41.0,53.7,51.0
SKU-00060,Raw Materials,C,103,2025-12-22,test,36.0,0,54.0,58.8,56.5,54.0,51.9,51.0
SKU-00061,Textiles,C,72,2025-05-19,dev,183.0,0,177.0,172.8,174.0,123.0,169.4,170.6
SKU-00061,Textiles,C,73,2025-05-26,dev,215.0,1,183.0,175.2,177.6,168.0,224.1,230.2
SKU-00061,Textiles,C,74,2025-06-02,dev,222.0,1,215.0,183.2,192.6,127.0,215.7,217.1
SKU-00061,Textiles,C,75,2025-06-09,dev,183.0,0,222.0,199.2,204.3,167.0,174.9,179.0
SKU-00061,Textiles,C,76,2025-06-16,dev,183.0,0,183.0,200.8,195.8,149.0,187.6,191.4
SKU-00061,Textiles,C,77,2025-06-23,dev,178.0,0,183.0,200.8,190.7,144.0,185.1,190.9
SKU-00061,Textiles,C,78,2025-06-30,dev,172.0,0,178.0,191.5,185.6,150.0,182.3,189.0
SKU-00061,Textiles,C,79,2025-07-07,dev,204.0,0,172.0,179.0,180.2,165.0,176.1,180.9
SKU-00061,Textiles,C,80,2025-07-14,dev,225.0,0,204.0,184.2,189.7,167.0,188.2,196.6
SKU-00061,Textiles,C,81,2025-07-21,dev,267.0,1,225.0,194.8,203.8,214.0,252.1,268.7
SKU-00061,Textiles,C,82,2025-07-28,dev,172.0,0,267.0,217.0,229.1,177.0,199.8,199.5
SKU-00061,Textiles,C,83,2025-08-04,dev,195.0,1,172.0,217.0,206.3,172.0,247.9,261.8
SKU-00061,Textiles,C,84,2025-08-11,dev,237.0,1,195.0,214.8,201.8,145.0,224.1,234.5
SKU-00061,Textiles,C,85,2025-08-18,dev,200.0,1,237.0,217.8,215.9,189.0,240.7,244.0
SKU-00061,Textiles,C,86,2025-08-25,dev,264.0,1,200.0,201.0,209.5,166.0,226.2,229.2
SKU-00061,Textiles,C,87,2025-09-01,dev,220.0,0,264.0,224.0,231.3,164.0,203.1,202.2
SKU-00061,Textiles,C,88,2025-09-08,test,184.0,0,220.0,230.2,226.8,170.0,219.6,224.9
SKU-00061,Textiles,C,89,2025-09-15,test,188.0,0,184.0,217.0,209.7,192.0,200.1,204.5
SKU-00061,Textiles,C,90,2025-09-22,test,198.0,0,188.0,214.0,201.0,141.0,197.0,202.3
SKU-00061,Textiles,C,91,2025-09-29,test,212.0,0,198.0,197.5,199.8,172.0,194.8,202.4
SKU-00061,Textiles,C,92,2025-10-06,test,210.0,0,212.0,195.5,204.7,197.0,199.6,207.1
SKU-00061,Textiles,C,93,2025-10-13,test,228.0,0,210.0,202.0,206.8,169.0,201.7,209.0
SKU-00061,Textiles,C,94,2025-10-20,test,208.0,0,228.0,212.0,215.3,215.0,211.1,219.3
SKU-00061,Textiles,C,95,2025-10-27,test,208.0,0,208.0,214.5,212.4,209.0,206.0,213.3
SKU-00061,Textiles,C,96,2025-11-03,test,203.0,0,208.0,213.5,210.6,216.0,202.7,209.2
SKU-00061,Textiles,C,97,2025-11-10,test,192.0,0,203.0,211.8,207.6,292.0,200.6,207.8
SKU-00061,Textiles,C,98,2025-11-17,test,246.0,0,192.0,202.8,201.3,205.0,193.8,200.6
SKU-00061,Textiles,C,99,2025-11-24,test,188.0,0,246.0,212.2,219.2,207.0,214.4,223.4
SKU-00061,Textiles,C,100,2025-12-01,test,245.0,0,188.0,207.2,206.7,201.0,195.0,200.1
SKU-00061,Textiles,C,101,2025-12-08,test,196.0,0,245.0,217.8,222.0,159.0,213.8,220.7
SKU-00061,Textiles,C,102,2025-12-15,test,194.0,0,196.0,218.8,211.6,151.0,201.4,207.9
SKU-00061,Textiles,C,103,2025-12-22,test,205.0,0,194.0,205.8,204.6,185.0,193.1,197.9
SKU-00062,Raw Materials,C,72,2025-05-19,dev,26.0,0,23.0,26.5,25.1,20.0,24.3,24.2
SKU-00062,Raw Materials,C,73,2025-05-26,dev,23.0,0,26.0,24.2,25.5,24.0,24.5,24.7
SKU-00062,Raw Materials,C,74,2025-06-02,dev,25.0,0,23.0,24.0,24.5,20.0,23.9,24.2
SKU-00062,Raw Materials,C,75,2025-06-09,dev,24.0,0,25.0,24.2,24.7,21.0,24.4,24.7
SKU-00062,Raw Materials,C,76,2025-06-16,dev,30.0,1,24.0,24.5,24.4,21.0,31.6,31.9
SKU-00062,Raw Materials,C,77,2025-06-23,dev,26.0,0,30.0,25.5,26.6,21.0,22.8,23.0
SKU-00062,Raw Materials,C,78,2025-06-30,dev,22.0,0,26.0,26.2,26.4,22.0,26.0,26.9
SKU-00062,Raw Materials,C,79,2025-07-07,dev,21.0,0,22.0,25.5,24.6,17.0,24.2,24.5
SKU-00062,Raw Materials,C,80,2025-07-14,dev,20.0,0,21.0,24.8,23.2,20.0,23.3,23.1
SKU-00062,Raw Materials,C,81,2025-07-21,dev,21.0,0,20.0,22.2,21.9,20.0,22.0,21.4
SKU-00062,Raw Materials,C,82,2025-07-28,dev,26.0,0,21.0,21.0,21.5,21.0,21.9,20.9
SKU-00062,Raw Materials,C,83,2025-08-04,dev,24.0,0,26.0,22.0,23.3,22.0,24.1,24.3
SKU-00062,Raw Materials,C,84,2025-08-11,dev,21.0,0,24.0,22.8,23.6,21.0,24.0,24.5
SKU-00062,Raw Materials,C,85,2025-08-18,dev,25.0,0,21.0,23.0,22.6,26.0,22.9,23.0
SKU-00062,Raw Materials,C,86,2025-08-25,dev,27.0,0,25.0,24.0,23.5,21.0,24.3,24.7
SKU-00062,Raw Materials,C,87,2025-09-01,dev,20.0,0,27.0,24.2,24.9,19.0,25.5,26.4
SKU-00062,Raw Materials,C,88,2025-09-08,test,31.0,0,20.0,23.2,23.0,22.0,23.0,23.4
SKU-00062,Raw Materials,C,89,2025-09-15,test,27.0,0,31.0,25.8,26.2,24.0,27.1,28.0
SKU-00062,Raw Materials,C,90,2025-09-22,test,26.0,1,27.0,26.2,26.5,25.0,34.1,35.8
SKU-00062,Raw Materials,C,91,2025-09-29,test,34.0,1,26.0,26.0,26.3,24.0,29.8,31.0
SKU-00062,Raw Materials,C,92,2025-10-06,test,28.0,0,34.0,29.5,29.4,24.0,26.2,27.0
SKU-00062,Raw Materials,C,93,2025-10-13,test,28.0,0,28.0,28.8,28.8,26.0,28.2,29.1
SKU-00062,Raw Materials,C,94,2025-10-20,test,28.0,0,28.0,29.0,28.5,27.0,27.9,28.7
SKU-00062,Raw Materials,C,95,2025-10-27,test,38.0,1,28.0,29.5,28.3,25.0,35.5,38.5
SKU-00062,Raw Materials,C,96,2025-11-03,test,66.0,1,38.0,30.5,32.2,26.0,35.5,34.7
SKU-00062,Raw Materials,C,97,2025-11-10,test,33.0,1,66.0,40.0,45.7,22.0,48.9,49.3
SKU-00062,Raw Materials,C,98,2025-11-17,test,34.0,0,33.0,41.2,40.6,27.0,33.1,27.6
SKU-00062,Raw Materials,C,99,2025-11-24,test,38.0,0,34.0,42.8,38.0,30.0,35.4,34.2
SKU-00062,Raw Materials,C,100,2025-12-01,test,34.0,0,38.0,42.8,38.0,30.0,36.4,35.1
SKU-00062,Raw Materials,C,101,2025-12-08,test,37.0,0,34.0,34.8,36.4,26.0,32.8,33.3
SKU-00062,Raw Materials,C,102,2025-12-15,test,33.0,0,37.0,35.8,36.6,24.0,34.0,34.7
SKU-00062,Raw Materials,C,103,2025-12-22,test,35.0,0,33.0,35.5,35.2,30.0,32.9,33.1
SKU-00063,Machinery Parts,B,72,2025-05-19,dev,565.0,1,553.0,505.0,524.5,389.0,537.3,523.5
SKU-00063,Machinery Parts,B,73,2025-05-26,dev,358.0,0,565.0,544.8,540.7,388.0,452.5,412.0
SKU-00063,Machinery Parts,B,74,2025-06-02,dev,404.0,0,358.0,528.0,467.6,337.0,430.1,413.8
SKU-00063,Machinery Parts,B,75,2025-06-09,dev,427.0,0,404.0,470.0,442.2,343.0,411.6,418.7
SKU-00063,Machinery Parts,B,76,2025-06-16,dev,395.0,0,427.0,438.5,436.1,311.0,411.7,430.4
SKU-00063,Machinery Parts,B,77,2025-06-23,dev,357.0,0,395.0,396.0,419.7,305.0,388.8,402.5
SKU-00063,Machinery Parts,B,78,2025-06-30,dev,336.0,0,357.0,395.8,394.6,257.0,377.3,390.5
SKU-00063,Machinery Parts,B,79,2025-07-07,dev,364.0,0,336.0,378.8,371.2,287.0,358.8,368.2
SKU-00063,Machinery Parts,B,80,2025-07-14,dev,323.0,0,364.0,363.0,368.3,331.0,359.1,371.6
SKU-00063,Machinery Parts,B,81,2025-07-21,dev,268.0,0,323.0,345.0,350.2,306.0,338.8,349.3
SKU-00063,Machinery Parts,B,82,2025-07-28,dev,283.0,0,268.0,322.8,317.3,283.0,309.7,307.8
SKU-00063,Machinery Parts,B,83,2025-08-04,dev,267.0,0,283.0,309.5,303.6,230.0,307.9,304.3
SKU-00063,Machinery Parts,B,84,2025-08-11,dev,266.0,0,267.0,285.2,289.0,222.0,293.7,284.4
SKU-00063,Machinery Parts,B,85,2025-08-18,dev,283.0,1,266.0,271.0,279.8,218.0,384.9,362.8
SKU-00063,Machinery Parts,B,86,2025-08-25,dev,308.0,1,283.0,274.8,281.1,219.0,343.3,353.2
SKU-00063,Machinery Parts,B,87,2025-09-01,dev,240.0,0,308.0,281.0,291.8,216.0,256.7,264.6
SKU-00063,Machinery Parts,B,88,2025-09-08,test,258.0,0,240.0,274.2,271.1,245.0,279.9,272.9
SKU-00063,Machinery Parts,B,89,2025-09-15,test,251.0,0,258.0,272.2,265.9,252.0,279.9,261.8
SKU-00063,Machinery Parts,B,90,2025-09-22,test,240.0,0,251.0,264.2,259.9,195.0,275.8,259.6
SKU-00063,Machinery Parts,B,91,2025-09-29,test,218.0,0,240.0,247.2,252.0,206.0,264.6,250.6
SKU-00063,Machinery Parts,B,92,2025-10-06,test,248.0,0,218.0,241.8,238.4,192.0,254.3,242.6
SKU-00063,Machinery Parts,B,93,2025-10-13,test,254.0,0,248.0,239.2,242.2,197.0,261.6,242.3
SKU-00063,Machinery Parts,B,94,2025-10-20,test,334.0,1,254.0,240.0,246.9,208.0,364.1,339.8
SKU-00063,Machinery Parts,B,95,2025-10-27,test,270.0,0,334.0,263.5,281.8,224.0,252.7,254.6
SKU-00063,Machinery Parts,B,96,2025-11-03,test,255.0,0,270.0,276.5,277.1,238.0,286.3,289.2
SKU-00063,Machinery Parts,B,97,2025-11-10,test,256.0,0,255.0,278.2,268.2,244.0,277.8,271.6
SKU-00063,Machinery Parts,B,98,2025-11-17,test,317.0,0,256.0,278.8,263.3,324.0,277.1,268.6
SKU-00063,Machinery Parts,B,99,2025-11-24,test,284.0,0,317.0,274.5,284.8,275.0,296.7,289.9
SKU-00063,Machinery Parts,B,100,2025-12-01,test,311.0,0,284.0,278.0,284.5,291.0,287.9,290.9
SKU-00063,Machinery Parts,B,101,2025-12-08,test,339.0,0,311.0,292.0,295.1,294.0,300.0,299.8
SKU-00063,Machinery Parts,B,102,2025-12-15,test,388.0,0,339.0,312.8,312.7,250.0,318.7,328.7
SKU-00063,Machinery Parts,B,103,2025-12-22,test,349.0,0,388.0,330.5,342.8,318.0,343.2,355.4
SKU-00064,Textiles,B,72,2025-05-19,dev,431.0,0,241.0,226.2,232.4,346.0,241.5,229.3
SKU-00064,Textiles,B,73,2025-05-26,dev,339.0,0,431.0,284.8,311.9,233.0,328.3,333.9
SKU-00064,Textiles,B,74,2025-06-02,dev,285.0,0,339.0,298.0,322.7,281.0,320.5,310.2
SKU-00064,Textiles,B,75,2025-06-09,dev,233.0,0,285.0,324.0,307.6,273.0,306.1,307.3
SKU-00064,Textiles,B,76,2025-06-16,dev,333.0,0,233.0,322.0,277.8,228.0,284.2,282.3
SKU-00064,Textiles,B,77,2025-06-23,dev,370.0,0,333.0,297.5,299.9,265.0,306.9,297.3
SKU-00064,Textiles,B,78,2025-06-30,dev,406.0,0,370.0,305.2,327.9,276.0,333.1,344.1
SKU-00064,Textiles,B,79,2025-07-07,dev,330.0,0,406.0,335.5,359.2,291.0,360.2,372.0
SKU-00064,Textiles,B,80,2025-07-14,dev,312.0,0,330.0,359.8,347.5,434.0,346.8,354.3
SKU-00064,Textiles,B,81,2025-07-21,dev,378.0,0,312.0,354.5,333.3,300.0,332.8,336.2
SKU-00064,Textiles,B,82,2025-07-28,dev,464.0,1,378.0,356.5,351.2,393.0,453.8,470.1
SKU-00064,Textiles,B,83,2025-08-04,dev,833.0,1,464.0,371.0,396.3,393.0,448.2,439.7
SKU-00064,Textiles,B,84,2025-08-11,dev,598.0,0,833.0,496.8,571.0,547.0,523.7,483.8
SKU-00064,Textiles,B,85,2025-08-18,dev,627.0,1,598.0,568.2,581.8,340.0,645.9,612.9
SKU-00064,Textiles,B,86,2025-08-25,dev,1092.0,1,627.0,630.5,599.9,402.0,616.1,609.2
SKU-00064,Textiles,B,87,2025-09-01,dev,450.0,1,1092.0,787.5,796.7,307.0,830.3,820.4
SKU-00064,Textiles,B,88,2025-09-08,test,760.0,1,450.0,691.8,658.0,305.0,621.1,550.7
SKU-00064,Textiles,B,89,2025-09-15,test,563.0,1,760.0,732.2,698.8,449.0,699.3,686.9
SKU-00064,Textiles,B,90,2025-09-22,test,505.0,0,563.0,716.2,644.5,413.0,550.9,508.9
SKU-00064,Textiles,B,91,2025-09-29,test,652.0,0,505.0,569.5,588.7,404.0,518.5,505.8
SKU-00064,Textiles,B,92,2025-10-06,test,599.0,0,652.0,620.0,614.0,657.0,576.8,562.8
SKU-00064,Textiles,B,93,2025-10-13,test,655.0,1,599.0,579.8,608.0,485.0,655.7,665.5
SKU-00064,Textiles,B,94,2025-10-20,test,1120.0,1,655.0,602.8,626.8,458.0,630.8,629.9
SKU-00064,Textiles,B,95,2025-10-27,test,392.0,0,1120.0,756.5,824.1,384.0,738.1,664.6
SKU-00064,Textiles,B,96,2025-11-03,test,461.0,0,392.0,691.5,651.3,377.0,553.8,440.3
SKU-00064,Textiles,B,97,2025-11-10,test,518.0,0,461.0,657.0,575.2,563.0,513.8,477.7
SKU-00064,Textiles,B,98,2025-11-17,test,375.0,0,518.0,622.8,552.3,561.0,523.4,497.0
SKU-00064,Textiles,B,99,2025-11-24,test,412.0,0,375.0,436.5,481.4,450.0,417.8,422.0
SKU-00064,Textiles,B,100,2025-12-01,test,534.0,0,412.0,441.5,453.6,433.0,415.4,422.0
SKU-00064,Textiles,B,101,2025-12-08,test,399.0,0,534.0,459.8,485.8,427.0,462.7,479.4
SKU-00064,Textiles,B,102,2025-12-15,test,331.0,0,399.0,430.0,451.1,386.0,414.1,418.2
SKU-00064,Textiles,B,103,2025-12-22,test,548.0,0,331.0,419.0,403.0,492.0,370.3,377.2
SKU-00065,Chemicals,B,72,2025-05-19,dev,21.0,0,20.0,24.8,24.3,25.0,24.1,24.4
SKU-00065,Chemicals,B,73,2025-05-26,dev,22.0,0,21.0,23.8,23.0,27.0,23.3,22.7
SKU-00065,Chemicals,B,74,2025-06-02,dev,22.0,0,22.0,23.8,22.6,27.0,23.9,22.7
SKU-00065,Chemicals,B,75,2025-06-09,dev,20.0,0,22.0,21.2,22.3,29.0,23.2,22.1
SKU-00065,Chemicals,B,76,2025-06-16,dev,22.0,0,20.0,21.2,21.4,25.0,22.5,21.8
SKU-00065,Chemicals,B,77,2025-06-23,dev,23.0,0,22.0,21.5,21.6,27.0,23.0,21.8
SKU-00065,Chemicals,B,78,2025-06-30,dev,21.0,0,23.0,21.8,22.2,25.0,24.0,22.4
SKU-00065,Chemicals,B,79,2025-07-07,dev,27.0,0,21.0,21.5,21.7,28.0,23.2,22.2
SKU-00065,Chemicals,B,80,2025-07-14,dev,25.0,0,27.0,23.2,23.8,28.0,25.7,23.4
SKU-00065,Chemicals,B,81,2025-07-21,dev,25.0,0,25.0,24.0,24.3,30.0,25.7,24.5
SKU-00065,Chemicals,B,82,2025-07-28,dev,38.0,1,25.0,24.5,24.6,29.0,35.0,32.9
SKU-00065,Chemicals,B,83,2025-08-04,dev,33.0,1,38.0,28.8,29.9,30.0,36.7,36.4
SKU-00065,Chemicals,B,84,2025-08-11,dev,25.0,0,33.0,30.2,31.2,31.0,27.3,27.0
SKU-00065,Chemicals,B,85,2025-08-18,dev,22.0,0,25.0,30.2,28.7,30.0,28.9,29.2
SKU-00065,Chemicals,B,86,2025-08-25,dev,26.0,0,22.0,29.5,26.0,54.0,27.1,26.2
SKU-00065,Chemicals,B,87,2025-09-01,dev,21.0,0,26.0,26.5,26.0,33.0,27.3,26.0
SKU-00065,Chemicals,B,88,2025-09-08,test,27.0,0,21.0,23.5,24.0,36.0,24.9,23.7
SKU-00065,Chemicals,B,89,2025-09-15,test,25.0,0,27.0,24.0,25.2,34.0,26.7,24.7
SKU-00065,Chemicals,B,90,2025-09-22,test,30.0,0,25.0,24.8,25.1,30.0,26.7,25.5
SKU-00065,Chemicals,B,91,2025-09-29,test,28.0,1,30.0,25.8,27.1,34.0,37.6,35.8
SKU-00065,Chemicals,B,92,2025-10-06,test,50.0,1,28.0,27.5,27.4,38.0,33.4,35.3
SKU-00065,Chemicals,B,93,2025-10-13,test,30.0,1,50.0,33.2,36.5,36.0,42.6,39.9
SKU-00065,Chemicals,B,94,2025-10-20,test,42.0,1,30.0,34.5,33.9,31.0,38.0,40.1
SKU-00065,Chemicals,B,95,2025-10-27,test,34.0,1,42.0,37.5,37.1,38.0,41.9,41.6
SKU-00065,Chemicals,B,96,2025-11-03,test,27.0,0,34.0,39.0,35.9,37.0,31.1,34.8
SKU-00065,Chemicals,B,97,2025-11-10,test,25.0,0,27.0,33.2,32.3,36.0,30.9,31.5
SKU-00065,Chemicals,B,98,2025-11-17,test,30.0,0,25.0,32.0,29.4,32.0,29.3,29.1
SKU-00065,Chemicals,B,99,2025-11-24,test,33.0,0,30.0,29.0,29.6,35.0,29.8,30.0
SKU-00065,Chemicals,B,100,2025-12-01,test,25.0,0,33.0,28.8,31.0,39.0,30.7,31.7
SKU-00065,Chemicals,B,101,2025-12-08,test,40.0,1,25.0,28.2,28.6,37.0,37.1,37.0
SKU-00065,Chemicals,B,102,2025-12-15,test,30.0,0,40.0,32.0,33.2,29.0,29.1,29.0
SKU-00065,Chemicals,B,103,2025-12-22,test,26.0,0,30.0,32.0,31.9,37.0,31.2,32.3
SKU-00066,Textiles,C,72,2025-05-19,dev,99.0,0,104.0,100.8,100.2,100.0,103.6,100.6
SKU-00066,Textiles,C,73,2025-05-26,dev,107.0,0,99.0,103.2,99.7,111.0,103.3,101.5
SKU-00066,Textiles,C,74,2025-06-02,dev,99.0,0,107.0,101.8,102.6,107.0,106.9,101.3
SKU-00066,Textiles,C,75,2025-06-09,dev,128.0,0,99.0,102.2,101.2,113.0,105.1,101.6
SKU-00066,Textiles,C,76,2025-06-16,dev,120.0,0,128.0,108.2,111.9,135.0,116.6,110.6
SKU-00066,Textiles,C,77,2025-06-23,dev,123.0,0,120.0,113.5,115.1,103.0,118.0,116.8
SKU-00066,Textiles,C,78,2025-06-30,dev,134.0,0,123.0,117.5,118.3,145.0,121.5,120.4
SKU-00066,Textiles,C,79,2025-07-07,dev,148.0,0,134.0,126.2,124.6,161.0,128.6,131.0
SKU-00066,Textiles,C,80,2025-07-14,dev,131.0,0,148.0,131.2,133.9,126.0,136.1,141.0
SKU-00066,Textiles,C,81,2025-07-21,dev,143.0,0,131.0,134.0,132.8,151.0,132.8,136.1
SKU-00066,Textiles,C,82,2025-07-28,dev,133.0,0,143.0,139.0,136.9,162.0,137.6,141.9
SKU-00066,Textiles,C,83,2025-08-04,dev,157.0,0,133.0,138.8,135.3,173.0,136.6,141.1
SKU-00066,Textiles,C,84,2025-08-11,dev,177.0,0,157.0,141.0,144.0,180.0,144.9,150.4
SKU-00066,Textiles,C,85,2025-08-18,dev,153.0,0,177.0,152.5,157.2,189.0,157.5,165.6
SKU-00066,Textiles,C,86,2025-08-25,dev,182.0,0,153.0,155.0,155.5,180.0,152.2,156.6
SKU-00066,Textiles,C,87,2025-09-01,dev,163.0,0,182.0,167.2,166.1,196.0,165.1,171.9
SKU-00066,Textiles,C,88,2025-09-08,test,162.0,0,163.0,168.8,164.9,194.0,161.4,168.3
SKU-00066,Textiles,C,89,2025-09-15,test,198.0,0,162.0,165.0,163.7,184.0,159.0,164.4
SKU-00066,Textiles,C,90,2025-09-22,test,184.0,0,198.0,176.2,177.4,191.0,175.0,183.6
SKU-00066,Textiles,C,91,2025-09-29,test,217.0,1,184.0,176.8,180.1,166.0,212.7,225.6
SKU-00066,Textiles,C,92,2025-10-06,test,188.0,1,217.0,190.2,194.8,155.0,208.8,209.5
SKU-00066,Textiles,C,93,2025-10-13,test,242.0,1,188.0,196.8,192.1,164.0,203.8,207.6
SKU-00066,Textiles,C,94,2025-10-20,test,174.0,0,242.0,207.8,212.1,172.0,184.7,171.0
SKU-00066,Textiles,C,95,2025-10-27,test,198.0,0,174.0,205.2,196.8,188.0,184.0,178.9
SKU-00066,Textiles,C,96,2025-11-03,test,286.0,1,198.0,200.5,197.3,158.0,224.7,235.5
SKU-00066,Textiles,C,97,2025-11-10,test,270.0,1,286.0,225.0,232.8,185.0,245.4,250.0
SKU-00066,Textiles,C,98,2025-11-17,test,177.0,0,270.0,232.0,247.7,196.0,209.8,179.2
SKU-00066,Textiles,C,99,2025-11-24,test,165.0,0,177.0,232.8,219.4,182.0,197.6,182.8
SKU-00066,Textiles,C,100,2025-12-01,test,166.0,0,165.0,224.5,197.6,180.0,182.5,174.1
SKU-00066,Textiles,C,101,2025-12-08,test,179.0,0,166.0,194.5,185.0,177.0,171.6,169.7
SKU-00066,Textiles,C,102,2025-12-15,test,157.0,0,179.0,171.8,182.6,142.0,167.7,173.6
SKU-00066,Textiles,C,103,2025-12-22,test,151.0,0,157.0,166.8,172.4,147.0,159.5,164.3
SKU-00067,Packaging,A,72,2025-05-19,dev,291.0,0,223.0,296.8,270.5,330.0,263.0,263.0
SKU-00067,Packaging,A,73,2025-05-26,dev,216.0,0,291.0,287.2,278.7,299.0,277.4,272.2
SKU-00067,Packaging,A,74,2025-06-02,dev,303.0,0,216.0,254.8,253.6,222.0,249.8,249.1
SKU-00067,Packaging,A,75,2025-06-09,dev,394.0,0,303.0,258.2,273.4,282.0,276.0,268.8
SKU-00067,Packaging,A,76,2025-06-16,dev,393.0,0,394.0,301.0,321.6,365.0,326.5,345.7
SKU-00067,Packaging,A,77,2025-06-23,dev,477.0,1,393.0,326.5,350.2,299.0,429.5,436.4
SKU-00067,Packaging,A,78,2025-06-30,dev,280.0,0,477.0,391.8,400.9,338.0,353.6,348.0
SKU-00067,Packaging,A,79,2025-07-07,dev,401.0,0,280.0,386.0,352.5,319.0,334.9,333.5
SKU-00067,Packaging,A,80,2025-07-14,dev,346.0,0,401.0,387.8,371.9,312.0,364.2,377.9
SKU-00067,Packaging,A,81,2025-07-21,dev,320.0,0,346.0,376.0,361.6,330.0,350.5,366.6
SKU-00067,Packaging,A,82,2025-07-28,dev,269.0,0,320.0,336.8,344.9,257.0,326.9,335.9
SKU-00067,Packaging,A,83,2025-08-04,dev,285.0,0,269.0,334.0,314.6,355.0,309.5,315.0
SKU-00067,Packaging,A,84,2025-08-11,dev,259.0,0,285.0,305.0,302.7,324.0,300.5,303.0
SKU-00067,Packaging,A,85,2025-08-18,dev,350.0,0,259.0,283.2,285.2,336.0,284.2,287.1
SKU-00067,Packaging,A,86,2025-08-25,dev,328.0,0,350.0,290.8,311.1,306.0,313.3,325.0
SKU-00067,Packaging,A,87,2025-09-01,dev,338.0,0,328.0,305.5,317.9,356.0,318.5,330.9
SKU-00067,Packaging,A,88,2025-09-08,test,340.0,0,338.0,318.8,325.9,240.0,324.2,333.4
SKU-00067,Packaging,A,89,2025-09-15,test,313.0,0,340.0,339.0,331.6,379.0,332.0,344.8
SKU-00067,Packaging,A,90,2025-09-22,test,327.0,0,313.0,329.8,324.1,311.0,320.2,330.8
SKU-00067,Packaging,A,91,2025-09-29,test,377.0,0,327.0,329.5,325.3,323.0,322.6,334.1
SKU-00067,Packaging,A,92,2025-10-06,test,221.0,0,377.0,339.2,346.0,300.0,344.1,358.3
SKU-00067,Packaging,A,93,2025-10-13,test,240.0,0,221.0,309.5,296.0,310.0,286.2,292.4
SKU-00067,Packaging,A,94,2025-10-20,test,279.0,0,240.0,291.2,273.6,318.0,274.7,268.5
SKU-00067,Packaging,A,95,2025-10-27,test,350.0,0,279.0,279.2,275.8,272.0,283.9,287.2
SKU-00067,Packaging,A,96,2025-11-03,test,344.0,0,350.0,272.5,305.5,360.0,305.1,316.8
SKU-00067,Packaging,A,97,2025-11-10,test,296.0,0,344.0,303.2,320.9,333.0,318.2,329.6
SKU-00067,Packaging,A,98,2025-11-17,test,259.0,0,296.0,317.2,310.9,284.0,306.7,315.3
SKU-00067,Packaging,A,99,2025-11-24,test,278.0,0,259.0,312.2,290.2,325.0,288.9,294.3
SKU-00067,Packaging,A,100,2025-12-01,test,288.0,0,278.0,294.2,285.3,286.0,281.9,284.7
SKU-00067,Packaging,A,101,2025-12-08,test,267.0,0,288.0,280.2,286.4,238.0,282.5,289.1
SKU-00067,Packaging,A,102,2025-12-15,test,243.0,0,267.0,273.0,278.6,222.0,274.3,279.3
SKU-00067,Packaging,A,103,2025-12-22,test,247.0,0,243.0,269.0,264.4,278.0,263.3,265.6
SKU-00068,Electronics,A,72,2025-05-19,dev,271.0,0,335.0,321.8,314.9,289.0,305.5,316.9
SKU-00068,Electronics,A,73,2025-05-26,dev,508.0,1,271.0,312.2,297.3,248.0,365.2,389.8
SKU-00068,Electronics,A,74,2025-06-02,dev,296.0,0,508.0,350.5,381.6,248.0,338.0,326.2
SKU-00068,Electronics,A,75,2025-06-09,dev,347.0,0,296.0,352.5,347.4,269.0,324.2,318.5
SKU-00068,Electronics,A,76,2025-06-16,dev,290.0,0,347.0,355.5,347.2,289.0,329.0,337.1
SKU-00068,Electronics,A,77,2025-06-23,dev,298.0,0,290.0,360.2,324.3,374.0,314.5,321.8
SKU-00068,Electronics,A,78,2025-06-30,dev,371.0,0,298.0,307.8,313.8,313.0,298.7,308.9
SKU-00068,Electronics,A,79,2025-07-07,dev,323.0,0,371.0,326.5,336.7,333.0,330.1,348.0
SKU-00068,Electronics,A,80,2025-07-14,dev,325.0,0,323.0,320.5,331.2,449.0,317.2,328.1
SKU-00068,Electronics,A,81,2025-07-21,dev,347.0,0,325.0,329.2,328.7,280.0,318.4,330.1
SKU-00068,Electronics,A,82,2025-07-28,dev,343.0,0,347.0,341.5,336.0,328.0,327.8,343.8
SKU-00068,Electronics,A,83,2025-08-04,dev,349.0,0,343.0,334.5,338.8,283.0,328.5,343.1
SKU-00068,Electronics,A,84,2025-08-11,dev,338.0,0,349.0,341.0,342.9,593.0,332.4,346.7
SKU-00068,Electronics,A,85,2025-08-18,dev,330.0,0,338.0,344.2,340.9,249.0,330.8,345.0
SKU-00068,Electronics,A,86,2025-08-25,dev,352.0,0,330.0,340.0,336.6,333.0,326.5,339.7
SKU-00068,Electronics,A,87,2025-09-01,dev,326.0,0,352.0,342.2,342.7,299.0,334.5,348.3
SKU-00068,Electronics,A,88,2025-09-08,test,329.0,0,326.0,336.5,336.0,318.0,325.5,338.1
SKU-00068,Electronics,A,89,2025-09-15,test,355.0,0,329.0,334.2,333.2,290.0,324.1,335.8
SKU-00068,Electronics,A,90,2025-09-22,test,391.0,0,355.0,340.5,341.9,286.0,334.9,349.4
SKU-00068,Electronics,A,91,2025-09-29,test,339.0,0,391.0,350.2,361.6,268.0,351.3,367.0
SKU-00068,Electronics,A,92,2025-10-06,test,260.0,0,339.0,353.5,352.5,409.0,337.7,348.4
SKU-00068,Electronics,A,93,2025-10-13,test,276.0,0,260.0,336.2,315.5,416.0,301.9,309.3
SKU-00068,Electronics,A,94,2025-10-20,test,283.0,0,276.0,316.5,299.7,256.0,294.5,299.1
SKU-00068,Electronics,A,95,2025-10-27,test,314.0,0,283.0,289.5,293.0,288.0,288.0,298.5
SKU-00068,Electronics,A,96,2025-11-03,test,220.0,0,314.0,283.2,301.4,236.0,294.1,304.9
SKU-00068,Electronics,A,97,2025-11-10,test,279.0,0,220.0,273.2,268.9,263.0,260.9,268.4
SKU-00068,Electronics,A,98,2025-11-17,test,255.0,0,279.0,274.0,272.9,249.0,273.3,275.9
SKU-00068,Electronics,A,99,2025-11-24,test,264.0,0,255.0,267.0,265.7,278.0,265.3,274.5
SKU-00068,Electronics,A,100,2025-12-01,test,274.0,0,264.0,254.5,265.0,255.0,258.6,263.7
SKU-00068,Electronics,A,101,2025-12-08,test,257.0,0,274.0,268.0,268.6,240.0,267.0,274.7
SKU-00068,Electronics,A,102,2025-12-15,test,247.0,0,257.0,262.5,264.0,232.0,260.1,267.0
SKU-00068,Electronics,A,103,2025-12-22,test,231.0,0,247.0,260.5,257.2,257.0,254.7,258.4
SKU-00069,Raw Materials,A,72,2025-05-19,dev,743.0,1,594.0,694.2,683.7,564.0,853.1,855.7
SKU-00069,Raw Materials,A,73,2025-05-26,dev,613.0,1,743.0,731.5,707.4,475.0,801.0,824.9
SKU-00069,Raw Materials,A,74,2025-06-02,dev,651.0,0,613.0,695.0,669.7,825.0,560.9,613.5
SKU-00069,Raw Materials,A,75,2025-06-09,dev,703.0,0,651.0,650.2,662.2,511.0,646.9,646.4
SKU-00069,Raw Materials,A,76,2025-06-16,dev,735.0,0,703.0,677.5,678.5,449.0,676.7,691.5
SKU-00069,Raw Materials,A,77,2025-06-23,dev,504.0,0,735.0,675.5,701.1,394.0,691.8,715.3
SKU-00069,Raw Materials,A,78,2025-06-30,dev,501.0,0,504.0,648.2,622.3,407.0,614.5,622.5
SKU-00069,Raw Materials,A,79,2025-07-07,dev,623.0,0,501.0,610.8,573.8,475.0,582.0,552.7
SKU-00069,Raw Materials,A,80,2025-07-14,dev,615.0,0,623.0,590.8,593.5,430.0,614.9,595.4
SKU-00069,Raw Materials,A,81,2025-07-21,dev,583.0,0,615.0,560.8,602.1,501.0,609.2,593.3
SKU-00069,Raw Materials,A,82,2025-07-28,dev,499.0,0,583.0,580.5,594.4,464.0,604.6,587.8
SKU-00069,Raw Materials,A,83,2025-08-04,dev,787.0,0,499.0,580.0,556.3,468.0,578.9,556.5
SKU-00069,Raw Materials,A,84,2025-08-11,dev,862.0,1,787.0,621.0,648.6,600.0,884.4,866.4
SKU-00069,Raw Materials,A,85,2025-08-18,dev,564.0,1,862.0,682.8,733.9,495.0,852.7,854.6
SKU-00069,Raw Materials,A,86,2025-08-25,dev,916.0,1,564.0,678.0,666.0,738.0,759.9,798.5
SKU-00069,Raw Materials,A,87,2025-09-01,dev,683.0,0,916.0,782.2,766.0,685.0,694.2,698.7
SKU-00069,Raw Materials,A,88,2025-09-08,test,671.0,0,683.0,756.2,732.8,795.0,730.1,761.4
SKU-00069,Raw Materials,A,89,2025-09-15,test,836.0,0,671.0,708.5,708.1,657.0,696.3,707.5
SKU-00069,Raw Materials,A,90,2025-09-22,test,605.0,0,836.0,776.5,759.2,723.0,774.3,809.6
SKU-00069,Raw Materials,A,91,2025-09-29,test,610.0,0,605.0,698.8,697.5,703.0,683.0,705.5
SKU-00069,Raw Materials,A,92,2025-10-06,test,806.0,0,610.0,680.5,662.5,599.0,661.5,665.3
SKU-00069,Raw Materials,A,93,2025-10-13,test,1059.0,0,806.0,714.2,719.9,769.0,735.9,766.4
SKU-00069,Raw Materials,A,94,2025-10-20,test,933.0,0,1059.0,770.0,855.5,600.0,856.1,902.1
SKU-00069,Raw Materials,A,95,2025-10-27,test,883.0,0,933.0,852.0,886.5,774.0,859.5,877.3
SKU-00069,Raw Materials,A,96,2025-11-03,test,950.0,0,883.0,920.2,885.1,781.0,854.0,876.1
SKU-00069,Raw Materials,A,97,2025-11-10,test,847.0,0,950.0,956.2,911.1,673.0,887.3,904.0
SKU-00069,Raw Materials,A,98,2025-11-17,test,1151.0,0,847.0,903.2,885.4,767.0,840.6,862.3
SKU-00069,Raw Materials,A,99,2025-11-24,test,874.0,0,1151.0,957.8,991.7,843.0,957.7,994.4
SKU-00069,Raw Materials,A,100,2025-12-01,test,873.0,0,874.0,955.5,944.6,837.0,881.2,875.2
SKU-00069,Raw Materials,A,101,2025-12-08,test,1148.0,0,873.0,936.2,916.0,980.0,857.5,874.7
SKU-00069,Raw Materials,A,102,2025-12-15,test,1184.0,0,1148.0,1011.5,1008.8,935.0,972.6,991.7
SKU-00069,Raw Materials,A,103,2025-12-22,test,1109.0,0,1184.0,1019.8,1078.9,921.0,1008.5,1018.6
SKU-00070,Machinery Parts,C,72,2025-05-19,dev,48.0,0,57.0,62.0,58.3,72.0,57.5,57.9
SKU-00070,Machinery Parts,C,73,2025-05-26,dev,57.0,0,48.0,52.8,54.2,60.0,51.6,52.1
SKU-00070,Machinery Parts,C,74,2025-06-02,dev,52.0,0,57.0,54.2,55.3,55.0,55.1,54.8
SKU-00070,Machinery Parts,C,75,2025-06-09,dev,49.0,0,52.0,53.5,54.0,59.0,53.7,54.1
SKU-00070,Machinery Parts,C,76,2025-06-16,dev,50.0,0,49.0,51.5,52.0,58.0,51.6,50.7
SKU-00070,Machinery Parts,C,77,2025-06-23,dev,44.0,0,50.0,52.0,51.2,54.0,51.5,50.2
SKU-00070,Machinery Parts,C,78,2025-06-30,dev,49.0,0,44.0,48.8,48.3,57.0,49.1,47.3
SKU-00070,Machinery Parts,C,79,2025-07-07,dev,46.0,0,49.0,48.0,48.6,58.0,50.1,47.1
SKU-00070,Machinery Parts,C,80,2025-07-14,dev,47.0,0,46.0,47.2,47.6,56.0,49.0,46.9
SKU-00070,Machinery Parts,C,81,2025-07-21,dev,42.0,0,47.0,46.5,47.3,45.0,48.9,46.1
SKU-00070,Machinery Parts,C,82,2025-07-28,dev,86.0,1,42.0,46.0,45.2,50.0,64.2,60.5
SKU-00070,Machinery Parts,C,83,2025-08-04,dev,38.0,0,86.0,55.2,61.5,50.0,56.8,52.6
SKU-00070,Machinery Parts,C,84,2025-08-11,dev,39.0,0,38.0,53.2,52.1,64.0,51.4,49.4
SKU-00070,Machinery Parts,C,85,2025-08-18,dev,40.0,0,39.0,51.2,46.9,43.0,47.9,45.1
SKU-00070,Machinery Parts,C,86,2025-08-25,dev,37.0,0,40.0,50.8,44.1,46.0,47.9,44.8
SKU-00070,Machinery Parts,C,87,2025-09-01,dev,33.0,0,37.0,38.5,41.3,45.0,43.0,40.5
SKU-00070,Machinery Parts,C,88,2025-09-08,test,37.0,0,33.0,37.2,38.0,44.0,41.0,39.3
SKU-00070,Machinery Parts,C,89,2025-09-15,test,37.0,0,37.0,36.8,37.6,43.0,41.7,39.1
SKU-00070,Machinery Parts,C,90,2025-09-22,test,33.0,0,37.0,36.0,37.3,43.0,41.7,39.3
SKU-00070,Machinery Parts,C,91,2025-09-29,test,36.0,0,33.0,35.0,35.6,43.0,39.2,38.4
SKU-00070,Machinery Parts,C,92,2025-10-06,test,39.0,0,36.0,35.8,35.8,39.0,40.2,38.4
SKU-00070,Machinery Parts,C,93,2025-10-13,test,36.0,0,39.0,36.2,37.1,44.0,41.5,39.3
SKU-00070,Machinery Parts,C,94,2025-10-20,test,35.0,0,36.0,36.0,36.6,42.0,40.6,39.2
SKU-00070,Machinery Parts,C,95,2025-10-27,test,36.0,0,35.0,36.5,36.0,67.0,40.2,38.8
SKU-00070,Machinery Parts,C,96,2025-11-03,test,38.0,0,36.0,36.5,36.0,49.0,40.0,38.8
SKU-00070,Machinery Parts,C,97,2025-11-10,test,42.0,0,38.0,36.2,36.8,43.0,40.7,39.1
SKU-00070,Machinery Parts,C,98,2025-11-17,test,61.0,1,42.0,37.8,38.9,46.0,59.8,54.9
SKU-00070,Machinery Parts,C,99,2025-11-24,test,46.0,1,61.0,44.2,47.7,44.0,60.5,60.9
SKU-00070,Machinery Parts,C,100,2025-12-01,test,40.0,0,46.0,46.8,47.0,48.0,40.0,45.8
SKU-00070,Machinery Parts,C,101,2025-12-08,test,47.0,0,40.0,47.2,44.2,44.0,45.5,45.7
SKU-00070,Machinery Parts,C,102,2025-12-15,test,38.0,0,47.0,48.5,45.3,48.0,47.9,46.3
SKU-00070,Machinery Parts,C,103,2025-12-22,test,43.0,0,38.0,42.8,42.4,55.0,43.5,43.8
SKU-00071,Electronics,A,72,2025-05-19,dev,454.0,0,457.0,417.5,441.4,452.0,428.0,430.3
SKU-00071,Electronics,A,73,2025-05-26,dev,352.0,0,454.0,453.5,446.4,421.0,435.1,443.3
SKU-00071,Electronics,A,74,2025-06-02,dev,435.0,0,352.0,446.0,408.7,414.0,404.9,406.1
SKU-00071,Electronics,A,75,2025-06-09,dev,352.0,0,435.0,424.5,419.2,498.0,418.2,417.6
SKU-00071,Electronics,A,76,2025-06-16,dev,539.0,0,352.0,398.2,392.3,473.0,386.6,389.8
SKU-00071,Electronics,A,77,2025-06-23,dev,671.0,1,539.0,419.5,451.0,510.0,579.8,583.7
SKU-00071,Electronics,A,78,2025-06-30,dev,494.0,0,671.0,499.2,539.0,508.0,481.1,475.4
SKU-00071,Electronics,A,79,2025-07-07,dev,669.0,0,494.0,514.0,521.0,390.0,498.3,497.3
SKU-00071,Electronics,A,80,2025-07-14,dev,377.0,1,669.0,593.2,580.2,549.0,700.3,746.4
SKU-00071,Electronics,A,81,2025-07-21,dev,427.0,0,377.0,552.8,498.9,421.0,412.7,462.4
SKU-00071,Electronics,A,82,2025-07-28,dev,574.0,0,427.0,491.8,470.2,502.0,452.0,450.9
SKU-00071,Electronics,A,83,2025-08-04,dev,635.0,1,574.0,511.8,511.7,539.0,642.3,698.3
SKU-00071,Electronics,A,84,2025-08-11,dev,374.0,0,635.0,503.2,561.0,510.0,483.8,476.1
SKU-00071,Electronics,A,85,2025-08-18,dev,468.0,0,374.0,502.5,486.2,380.0,461.9,458.4
SKU-00071,Electronics,A,86,2025-08-25,dev,548.0,0,468.0,512.8,478.9,569.0,476.4,481.6
SKU-00071,Electronics,A,87,2025-09-01,dev,553.0,0,548.0,506.2,506.6,462.0,508.0,534.3
SKU-00071,Electronics,A,88,2025-09-08,test,548.0,0,553.0,485.8,525.1,595.0,507.2,527.0
SKU-00071,Electronics,A,89,2025-09-15,test,533.0,0,548.0,529.2,534.3,565.0,522.4,542.6
SKU-00071,Electronics,A,90,2025-09-22,test,523.0,0,533.0,545.5,533.8,530.0,523.7,543.8
SKU-00071,Electronics,A,91,2025-09-29,test,321.0,0,523.0,539.2,529.5,400.0,515.4,532.9
SKU-00071,Electronics,A,92,2025-10-06,test,449.0,0,321.0,481.2,446.1,393.0,425.8,436.3
SKU-00071,Electronics,A,93,2025-10-13,test,652.0,1,449.0,456.5,447.2,583.0,574.5,581.6
SKU-00071,Electronics,A,94,2025-10-20,test,296.0,1,652.0,486.2,529.1,447.0,599.7,582.8
SKU-00071,Electronics,A,95,2025-10-27,test,469.0,0,296.0,429.5,435.9,370.0,347.7,371.8
SKU-00071,Electronics,A,96,2025-11-03,test,418.0,0,469.0,466.5,449.1,380.0,449.8,447.7
SKU-00071,Electronics,A,97,2025-11-10,test,692.0,1,418.0,458.8,436.7,337.0,567.4,599.0
SKU-00071,Electronics,A,98,2025-11-17,test,300.0,0,692.0,468.8,538.8,402.0,470.4,448.4
SKU-00071,Electronics,A,99,2025-11-24,test,431.0,0,300.0,469.8,443.3,535.0,419.3,417.3
SKU-00071,Electronics,A,100,2025-12-01,test,392.0,0,431.0,460.2,438.4,481.0,429.6,421.3
SKU-00071,Electronics,A,101,2025-12-08,test,267.0,0,392.0,453.8,419.8,330.0,421.7,430.1
SKU-00071,Electronics,A,102,2025-12-15,test,238.0,0,267.0,347.5,358.7,465.0,339.1,345.8
SKU-00071,Electronics,A,103,2025-12-22,test,392.0,0,238.0,332.0,310.4,340.0,315.3,309.9
SKU-00072,Raw Materials,C,72,2025-05-19,dev,42.0,0,44.0,43.5,43.9,38.0,43.3,43.0
SKU-00072,Raw Materials,C,73,2025-05-26,dev,38.0,0,42.0,43.0,43.1,36.0,42.5,42.5
SKU-00072,Raw Materials,C,74,2025-06-02,dev,41.0,0,38.0,41.5,41.1,36.0,41.0,40.2
SKU-00072,Raw Materials,C,75,2025-06-09,dev,39.0,0,41.0,41.2,41.0,33.0,41.5,40.0
SKU-00072,Raw Materials,C,76,2025-06-16,dev,40.0,0,39.0,40.0,40.2,36.0,40.6,39.5
SKU-00072,Raw Materials,C,77,2025-06-23,dev,46.0,1,40.0,39.5,40.1,39.0,54.7,51.7
SKU-00072,Raw Materials,C,78,2025-06-30,dev,37.0,0,46.0,41.5,42.5,44.0,37.1,38.1
SKU-00072,Raw Materials,C,79,2025-07-07,dev,45.0,1,37.0,40.5,40.3,34.0,55.1,53.3
SKU-00072,Raw Materials,C,80,2025-07-14,dev,44.0,1,45.0,42.0,42.2,33.0,50.8,51.6
SKU-00072,Raw Materials,C,81,2025-07-21,dev,38.0,0,44.0,43.0,42.9,33.0,37.3,39.4
SKU-00072,Raw Materials,C,82,2025-07-28,dev,36.0,0,38.0,41.0,40.9,34.0,41.4,40.5
SKU-00072,Raw Materials,C,83,2025-08-04,dev,42.0,0,36.0,40.8,39.0,35.0,40.6,38.7
SKU-00072,Raw Materials,C,84,2025-08-11,dev,36.0,0,42.0,40.0,40.2,36.0,42.2,40.5
SKU-00072,Raw Materials,C,85,2025-08-18,dev,42.0,0,36.0,38.0,38.5,40.0,39.9,38.2
SKU-00072,Raw Materials,C,86,2025-08-25,dev,44.0,0,42.0,39.0,39.9,38.0,41.8,39.7
SKU-00072,Raw Materials,C,87,2025-09-01,dev,45.0,0,44.0,41.0,41.5,38.0,43.7,43.5
SKU-00072,Raw Materials,C,88,2025-09-08,test,46.0,0,45.0,41.8,42.9,38.0,44.4,44.6
SKU-00072,Raw Materials,C,89,2025-09-15,test,47.0,0,46.0,44.2,44.2,39.0,45.7,46.6
SKU-00072,Raw Materials,C,90,2025-09-22,test,86.0,1,47.0,45.5,45.3,41.0,60.7,61.1
SKU-00072,Raw Materials,C,91,2025-09-29,test,59.0,1,86.0,56.0,61.6,47.0,70.6,67.0
SKU-00072,Raw Materials,C,92,2025-10-06,test,51.0,0,59.0,59.5,60.5,48.0,51.7,50.1
SKU-00072,Raw Materials,C,93,2025-10-13,test,54.0,0,51.0,60.8,56.7,51.0,54.7,55.3
SKU-00072,Raw Materials,C,94,2025-10-20,test,53.0,0,54.0,62.5,55.6,50.0,55.8,56.8
SKU-00072,Raw Materials,C,95,2025-10-27,test,55.0,0,53.0,54.2,54.6,52.0,53.0,55.1
SKU-00072,Raw Materials,C,96,2025-11-03,test,52.0,0,55.0,53.2,54.7,56.0,53.0,54.8
SKU-00072,Raw Materials,C,97,2025-11-10,test,59.0,0,52.0,53.5,53.6,55.0,52.3,54.2
SKU-00072,Raw Materials,C,98,2025-11-17,test,57.0,0,59.0,54.8,55.8,55.0,54.9,56.9
SKU-00072,Raw Materials,C,99,2025-11-24,test,62.0,0,57.0,55.8,56.3,53.0,54.7,56.8
SKU-00072,Raw Materials,C,100,2025-12-01,test,59.0,0,62.0,57.5,58.6,56.0,56.3,58.2
SKU-00072,Raw Materials,C,101,2025-12-08,test,61.0,0,59.0,59.2,58.7,62.0,56.3,58.3
SKU-00072,Raw Materials,C,102,2025-12-15,test,87.0,1,61.0,59.8,59.6,56.0,71.1,75.9
SKU-00072,Raw Materials,C,103,2025-12-22,test,61.0,0,87.0,67.2,70.6,69.0,61.8,58.7
SKU-00073,Textiles,B,72,2025-05-19,dev,422.0,0,380.0,388.5,385.9,403.0,392.1,376.7
SKU-00073,Textiles,B,73,2025-05-26,dev,414.0,0,422.0,390.8,400.4,604.0,408.1,389.6
SKU-00073,Textiles,B,74,2025-06-02,dev,487.0,0,414.0,391.0,405.8,380.0,415.0,398.0
SKU-00073,Textiles,B,75,2025-06-09,dev,478.0,0,487.0,425.8,438.3,415.0,451.1,440.2
SKU-00073,Textiles,B,76,2025-06-16,dev,532.0,0,478.0,450.2,454.2,460.0,461.3,465.4
SKU-00073,Textiles,B,77,2025-06-23,dev,527.0,0,532.0,477.8,485.3,476.0,489.0,502.3
SKU-00073,Textiles,B,78,2025-06-30,dev,517.0,0,527.0,506.0,502.0,475.0,507.5,524.8
SKU-00073,Textiles,B,79,2025-07-07,dev,592.0,0,517.0,513.5,508.0,609.0,508.4,523.4
SKU-00073,Textiles,B,80,2025-07-14,dev,531.0,0,592.0,542.0,541.6,636.0,544.1,567.7
SKU-00073,Textiles,B,81,2025-07-21,dev,638.0,0,531.0,541.8,537.4,584.0,530.3,549.9
SKU-00073,Textiles,B,82,2025-07-28,dev,881.0,1,638.0,569.5,577.6,598.0,721.1,766.4
SKU-00073,Textiles,B,83,2025-08-04,dev,732.0,0,881.0,660.5,699.0,613.0,627.5,608.5
SKU-00073,Textiles,B,84,2025-08-11,dev,585.0,0,732.0,695.5,712.2,553.0,680.8,682.3
SKU-00073,Textiles,B,85,2025-08-18,dev,545.0,0,585.0,709.0,661.3,605.0,628.3,632.6
SKU-00073,Textiles,B,86,2025-08-25,dev,680.0,0,545.0,685.8,614.8,567.0,597.4,606.8
SKU-00073,Textiles,B,87,2025-09-01,dev,697.0,0,680.0,635.5,640.9,680.0,625.5,653.5
SKU-00073,Textiles,B,88,2025-09-08,test,720.0,0,697.0,626.8,663.3,633.0,638.4,669.6
SKU-00073,Textiles,B,89,2025-09-15,test,784.0,0,720.0,660.5,686.0,690.0,660.7,688.3
SKU-00073,Textiles,B,90,2025-09-22,test,751.0,0,784.0,720.2,725.2,699.0,704.6,724.9
SKU-00073,Textiles,B,91,2025-09-29,test,832.0,1,751.0,738.0,735.5,625.0,848.8,892.4
SKU-00073,Textiles,B,92,2025-10-06,test,851.0,1,832.0,771.8,774.1,591.0,814.4,840.7
SKU-00073,Textiles,B,93,2025-10-13,test,747.0,0,851.0,804.5,804.9,551.0,691.9,647.7
SKU-00073,Textiles,B,94,2025-10-20,test,679.0,0,747.0,795.2,781.7,677.0,729.6,719.3
SKU-00073,Textiles,B,95,2025-10-27,test,739.0,0,679.0,777.2,740.6,633.0,694.5,687.7
SKU-00073,Textiles,B,96,2025-11-03,test,630.0,0,739.0,754.0,740.0,611.0,697.7,700.0
SKU-00073,Textiles,B,97,2025-11-10,test,684.0,0,630.0,698.8,696.0,629.0,646.6,653.3
SKU-00073,Textiles,B,98,2025-11-17,test,702.0,0,684.0,683.0,691.2,567.0,650.8,668.0
SKU-00073,Textiles,B,99,2025-11-24,test,724.0,0,702.0,688.8,695.5,596.0,661.4,677.1
SKU-00073,Textiles,B,100,2025-12-01,test,614.0,0,724.0,685.0,706.9,596.0,661.6,680.2
SKU-00073,Textiles,B,101,2025-12-08,test,565.0,0,614.0,681.0,669.7,589.0,623.0,632.8
SKU-00073,Textiles,B,102,2025-12-15,test,606.0,0,565.0,651.2,627.8,602.0,587.7,603.3
SKU-00073,Textiles,B,103,2025-12-22,test,639.0,0,606.0,627.2,619.1,561.0,588.8,609.4
SKU-00074,Raw Materials,C,72,2025-05-19,dev,31.0,0,38.0,38.2,39.4,35.0,38.9,38.3
SKU-00074,Raw Materials,C,73,2025-05-26,dev,36.0,0,31.0,36.5,36.0,31.0,35.7,35.6
SKU-00074,Raw Materials,C,74,2025-06-02,dev,35.0,0,36.0,36.5,36.0,43.0,37.3,34.8
SKU-00074,Raw Materials,C,75,2025-06-09,dev,36.0,0,35.0,35.0,35.6,48.0,36.6,34.9
SKU-00074,Raw Materials,C,76,2025-06-16,dev,30.0,0,36.0,34.5,35.8,36.0,36.7,34.9
SKU-00074,Raw Materials,C,77,2025-06-23,dev,34.0,0,30.0,34.2,33.5,44.0,34.6,33.9
SKU-00074,Raw Materials,C,78,2025-06-30,dev,40.0,0,34.0,33.8,33.7,43.0,35.9,33.2
SKU-00074,Raw Materials,C,79,2025-07-07,dev,41.0,0,40.0,35.0,36.2,44.0,38.5,35.7
SKU-00074,Raw Materials,C,80,2025-07-14,dev,36.0,0,41.0,36.2,38.1,38.0,39.7,38.1
SKU-00074,Raw Materials,C,81,2025-07-21,dev,32.0,0,36.0,37.8,37.3,50.0,38.7,37.4
SKU-00074,Raw Materials,C,82,2025-07-28,dev,34.0,0,32.0,37.2,35.2,47.0,36.8,35.3
SKU-00074,Raw Materials,C,83,2025-08-04,dev,34.0,0,34.0,35.8,34.7,48.0,37.1,34.3
SKU-00074,Raw Materials,C,84,2025-08-11,dev,34.0,0,34.0,34.0,34.4,51.0,36.6,34.1
SKU-00074,Raw Materials,C,85,2025-08-18,dev,40.0,0,34.0,33.5,34.3,43.0,36.5,34.0
SKU-00074,Raw Materials,C,86,2025-08-25,dev,39.0,0,40.0,35.5,36.6,38.0,39.2,36.6
SKU-00074,Raw Materials,C,87,2025-09-01,dev,40.0,0,39.0,36.8,37.5,46.0,39.8,38.5
SKU-00074,Raw Materials,C,88,2025-09-08,test,37.0,0,40.0,38.2,38.5,40.0,40.5,39.6
SKU-00074,Raw Materials,C,89,2025-09-15,test,37.0,0,37.0,39.0,37.9,41.0,39.9,38.9
SKU-00074,Raw Materials,C,90,2025-09-22,test,38.0,0,37.0,38.2,37.5,45.0,39.5,37.9
SKU-00074,Raw Materials,C,91,2025-09-29,test,40.0,0,38.0,38.0,37.7,40.0,39.6,38.2
SKU-00074,Raw Materials,C,92,2025-10-06,test,38.0,0,40.0,38.0,38.6,58.0,40.4,39.4
SKU-00074,Raw Materials,C,93,2025-10-13,test,39.0,0,38.0,38.2,38.4,34.0,40.0,39.1
SKU-00074,Raw Materials,C,94,2025-10-20,test,41.0,0,39.0,38.8,38.6,37.0,40.4,39.4
SKU-00074,Raw Materials,C,95,2025-10-27,test,37.0,0,41.0,39.5,39.6,46.0,41.4,40.9
SKU-00074,Raw Materials,C,96,2025-11-03,test,33.0,0,37.0,38.8,38.5,38.0,39.5,39.2
SKU-00074,Raw Materials,C,97,2025-11-10,test,41.0,0,33.0,37.5,36.3,47.0,37.5,36.5
SKU-00074,Raw Materials,C,98,2025-11-17,test,40.0,0,41.0,38.0,38.2,42.0,40.0,38.4
SKU-00074,Raw Materials,C,99,2025-11-24,test,35.0,0,40.0,37.8,38.9,47.0,40.2,39.6
SKU-00074,Raw Materials,C,100,2025-12-01,test,39.0,0,35.0,37.2,37.4,41.0,37.7,37.5
SKU-00074,Raw Materials,C,101,2025-12-08,test,40.0,0,39.0,38.8,38.0,80.0,39.2,38.3
SKU-00074,Raw Materials,C,102,2025-12-15,test,33.0,0,40.0,38.5,38.8,47.0,39.7,39.4
SKU-00074,Raw Materials,C,103,2025-12-22,test,49.0,0,33.0,36.8,36.5,41.0,36.8,36.8
SKU-00075,Electronics,C,72,2025-05-19,dev,36.0,0,31.0,31.8,32.6,26.0,31.0,31.1
SKU-00075,Electronics,C,73,2025-05-26,dev,33.0,0,36.0,33.5,34.0,34.0,32.4,33.0
SKU-00075,Electronics,C,74,2025-06-02,dev,38.0,0,33.0,36.2,33.6,43.0,33.0,34.6
SKU-00075,Electronics,C,75,2025-06-09,dev,32.0,0,38.0,34.5,35.3,43.0,34.0,35.6
SKU-00075,Electronics,C,76,2025-06-16,dev,32.0,0,32.0,34.8,34.0,29.0,32.5,33.6
SKU-00075,Electronics,C,77,2025-06-23,dev,28.0,0,32.0,33.8,33.2,34.0,31.8,32.9
SKU-00075,Electronics,C,78,2025-06-30,dev,35.0,0,28.0,32.5,31.1,31.0,30.4,31.4
SKU-00075,Electronics,C,79,2025-07-07,dev,21.0,0,35.0,31.8,32.7,31.0,32.1,33.6
SKU-00075,Electronics,C,80,2025-07-14,dev,34.0,0,21.0,29.0,28.0,31.0,27.0,27.2
SKU-00075,Electronics,C,81,2025-07-21,dev,36.0,0,34.0,29.5,30.4,33.0,30.4,30.9
SKU-00075,Electronics,C,82,2025-07-28,dev,27.0,0,36.0,31.5,32.6,30.0,32.6,34.6
SKU-00075,Electronics,C,83,2025-08-04,dev,39.0,0,27.0,29.5,30.4,43.0,29.3,29.2
SKU-00075,Electronics,C,84,2025-08-11,dev,30.0,0,39.0,34.0,33.8,32.0,34.2,35.7
SKU-00075,Electronics,C,85,2025-08-18,dev,37.0,0,30.0,33.0,32.3,41.0,31.7,32.9
SKU-00075,Electronics,C,86,2025-08-25,dev,30.0,0,37.0,33.2,34.2,42.0,33.6,34.8
SKU-00075,Electronics,C,87,2025-09-01,dev,38.0,0,30.0,34.0,32.5,32.0,32.0,33.2
SKU-00075,Electronics,C,88,2025-09-08,test,27.0,0,38.0,33.8,34.7,29.0,34.3,35.6
SKU-00075,Electronics,C,89,2025-09-15,test,38.0,0,27.0,33.0,31.6,34.0,30.9,32.0
SKU-00075,Electronics,C,90,2025-09-22,test,32.0,0,38.0,33.2,34.2,38.0,33.9,35.1
SKU-00075,Electronics,C,91,2025-09-29,test,33.0,0,32.0,33.8,33.3,35.0,32.7,34.1
SKU-00075,Electronics,C,92,2025-10-06,test,31.0,0,33.0,32.5,33.2,33.0,32.2,33.1
SKU-00075,Electronics,C,93,2025-10-13,test,24.0,0,31.0,33.5,32.3,25.0,32.0,33.2
SKU-00075,Electronics,C,94,2025-10-20,test,25.0,0,24.0,30.0,29.0,28.0,28.2,28.9
SKU-00075,Electronics,C,95,2025-10-27,test,29.0,0,25.0,28.2,27.4,25.0,27.4,27.4
SKU-00075,Electronics,C,96,2025-11-03,test,39.0,1,29.0,27.2,28.0,26.0,36.6,36.7
SKU-00075,Electronics,C,97,2025-11-10,test,27.0,0,39.0,29.2,32.4,23.0,28.4,28.1
SKU-00075,Electronics,C,98,2025-11-17,test,26.0,0,27.0,30.0,30.3,29.0,29.3,29.7
SKU-00075,Electronics,C,99,2025-11-24,test,18.0,0,26.0,30.2,28.6,28.0,28.2,28.5
SKU-00075,Electronics,C,100,2025-12-01,test,23.0,0,18.0,27.5,24.3,27.0,24.1,24.4
SKU-00075,Electronics,C,101,2025-12-08,test,25.0,0,23.0,23.5,23.8,20.0,23.8,22.5
SKU-00075,Electronics,C,102,2025-12-15,test,23.0,0,25.0,23.0,24.3,16.0,24.6,24.0
SKU-00075,Electronics,C,103,2025-12-22,test,19.0,0,23.0,22.2,23.8,25.0,23.8,23.5
SKU-00076,Machinery Parts,A,72,2025-05-19,dev,1722.0,0,1756.0,1695.8,1741.2,1238.0,1630.5,1706.2
SKU-00076,Machinery Parts,A,73,2025-05-26,dev,1593.0,0,1722.0,1700.2,1733.5,1286.0,1625.3,1695.5
SKU-00076,Machinery Parts,A,74,2025-06-02,dev,1544.0,0,1593.0,1680.2,1677.3,1292.0,1570.7,1632.0
SKU-00076,Machinery Parts,A,75,2025-06-09,dev,1497.0,0,1544.0,1653.8,1624.0,1329.0,1535.9,1600.1
SKU-00076,Machinery Parts,A,76,2025-06-16,dev,1463.0,0,1497.0,1589.0,1573.2,1166.0,1492.4,1556.4
SKU-00076,Machinery Parts,A,77,2025-06-23,dev,1423.0,0,1463.0,1524.2,1529.1,997.0,1453.9,1514.0
SKU-00076,Machinery Parts,A,78,2025-06-30,dev,1316.0,0,1423.0,1481.8,1486.7,1145.0,1437.0,1494.7
SKU-00076,Machinery Parts,A,79,2025-07-07,dev,1562.0,1,1316.0,1424.8,1418.4,1039.0,1763.9,1850.5
SKU-00076,Machinery Parts,A,80,2025-07-14,dev,1615.0,1,1562.0,1441.0,1475.8,949.0,1654.3,1686.9
SKU-00076,Machinery Parts,A,81,2025-07-21,dev,1122.0,0,1615.0,1479.0,1531.5,988.0,1311.9,1358.6
SKU-00076,Machinery Parts,A,82,2025-07-28,dev,1235.0,0,1122.0,1403.8,1367.7,924.0,1310.4,1320.9
SKU-00076,Machinery Parts,A,83,2025-08-04,dev,1096.0,0,1235.0,1383.5,1314.6,1142.0,1315.4,1316.3
SKU-00076,Machinery Parts,A,84,2025-08-11,dev,960.0,0,1096.0,1267.0,1227.2,1194.0,1233.2,1242.6
SKU-00076,Machinery Parts,A,85,2025-08-18,dev,1213.0,1,960.0,1103.2,1120.3,824.0,1507.3,1435.0
SKU-00076,Machinery Parts,A,86,2025-08-25,dev,1647.0,1,1213.0,1126.0,1157.4,786.0,1399.7,1423.7
SKU-00076,Machinery Parts,A,87,2025-09-01,dev,1009.0,0,1647.0,1229.0,1353.2,815.0,1213.0,1175.4
SKU-00076,Machinery Parts,A,88,2025-09-08,test,924.0,0,1009.0,1207.2,1215.5,724.0,1206.3,1190.3
SKU-00076,Machinery Parts,A,89,2025-09-15,test,852.0,0,924.0,1198.2,1098.9,769.0,1125.8,1083.5
SKU-00076,Machinery Parts,A,90,2025-09-22,test,910.0,0,852.0,1108.0,1000.2,725.0,1062.0,996.5
SKU-00076,Machinery Parts,A,91,2025-09-29,test,920.0,0,910.0,923.8,964.1,798.0,1007.2,936.4
SKU-00076,Machinery Parts,A,92,2025-10-06,test,887.0,0,920.0,901.5,946.5,782.0,1004.9,940.6
SKU-00076,Machinery Parts,A,93,2025-10-13,test,1012.0,0,887.0,892.2,922.7,878.0,991.0,935.5
SKU-00076,Machinery Parts,A,94,2025-10-20,test,950.0,0,1012.0,932.2,958.4,833.0,1040.6,961.8
SKU-00076,Machinery Parts,A,95,2025-10-27,test,972.0,0,950.0,942.2,955.0,1308.0,1023.9,975.8
SKU-00076,Machinery Parts,A,96,2025-11-03,test,1037.0,0,972.0,955.2,961.8,822.0,1019.7,979.5
SKU-00076,Machinery Parts,A,97,2025-11-10,test,1050.0,0,1037.0,992.8,991.9,946.0,1055.9,1005.1
SKU-00076,Machinery Parts,A,98,2025-11-17,test,1111.0,0,1050.0,1002.2,1015.1,974.0,1070.0,1029.3
SKU-00076,Machinery Parts,A,99,2025-11-24,test,2261.0,1,1111.0,1042.5,1053.5,1048.0,1493.9,1427.8
SKU-00076,Machinery Parts,A,100,2025-12-01,test,1251.0,0,2261.0,1364.8,1536.5,1123.0,1407.4,1324.0
SKU-00076,Machinery Parts,A,101,2025-12-08,test,1260.0,0,1251.0,1418.2,1422.3,1081.0,1361.8,1328.8
SKU-00076,Machinery Parts,A,102,2025-12-15,test,1402.0,0,1260.0,1470.8,1357.4,1193.0,1319.9,1326.2
SKU-00076,Machinery Parts,A,103,2025-12-22,test,1395.0,0,1402.0,1543.5,1375.2,1559.0,1393.5,1426.2
SKU-00077,Chemicals,B,72,2025-05-19,dev,320.0,0,335.0,339.2,346.5,368.0,358.5,350.6
SKU-00077,Chemicals,B,73,2025-05-26,dev,334.0,0,320.0,333.2,335.9,293.0,350.1,345.0
SKU-00077,Chemicals,B,74,2025-06-02,dev,331.0,0,334.0,332.2,335.1,308.0,357.4,343.0
SKU-00077,Chemicals,B,75,2025-06-09,dev,276.0,0,331.0,330.0,333.5,306.0,356.1,343.6
SKU-00077,Chemicals,B,76,2025-06-16,dev,353.0,0,276.0,315.2,310.5,325.0,332.0,332.5
SKU-00077,Chemicals,B,77,2025-06-23,dev,417.0,0,353.0,323.5,327.5,351.0,356.4,336.9
SKU-00077,Chemicals,B,78,2025-06-30,dev,387.0,0,417.0,344.2,363.3,375.0,396.1,364.2
SKU-00077,Chemicals,B,79,2025-07-07,dev,377.0,0,387.0,358.2,372.8,367.0,395.9,378.2
SKU-00077,Chemicals,B,80,2025-07-14,dev,430.0,0,377.0,383.5,374.5,464.0,399.5,379.8
SKU-00077,Chemicals,B,81,2025-07-21,dev,435.0,0,430.0,402.8,396.7,358.0,423.8,397.6
SKU-00077,Chemicals,B,82,2025-07-28,dev,438.0,0,435.0,407.2,412.0,432.0,431.6,414.3
SKU-00077,Chemicals,B,83,2025-08-04,dev,473.0,0,438.0,420.0,422.4,430.0,442.8,431.4
SKU-00077,Chemicals,B,84,2025-08-11,dev,467.0,0,473.0,444.0,442.6,504.0,464.6,462.0
SKU-00077,Chemicals,B,85,2025-08-18,dev,418.0,0,467.0,453.2,452.4,447.0,469.4,472.6
SKU-00077,Chemicals,B,86,2025-08-25,dev,458.0,0,418.0,449.0,438.6,449.0,451.6,447.8
SKU-00077,Chemicals,B,87,2025-09-01,dev,497.0,0,458.0,454.0,446.4,538.0,465.4,462.1
SKU-00077,Chemicals,B,88,2025-09-08,test,563.0,0,497.0,460.0,466.6,565.0,484.1,493.5
SKU-00077,Chemicals,B,89,2025-09-15,test,570.0,0,563.0,484.0,505.2,547.0,517.9,535.0
SKU-00077,Chemicals,B,90,2025-09-22,test,565.0,0,570.0,522.0,531.1,532.0,538.8,557.0
SKU-00077,Chemicals,B,91,2025-09-29,test,589.0,0,565.0,548.8,544.7,619.0,546.4,564.6
SKU-00077,Chemicals,B,92,2025-10-06,test,477.0,0,589.0,571.8,562.4,434.0,562.8,583.2
SKU-00077,Chemicals,B,93,2025-10-13,test,738.0,0,477.0,550.2,528.2,677.0,520.7,538.2
SKU-00077,Chemicals,B,94,2025-10-20,test,674.0,1,738.0,592.2,612.1,624.0,765.2,819.7
SKU-00077,Chemicals,B,95,2025-10-27,test,673.0,0,674.0,619.5,636.9,588.0,552.5,569.6
SKU-00077,Chemicals,B,96,2025-11-03,test,634.0,0,673.0,640.5,651.3,763.0,624.6,641.0
SKU-00077,Chemicals,B,97,2025-11-10,test,526.0,0,634.0,679.8,644.4,652.0,625.3,638.1
SKU-00077,Chemicals,B,98,2025-11-17,test,624.0,0,526.0,626.8,597.0,693.0,569.3,586.6
SKU-00077,Chemicals,B,99,2025-11-24,test,692.0,0,624.0,614.2,607.8,856.0,590.6,611.4
SKU-00077,Chemicals,B,100,2025-12-01,test,627.0,0,692.0,619.0,641.5,603.0,616.0,643.0
SKU-00077,Chemicals,B,101,2025-12-08,test,582.0,0,627.0,617.2,635.7,521.0,600.7,616.1
SKU-00077,Chemicals,B,102,2025-12-15,test,698.0,0,582.0,631.2,614.2,716.0,584.5,601.7
SKU-00077,Chemicals,B,103,2025-12-22,test,608.0,0,698.0,649.8,647.7,678.0,625.7,649.9
SKU-00078,Raw Materials,A,72,2025-05-19,dev,205.0,0,226.0,253.0,250.7,217.0,238.8,239.6
SKU-00078,Raw Materials,A,73,2025-05-26,dev,197.0,0,205.0,243.8,232.4,207.0,222.0,218.8
SKU-00078,Raw Materials,A,74,2025-06-02,dev,197.0,0,197.0,238.5,218.2,188.0,218.6,214.9
SKU-00078,Raw Materials,A,75,2025-06-09,dev,214.0,0,197.0,206.2,209.7,218.0,207.1,200.6
SKU-00078,Raw Materials,A,76,2025-06-16,dev,201.0,0,214.0,203.2,211.4,324.0,211.4,205.6
SKU-00078,Raw Materials,A,77,2025-06-23,dev,209.0,0,201.0,202.2,207.3,221.0,207.5,203.2
SKU-00078,Raw Materials,A,78,2025-06-30,dev,235.0,0,209.0,205.2,208.0,213.0,213.0,207.6
SKU-00078,Raw Materials,A,79,2025-07-07,dev,216.0,0,235.0,214.8,218.8,219.0,224.1,225.5
SKU-00078,Raw Materials,A,80,2025-07-14,dev,283.0,1,216.0,215.2,217.7,201.0,289.5,285.6
SKU-00078,Raw Materials,A,81,2025-07-21,dev,284.0,1,283.0,235.8,243.8,213.0,284.4,284.9
SKU-00078,Raw Materials,A,82,2025-07-28,dev,305.0,1,284.0,254.5,259.9,215.0,296.3,303.2
SKU-00078,Raw Materials,A,83,2025-08-04,dev,261.0,1,305.0,272.0,277.9,214.0,312.5,311.1
SKU-00078,Raw Materials,A,84,2025-08-11,dev,216.0,0,261.0,283.2,271.2,181.0,233.8,248.1
SKU-00078,Raw Materials,A,85,2025-08-18,dev,221.0,0,216.0,266.5,249.1,210.0,244.4,250.4
SKU-00078,Raw Materials,A,86,2025-08-25,dev,246.0,0,221.0,250.8,237.9,213.0,237.9,240.0
SKU-00078,Raw Materials,A,87,2025-09-01,dev,206.0,0,246.0,236.0,241.1,207.0,242.3,249.7
SKU-00078,Raw Materials,A,88,2025-09-08,test,228.0,0,206.0,222.2,227.1,209.0,226.2,232.1
SKU-00078,Raw Materials,A,89,2025-09-15,test,234.0,0,228.0,225.2,227.4,243.0,231.2,234.4
SKU-00078,Raw Materials,A,90,2025-09-22,test,309.0,1,234.0,228.5,230.1,206.0,304.8,308.2
SKU-00078,Raw Materials,A,91,2025-09-29,test,207.0,0,309.0,244.2,261.6,227.0,230.9,228.0
SKU-00078,Raw Materials,A,92,2025-10-06,test,219.0,0,207.0,244.5,239.8,236.0,235.6,240.5
SKU-00078,Raw Materials,A,93,2025-10-13,test,237.0,0,219.0,242.2,231.5,237.0,232.1,234.2
SKU-00078,Raw Materials,A,94,2025-10-20,test,244.0,0,237.0,243.0,233.7,249.0,239.0,246.3
SKU-00078,Raw Materials,A,95,2025-10-27,test,203.0,0,244.0,226.8,237.8,214.0,237.2,245.2
SKU-00078,Raw Materials,A,96,2025-11-03,test,261.0,0,203.0,225.8,223.9,212.0,221.8,227.4
SKU-00078,Raw Materials,A,97,2025-11-10,test,243.0,0,261.0,236.2,238.7,225.0,241.9,248.8
SKU-00078,Raw Materials,A,98,2025-11-17,test,235.0,0,243.0,237.8,240.4,221.0,240.4,250.4
SKU-00078,Raw Materials,A,99,2025-11-24,test,246.0,0,235.0,235.5,238.3,217.0,235.1,241.6
SKU-00078,Raw Materials,A,100,2025-12-01,test,232.0,0,246.0,246.2,241.4,242.0,239.3,247.1
SKU-00078,Raw Materials,A,101,2025-12-08,test,244.0,0,232.0,239.0,237.6,235.0,233.2,241.0
SKU-00078,Raw Materials,A,102,2025-12-15,test,246.0,0,244.0,239.2,240.2,222.0,236.4,243.6
SKU-00078,Raw Materials,A,103,2025-12-22,test,235.0,0,246.0,242.0,242.5,245.0,238.8,247.4
SKU-00079,Textiles,A,72,2025-05-19,dev,148.0,0,144.0,166.8,162.3,183.0,159.6,161.9
SKU-00079,Textiles,A,73,2025-05-26,dev,145.0,0,148.0,162.2,156.6,200.0,155.7,151.8
SKU-00079,Textiles,A,74,2025-06-02,dev,168.0,0,145.0,158.8,152.0,160.0,155.6,150.0
SKU-00079,Textiles,A,75,2025-06-09,dev,132.0,0,168.0,151.2,158.4,194.0,160.7,152.9
SKU-00079,Textiles,A,76,2025-06-16,dev,295.0,1,132.0,148.2,147.8,202.0,204.2,194.4
SKU-00079,Textiles,A,77,2025-06-23,dev,179.0,0,295.0,185.0,206.7,135.0,187.6,176.0
SKU-00079,Textiles,A,78,2025-06-30,dev,133.0,0,179.0,193.5,195.6,174.0,192.1,191.2
SKU-00079,Textiles,A,79,2025-07-07,dev,188.0,0,133.0,184.8,170.6,180.0,166.0,167.2
SKU-00079,Textiles,A,80,2025-07-14,dev,155.0,0,188.0,198.8,177.5,187.0,185.7,184.3
SKU-00079,Textiles,A,81,2025-07-21,dev,190.0,0,155.0,163.8,168.5,189.0,167.0,167.2
SKU-00079,Textiles,A,82,2025-07-28,dev,162.0,1,190.0,166.5,177.1,185.0,232.7,226.0
SKU-00079,Textiles,A,83,2025-08-04,dev,185.0,1,162.0,173.8,171.1,259.0,203.4,215.4
SKU-00079,Textiles,A,84,2025-08-11,dev,167.0,0,185.0,173.0,176.6,205.0,154.6,155.4
SKU-00079,Textiles,A,85,2025-08-18,dev,184.0,0,167.0,176.0,172.8,185.0,176.1,180.2
SKU-00079,Textiles,A,86,2025-08-25,dev,173.0,0,184.0,174.5,177.3,163.0,180.1,182.9
SKU-00079,Textiles,A,87,2025-09-01,dev,173.0,0,173.0,177.2,175.6,192.0,179.5,185.0
SKU-00079,Textiles,A,88,2025-09-08,test,171.0,0,173.0,174.2,174.5,177.0,177.6,180.7
SKU-00079,Textiles,A,89,2025-09-15,test,173.0,0,171.0,175.2,173.1,200.0,177.4,181.1
SKU-00079,Textiles,A,90,2025-09-22,test,145.0,0,173.0,172.5,173.1,179.0,176.9,179.7
SKU-00079,Textiles,A,91,2025-09-29,test,193.0,0,145.0,165.5,161.8,211.0,164.7,163.7
SKU-00079,Textiles,A,92,2025-10-06,test,178.0,0,193.0,170.5,174.3,182.0,180.3,182.7
SKU-00079,Textiles,A,93,2025-10-13,test,149.0,0,178.0,172.2,175.8,256.0,179.2,185.6
SKU-00079,Textiles,A,94,2025-10-20,test,170.0,0,149.0,166.2,165.1,199.0,166.5,167.0
SKU-00079,Textiles,A,95,2025-10-27,test,163.0,0,170.0,172.5,167.0,242.0,173.4,173.8
SKU-00079,Textiles,A,96,2025-11-03,test,179.0,0,163.0,165.0,165.4,209.0,168.2,169.3
SKU-00079,Textiles,A,97,2025-11-10,test,196.0,0,179.0,165.2,170.9,187.0,173.2,175.0
SKU-00079,Textiles,A,98,2025-11-17,test,170.0,0,196.0,177.0,180.9,187.0,184.0,190.9
SKU-00079,Textiles,A,99,2025-11-24,test,154.0,0,170.0,177.0,176.5,180.0,176.9,182.3
SKU-00079,Textiles,A,100,2025-12-01,test,145.0,0,154.0,174.8,167.5,188.0,166.6,169.5
SKU-00079,Textiles,A,101,2025-12-08,test,163.0,0,145.0,166.2,158.5,188.0,159.3,159.2
SKU-00079,Textiles,A,102,2025-12-15,test,132.0,0,163.0,158.0,160.3,162.0,162.0,158.8
SKU-00079,Textiles,A,103,2025-12-22,test,138.0,0,132.0,148.5,149.0,166.0,149.5,148.8
SKU-00080,Chemicals,B,72,2025-05-19,dev,154.0,0,162.0,154.5,158.5,124.0,158.0,155.5
SKU-00080,Chemicals,B,73,2025-05-26,dev,190.0,1,154.0,155.8,156.7,129.0,209.4,200.9
SKU-00080,Chemicals,B,74,2025-06-02,dev,162.0,0,190.0,165.8,170.0,112.0,147.0,149.0
SKU-00080,Chemicals,B,75,2025-06-09,dev,165.0,0,162.0,167.0,166.8,120.0,166.2,168.3
SKU-00080,Chemicals,B,76,2025-06-16,dev,164.0,0,165.0,167.8,166.1,126.0,165.8,165.2
SKU-00080,Chemicals,B,77,2025-06-23,dev,165.0,0,164.0,170.2,165.3,109.0,166.6,166.8
SKU-00080,Chemicals,B,78,2025-06-30,dev,196.0,0,165.0,164.0,165.2,140.0,167.1,166.5
SKU-00080,Chemicals,B,79,2025-07-07,dev,167.0,0,196.0,172.5,177.5,129.0,180.6,186.3
SKU-00080,Chemicals,B,80,2025-07-14,dev,174.0,0,167.0,173.0,173.3,136.0,173.4,177.5
SKU-00080,Chemicals,B,81,2025-07-21,dev,197.0,0,174.0,175.5,173.6,153.0,174.9,176.8
SKU-00080,Chemicals,B,82,2025-07-28,dev,200.0,0,197.0,183.5,182.9,160.0,185.5,192.5
SKU-00080,Chemicals,B,83,2025-08-04,dev,199.0,0,200.0,184.5,189.8,147.0,190.4,197.3
SKU-00080,Chemicals,B,84,2025-08-11,dev,192.0,0,199.0,192.5,193.5,149.0,193.4,199.9
SKU-00080,Chemicals,B,85,2025-08-18,dev,210.0,0,192.0,197.0,192.9,188.0,192.8,199.4
SKU-00080,Chemicals,B,86,2025-08-25,dev,242.0,0,210.0,200.2,199.7,184.0,199.8,208.1
SKU-00080,Chemicals,B,87,2025-09-01,dev,245.0,0,242.0,210.8,216.6,174.0,216.0,226.2
SKU-00080,Chemicals,B,88,2025-09-08,test,242.0,0,245.0,222.2,228.0,199.0,223.9,233.9
SKU-00080,Chemicals,B,89,2025-09-15,test,232.0,0,242.0,234.8,233.6,220.0,228.1,237.4
SKU-00080,Chemicals,B,90,2025-09-22,test,264.0,0,232.0,240.2,233.0,197.0,226.8,234.7
SKU-00080,Chemicals,B,91,2025-09-29,test,313.0,1,264.0,245.8,245.4,197.0,292.0,311.4
SKU-00080,Chemicals,B,92,2025-10-06,test,497.0,1,313.0,262.8,272.4,218.0,291.4,296.5
SKU-00080,Chemicals,B,93,2025-10-13,test,431.0,1,497.0,326.5,362.3,248.0,379.6,378.8
SKU-00080,Chemicals,B,94,2025-10-20,test,298.0,0,431.0,376.2,389.8,221.0,336.0,275.7
SKU-00080,Chemicals,B,95,2025-10-27,test,285.0,0,298.0,384.8,353.1,209.0,317.5,281.5
SKU-00080,Chemicals,B,96,2025-11-03,test,270.0,0,285.0,377.8,325.8,209.0,300.7,280.9
SKU-00080,Chemicals,B,97,2025-11-10,test,277.0,0,270.0,321.0,303.5,243.0,276.2,263.8
SKU-00080,Chemicals,B,98,2025-11-17,test,273.0,0,277.0,282.5,292.9,222.0,265.3,264.4
SKU-00080,Chemicals,B,99,2025-11-24,test,324.0,0,273.0,276.2,284.9,247.0,262.5,262.8
SKU-00080,Chemicals,B,100,2025-12-01,test,295.0,0,324.0,286.0,300.6,248.0,280.1,282.5
SKU-00080,Chemicals,B,101,2025-12-08,test,420.0,1,295.0,292.2,298.3,225.0,327.2,333.4
SKU-00080,Chemicals,B,102,2025-12-15,test,271.0,0,420.0,328.0,347.0,243.0,298.9,267.4
SKU-00080,Chemicals,B,103,2025-12-22,test,302.0,0,271.0,327.5,316.6,285.0,283.6,258.4
SKU-00081,Packaging,C,72,2025-05-19,dev,144.0,0,121.0,128.5,126.7,117.0,121.9,124.4
SKU-00081,Packaging,C,73,2025-05-26,dev,135.0,0,144.0,134.0,133.6,119.0,130.4,135.3
SKU-00081,Packaging,C,74,2025-06-02,dev,144.0,0,135.0,134.8,134.2,172.0,130.8,136.6
SKU-00081,Packaging,C,75,2025-06-09,dev,139.0,0,144.0,136.0,138.1,175.0,133.9,139.2
SKU-00081,Packaging,C,76,2025-06-16,dev,217.0,1,139.0,140.5,138.5,122.0,170.4,183.4
SKU-00081,Packaging,C,77,2025-06-23,dev,145.0,0,217.0,158.8,169.9,130.0,149.7,145.4
SKU-00081,Packaging,C,78,2025-06-30,dev,140.0,0,145.0,161.2,159.9,119.0,150.9,149.8
SKU-00081,Packaging,C,79,2025-07-07,dev,162.0,0,140.0,160.2,152.0,137.0,144.3,147.9
SKU-00081,Packaging,C,80,2025-07-14,dev,147.0,0,162.0,166.0,156.0,126.0,153.4,158.8
SKU-00081,Packaging,C,81,2025-07-21,dev,162.0,0,147.0,148.5,152.4,134.0,144.2,150.3
SKU-00081,Packaging,C,82,2025-07-28,dev,154.0,0,162.0,152.8,156.2,139.0,149.9,156.5
SKU-00081,Packaging,C,83,2025-08-04,dev,153.0,0,154.0,156.2,155.3,137.0,150.5,157.3
SKU-00081,Packaging,C,84,2025-08-11,dev,155.0,0,153.0,154.0,154.4,127.0,149.1,155.1
SKU-00081,Packaging,C,85,2025-08-18,dev,152.0,0,155.0,156.0,154.6,139.0,149.6,156.2
SKU-00081,Packaging,C,86,2025-08-25,dev,151.0,0,152.0,153.5,153.6,136.0,148.0,154.4
SKU-00081,Packaging,C,87,2025-09-01,dev,248.0,1,151.0,152.8,152.6,140.0,183.6,198.0
SKU-00081,Packaging,C,88,2025-09-08,test,161.0,1,248.0,176.5,190.7,134.0,206.9,211.5
SKU-00081,Packaging,C,89,2025-09-15,test,155.0,0,161.0,178.0,178.8,137.0,149.7,138.8
SKU-00081,Packaging,C,90,2025-09-22,test,154.0,0,155.0,178.8,169.3,131.0,159.6,160.9
SKU-00081,Packaging,C,91,2025-09-29,test,202.0,1,154.0,179.5,163.2,129.0,194.3,209.3
SKU-00081,Packaging,C,92,2025-10-06,test,190.0,1,202.0,168.0,178.7,123.0,189.5,191.2
SKU-00081,Packaging,C,93,2025-10-13,test,146.0,0,190.0,175.2,183.2,134.0,155.7,148.4
SKU-00081,Packaging,C,94,2025-10-20,test,146.0,0,146.0,173.0,168.3,126.0,157.0,156.3
SKU-00081,Packaging,C,95,2025-10-27,test,142.0,0,146.0,171.0,159.4,123.0,153.3,154.6
SKU-00081,Packaging,C,96,2025-11-03,test,136.0,0,142.0,156.0,152.4,130.0,144.7,149.1
SKU-00081,Packaging,C,97,2025-11-10,test,136.0,0,136.0,142.5,145.9,127.0,137.7,142.4
SKU-00081,Packaging,C,98,2025-11-17,test,138.0,0,136.0,140.0,141.9,116.0,136.3,141.2
SKU-00081,Packaging,C,99,2025-11-24,test,136.0,0,138.0,138.0,140.4,116.0,136.1,141.2
SKU-00081,Packaging,C,100,2025-12-01,test,136.0,0,136.0,136.5,138.6,119.0,132.8,137.5
SKU-00081,Packaging,C,101,2025-12-08,test,130.0,0,136.0,136.5,137.6,117.0,132.1,136.6
SKU-00081,Packaging,C,102,2025-12-15,test,121.0,0,130.0,135.0,134.5,110.0,129.5,133.9
SKU-00081,Packaging,C,103,2025-12-22,test,121.0,0,121.0,130.8,129.1,115.0,124.4,128.3
SKU-00082,Electronics,B,72,2025-05-19,dev,397.0,0,416.0,356.5,360.2,408.0,353.7,369.4
SKU-00082,Electronics,B,73,2025-05-26,dev,277.0,0,397.0,375.2,374.9,209.0,360.9,375.8
SKU-00082,Electronics,B,74,2025-06-02,dev,343.0,0,277.0,352.0,335.7,379.0,317.2,317.5
SKU-00082,Electronics,B,75,2025-06-09,dev,343.0,0,343.0,358.2,338.6,427.0,333.0,339.0
SKU-00082,Electronics,B,76,2025-06-16,dev,412.0,0,343.0,340.0,340.4,481.0,332.0,348.2
SKU-00082,Electronics,B,77,2025-06-23,dev,327.0,0,412.0,343.8,369.0,295.0,357.1,373.9
SKU-00082,Electronics,B,78,2025-06-30,dev,382.0,0,327.0,356.2,352.2,333.0,341.1,351.0
SKU-00082,Electronics,B,79,2025-07-07,dev,487.0,0,382.0,366.0,364.1,357.0,357.6,371.8
SKU-00082,Electronics,B,80,2025-07-14,dev,262.0,0,487.0,402.0,413.3,304.0,408.1,433.6
SKU-00082,Electronics,B,81,2025-07-21,dev,407.0,0,262.0,364.5,352.8,373.0,327.7,322.9
SKU-00082,Electronics,B,82,2025-07-28,dev,416.0,0,407.0,384.5,374.5,354.0,368.4,380.5
SKU-00082,Electronics,B,83,2025-08-04,dev,292.0,0,416.0,393.0,391.1,471.0,386.8,406.8
SKU-00082,Electronics,B,84,2025-08-11,dev,360.0,0,292.0,344.2,351.4,462.0,330.6,330.4
SKU-00082,Electronics,B,85,2025-08-18,dev,465.0,0,360.0,368.8,354.9,410.0,352.0,362.8
SKU-00082,Electronics,B,86,2025-08-25,dev,322.0,0,465.0,383.2,398.9,469.0,397.0,421.2
SKU-00082,Electronics,B,87,2025-09-01,dev,432.0,0,322.0,359.8,368.2,272.0,349.9,352.3
SKU-00082,Electronics,B,88,2025-09-08,test,492.0,1,432.0,394.8,393.7,400.0,478.9,514.1
SKU-00082,Electronics,B,89,2025-09-15,test,376.0,1,492.0,427.8,433.0,291.0,475.2,482.6
SKU-00082,Electronics,B,90,2025-09-22,test,260.0,0,376.0,405.5,410.2,473.0,342.4,344.5
SKU-00082,Electronics,B,91,2025-09-29,test,310.0,0,260.0,390.0,350.1,514.0,332.7,338.7
SKU-00082,Electronics,B,92,2025-10-06,test,314.0,0,310.0,359.5,334.1,366.0,331.2,330.6
SKU-00082,Electronics,B,93,2025-10-13,test,290.0,0,314.0,315.0,326.0,291.0,320.4,331.6
SKU-00082,Electronics,B,94,2025-10-20,test,365.0,0,290.0,293.5,311.6,239.0,303.8,312.4
SKU-00082,Electronics,B,95,2025-10-27,test,286.0,0,365.0,319.8,333.0,241.0,335.9,348.8
SKU-00082,Electronics,B,96,2025-11-03,test,233.0,0,286.0,313.8,314.2,330.0,308.7,320.1
SKU-00082,Electronics,B,97,2025-11-10,test,287.0,0,233.0,293.5,281.7,347.0,276.5,279.5
SKU-00082,Electronics,B,98,2025-11-17,test,263.0,0,287.0,292.8,283.8,307.0,289.2,289.4
SKU-00082,Electronics,B,99,2025-11-24,test,302.0,0,263.0,267.2,275.5,283.0,276.5,276.4
SKU-00082,Electronics,B,100,2025-12-01,test,245.0,0,302.0,271.2,286.1,291.0,285.3,286.1
SKU-00082,Electronics,B,101,2025-12-08,test,276.0,0,245.0,274.2,269.7,217.0,269.4,275.5
SKU-00082,Electronics,B,102,2025-12-15,test,279.0,0,276.0,271.5,272.2,210.0,274.8,270.8
SKU-00082,Electronics,B,103,2025-12-22,test,274.0,0,279.0,275.5,274.9,185.0,278.0,279.6
SKU-00083,Electronics,B,72,2025-05-19,dev,117.0,0,174.0,151.8,159.7,147.0,133.6,122.2
SKU-00083,Electronics,B,73,2025-05-26,dev,96.0,0,117.0,163.2,142.6,136.0,134.3,132.8
SKU-00083,Electronics,B,74,2025-06-02,dev,189.0,0,96.0,145.0,124.0,105.0,118.8,116.5
SKU-00083,Electronics,B,75,2025-06-09,dev,187.0,0,189.0,144.0,150.0,157.0,148.2,157.6
SKU-00083,Electronics,B,76,2025-06-16,dev,88.0,0,187.0,147.2,164.8,155.0,155.9,161.8
SKU-00083,Electronics,B,77,2025-06-23,dev,141.0,0,88.0,140.0,134.1,139.0,121.3,114.8
SKU-00083,Electronics,B,78,2025-06-30,dev,147.0,0,141.0,151.2,136.8,136.0,136.8,136.7
SKU-00083,Electronics,B,79,2025-07-07,dev,107.0,0,147.0,140.8,140.9,173.0,138.1,146.5
SKU-00083,Electronics,B,80,2025-07-14,dev,126.0,0,107.0,120.8,127.3,114.0,118.2,117.6
SKU-00083,Electronics,B,81,2025-07-21,dev,83.0,0,126.0,130.2,126.8,184.0,124.9,127.7
SKU-00083,Electronics,B,82,2025-07-28,dev,148.0,0,83.0,115.8,109.3,104.0,107.1,107.3
SKU-00083,Electronics,B,83,2025-08-04,dev,174.0,0,148.0,116.0,124.8,61.0,126.2,129.9
SKU-00083,Electronics,B,84,2025-08-11,dev,136.0,0,174.0,132.8,144.5,85.0,144.3,153.8
SKU-00083,Electronics,B,85,2025-08-18,dev,200.0,1,136.0,135.2,141.1,125.0,169.3,171.6
SKU-00083,Electronics,B,86,2025-08-25,dev,164.0,0,200.0,164.5,164.6,165.0,147.5,141.3
SKU-00083,Electronics,B,87,2025-09-01,dev,134.0,0,164.0,168.5,164.4,137.0,158.2,158.0
SKU-00083,Electronics,B,88,2025-09-08,test,140.0,0,134.0,158.5,152.2,150.0,143.1,145.1
SKU-00083,Electronics,B,89,2025-09-15,test,187.0,0,140.0,159.5,147.3,126.0,143.5,146.0
SKU-00083,Electronics,B,90,2025-09-22,test,144.0,0,187.0,156.2,163.2,103.0,159.3,167.1
SKU-00083,Electronics,B,91,2025-09-29,test,136.0,0,144.0,151.2,155.5,106.0,146.3,148.1
SKU-00083,Electronics,B,92,2025-10-06,test,128.0,0,136.0,151.8,147.7,153.0,140.7,143.6
SKU-00083,Electronics,B,93,2025-10-13,test,104.0,0,128.0,148.8,139.8,233.0,136.3,140.2
SKU-00083,Electronics,B,94,2025-10-20,test,96.0,0,104.0,128.0,125.5,260.0,120.0,123.1
SKU-00083,Electronics,B,95,2025-10-27,test,63.0,0,96.0,116.0,113.7,173.0,111.0,111.0
SKU-00083,Electronics,B,96,2025-11-03,test,149.0,0,63.0,97.8,93.4,129.0,91.7,90.6
SKU-00083,Electronics,B,97,2025-11-10,test,111.0,0,149.0,103.0,115.7,112.0,119.5,121.0
SKU-00083,Electronics,B,98,2025-11-17,test,89.0,0,111.0,104.8,113.8,101.0,112.5,116.1
SKU-00083,Electronics,B,99,2025-11-24,test,140.0,0,89.0,103.0,103.9,125.0,101.7,102.6
SKU-00083,Electronics,B,100,2025-12-01,test,82.0,0,140.0,122.2,118.3,100.0,121.8,125.0
SKU-00083,Electronics,B,101,2025-12-08,test,86.0,0,82.0,105.5,103.8,105.0,100.2,105.6
SKU-00083,Electronics,B,102,2025-12-15,test,109.0,0,86.0,99.2,96.7,91.0,95.4,92.8
SKU-00083,Electronics,B,103,2025-12-22,test,97.0,1,109.0,104.2,101.6,100.0,139.1,135.4
SKU-00084,Chemicals,C,72,2025-05-19,dev,51.0,0,46.0,57.8,56.0,50.0,56.0,56.9
SKU-00084,Chemicals,C,73,2025-05-26,dev,53.0,0,51.0,56.2,54.0,58.0,55.8,53.9
SKU-00084,Chemicals,C,74,2025-06-02,dev,38.0,0,53.0,53.0,53.6,46.0,56.4,53.6
SKU-00084,Chemicals,C,75,2025-06-09,dev,62.0,0,38.0,47.0,47.4,64.0,49.4,50.4
SKU-00084,Chemicals,C,76,2025-06-16,dev,49.0,0,62.0,51.0,53.2,66.0,57.7,52.4
SKU-00084,Chemicals,C,77,2025-06-23,dev,53.0,0,49.0,50.5,51.5,62.0,54.7,54.1
SKU-00084,Chemicals,C,78,2025-06-30,dev,55.0,0,53.0,50.5,52.1,54.0,56.0,52.8
SKU-00084,Chemicals,C,79,2025-07-07,dev,72.0,0,55.0,54.8,53.3,62.0,58.2,54.7
SKU-00084,Chemicals,C,80,2025-07-14,dev,56.0,0,72.0,57.2,60.8,53.0,65.0,60.6
SKU-00084,Chemicals,C,81,2025-07-21,dev,50.0,0,56.0,59.0,58.9,65.0,61.6,60.0
SKU-00084,Chemicals,C,82,2025-07-28,dev,81.0,0,50.0,58.2,55.3,102.0,58.3,56.2
SKU-00084,Chemicals,C,83,2025-08-04,dev,70.0,0,81.0,64.8,65.6,77.0,71.3,69.4
SKU-00084,Chemicals,C,84,2025-08-11,dev,84.0,0,70.0,64.2,67.4,82.0,69.7,68.8
SKU-00084,Chemicals,C,85,2025-08-18,dev,97.0,0,84.0,71.2,74.0,109.0,76.3,76.9
SKU-00084,Chemicals,C,86,2025-08-25,dev,73.0,0,97.0,83.0,83.2,65.0,85.9,90.2
SKU-00084,Chemicals,C,87,2025-09-01,dev,73.0,0,73.0,81.0,79.1,65.0,78.7,80.0
SKU-00084,Chemicals,C,88,2025-09-08,test,75.0,0,73.0,81.8,76.7,71.0,77.4,79.0
SKU-00084,Chemicals,C,89,2025-09-15,test,74.0,0,75.0,79.5,76.0,92.0,77.4,79.6
SKU-00084,Chemicals,C,90,2025-09-22,test,92.0,0,74.0,73.8,75.2,89.0,75.6,77.8
SKU-00084,Chemicals,C,91,2025-09-29,test,92.0,0,92.0,78.5,81.9,108.0,82.9,86.1
SKU-00084,Chemicals,C,92,2025-10-06,test,83.0,0,92.0,83.2,86.0,82.0,85.9,89.3
SKU-00084,Chemicals,C,93,2025-10-13,test,110.0,0,83.0,85.2,84.8,109.0,83.7,86.2
SKU-00084,Chemicals,C,94,2025-10-20,test,89.0,0,110.0,94.2,94.9,97.0,95.0,99.2
SKU-00084,Chemicals,C,95,2025-10-27,test,90.0,0,89.0,93.5,92.5,90.0,89.9,92.8
SKU-00084,Chemicals,C,96,2025-11-03,test,81.0,0,90.0,93.0,91.5,99.0,88.2,90.6
SKU-00084,Chemicals,C,97,2025-11-10,test,118.0,0,81.0,92.5,87.3,90.0,85.2,88.3
SKU-00084,Chemicals,C,98,2025-11-17,test,97.0,0,118.0,94.5,99.6,122.0,97.9,102.3
SKU-00084,Chemicals,C,99,2025-11-24,test,118.0,0,97.0,96.5,98.6,84.0,94.2,96.6
SKU-00084,Chemicals,C,100,2025-12-01,test,105.0,0,118.0,103.5,106.3,79.0,101.4,104.9
SKU-00084,Chemicals,C,101,2025-12-08,test,105.0,0,105.0,109.5,105.8,100.0,100.7,101.6
SKU-00084,Chemicals,C,102,2025-12-15,test,84.0,0,105.0,106.2,105.5,91.0,98.8,100.9
SKU-00084,Chemicals,C,103,2025-12-22,test,99.0,0,84.0,103.0,96.9,97.0,90.7,92.1
SKU-00085,Raw Materials,B,72,2025-05-19,dev,181.0,0,238.0,235.2,242.8,156.0,235.8,238.1
SKU-00085,Raw Materials,B,73,2025-05-26,dev,205.0,0,181.0,225.8,218.1,176.0,211.7,213.0
SKU-00085,Raw Materials,B,74,2025-06-02,dev,154.0,0,205.0,221.8,212.8,171.0,217.1,205.8
SKU-00085,Raw Materials,B,75,2025-06-09,dev,172.0,0,154.0,194.5,189.3,255.0,191.7,188.6
SKU-00085,Raw Materials,B,76,2025-06-16,dev,176.0,0,172.0,178.0,182.4,159.0,187.7,177.1
SKU-00085,Raw Materials,B,77,2025-06-23,dev,134.0,0,176.0,176.8,179.8,166.0,189.2,179.3
SKU-00085,Raw Materials,B,78,2025-06-30,dev,227.0,1,134.0,159.0,161.5,166.0,247.4,222.2
SKU-00085,Raw Materials,B,79,2025-07-07,dev,273.0,1,227.0,177.2,187.7,162.0,244.4,240.7
SKU-00085,Raw Materials,B,80,2025-07-14,dev,273.0,1,273.0,202.5,221.8,148.0,274.3,273.7
SKU-00085,Raw Materials,B,81,2025-07-21,dev,175.0,0,273.0,226.8,242.3,158.0,211.2,205.4
SKU-00085,Raw Materials,B,82,2025-07-28,dev,245.0,1,175.0,237.0,215.4,182.0,294.0,290.9
SKU-00085,Raw Materials,B,83,2025-08-04,dev,242.0,1,245.0,241.5,227.2,178.0,278.8,287.9
SKU-00085,Raw Materials,B,84,2025-08-11,dev,172.0,0,242.0,233.8,233.1,151.0,205.0,215.5
SKU-00085,Raw Materials,B,85,2025-08-18,dev,179.0,0,172.0,208.5,208.7,181.0,210.0,205.1
SKU-00085,Raw Materials,B,86,2025-08-25,dev,184.0,0,179.0,209.5,196.8,232.0,208.4,192.7
SKU-00085,Raw Materials,B,87,2025-09-01,dev,204.0,0,184.0,194.2,191.7,173.0,205.6,189.4
SKU-00085,Raw Materials,B,88,2025-09-08,test,222.0,0,204.0,184.8,196.6,219.0,208.6,191.3
SKU-00085,Raw Materials,B,89,2025-09-15,test,257.0,0,222.0,197.2,206.8,234.0,219.4,208.9
SKU-00085,Raw Materials,B,90,2025-09-22,test,237.0,0,257.0,216.8,226.9,256.0,239.5,239.3
SKU-00085,Raw Materials,B,91,2025-09-29,test,275.0,0,237.0,230.0,230.9,233.0,238.7,242.2
SKU-00085,Raw Materials,B,92,2025-10-06,test,300.0,0,275.0,247.8,248.5,252.0,256.2,264.1
SKU-00085,Raw Materials,B,93,2025-10-13,test,360.0,1,300.0,267.2,269.1,268.0,350.2,364.4
SKU-00085,Raw Materials,B,94,2025-10-20,test,271.0,0,360.0,293.0,305.5,286.0,270.5,268.2
SKU-00085,Raw Materials,B,95,2025-10-27,test,280.0,0,271.0,301.5,291.7,284.0,285.5,291.5
SKU-00085,Raw Materials,B,96,2025-11-03,test,303.0,0,280.0,302.8,287.0,266.0,281.6,289.4
SKU-00085,Raw Materials,B,97,2025-11-10,test,304.0,0,303.0,303.5,293.4,345.0,290.7,303.0
SKU-00085,Raw Materials,B,98,2025-11-17,test,338.0,0,304.0,289.5,297.6,317.0,288.5,299.1
SKU-00085,Raw Materials,B,99,2025-11-24,test,378.0,0,338.0,306.2,313.8,314.0,306.5,317.8
SKU-00085,Raw Materials,B,100,2025-12-01,test,304.0,0,378.0,330.8,339.5,339.0,328.1,342.3
SKU-00085,Raw Materials,B,101,2025-12-08,test,241.0,0,304.0,331.0,325.3,334.0,306.7,312.1
SKU-00085,Raw Materials,B,102,2025-12-15,test,319.0,0,241.0,315.2,291.6,299.0,274.7,280.9
SKU-00085,Raw Materials,B,103,2025-12-22,test,374.0,0,319.0,310.5,302.5,337.0,294.8,303.2
SKU-00086,Machinery Parts,C,72,2025-05-19,dev,32.0,0,27.0,28.8,29.3,29.0,27.5,27.4
SKU-00086,Machinery Parts,C,73,2025-05-26,dev,27.0,0,32.0,31.0,30.4,22.0,29.3,30.4
SKU-00086,Machinery Parts,C,74,2025-06-02,dev,28.0,0,27.0,30.5,29.0,23.0,28.1,29.4
SKU-00086,Machinery Parts,C,75,2025-06-09,dev,28.0,0,28.0,28.5,28.6,33.0,27.5,28.3
SKU-00086,Machinery Parts,C,76,2025-06-16,dev,23.0,0,28.0,28.8,28.4,26.0,27.6,28.7
SKU-00086,Machinery Parts,C,77,2025-06-23,dev,27.0,0,23.0,26.5,26.2,23.0,25.2,25.5
SKU-00086,Machinery Parts,C,78,2025-06-30,dev,21.0,0,27.0,26.5,26.5,23.0,26.5,26.9
SKU-00086,Machinery Parts,C,79,2025-07-07,dev,45.0,1,21.0,24.8,24.3,24.0,31.6,31.6
SKU-00086,Machinery Parts,C,80,2025-07-14,dev,25.0,0,45.0,29.0,32.6,22.0,29.4,28.0
SKU-00086,Machinery Parts,C,81,2025-07-21,dev,26.0,0,25.0,29.5,29.6,27.0,28.2,28.0
SKU-00086,Machinery Parts,C,82,2025-07-28,dev,29.0,0,26.0,29.2,28.1,23.0,27.2,27.3
SKU-00086,Machinery Parts,C,83,2025-08-04,dev,28.0,0,29.0,31.2,28.5,21.0,29.0,29.9
SKU-00086,Machinery Parts,C,84,2025-08-11,dev,28.0,0,28.0,27.0,28.3,24.0,27.5,28.5
SKU-00086,Machinery Parts,C,85,2025-08-18,dev,22.0,0,28.0,27.8,28.2,26.0,27.8,28.7
SKU-00086,Machinery Parts,C,86,2025-08-25,dev,22.0,0,22.0,26.8,25.7,20.0,25.4,25.9
SKU-00086,Machinery Parts,C,87,2025-09-01,dev,26.0,0,22.0,25.0,24.2,21.0,24.5,24.4
SKU-00086,Machinery Parts,C,88,2025-09-08,test,24.0,0,26.0,24.5,24.9,21.0,25.4,26.0
SKU-00086,Machinery Parts,C,89,2025-09-15,test,22.0,0,24.0,23.5,24.6,21.0,24.7,25.3
SKU-00086,Machinery Parts,C,90,2025-09-22,test,28.0,0,22.0,23.5,23.5,23.0,23.9,23.9
SKU-00086,Machinery Parts,C,91,2025-09-29,test,31.0,1,28.0,25.0,25.3,20.0,33.8,34.0
SKU-00086,Machinery Parts,C,92,2025-10-06,test,30.0,0,31.0,26.2,27.6,21.0,24.3,24.4
SKU-00086,Machinery Parts,C,93,2025-10-13,test,23.0,0,30.0,27.8,28.6,21.0,28.3,29.3
SKU-00086,Machinery Parts,C,94,2025-10-20,test,27.0,0,23.0,28.0,26.3,23.0,26.1,26.8
SKU-00086,Machinery Parts,C,95,2025-10-27,test,25.0,0,27.0,27.8,26.6,23.0,26.9,27.5
SKU-00086,Machinery Parts,C,96,2025-11-03,test,31.0,0,25.0,26.2,26.0,23.0,25.8,26.8
SKU-00086,Machinery Parts,C,97,2025-11-10,test,28.0,0,31.0,26.5,28.0,18.0,27.8,28.7
SKU-00086,Machinery Parts,C,98,2025-11-17,test,25.0,0,28.0,27.8,28.0,30.0,27.7,28.7
SKU-00086,Machinery Parts,C,99,2025-11-24,test,32.0,0,25.0,27.2,26.8,26.0,26.3,27.0
SKU-00086,Machinery Parts,C,100,2025-12-01,test,24.0,0,32.0,29.0,28.9,25.0,28.7,29.8
SKU-00086,Machinery Parts,C,101,2025-12-08,test,27.0,0,24.0,27.2,26.9,20.0,25.8,26.7
SKU-00086,Machinery Parts,C,102,2025-12-15,test,25.0,0,27.0,27.0,27.0,21.0,26.3,26.8
SKU-00086,Machinery Parts,C,103,2025-12-22,test,36.0,0,25.0,27.0,26.2,26.0,25.8,26.6
SKU-00087,Machinery Parts,A,72,2025-05-19,dev,1503.0,0,1853.0,1689.2,1768.0,1200.0,1459.6,1501.5
SKU-00087,Machinery Parts,A,73,2025-05-26,dev,1544.0,0,1503.0,1634.5,1662.0,1292.0,1524.7,1560.4
SKU-00087,Machinery Parts,A,74,2025-06-02,dev,1497.0,0,1544.0,1633.8,1614.8,1205.0,1530.1,1586.8
SKU-00087,Machinery Parts,A,75,2025-06-09,dev,1532.0,0,1497.0,1599.2,1567.7,1164.0,1503.4,1571.7
SKU-00087,Machinery Parts,A,76,2025-06-16,dev,1472.0,0,1532.0,1519.0,1553.4,1507.0,1472.5,1535.8
SKU-00087,Machinery Parts,A,77,2025-06-23,dev,1535.0,0,1472.0,1511.2,1520.8,1808.0,1449.7,1511.3
SKU-00087,Machinery Parts,A,78,2025-06-30,dev,1486.0,0,1535.0,1509.0,1526.5,1115.0,1480.9,1544.2
SKU-00087,Machinery Parts,A,79,2025-07-07,dev,1419.0,0,1486.0,1506.2,1510.3,1079.0,1466.3,1529.8
SKU-00087,Machinery Parts,A,80,2025-07-14,dev,1322.0,0,1419.0,1478.0,1473.8,1078.0,1426.9,1481.9
SKU-00087,Machinery Parts,A,81,2025-07-21,dev,1402.0,0,1322.0,1440.5,1413.1,1040.0,1376.1,1424.4
SKU-00087,Machinery Parts,A,82,2025-07-28,dev,1760.0,1,1402.0,1407.2,1408.6,967.0,1767.6,1848.7
SKU-00087,Machinery Parts,A,83,2025-08-04,dev,1797.0,1,1760.0,1475.8,1549.2,1072.0,1742.0,1723.7
SKU-00087,Machinery Parts,A,84,2025-08-11,dev,1750.0,1,1797.0,1570.2,1648.3,1065.0,1812.6,1756.4
SKU-00087,Machinery Parts,A,85,2025-08-18,dev,1283.0,0,1750.0,1677.2,1689.0,935.0,1454.4,1483.3
SKU-00087,Machinery Parts,A,86,2025-08-25,dev,1271.0,0,1283.0,1647.5,1526.6,965.0,1470.4,1510.7
SKU-00087,Machinery Parts,A,87,2025-09-01,dev,1230.0,0,1271.0,1525.2,1424.4,994.0,1396.1,1418.2
SKU-00087,Machinery Parts,A,88,2025-09-08,test,1912.0,1,1230.0,1383.5,1346.6,989.0,1716.4,1775.1
SKU-00087,Machinery Parts,A,89,2025-09-15,test,1242.0,0,1912.0,1424.0,1572.8,1012.0,1387.9,1368.5
SKU-00087,Machinery Parts,A,90,2025-09-22,test,1277.0,0,1242.0,1413.8,1440.5,954.0,1393.7,1409.8
SKU-00087,Machinery Parts,A,91,2025-09-29,test,1236.0,0,1277.0,1415.2,1375.1,1050.0,1352.5,1375.1
SKU-00087,Machinery Parts,A,92,2025-10-06,test,1327.0,0,1236.0,1416.8,1319.4,1030.0,1333.7,1366.8
SKU-00087,Machinery Parts,A,93,2025-10-13,test,1323.0,0,1327.0,1270.5,1322.5,1008.0,1307.9,1350.1
SKU-00087,Machinery Parts,A,94,2025-10-20,test,1202.0,0,1323.0,1290.8,1322.7,1047.0,1319.7,1367.2
SKU-00087,Machinery Parts,A,95,2025-10-27,test,1335.0,0,1202.0,1272.0,1274.4,1068.0,1273.1,1311.1
SKU-00087,Machinery Parts,A,96,2025-11-03,test,1326.0,0,1335.0,1296.8,1298.6,1058.0,1306.4,1342.2
SKU-00087,Machinery Parts,A,97,2025-11-10,test,1364.0,0,1326.0,1296.5,1309.6,1064.0,1305.3,1355.5
SKU-00087,Machinery Parts,A,98,2025-11-17,test,1425.0,0,1364.0,1306.8,1331.4,1071.0,1322.3,1366.3
SKU-00087,Machinery Parts,A,99,2025-11-24,test,1507.0,0,1425.0,1362.5,1368.8,1098.0,1364.8,1415.4
SKU-00087,Machinery Parts,A,100,2025-12-01,test,1411.0,0,1507.0,1405.5,1424.1,1195.0,1397.7,1447.0
SKU-00087,Machinery Parts,A,101,2025-12-08,test,1554.0,0,1411.0,1426.8,1418.9,1690.0,1379.9,1425.6
SKU-00087,Machinery Parts,A,102,2025-12-15,test,1583.0,0,1554.0,1474.2,1472.9,1595.0,1438.8,1487.6
SKU-00087,Machinery Parts,A,103,2025-12-22,test,1636.0,0,1583.0,1513.8,1516.9,1357.0,1475.0,1530.7
SKU-00088,Raw Materials,A,72,2025-05-19,dev,4586.0,0,4168.0,4747.2,4731.9,4413.0,4637.2,4614.1
SKU-00088,Raw Materials,A,73,2025-05-26,dev,3989.0,0,4586.0,4680.2,4673.5,4266.0,4667.8,4470.2
SKU-00088,Raw Materials,A,74,2025-06-02,dev,4615.0,0,3989.0,4481.8,4399.7,3921.0,4497.9,4345.7
SKU-00088,Raw Materials,A,75,2025-06-09,dev,4118.0,0,4615.0,4339.5,4485.8,3580.0,4601.7,4296.2
SKU-00088,Raw Materials,A,76,2025-06-16,dev,4149.0,0,4118.0,4327.0,4338.7,3577.0,4463.7,4313.9
SKU-00088,Raw Materials,A,77,2025-06-23,dev,4321.0,0,4149.0,4217.8,4262.8,3784.0,4398.1,4199.8
SKU-00088,Raw Materials,A,78,2025-06-30,dev,4089.0,0,4321.0,4300.8,4286.1,4001.0,4544.2,4241.6
SKU-00088,Raw Materials,A,79,2025-07-07,dev,5358.0,1,4089.0,4169.2,4207.3,3765.0,6100.6,5656.0
SKU-00088,Raw Materials,A,80,2025-07-14,dev,4068.0,0,5358.0,4479.2,4667.6,4174.0,4135.1,4219.9
SKU-00088,Raw Materials,A,81,2025-07-21,dev,4650.0,0,4068.0,4459.0,4427.7,3510.0,4589.8,4486.1
SKU-00088,Raw Materials,A,82,2025-07-28,dev,3799.0,0,4650.0,4541.2,4516.6,4185.0,4731.8,4407.8
SKU-00088,Raw Materials,A,83,2025-08-04,dev,4672.0,0,3799.0,4468.8,4229.6,4154.0,4503.9,4308.7
SKU-00088,Raw Materials,A,84,2025-08-11,dev,6045.0,1,4672.0,4297.2,4406.5,3841.0,6360.9,5862.2
SKU-00088,Raw Materials,A,85,2025-08-18,dev,8644.0,1,6045.0,4791.5,5061.9,4129.0,6246.4,6272.6
SKU-00088,Raw Materials,A,86,2025-08-25,dev,4057.0,0,8644.0,5790.0,6494.8,5132.0,5894.6,5488.1
SKU-00088,Raw Materials,A,87,2025-09-01,dev,4981.0,0,4057.0,5854.5,5519.7,5123.0,5413.0,5274.6
SKU-00088,Raw Materials,A,88,2025-09-08,test,5321.0,0,4981.0,5931.8,5304.2,4385.0,5435.2,5327.8
SKU-00088,Raw Materials,A,89,2025-09-15,test,5409.0,0,5321.0,5750.8,5310.9,5231.0,5551.3,5662.3
SKU-00088,Raw Materials,A,90,2025-09-22,test,4671.0,0,5409.0,4942.0,5350.1,5230.0,5348.3,5373.1
SKU-00088,Raw Materials,A,91,2025-09-29,test,5498.0,0,4671.0,5095.5,5078.5,5184.0,5154.8,5169.8
SKU-00088,Raw Materials,A,92,2025-10-06,test,6077.0,0,5498.0,5224.8,5246.3,4832.0,5428.4,5488.8
SKU-00088,Raw Materials,A,93,2025-10-13,test,5658.0,0,6077.0,5413.8,5578.6,5210.0,5734.5,5964.8
SKU-00088,Raw Materials,A,94,2025-10-20,test,6344.0,0,5658.0,5476.0,5610.3,6167.0,5624.6,5794.9
SKU-00088,Raw Materials,A,95,2025-10-27,test,6522.0,0,6344.0,5894.2,5903.8,5651.0,5986.6,6189.1
SKU-00088,Raw Materials,A,96,2025-11-03,test,6901.0,0,6522.0,6150.2,6151.1,6741.0,6142.0,6383.1
SKU-00088,Raw Materials,A,97,2025-11-10,test,6694.0,0,6901.0,6356.2,6451.1,6288.0,6366.0,6587.9
SKU-00088,Raw Materials,A,98,2025-11-17,test,7280.0,0,6694.0,6615.2,6548.2,5668.0,6424.0,6653.5
SKU-00088,Raw Materials,A,99,2025-11-24,test,6274.0,0,7280.0,6849.2,6840.9,6471.0,6710.1,6949.6
SKU-00088,Raw Materials,A,100,2025-12-01,test,6944.0,0,6274.0,6787.2,6614.2,6610.0,6340.2,6558.0
SKU-00088,Raw Materials,A,101,2025-12-08,test,7557.0,0,6944.0,6798.0,6746.1,7262.0,6507.2,6718.4
SKU-00088,Raw Materials,A,102,2025-12-15,test,7794.0,1,7557.0,7013.8,7070.5,8789.0,8519.8,9129.4
SKU-00088,Raw Materials,A,103,2025-12-22,test,6879.0,1,7794.0,7142.2,7359.9,7500.0,7894.1,7899.5
SKU-00089,Electronics,B,72,2025-05-19,dev,152.0,0,145.0,144.8,146.4,117.0,139.2,144.2
SKU-00089,Electronics,B,73,2025-05-26,dev,147.0,0,152.0,145.2,148.7,126.0,141.8,148.0
SKU-00089,Electronics,B,74,2025-06-02,dev,160.0,0,147.0,145.5,148.0,119.0,142.4,148.2
SKU-00089,Electronics,B,75,2025-06-09,dev,150.0,0,160.0,151.0,152.8,120.0,147.5,154.3
SKU-00089,Electronics,B,76,2025-06-16,dev,141.0,0,150.0,152.2,151.7,128.0,145.4,151.6
SKU-00089,Electronics,B,77,2025-06-23,dev,153.0,0,141.0,149.5,147.4,123.0,140.8,146.0
SKU-00089,Electronics,B,78,2025-06-30,dev,171.0,0,153.0,151.0,149.6,143.0,146.2,152.8
SKU-00089,Electronics,B,79,2025-07-07,dev,249.0,1,171.0,153.8,158.2,140.0,191.7,207.1
SKU-00089,Electronics,B,80,2025-07-14,dev,179.0,1,249.0,178.5,194.5,143.0,209.8,211.4
SKU-00089,Electronics,B,81,2025-07-21,dev,131.0,0,179.0,188.0,188.3,173.0,158.0,145.2
SKU-00089,Electronics,B,82,2025-07-28,dev,169.0,0,131.0,182.5,165.4,126.0,153.8,153.7
SKU-00089,Electronics,B,83,2025-08-04,dev,171.0,0,169.0,182.0,166.8,161.0,163.9,166.0
SKU-00089,Electronics,B,84,2025-08-11,dev,167.0,0,171.0,162.5,168.5,142.0,160.8,169.2
SKU-00089,Electronics,B,85,2025-08-18,dev,167.0,0,167.0,159.5,167.9,130.0,159.1,164.9
SKU-00089,Electronics,B,86,2025-08-25,dev,146.0,0,167.0,168.5,167.5,126.0,161.9,168.7
SKU-00089,Electronics,B,87,2025-09-01,dev,156.0,0,146.0,162.8,158.9,135.0,153.2,158.2
SKU-00089,Electronics,B,88,2025-09-08,test,132.0,0,156.0,159.0,157.8,151.0,152.8,158.3
SKU-00089,Electronics,B,89,2025-09-15,test,223.0,1,132.0,150.2,147.5,121.0,179.7,195.2
SKU-00089,Electronics,B,90,2025-09-22,test,154.0,0,223.0,164.2,177.7,137.0,158.0,152.4
SKU-00089,Electronics,B,91,2025-09-29,test,155.0,0,154.0,166.2,168.2,135.0,159.5,159.2
SKU-00089,Electronics,B,92,2025-10-06,test,140.0,0,155.0,166.0,162.9,140.0,155.2,158.0
SKU-00089,Electronics,B,93,2025-10-13,test,158.0,0,140.0,168.0,153.8,148.0,150.5,153.2
SKU-00089,Electronics,B,94,2025-10-20,test,115.0,0,158.0,151.8,155.5,133.0,150.0,155.3
SKU-00089,Electronics,B,95,2025-10-27,test,158.0,0,115.0,142.0,139.3,127.0,133.5,138.1
SKU-00089,Electronics,B,96,2025-11-03,test,146.0,0,158.0,142.8,146.8,108.0,143.9,148.7
SKU-00089,Electronics,B,97,2025-11-10,test,130.0,0,146.0,144.2,146.5,141.0,143.4,149.9
SKU-00089,Electronics,B,98,2025-11-17,test,150.0,0,130.0,137.2,139.9,123.0,134.1,137.5
SKU-00089,Electronics,B,99,2025-11-24,test,156.0,0,150.0,146.0,143.9,110.0,142.3,147.9
SKU-00089,Electronics,B,100,2025-12-01,test,142.0,0,156.0,145.5,148.8,109.0,143.9,149.7
SKU-00089,Electronics,B,101,2025-12-08,test,143.0,0,142.0,144.5,146.1,118.0,139.5,143.8
SKU-00089,Electronics,B,102,2025-12-15,test,138.0,0,143.0,147.8,144.8,111.0,139.8,144.4
SKU-00089,Electronics,B,103,2025-12-22,test,137.0,0,138.0,144.8,142.1,114.0,137.5,142.5
SKU-00090,Textiles,C,72,2025-05-19,dev,111.0,0,110.0,104.0,109.0,116.0,108.9,104.6
SKU-00090,Textiles,C,73,2025-05-26,dev,113.0,0,111.0,106.5,109.8,128.0,110.3,107.1
SKU-00090,Textiles,C,74,2025-06-02,dev,123.0,0,113.0,109.8,111.1,123.0,113.7,109.7
SKU-00090,Textiles,C,75,2025-06-09,dev,129.0,0,123.0,114.2,115.8,156.0,118.1,115.5
SKU-00090,Textiles,C,76,2025-06-16,dev,128.0,0,129.0,119.0,121.1,123.0,122.5,123.1
SKU-00090,Textiles,C,77,2025-06-23,dev,117.0,0,128.0,123.2,123.9,126.0,124.3,126.5
SKU-00090,Textiles,C,78,2025-06-30,dev,117.0,0,117.0,124.2,121.1,131.0,122.7,123.9
SKU-00090,Textiles,C,79,2025-07-07,dev,110.0,0,117.0,122.8,119.5,117.0,121.6,120.8
SKU-00090,Textiles,C,80,2025-07-14,dev,110.0,0,110.0,118.0,115.7,131.0,117.7,115.2
SKU-00090,Textiles,C,81,2025-07-21,dev,122.0,0,110.0,113.5,113.4,140.0,115.7,111.2
SKU-00090,Textiles,C,82,2025-07-28,dev,126.0,0,122.0,114.8,116.8,134.0,120.2,117.7
SKU-00090,Textiles,C,83,2025-08-04,dev,127.0,0,126.0,117.0,120.5,135.0,124.2,124.7
SKU-00090,Textiles,C,84,2025-08-11,dev,120.0,0,127.0,121.2,123.1,142.0,126.2,128.0
SKU-00090,Textiles,C,85,2025-08-18,dev,131.0,0,120.0,123.8,121.9,143.0,124.7,126.5
SKU-00090,Textiles,C,86,2025-08-25,dev,146.0,0,131.0,126.0,125.5,141.0,128.8,131.5
SKU-00090,Textiles,C,87,2025-09-01,dev,125.0,0,146.0,131.0,133.7,143.0,136.8,141.7
SKU-00090,Textiles,C,88,2025-09-08,test,136.0,0,125.0,130.5,130.2,141.0,130.9,134.7
SKU-00090,Textiles,C,89,2025-09-15,test,140.0,0,136.0,134.5,132.5,140.0,134.8,138.7
SKU-00090,Textiles,C,90,2025-09-22,test,138.0,0,140.0,136.8,135.5,145.0,137.7,143.0
SKU-00090,Textiles,C,91,2025-09-29,test,151.0,0,138.0,134.8,136.5,143.0,136.4,140.9
SKU-00090,Textiles,C,92,2025-10-06,test,137.0,0,151.0,141.2,142.3,126.0,143.0,148.2
SKU-00090,Textiles,C,93,2025-10-13,test,145.0,0,137.0,141.5,140.2,153.0,139.5,144.6
SKU-00090,Textiles,C,94,2025-10-20,test,142.0,0,145.0,142.8,142.1,144.0,141.8,146.6
SKU-00090,Textiles,C,95,2025-10-27,test,223.0,1,142.0,143.8,142.1,136.0,180.7,191.0
SKU-00090,Textiles,C,96,2025-11-03,test,166.0,1,223.0,161.8,174.4,137.0,194.2,187.0
SKU-00090,Textiles,C,97,2025-11-10,test,132.0,0,166.0,169.0,171.1,136.0,144.6,146.3
SKU-00090,Textiles,C,98,2025-11-17,test,122.0,0,132.0,165.8,155.4,138.0,147.4,149.6
SKU-00090,Textiles,C,99,2025-11-24,test,168.0,1,122.0,160.8,142.1,150.0,179.0,191.5
SKU-00090,Textiles,C,100,2025-12-01,test,119.0,0,168.0,147.0,152.4,131.0,129.5,134.8
SKU-00090,Textiles,C,101,2025-12-08,test,123.0,0,119.0,135.2,139.1,134.0,131.2,135.0
SKU-00090,Textiles,C,102,2025-12-15,test,118.0,0,123.0,133.0,132.6,134.0,128.4,128.7
SKU-00090,Textiles,C,103,2025-12-22,test,131.0,0,118.0,132.0,126.8,142.0,126.3,127.5
