sku,week_idx,week_start,units_demanded,units_fulfilled,revenue,lost_revenue,promo_flag,promo_days_n
SKU-00001,0,2024-01-01,240,240,4627.200000000001,0.0,0,0
SKU-00001,1,2024-01-08,259,259,4993.52,0.0,0,0
SKU-00001,2,2024-01-15,288,288,5552.64,0.0,0,0
SKU-00001,3,2024-01-22,235,235,4530.8,0.0,0,0
SKU-00001,4,2024-01-29,273,189,3643.92,1619.52,0,0
SKU-00001,5,2024-02-05,241,241,4646.4800000000005,0.0,0,0
SKU-00001,6,2024-02-12,253,253,4877.84,0.0,0,0
SKU-00001,7,2024-02-19,237,237,4569.360000000001,0.0,0,0
SKU-00001,8,2024-02-26,218,218,4203.04,0.0,0,0
SKU-00001,9,2024-03-04,179,120,2313.6000000000004,1137.52,0,0
SKU-00001,10,2024-03-11,227,148,2853.44,1523.1200000000001,0,0
SKU-00001,11,2024-03-18,257,257,4954.96,0.0,1,5
SKU-00001,12,2024-03-25,230,230,4434.400000000001,0.0,1,2
SKU-00001,13,2024-04-01,191,191,3682.48,0.0,0,0
SKU-00001,14,2024-04-08,201,201,3875.28,0.0,0,0
SKU-00001,15,2024-04-15,236,236,4550.08,0.0,0,0
SKU-00001,16,2024-04-22,204,204,3933.1200000000003,0.0,0,0
SKU-00001,17,2024-04-29,217,217,4183.76,0.0,0,0
SKU-00001,18,2024-05-06,176,176,3393.28,0.0,0,0
SKU-00001,19,2024-05-13,211,211,4068.0800000000004,0.0,0,0
SKU-00001,20,2024-05-20,211,211,4068.0800000000004,0.0,0,0
SKU-00001,21,2024-05-27,234,234,4511.52,0.0,0,0
SKU-00001,22,2024-06-03,220,220,4241.6,0.0,0,0
SKU-00001,23,2024-06-10,242,242,4665.76,0.0,0,0
SKU-00001,24,2024-06-17,249,130,2506.4,2294.32,0,0
SKU-00001,25,2024-06-24,255,40,771.2,4145.2,0,0
SKU-00001,26,2024-07-01,255,255,4916.400000000001,0.0,1,2
SKU-00001,27,2024-07-08,356,356,6863.68,0.0,1,3
SKU-00001,28,2024-07-15,256,256,4935.68,0.0,0,0
SKU-00001,29,2024-07-22,282,282,5436.96,0.0,0,0
SKU-00001,30,2024-07-29,404,22,424.16,7364.96,1,3
SKU-00001,31,2024-08-05,293,293,5649.04,0.0,0,0
SKU-00001,32,2024-08-12,309,309,5957.52,0.0,0,0
SKU-00001,33,2024-08-19,289,289,5571.92,0.0,0,0
SKU-00001,34,2024-08-26,291,291,5610.4800000000005,0.0,0,0
SKU-00001,35,2024-09-02,325,325,6266.0,0.0,0,0
SKU-00001,36,2024-09-09,291,291,5610.4800000000005,0.0,0,0
SKU-00001,37,2024-09-16,354,354,6825.120000000001,0.0,0,0
SKU-00001,38,2024-09-23,314,287,5533.360000000001,520.5600000000001,0,0
SKU-00001,39,2024-09-30,258,184,3547.5200000000004,1426.72,0,0
SKU-00001,40,2024-10-07,330,330,6362.400000000001,0.0,0,0
SKU-00001,41,2024-10-14,294,294,5668.320000000001,0.0,0,0
SKU-00001,42,2024-10-21,294,294,5668.320000000001,0.0,0,0
SKU-00001,43,2024-10-28,348,348,6709.4400000000005,0.0,0,0
SKU-00001,44,2024-11-04,320,320,6169.6,0.0,0,0
SKU-00001,45,2024-11-11,278,278,5359.84,0.0,0,0
SKU-00001,46,2024-11-18,298,298,5745.4400000000005,0.0,0,0
SKU-00001,47,2024-11-25,252,187,3605.36,1253.2,0,0
SKU-00001,48,2024-12-02,299,299,5764.72,0.0,0,0
SKU-00001,49,2024-12-09,291,291,5610.4800000000005,0.0,1,1
SKU-00001,50,2024-12-16,399,399,7692.72,0.0,1,2
SKU-00001,51,2024-12-23,239,239,4607.92,0.0,0,0
SKU-00001,52,2024-12-30,269,269,5186.320000000001,0.0,0,0
SKU-00001,53,2025-01-06,267,267,5147.76,0.0,0,0
SKU-00001,54,2025-01-13,255,255,4916.400000000001,0.0,0,0
SKU-00001,55,2025-01-20,245,245,4723.6,0.0,0,0
SKU-00001,56,2025-01-27,212,212,4087.36,0.0,0,0
SKU-00001,57,2025-02-03,223,223,4299.4400000000005,0.0,0,0
SKU-00001,58,2025-02-10,180,180,3470.4,0.0,0,0
SKU-00001,59,2025-02-17,175,175,3374.0,0.0,0,0
SKU-00001,60,2025-02-24,174,174,3354.7200000000003,0.0,0,0
SKU-00001,61,2025-03-03,209,209,4029.5200000000004,0.0,0,0
SKU-00001,62,2025-03-10,180,180,3470.4,0.0,0,0
SKU-00001,63,2025-03-17,170,170,3277.6000000000004,0.0,0,0
SKU-00001,64,2025-03-24,210,210,4048.8,0.0,0,0
SKU-00001,65,2025-03-31,186,186,3586.0800000000004,0.0,0,0
SKU-00001,66,2025-04-07,192,192,3701.76,0.0,0,0
SKU-00001,67,2025-04-14,239,184,3547.5200000000004,1060.4,1,4
SKU-00001,68,2025-04-21,183,183,3528.2400000000002,0.0,0,0
SKU-00001,69,2025-04-28,180,180,3470.4,0.0,0,0
SKU-00001,70,2025-05-05,187,187,3605.36,0.0,0,0
SKU-00001,71,2025-05-12,175,175,3374.0,0.0,0,0
SKU-00001,72,2025-05-19,201,201,3875.28,0.0,0,0
SKU-00001,73,2025-05-26,193,193,3721.0400000000004,0.0,0,0
SKU-00001,74,2025-06-02,211,211,4068.0800000000004,0.0,0,0
SKU-00001,75,2025-06-09,243,243,4685.04,0.0,0,0
SKU-00001,76,2025-06-16,231,231,4453.68,0.0,0,0
SKU-00001,77,2025-06-23,228,228,4395.84,0.0,0,0
SKU-00001,78,2025-06-30,181,135,2602.8,886.8800000000001,0,0
SKU-00001,79,2025-07-07,241,36,694.08,3952.4,0,0
SKU-00001,80,2025-07-14,265,265,5109.200000000001,0.0,0,0
SKU-00001,81,2025-07-21,287,287,5533.360000000001,0.0,0,0
SKU-00001,82,2025-07-28,249,249,4800.72,0.0,0,0
SKU-00001,83,2025-08-04,213,213,4106.64,0.0,0,0
SKU-00001,84,2025-08-11,283,161,3104.0800000000004,2352.1600000000003,0,0
SKU-00001,85,2025-08-18,274,28,539.84,4742.88,0,0
SKU-00001,86,2025-08-25,259,259,4993.52,0.0,0,0
SKU-00001,87,2025-09-01,249,249,4800.72,0.0,0,0
SKU-00001,88,2025-09-08,301,301,5803.280000000001,0.0,0,0
SKU-00001,89,2025-09-15,272,272,5244.16,0.0,0,0
SKU-00001,90,2025-09-22,317,283,5456.240000000001,655.52,1,3
SKU-00001,91,2025-09-29,327,327,6304.56,0.0,1,1
SKU-00001,92,2025-10-06,307,307,5918.96,0.0,0,0
SKU-00001,93,2025-10-13,279,279,5379.12,0.0,0,0
SKU-00001,94,2025-10-20,266,266,5128.4800000000005,0.0,0,0
SKU-00001,95,2025-10-27,252,252,4858.56,0.0,0,0
SKU-00001,96,2025-11-03,258,258,4974.240000000001,0.0,0,0
SKU-00001,97,2025-11-10,250,250,4820.0,0.0,0,0
SKU-00001,98,2025-11-17,283,283,5456.240000000001,0.0,1,4
SKU-00001,99,2025-11-24,260,260,5012.8,0.0,0,0
SKU-00001,100,2025-12-01,212,211,4068.0800000000004,19.28,0,0
SKU-00001,101,2025-12-08,285,98,1889.44,3605.36,1,1
SKU-00001,102,2025-12-15,347,347,6690.160000000001,0.0,1,2
SKU-00001,103,2025-12-22,232,232,4472.96,0.0,0,0
SKU-00002,0,2024-01-01,354,354,3709.92,0.0,1,5
SKU-00002,1,2024-01-08,246,246,2578.08,0.0,0,0
SKU-00002,2,2024-01-15,248,248,2599.04,0.0,0,0
SKU-00002,3,2024-01-22,362,362,3793.76,0.0,1,5
SKU-00002,4,2024-01-29,279,279,2923.92,0.0,1,1
SKU-00002,5,2024-02-05,233,233,2441.84,0.0,0,0
SKU-00002,6,2024-02-12,231,231,2420.88,0.0,0,0
SKU-00002,7,2024-02-19,249,237,2483.76,125.76,0,0
SKU-00002,8,2024-02-26,267,267,2798.1600000000003,0.0,0,0
SKU-00002,9,2024-03-04,272,272,2850.56,0.0,0,0
SKU-00002,10,2024-03-11,281,225,2358.0,586.88,0,0
SKU-00002,11,2024-03-18,273,273,2861.04,0.0,0,0
SKU-00002,12,2024-03-25,288,275,2882.0,136.24,0,0
SKU-00002,13,2024-04-01,289,218,2284.64,744.08,0,0
SKU-00002,14,2024-04-08,296,296,3102.08,0.0,0,0
SKU-00002,15,2024-04-15,303,303,3175.44,0.0,1,1
SKU-00002,16,2024-04-22,597,374,3919.52,2337.04,1,6
SKU-00002,17,2024-04-29,541,412,4317.76,1351.92,1,6
SKU-00002,18,2024-05-06,363,174,1823.52,1980.72,1,1
SKU-00002,19,2024-05-13,327,327,3426.96,0.0,0,0
SKU-00002,20,2024-05-20,366,366,3835.6800000000003,0.0,0,0
SKU-00002,21,2024-05-27,378,367,3846.1600000000003,115.28,0,0
SKU-00002,22,2024-06-03,464,415,4349.2,513.52,1,5
SKU-00002,23,2024-06-10,403,373,3909.04,314.40000000000003,0,0
SKU-00002,24,2024-06-17,393,333,3489.84,628.8000000000001,0,0
SKU-00002,25,2024-06-24,427,366,3835.6800000000003,639.28,0,0
SKU-00002,26,2024-07-01,397,305,3196.4,964.1600000000001,0,0
SKU-00002,27,2024-07-08,444,346,3626.08,1027.04,0,0
SKU-00002,28,2024-07-15,432,380,3982.4,544.96,0,0
SKU-00002,29,2024-07-22,450,354,3709.92,1006.08,0,0
SKU-00002,30,2024-07-29,457,409,4286.320000000001,503.04,0,0
SKU-00002,31,2024-08-05,427,343,3594.6400000000003,880.32,0,0
SKU-00002,32,2024-08-12,457,366,3835.6800000000003,953.6800000000001,0,0
SKU-00002,33,2024-08-19,574,459,4810.320000000001,1205.2,1,2
SKU-00002,34,2024-08-26,501,367,3846.1600000000003,1404.3200000000002,1,1
SKU-00002,35,2024-09-02,450,335,3510.8,1205.2,0,0
SKU-00002,36,2024-09-09,405,365,3825.2000000000003,419.20000000000005,0,0
SKU-00002,37,2024-09-16,428,362,3793.76,691.6800000000001,0,0
SKU-00002,38,2024-09-23,398,330,3458.4,712.64,0,0
SKU-00002,39,2024-09-30,399,354,3709.92,471.6,0,0
SKU-00002,40,2024-10-07,426,378,3961.44,503.04,0,0
SKU-00002,41,2024-10-14,392,392,4108.16,0.0,0,0
SKU-00002,42,2024-10-21,406,385,4034.8,220.08,0,0
SKU-00002,43,2024-10-28,394,369,3867.1200000000003,262.0,0,0
SKU-00002,44,2024-11-04,375,357,3741.36,188.64000000000001,0,0
SKU-00002,45,2024-11-11,356,302,3164.96,565.9200000000001,0,0
SKU-00002,46,2024-11-18,485,446,4674.08,408.72,1,4
SKU-00002,47,2024-11-25,382,345,3615.6000000000004,387.76,1,1
SKU-00002,48,2024-12-02,354,271,2840.08,869.84,0,0
SKU-00002,49,2024-12-09,354,334,3500.32,209.60000000000002,0,0
SKU-00002,50,2024-12-16,324,320,3353.6000000000004,41.92,0,0
SKU-00002,51,2024-12-23,345,325,3406.0,209.60000000000002,0,0
SKU-00002,52,2024-12-30,306,306,3206.88,0.0,0,0
SKU-00002,53,2025-01-06,358,358,3751.84,0.0,0,0
SKU-00002,54,2025-01-13,319,255,2672.4,670.72,0,0
SKU-00002,55,2025-01-20,313,254,2661.92,618.32,0,0
SKU-00002,56,2025-01-27,308,283,2965.84,262.0,0,0
SKU-00002,57,2025-02-03,321,276,2892.48,471.6,0,0
SKU-00002,58,2025-02-10,346,321,3364.08,262.0,0,0
SKU-00002,59,2025-02-17,306,306,3206.88,0.0,0,0
SKU-00002,60,2025-02-24,320,320,3353.6000000000004,0.0,0,0
SKU-00002,61,2025-03-03,327,327,3426.96,0.0,0,0
SKU-00002,62,2025-03-10,359,358,3751.84,10.48,0,0
SKU-00002,63,2025-03-17,351,285,2986.8,691.6800000000001,0,0
SKU-00002,64,2025-03-24,396,366,3835.6800000000003,314.40000000000003,0,0
SKU-00002,65,2025-03-31,354,354,3709.92,0.0,0,0
SKU-00002,66,2025-04-07,385,381,3992.88,41.92,0,0
SKU-00002,67,2025-04-14,404,375,3930.0,303.92,0,0
SKU-00002,68,2025-04-21,440,429,4495.92,115.28,0,0
SKU-00002,69,2025-04-28,456,330,3458.4,1320.48,0,0
SKU-00002,70,2025-05-05,458,385,4034.8,765.0400000000001,0,0
SKU-00002,71,2025-05-12,434,315,3301.2000000000003,1247.1200000000001,0,0
SKU-00002,72,2025-05-19,484,445,4663.6,408.72,0,0
SKU-00002,73,2025-05-26,504,398,4171.04,1110.88,0,0
SKU-00002,74,2025-06-02,463,339,3552.7200000000003,1299.52,0,0
SKU-00002,75,2025-06-09,504,268,2808.6400000000003,2473.28,0,0
SKU-00002,76,2025-06-16,592,356,3730.88,2473.28,0,0
SKU-00002,77,2025-06-23,541,441,4621.68,1048.0,0,0
SKU-00002,78,2025-06-30,512,443,4642.64,723.12,0,0
SKU-00002,79,2025-07-07,827,532,5575.360000000001,3091.6,1,4
SKU-00002,80,2025-07-14,560,337,3531.76,2337.04,0,0
SKU-00002,81,2025-07-21,526,433,4537.84,974.64,0,0
SKU-00002,82,2025-07-28,567,205,2148.4,3793.76,0,0
SKU-00002,83,2025-08-04,550,406,4254.88,1509.1200000000001,0,0
SKU-00002,84,2025-08-11,497,375,3930.0,1278.56,0,0
SKU-00002,85,2025-08-18,521,359,3762.32,1697.76,0,0
SKU-00002,86,2025-08-25,512,387,4055.76,1310.0,0,0
SKU-00002,87,2025-09-01,537,463,4852.24,775.52,0,0
SKU-00002,88,2025-09-08,557,421,4412.08,1425.28,0,0
SKU-00002,89,2025-09-15,512,350,3668.0,1697.76,0,0
SKU-00002,90,2025-09-22,504,391,4097.68,1184.24,0,0
SKU-00002,91,2025-09-29,542,394,4129.12,1551.04,0,0
SKU-00002,92,2025-10-06,481,364,3814.7200000000003,1226.16,0,0
SKU-00002,93,2025-10-13,494,423,4433.04,744.08,0,0
SKU-00002,94,2025-10-20,522,425,4454.0,1016.5600000000001,0,0
SKU-00002,95,2025-10-27,480,321,3364.08,1666.3200000000002,0,0
SKU-00002,96,2025-11-03,500,437,4579.76,660.24,0,0
SKU-00002,97,2025-11-10,464,309,3238.32,1624.4,0,0
SKU-00002,98,2025-11-17,484,276,2892.48,2179.84,0,0
SKU-00002,99,2025-11-24,442,385,4034.8,597.36,0,0
SKU-00002,100,2025-12-01,460,353,3699.44,1121.3600000000001,0,0
SKU-00002,101,2025-12-08,435,427,4474.96,83.84,0,0
SKU-00002,102,2025-12-15,445,392,4108.16,555.44,0,0
SKU-00002,103,2025-12-22,411,367,3846.1600000000003,461.12,0,0
SKU-00003,0,2024-01-01,35,35,4436.6,0.0,0,0
SKU-00003,1,2024-01-08,31,31,3929.56,0.0,0,0
SKU-00003,2,2024-01-15,35,35,4436.6,0.0,0,0
SKU-00003,3,2024-01-22,59,59,7478.84,0.0,1,5
SKU-00003,4,2024-01-29,34,34,4309.84,0.0,0,0
SKU-00003,5,2024-02-05,37,30,3802.8,887.32,0,0
SKU-00003,6,2024-02-12,44,44,5577.4400000000005,0.0,1,4
SKU-00003,7,2024-02-19,33,33,4183.08,0.0,0,0
SKU-00003,8,2024-02-26,28,28,3549.28,0.0,0,0
SKU-00003,9,2024-03-04,37,37,4690.12,0.0,0,0
SKU-00003,10,2024-03-11,39,36,4563.360000000001,380.28000000000003,0,0
SKU-00003,11,2024-03-18,37,35,4436.6,253.52,0,0
SKU-00003,12,2024-03-25,37,36,4563.360000000001,126.76,0,0
SKU-00003,13,2024-04-01,40,38,4816.88,253.52,0,0
SKU-00003,14,2024-04-08,38,33,4183.08,633.8000000000001,0,0
SKU-00003,15,2024-04-15,40,38,4816.88,253.52,0,0
SKU-00003,16,2024-04-22,36,36,4563.360000000001,0.0,0,0
SKU-00003,17,2024-04-29,39,39,4943.64,0.0,0,0
SKU-00003,18,2024-05-06,38,34,4309.84,507.04,0,0
SKU-00003,19,2024-05-13,46,30,3802.8,2028.16,0,0
SKU-00003,20,2024-05-20,40,33,4183.08,887.32,0,0
SKU-00003,21,2024-05-27,38,38,4816.88,0.0,0,0
SKU-00003,22,2024-06-03,43,43,5450.68,0.0,0,0
SKU-00003,23,2024-06-10,44,43,5450.68,126.76,0,0
SKU-00003,24,2024-06-17,44,21,2661.96,2915.48,0,0
SKU-00003,25,2024-06-24,45,26,3295.76,2408.44,0,0
SKU-00003,26,2024-07-01,43,29,3676.04,1774.64,0,0
SKU-00003,27,2024-07-08,56,41,5197.16,1901.4,0,0
SKU-00003,28,2024-07-15,50,50,6338.0,0.0,1,1
SKU-00003,29,2024-07-22,55,42,5323.92,1647.88,1,2
SKU-00003,30,2024-07-29,44,24,3042.2400000000002,2535.2000000000003,0,0
SKU-00003,31,2024-08-05,48,36,4563.360000000001,1521.1200000000001,0,0
SKU-00003,32,2024-08-12,46,43,5450.68,380.28000000000003,0,0
SKU-00003,33,2024-08-19,52,52,6591.52,0.0,1,1
SKU-00003,34,2024-08-26,59,59,7478.84,0.0,1,2
SKU-00003,35,2024-09-02,48,48,6084.4800000000005,0.0,0,0
SKU-00003,36,2024-09-09,46,46,5830.96,0.0,0,0
SKU-00003,37,2024-09-16,50,50,6338.0,0.0,0,0
SKU-00003,38,2024-09-23,50,35,4436.6,1901.4,0,0
SKU-00003,39,2024-09-30,45,34,4309.84,1394.3600000000001,0,0
SKU-00003,40,2024-10-07,55,46,5830.96,1140.8400000000001,1,4
SKU-00003,41,2024-10-14,45,40,5070.400000000001,633.8000000000001,0,0
SKU-00003,42,2024-10-21,41,41,5197.16,0.0,0,0
SKU-00003,43,2024-10-28,42,31,3929.56,1394.3600000000001,0,0
SKU-00003,44,2024-11-04,41,35,4436.6,760.5600000000001,0,0
SKU-00003,45,2024-11-11,49,49,6211.240000000001,0.0,0,0
SKU-00003,46,2024-11-18,40,30,3802.8,1267.6000000000001,0,0
SKU-00003,47,2024-11-25,37,26,3295.76,1394.3600000000001,0,0
SKU-00003,48,2024-12-02,38,36,4563.360000000001,253.52,0,0
SKU-00003,49,2024-12-09,36,34,4309.84,253.52,0,0
SKU-00003,50,2024-12-16,38,38,4816.88,0.0,0,0
SKU-00003,51,2024-12-23,38,38,4816.88,0.0,0,0
SKU-00003,52,2024-12-30,39,39,4943.64,0.0,0,0
SKU-00003,53,2025-01-06,35,20,2535.2000000000003,1901.4,0,0
SKU-00003,54,2025-01-13,36,17,2154.92,2408.44,0,0
SKU-00003,55,2025-01-20,31,24,3042.2400000000002,887.32,0,0
SKU-00003,56,2025-01-27,42,31,3929.56,1394.3600000000001,1,4
SKU-00003,57,2025-02-03,37,33,4183.08,507.04,0,0
SKU-00003,58,2025-02-10,29,29,3676.04,0.0,0,0
SKU-00003,59,2025-02-17,32,32,4056.32,0.0,0,0
SKU-00003,60,2025-02-24,32,29,3676.04,380.28000000000003,0,0
SKU-00003,61,2025-03-03,35,32,4056.32,380.28000000000003,0,0
SKU-00003,62,2025-03-10,35,27,3422.52,1014.08,0,0
SKU-00003,63,2025-03-17,38,37,4690.12,126.76,0,0
SKU-00003,64,2025-03-24,40,40,5070.400000000001,0.0,1,2
SKU-00003,65,2025-03-31,42,42,5323.92,0.0,1,3
SKU-00003,66,2025-04-07,39,39,4943.64,0.0,0,0
SKU-00003,67,2025-04-14,45,45,5704.2,0.0,0,0
SKU-00003,68,2025-04-21,39,30,3802.8,1140.8400000000001,0,0
SKU-00003,69,2025-04-28,46,46,5830.96,0.0,0,0
SKU-00003,70,2025-05-05,44,42,5323.92,253.52,0,0
SKU-00003,71,2025-05-12,42,32,4056.32,1267.6000000000001,0,0
SKU-00003,72,2025-05-19,41,30,3802.8,1394.3600000000001,0,0
SKU-00003,73,2025-05-26,43,41,5197.16,253.52,0,0
SKU-00003,74,2025-06-02,43,43,5450.68,0.0,0,0
SKU-00003,75,2025-06-09,47,34,4309.84,1647.88,0,0
SKU-00003,76,2025-06-16,41,40,5070.400000000001,126.76,0,0
SKU-00003,77,2025-06-23,44,36,4563.360000000001,1014.08,0,0
SKU-00003,78,2025-06-30,46,41,5197.16,633.8000000000001,0,0
SKU-00003,79,2025-07-07,42,41,5197.16,126.76,0,0
SKU-00003,80,2025-07-14,46,42,5323.92,507.04,0,0
SKU-00003,81,2025-07-21,48,42,5323.92,760.5600000000001,0,0
SKU-00003,82,2025-07-28,44,44,5577.4400000000005,0.0,0,0
SKU-00003,83,2025-08-04,51,28,3549.28,2915.48,0,0
SKU-00003,84,2025-08-11,49,12,1521.1200000000001,4690.12,0,0
SKU-00003,85,2025-08-18,49,20,2535.2000000000003,3676.04,0,0
SKU-00003,86,2025-08-25,58,51,6464.76,887.32,1,3
SKU-00003,87,2025-09-01,66,66,8366.16,0.0,1,4
SKU-00003,88,2025-09-08,50,50,6338.0,0.0,0,0
SKU-00003,89,2025-09-15,49,25,3169.0,3042.2400000000002,0,0
SKU-00003,90,2025-09-22,42,31,3929.56,1394.3600000000001,0,0
SKU-00003,91,2025-09-29,44,44,5577.4400000000005,0.0,0,0
SKU-00003,92,2025-10-06,43,39,4943.64,507.04,0,0
SKU-00003,93,2025-10-13,38,38,4816.88,0.0,0,0
SKU-00003,94,2025-10-20,45,45,5704.2,0.0,0,0
SKU-00003,95,2025-10-27,46,44,5577.4400000000005,253.52,0,0
SKU-00003,96,2025-11-03,47,43,5450.68,507.04,0,0
SKU-00003,97,2025-11-10,37,33,4183.08,507.04,0,0
SKU-00003,98,2025-11-17,42,41,5197.16,126.76,0,0
SKU-00003,99,2025-11-24,35,35,4436.6,0.0,0,0
SKU-00003,100,2025-12-01,40,40,5070.400000000001,0.0,0,0
SKU-00003,101,2025-12-08,37,25,3169.0,1521.1200000000001,0,0
SKU-00003,102,2025-12-15,38,38,4816.88,0.0,0,0
SKU-00003,103,2025-12-22,39,37,4690.12,253.52,0,0
SKU-00004,0,2024-01-01,291,291,5089.589999999999,0.0,1,5
SKU-00004,1,2024-01-08,197,197,3445.5299999999997,0.0,0,0
SKU-00004,2,2024-01-15,193,193,3375.5699999999997,0.0,0,0
SKU-00004,3,2024-01-22,180,180,3148.2,0.0,0,0
SKU-00004,4,2024-01-29,179,179,3130.7099999999996,0.0,0,0
SKU-00004,5,2024-02-05,181,181,3165.6899999999996,0.0,0,0
SKU-00004,6,2024-02-12,163,163,2850.87,0.0,0,0
SKU-00004,7,2024-02-19,144,144,2518.56,0.0,0,0
SKU-00004,8,2024-02-26,165,165,2885.85,0.0,0,0
SKU-00004,9,2024-03-04,151,151,2640.99,0.0,0,0
SKU-00004,10,2024-03-11,206,206,3602.9399999999996,0.0,0,0
SKU-00004,11,2024-03-18,158,144,2518.56,244.85999999999999,0,0
SKU-00004,12,2024-03-25,133,0,0.0,2326.1699999999996,0,0
SKU-00004,13,2024-04-01,176,123,2151.27,926.9699999999999,0,0
SKU-00004,14,2024-04-08,161,161,2815.89,0.0,0,0
SKU-00004,15,2024-04-15,157,157,2745.93,0.0,0,0
SKU-00004,16,2024-04-22,154,154,2693.4599999999996,0.0,0,0
SKU-00004,17,2024-04-29,140,140,2448.6,0.0,0,0
SKU-00004,18,2024-05-06,148,148,2588.52,0.0,0,0
SKU-00004,19,2024-05-13,159,131,2291.1899999999996,489.71999999999997,0,0
SKU-00004,20,2024-05-20,144,144,2518.56,0.0,0,0
SKU-00004,21,2024-05-27,133,133,2326.1699999999996,0.0,0,0
SKU-00004,22,2024-06-03,158,158,2763.4199999999996,0.0,0,0
SKU-00004,23,2024-06-10,167,167,2920.83,0.0,0,0
SKU-00004,24,2024-06-17,156,156,2728.4399999999996,0.0,0,0
SKU-00004,25,2024-06-24,161,139,2431.1099999999997,384.78,0,0
SKU-00004,26,2024-07-01,247,247,4320.03,0.0,1,6
SKU-00004,27,2024-07-08,165,94,1644.06,1241.79,0,0
SKU-00004,28,2024-07-15,155,0,0.0,2710.95,0,0
SKU-00004,29,2024-07-22,154,80,1399.1999999999998,1294.26,0,0
SKU-00004,30,2024-07-29,168,168,2938.3199999999997,0.0,0,0
SKU-00004,31,2024-08-05,155,155,2710.95,0.0,0,0
SKU-00004,32,2024-08-12,164,164,2868.3599999999997,0.0,0,0
SKU-00004,33,2024-08-19,174,174,3043.2599999999998,0.0,0,0
SKU-00004,34,2024-08-26,172,130,2273.7,734.5799999999999,0,0
SKU-00004,35,2024-09-02,170,50,874.4999999999999,2098.7999999999997,0,0
SKU-00004,36,2024-09-09,165,165,2885.85,0.0,0,0
SKU-00004,37,2024-09-16,191,191,3340.5899999999997,0.0,0,0
SKU-00004,38,2024-09-23,177,177,3095.7299999999996,0.0,0,0
SKU-00004,39,2024-09-30,183,183,3200.6699999999996,0.0,0,0
SKU-00004,40,2024-10-07,199,173,3025.7699999999995,454.73999999999995,0,0
SKU-00004,41,2024-10-14,175,175,3060.7499999999995,0.0,0,0
SKU-00004,42,2024-10-21,182,182,3183.18,0.0,0,0
SKU-00004,43,2024-10-28,192,130,2273.7,1084.3799999999999,0,0
SKU-00004,44,2024-11-04,207,207,3620.43,0.0,0,0
SKU-00004,45,2024-11-11,229,229,4005.2099999999996,0.0,1,1
SKU-00004,46,2024-11-18,251,251,4389.99,0.0,1,2
SKU-00004,47,2024-11-25,202,163,2850.87,682.1099999999999,0,0
SKU-00004,48,2024-12-02,208,20,349.79999999999995,3288.12,0,0
SKU-00004,49,2024-12-09,253,253,4424.969999999999,0.0,1,4
SKU-00004,50,2024-12-16,203,203,3550.47,0.0,0,0
SKU-00004,51,2024-12-23,164,164,2868.3599999999997,0.0,0,0
SKU-00004,52,2024-12-30,199,199,3480.5099999999998,0.0,0,0
SKU-00004,53,2025-01-06,202,100,1748.9999999999998,1783.9799999999998,0,0
SKU-00004,54,2025-01-13,192,192,3358.08,0.0,0,0
SKU-00004,55,2025-01-20,184,184,3218.16,0.0,0,0
SKU-00004,56,2025-01-27,204,204,3567.9599999999996,0.0,0,0
SKU-00004,57,2025-02-03,156,156,2728.4399999999996,0.0,0,0
SKU-00004,58,2025-02-10,188,188,3288.12,0.0,0,0
SKU-00004,59,2025-02-17,195,195,3410.5499999999997,0.0,0,0
SKU-00004,60,2025-02-24,164,164,2868.3599999999997,0.0,0,0
SKU-00004,61,2025-03-03,194,194,3393.0599999999995,0.0,0,0
SKU-00004,62,2025-03-10,182,182,3183.18,0.0,0,0
SKU-00004,63,2025-03-17,175,175,3060.7499999999995,0.0,0,0
SKU-00004,64,2025-03-24,165,93,1626.57,1259.28,0,0
SKU-00004,65,2025-03-31,172,172,3008.2799999999997,0.0,0,0
SKU-00004,66,2025-04-07,165,165,2885.85,0.0,0,0
SKU-00004,67,2025-04-14,152,152,2658.4799999999996,0.0,0,0
SKU-00004,68,2025-04-21,183,183,3200.6699999999996,0.0,0,0
SKU-00004,69,2025-04-28,174,174,3043.2599999999998,0.0,0,0
SKU-00004,70,2025-05-05,167,32,559.68,2361.1499999999996,0,0
SKU-00004,71,2025-05-12,148,121,2116.29,472.22999999999996,0,0
SKU-00004,72,2025-05-19,178,178,3113.22,0.0,0,0
SKU-00004,73,2025-05-26,156,156,2728.4399999999996,0.0,0,0
SKU-00004,74,2025-06-02,224,224,3917.7599999999998,0.0,0,0
SKU-00004,75,2025-06-09,180,180,3148.2,0.0,0,0
SKU-00004,76,2025-06-16,178,73,1276.77,1836.4499999999998,0,0
SKU-00004,77,2025-06-23,258,145,2536.0499999999997,1976.37,1,5
SKU-00004,78,2025-06-30,192,192,3358.08,0.0,1,1
SKU-00004,79,2025-07-07,167,167,2920.83,0.0,0,0
SKU-00004,80,2025-07-14,173,173,3025.7699999999995,0.0,0,0
SKU-00004,81,2025-07-21,181,181,3165.6899999999996,0.0,0,0
SKU-00004,82,2025-07-28,157,157,2745.93,0.0,0,0
SKU-00004,83,2025-08-04,171,171,2990.7899999999995,0.0,0,0
SKU-00004,84,2025-08-11,227,127,2221.23,1748.9999999999998,1,1
SKU-00004,85,2025-08-18,274,168,2938.3199999999997,1853.9399999999998,1,3
SKU-00004,86,2025-08-25,197,197,3445.5299999999997,0.0,0,0
SKU-00004,87,2025-09-01,189,189,3305.6099999999997,0.0,0,0
SKU-00004,88,2025-09-08,249,249,4355.009999999999,0.0,1,1
SKU-00004,89,2025-09-15,372,136,2378.64,4127.639999999999,1,6
SKU-00004,90,2025-09-22,214,80,1399.1999999999998,2343.66,0,0
SKU-00004,91,2025-09-29,217,217,3795.3299999999995,0.0,0,0
SKU-00004,92,2025-10-06,209,130,2273.7,1381.7099999999998,0,0
SKU-00004,93,2025-10-13,231,231,4040.1899999999996,0.0,0,0
SKU-00004,94,2025-10-20,191,191,3340.5899999999997,0.0,0,0
SKU-00004,95,2025-10-27,217,217,3795.3299999999995,0.0,0,0
SKU-00004,96,2025-11-03,224,209,3655.41,262.34999999999997,0,0
SKU-00004,97,2025-11-10,237,39,682.1099999999999,3463.0199999999995,0,0
SKU-00004,98,2025-11-17,189,189,3305.6099999999997,0.0,0,0
SKU-00004,99,2025-11-24,213,213,3725.37,0.0,0,0
SKU-00004,100,2025-12-01,340,340,5946.599999999999,0.0,1,5
SKU-00004,101,2025-12-08,236,158,2763.4199999999996,1364.2199999999998,0,0
SKU-00004,102,2025-12-15,232,0,0.0,4057.68,0,0
SKU-00004,103,2025-12-22,247,206,3602.9399999999996,717.0899999999999,0,0
SKU-00005,0,2024-01-01,326,326,8081.54,0.0,0,0
SKU-00005,1,2024-01-08,402,402,9965.58,0.0,0,0
SKU-00005,2,2024-01-15,346,346,8577.34,0.0,0,0
SKU-00005,3,2024-01-22,349,349,8651.71,0.0,0,0
SKU-00005,4,2024-01-29,399,399,9891.21,0.0,0,0
SKU-00005,5,2024-02-05,328,317,7858.429999999999,272.69,0,0
SKU-00005,6,2024-02-12,342,283,7015.57,1462.61,0,0
SKU-00005,7,2024-02-19,366,366,9073.14,0.0,0,0
SKU-00005,8,2024-02-26,409,409,10139.109999999999,0.0,0,0
SKU-00005,9,2024-03-04,392,392,9717.68,0.0,0,0
SKU-00005,10,2024-03-11,314,314,7784.0599999999995,0.0,0,0
SKU-00005,11,2024-03-18,340,340,8428.6,0.0,0,0
SKU-00005,12,2024-03-25,306,306,7585.74,0.0,0,0
SKU-00005,13,2024-04-01,367,367,9097.93,0.0,0,0
SKU-00005,14,2024-04-08,322,322,7982.38,0.0,0,0
SKU-00005,15,2024-04-15,330,330,8180.7,0.0,0,0
SKU-00005,16,2024-04-22,346,346,8577.34,0.0,0,0
SKU-00005,17,2024-04-29,457,457,11329.029999999999,0.0,0,0
SKU-00005,18,2024-05-06,336,336,8329.44,0.0,0,0
SKU-00005,19,2024-05-13,294,294,7288.259999999999,0.0,0,0
SKU-00005,20,2024-05-20,270,270,6693.3,0.0,0,0
SKU-00005,21,2024-05-27,347,288,7139.5199999999995,1462.61,0,0
SKU-00005,22,2024-06-03,262,35,867.65,5627.33,0,0
SKU-00005,23,2024-06-10,296,146,3619.3399999999997,3718.5,0,0
SKU-00005,24,2024-06-17,292,292,7238.679999999999,0.0,0,0
SKU-00005,25,2024-06-24,379,379,9395.41,0.0,0,0
SKU-00005,26,2024-07-01,285,285,7065.15,0.0,0,0
SKU-00005,27,2024-07-08,379,379,9395.41,0.0,0,0
SKU-00005,28,2024-07-15,343,343,8502.97,0.0,0,0
SKU-00005,29,2024-07-22,312,312,7734.48,0.0,0,0
SKU-00005,30,2024-07-29,391,367,9097.93,594.96,0,0
SKU-00005,31,2024-08-05,397,374,9271.46,570.17,0,0
SKU-00005,32,2024-08-12,329,329,8155.91,0.0,0,0
SKU-00005,33,2024-08-19,384,384,9519.36,0.0,0,0
SKU-00005,34,2024-08-26,383,197,4883.63,4610.94,0,0
SKU-00005,35,2024-09-02,329,149,3693.71,4462.2,0,0
SKU-00005,36,2024-09-09,332,197,4883.63,3346.65,0,0
SKU-00005,37,2024-09-16,328,299,7412.21,718.91,0,0
SKU-00005,38,2024-09-23,353,353,8750.869999999999,0.0,0,0
SKU-00005,39,2024-09-30,337,337,8354.23,0.0,0,0
SKU-00005,40,2024-10-07,467,467,11576.93,0.0,0,0
SKU-00005,41,2024-10-14,320,320,7932.799999999999,0.0,0,0
SKU-00005,42,2024-10-21,288,288,7139.5199999999995,0.0,0,0
SKU-00005,43,2024-10-28,316,316,7833.639999999999,0.0,0,0
SKU-00005,44,2024-11-04,330,330,8180.7,0.0,0,0
SKU-00005,45,2024-11-11,403,403,9990.369999999999,0.0,1,1
SKU-00005,46,2024-11-18,502,502,12444.58,0.0,1,3
SKU-00005,47,2024-11-25,403,403,9990.369999999999,0.0,0,0
SKU-00005,48,2024-12-02,447,194,4809.26,6271.87,0,0
SKU-00005,49,2024-12-09,345,206,5106.74,3445.81,0,0
SKU-00005,50,2024-12-16,332,199,4933.21,3297.0699999999997,0,0
SKU-00005,51,2024-12-23,267,267,6618.929999999999,0.0,0,0
SKU-00005,52,2024-12-30,388,388,9618.52,0.0,1,1
SKU-00005,53,2025-01-06,579,579,14353.41,0.0,1,5
SKU-00005,54,2025-01-13,275,275,6817.25,0.0,0,0
SKU-00005,55,2025-01-20,362,362,8973.98,0.0,0,0
SKU-00005,56,2025-01-27,430,430,10659.699999999999,0.0,1,6
SKU-00005,57,2025-02-03,383,236,5850.44,3644.1299999999997,0,0
SKU-00005,58,2025-02-10,350,350,8676.5,0.0,0,0
SKU-00005,59,2025-02-17,294,294,7288.259999999999,0.0,0,0
SKU-00005,60,2025-02-24,443,443,10981.97,0.0,1,3
SKU-00005,61,2025-03-03,364,364,9023.56,0.0,0,0
SKU-00005,62,2025-03-10,364,364,9023.56,0.0,0,0
SKU-00005,63,2025-03-17,303,303,7511.37,0.0,0,0
SKU-00005,64,2025-03-24,346,294,7288.259999999999,1289.08,0,0
SKU-00005,65,2025-03-31,336,244,6048.76,2280.68,0,0
SKU-00005,66,2025-04-07,301,301,7461.79,0.0,0,0
SKU-00005,67,2025-04-14,375,375,9296.25,0.0,0,0
SKU-00005,68,2025-04-21,258,258,6395.82,0.0,0,0
SKU-00005,69,2025-04-28,470,424,10510.96,1140.34,1,4
SKU-00005,70,2025-05-05,388,285,7065.15,2553.37,1,1
SKU-00005,71,2025-05-12,300,248,6147.92,1289.08,0,0
SKU-00005,72,2025-05-19,600,245,6073.55,8800.449999999999,1,6
SKU-00005,73,2025-05-26,393,333,8255.07,1487.3999999999999,0,0
SKU-00005,74,2025-06-02,277,277,6866.83,0.0,0,0
SKU-00005,75,2025-06-09,308,308,7635.32,0.0,1,1
SKU-00005,76,2025-06-16,451,451,11180.289999999999,0.0,1,5
SKU-00005,77,2025-06-23,315,315,7808.849999999999,0.0,0,0
SKU-00005,78,2025-06-30,325,325,8056.75,0.0,0,0
SKU-00005,79,2025-07-07,330,330,8180.7,0.0,0,0
SKU-00005,80,2025-07-14,260,260,6445.4,0.0,0,0
SKU-00005,81,2025-07-21,284,284,7040.36,0.0,0,0
SKU-00005,82,2025-07-28,302,302,7486.58,0.0,0,0
SKU-00005,83,2025-08-04,414,414,10263.06,0.0,0,0
SKU-00005,84,2025-08-11,321,321,7957.59,0.0,0,0
SKU-00005,85,2025-08-18,315,315,7808.849999999999,0.0,0,0
SKU-00005,86,2025-08-25,340,184,4561.36,3867.24,0,0
SKU-00005,87,2025-09-01,439,144,3569.7599999999998,7313.05,1,4
SKU-00005,88,2025-09-08,378,231,5726.49,3644.1299999999997,1,2
SKU-00005,89,2025-09-15,232,232,5751.28,0.0,0,0
SKU-00005,90,2025-09-22,323,323,8007.17,0.0,0,0
SKU-00005,91,2025-09-29,428,428,10610.119999999999,0.0,0,0
SKU-00005,92,2025-10-06,308,308,7635.32,0.0,0,0
SKU-00005,93,2025-10-13,382,382,9469.779999999999,0.0,0,0
SKU-00005,94,2025-10-20,327,251,6222.29,1884.04,0,0
SKU-00005,95,2025-10-27,296,141,3495.39,3842.45,0,0
SKU-00005,96,2025-11-03,356,261,6470.19,2355.0499999999997,0,0
SKU-00005,97,2025-11-10,430,189,4685.3099999999995,5974.389999999999,0,0
SKU-00005,98,2025-11-17,353,196,4858.84,3892.0299999999997,0,0
SKU-00005,99,2025-11-24,374,374,9271.46,0.0,0,0
SKU-00005,100,2025-12-01,316,316,7833.639999999999,0.0,0,0
SKU-00005,101,2025-12-08,312,310,7684.9,49.58,0,0
SKU-00005,102,2025-12-15,366,366,9073.14,0.0,0,0
SKU-00005,103,2025-12-22,424,424,10510.96,0.0,0,0
SKU-00006,0,2024-01-01,70,70,657.3000000000001,0.0,0,0
SKU-00006,1,2024-01-08,67,67,629.13,0.0,0,0
SKU-00006,2,2024-01-15,43,43,403.77000000000004,0.0,0,0
SKU-00006,3,2024-01-22,47,47,441.33000000000004,0.0,0,0
SKU-00006,4,2024-01-29,63,63,591.57,0.0,0,0
SKU-00006,5,2024-02-05,39,39,366.21000000000004,0.0,0,0
SKU-00006,6,2024-02-12,54,54,507.06000000000006,0.0,0,0
SKU-00006,7,2024-02-19,57,57,535.23,0.0,0,0
SKU-00006,8,2024-02-26,65,65,610.35,0.0,0,0
SKU-00006,9,2024-03-04,79,79,741.8100000000001,0.0,1,2
SKU-00006,10,2024-03-11,77,56,525.84,197.19,1,3
SKU-00006,11,2024-03-18,53,53,497.67,0.0,0,0
SKU-00006,12,2024-03-25,49,49,460.11,0.0,0,0
SKU-00006,13,2024-04-01,20,20,187.8,0.0,0,0
SKU-00006,14,2024-04-08,60,60,563.4000000000001,0.0,0,0
SKU-00006,15,2024-04-15,33,33,309.87,0.0,0,0
SKU-00006,16,2024-04-22,48,48,450.72,0.0,0,0
SKU-00006,17,2024-04-29,37,37,347.43,0.0,0,0
SKU-00006,18,2024-05-06,29,29,272.31,0.0,0,0
SKU-00006,19,2024-05-13,47,47,441.33000000000004,0.0,0,0
SKU-00006,20,2024-05-20,35,35,328.65000000000003,0.0,0,0
SKU-00006,21,2024-05-27,58,58,544.62,0.0,0,0
SKU-00006,22,2024-06-03,32,32,300.48,0.0,0,0
SKU-00006,23,2024-06-10,41,41,384.99,0.0,0,0
SKU-00006,24,2024-06-17,36,36,338.04,0.0,0,0
SKU-00006,25,2024-06-24,34,34,319.26,0.0,0,0
SKU-00006,26,2024-07-01,36,36,338.04,0.0,0,0
SKU-00006,27,2024-07-08,33,33,309.87,0.0,0,0
SKU-00006,28,2024-07-15,47,47,441.33000000000004,0.0,0,0
SKU-00006,29,2024-07-22,44,44,413.16,0.0,0,0
SKU-00006,30,2024-07-29,39,39,366.21000000000004,0.0,0,0
SKU-00006,31,2024-08-05,33,33,309.87,0.0,0,0
SKU-00006,32,2024-08-12,64,64,600.96,0.0,0,0
SKU-00006,33,2024-08-19,43,43,403.77000000000004,0.0,0,0
SKU-00006,34,2024-08-26,43,43,403.77000000000004,0.0,0,0
SKU-00006,35,2024-09-02,54,54,507.06000000000006,0.0,0,0
SKU-00006,36,2024-09-09,46,46,431.94000000000005,0.0,0,0
SKU-00006,37,2024-09-16,55,55,516.45,0.0,1,1
SKU-00006,38,2024-09-23,95,95,892.0500000000001,0.0,1,6
SKU-00006,39,2024-09-30,72,23,215.97000000000003,460.11,0,0
SKU-00006,40,2024-10-07,95,58,544.62,347.43,1,4
SKU-00006,41,2024-10-14,70,70,657.3000000000001,0.0,1,1
SKU-00006,42,2024-10-21,69,69,647.9100000000001,0.0,0,0
SKU-00006,43,2024-10-28,50,50,469.5,0.0,0,0
SKU-00006,44,2024-11-04,45,45,422.55,0.0,0,0
SKU-00006,45,2024-11-11,71,71,666.69,0.0,0,0
SKU-00006,46,2024-11-18,67,67,629.13,0.0,0,0
SKU-00006,47,2024-11-25,39,37,347.43,18.78,0,0
SKU-00006,48,2024-12-02,95,95,892.0500000000001,0.0,1,6
SKU-00006,49,2024-12-09,50,50,469.5,0.0,0,0
SKU-00006,50,2024-12-16,85,85,798.1500000000001,0.0,0,0
SKU-00006,51,2024-12-23,76,76,713.6400000000001,0.0,0,0
SKU-00006,52,2024-12-30,56,56,525.84,0.0,0,0
SKU-00006,53,2025-01-06,55,55,516.45,0.0,0,0
SKU-00006,54,2025-01-13,73,73,685.47,0.0,0,0
SKU-00006,55,2025-01-20,51,51,478.89000000000004,0.0,0,0
SKU-00006,56,2025-01-27,53,53,497.67,0.0,0,0
SKU-00006,57,2025-02-03,49,49,460.11,0.0,0,0
SKU-00006,58,2025-02-10,67,67,629.13,0.0,1,3
SKU-00006,59,2025-02-17,63,63,591.57,0.0,1,4
SKU-00006,60,2025-02-24,54,35,328.65000000000003,178.41000000000003,0,0
SKU-00006,61,2025-03-03,35,13,122.07000000000001,206.58,0,0
SKU-00006,62,2025-03-10,59,59,554.01,0.0,0,0
SKU-00006,63,2025-03-17,46,46,431.94000000000005,0.0,0,0
SKU-00006,64,2025-03-24,48,48,450.72,0.0,0,0
SKU-00006,65,2025-03-31,38,38,356.82000000000005,0.0,0,0
SKU-00006,66,2025-04-07,47,47,441.33000000000004,0.0,1,6
SKU-00006,67,2025-04-14,49,49,460.11,0.0,1,1
SKU-00006,68,2025-04-21,49,49,460.11,0.0,0,0
SKU-00006,69,2025-04-28,43,43,403.77000000000004,0.0,0,0
SKU-00006,70,2025-05-05,38,38,356.82000000000005,0.0,0,0
SKU-00006,71,2025-05-12,44,44,413.16,0.0,0,0
SKU-00006,72,2025-05-19,58,58,544.62,0.0,0,0
SKU-00006,73,2025-05-26,58,58,544.62,0.0,0,0
SKU-00006,74,2025-06-02,40,40,375.6,0.0,0,0
SKU-00006,75,2025-06-09,50,50,469.5,0.0,0,0
SKU-00006,76,2025-06-16,45,45,422.55,0.0,0,0
SKU-00006,77,2025-06-23,43,43,403.77000000000004,0.0,0,0
SKU-00006,78,2025-06-30,47,47,441.33000000000004,0.0,0,0
SKU-00006,79,2025-07-07,53,53,497.67,0.0,0,0
SKU-00006,80,2025-07-14,47,47,441.33000000000004,0.0,0,0
SKU-00006,81,2025-07-21,44,44,413.16,0.0,0,0
SKU-00006,82,2025-07-28,67,67,629.13,0.0,0,0
SKU-00006,83,2025-08-04,46,46,431.94000000000005,0.0,0,0
SKU-00006,84,2025-08-11,64,64,600.96,0.0,0,0
SKU-00006,85,2025-08-18,58,58,544.62,0.0,0,0
SKU-00006,86,2025-08-25,66,66,619.74,0.0,0,0
SKU-00006,87,2025-09-01,43,29,272.31,131.46,0,0
SKU-00006,88,2025-09-08,57,44,413.16,122.07000000000001,0,0
SKU-00006,89,2025-09-15,43,43,403.77000000000004,0.0,0,0
SKU-00006,90,2025-09-22,55,55,516.45,0.0,0,0
SKU-00006,91,2025-09-29,81,81,760.59,0.0,0,0
SKU-00006,92,2025-10-06,49,49,460.11,0.0,0,0
SKU-00006,93,2025-10-13,74,74,694.86,0.0,0,0
SKU-00006,94,2025-10-20,88,88,826.32,0.0,0,0
SKU-00006,95,2025-10-27,60,60,563.4000000000001,0.0,1,2
SKU-00006,96,2025-11-03,118,118,1108.02,0.0,1,7
SKU-00006,97,2025-11-10,53,53,497.67,0.0,1,1
SKU-00006,98,2025-11-17,82,82,769.98,0.0,0,0
SKU-00006,99,2025-11-24,50,50,469.5,0.0,0,0
SKU-00006,100,2025-12-01,39,36,338.04,28.17,0,0
SKU-00006,101,2025-12-08,43,43,403.77000000000004,0.0,0,0
SKU-00006,102,2025-12-15,66,66,619.74,0.0,0,0
SKU-00006,103,2025-12-22,58,58,544.62,0.0,0,0
SKU-00007,0,2024-01-01,43,43,1014.8000000000001,0.0,0,0
SKU-00007,1,2024-01-08,41,41,967.6,0.0,0,0
SKU-00007,2,2024-01-15,51,51,1203.6000000000001,0.0,0,0
SKU-00007,3,2024-01-22,43,43,1014.8000000000001,0.0,0,0
SKU-00007,4,2024-01-29,37,37,873.2,0.0,0,0
SKU-00007,5,2024-02-05,41,32,755.2,212.4,0,0
SKU-00007,6,2024-02-12,34,32,755.2,47.2,0,0
SKU-00007,7,2024-02-19,39,39,920.4000000000001,0.0,1,4
SKU-00007,8,2024-02-26,37,37,873.2,0.0,0,0
SKU-00007,9,2024-03-04,35,35,826.0,0.0,0,0
SKU-00007,10,2024-03-11,42,33,778.8000000000001,212.4,1,2
SKU-00007,11,2024-03-18,34,34,802.4000000000001,0.0,1,1
SKU-00007,12,2024-03-25,31,31,731.6,0.0,0,0
SKU-00007,13,2024-04-01,33,33,778.8000000000001,0.0,0,0
SKU-00007,14,2024-04-08,26,26,613.6,0.0,0,0
SKU-00007,15,2024-04-15,27,27,637.2,0.0,0,0
SKU-00007,16,2024-04-22,24,24,566.4000000000001,0.0,0,0
SKU-00007,17,2024-04-29,26,26,613.6,0.0,0,0
SKU-00007,18,2024-05-06,25,25,590.0,0.0,0,0
SKU-00007,19,2024-05-13,24,24,566.4000000000001,0.0,0,0
SKU-00007,20,2024-05-20,25,25,590.0,0.0,0,0
SKU-00007,21,2024-05-27,31,31,731.6,0.0,0,0
SKU-00007,22,2024-06-03,24,24,566.4000000000001,0.0,0,0
SKU-00007,23,2024-06-10,25,25,590.0,0.0,0,0
SKU-00007,24,2024-06-17,27,27,637.2,0.0,0,0
SKU-00007,25,2024-06-24,29,29,684.4000000000001,0.0,0,0
SKU-00007,26,2024-07-01,24,24,566.4000000000001,0.0,0,0
SKU-00007,27,2024-07-08,32,32,755.2,0.0,0,0
SKU-00007,28,2024-07-15,30,30,708.0,0.0,0,0
SKU-00007,29,2024-07-22,25,25,590.0,0.0,0,0
SKU-00007,30,2024-07-29,30,30,708.0,0.0,0,0
SKU-00007,31,2024-08-05,26,26,613.6,0.0,0,0
SKU-00007,32,2024-08-12,35,35,826.0,0.0,0,0
SKU-00007,33,2024-08-19,46,42,991.2,94.4,0,0
SKU-00007,34,2024-08-26,36,36,849.6,0.0,0,0
SKU-00007,35,2024-09-02,42,39,920.4000000000001,70.80000000000001,0,0
SKU-00007,36,2024-09-09,51,39,920.4000000000001,283.20000000000005,0,0
SKU-00007,37,2024-09-16,42,42,991.2,0.0,0,0
SKU-00007,38,2024-09-23,47,45,1062.0,47.2,0,0
SKU-00007,39,2024-09-30,50,41,967.6,212.4,0,0
SKU-00007,40,2024-10-07,54,54,1274.4,0.0,0,0
SKU-00007,41,2024-10-14,45,45,1062.0,0.0,0,0
SKU-00007,42,2024-10-21,46,46,1085.6000000000001,0.0,0,0
SKU-00007,43,2024-10-28,62,62,1463.2,0.0,0,0
SKU-00007,44,2024-11-04,54,37,873.2,401.20000000000005,0,0
SKU-00007,45,2024-11-11,63,51,1203.6000000000001,283.20000000000005,0,0
SKU-00007,46,2024-11-18,81,62,1463.2,448.40000000000003,1,6
SKU-00007,47,2024-11-25,51,26,613.6,590.0,0,0
SKU-00007,48,2024-12-02,46,31,731.6,354.0,0,0
SKU-00007,49,2024-12-09,52,52,1227.2,0.0,0,0
SKU-00007,50,2024-12-16,47,47,1109.2,0.0,0,0
SKU-00007,51,2024-12-23,49,46,1085.6000000000001,70.80000000000001,0,0
SKU-00007,52,2024-12-30,54,48,1132.8000000000002,141.60000000000002,0,0
SKU-00007,53,2025-01-06,55,49,1156.4,141.60000000000002,0,0
SKU-00007,54,2025-01-13,45,30,708.0,354.0,0,0
SKU-00007,55,2025-01-20,50,41,967.6,212.4,0,0
SKU-00007,56,2025-01-27,43,40,944.0,70.80000000000001,0,0
SKU-00007,57,2025-02-03,51,51,1203.6000000000001,0.0,0,0
SKU-00007,58,2025-02-10,39,39,920.4000000000001,0.0,0,0
SKU-00007,59,2025-02-17,40,35,826.0,118.0,0,0
SKU-00007,60,2025-02-24,37,37,873.2,0.0,0,0
SKU-00007,61,2025-03-03,34,29,684.4000000000001,118.0,0,0
SKU-00007,62,2025-03-10,41,41,967.6,0.0,1,3
SKU-00007,63,2025-03-17,46,46,1085.6000000000001,0.0,1,3
SKU-00007,64,2025-03-24,35,35,826.0,0.0,0,0
SKU-00007,65,2025-03-31,32,32,755.2,0.0,0,0
SKU-00007,66,2025-04-07,31,30,708.0,23.6,0,0
SKU-00007,67,2025-04-14,29,24,566.4000000000001,118.0,0,0
SKU-00007,68,2025-04-21,33,33,778.8000000000001,0.0,0,0
SKU-00007,69,2025-04-28,32,32,755.2,0.0,0,0
SKU-00007,70,2025-05-05,35,35,826.0,0.0,1,3
SKU-00007,71,2025-05-12,33,33,778.8000000000001,0.0,1,1
SKU-00007,72,2025-05-19,29,29,684.4000000000001,0.0,0,0
SKU-00007,73,2025-05-26,48,48,1132.8000000000002,0.0,1,4
SKU-00007,74,2025-06-02,34,34,802.4000000000001,0.0,1,2
SKU-00007,75,2025-06-09,34,29,684.4000000000001,118.0,0,0
SKU-00007,76,2025-06-16,35,21,495.6,330.40000000000003,0,0
SKU-00007,77,2025-06-23,32,23,542.8000000000001,212.4,0,0
SKU-00007,78,2025-06-30,28,28,660.8000000000001,0.0,0,0
SKU-00007,79,2025-07-07,25,25,590.0,0.0,0,0
SKU-00007,80,2025-07-14,32,32,755.2,0.0,0,0
SKU-00007,81,2025-07-21,34,34,802.4000000000001,0.0,0,0
SKU-00007,82,2025-07-28,41,41,967.6,0.0,0,0
SKU-00007,83,2025-08-04,46,46,1085.6000000000001,0.0,0,0
SKU-00007,84,2025-08-11,51,45,1062.0,141.60000000000002,0,0
SKU-00007,85,2025-08-18,44,44,1038.4,0.0,0,0
SKU-00007,86,2025-08-25,45,45,1062.0,0.0,0,0
SKU-00007,87,2025-09-01,51,51,1203.6000000000001,0.0,0,0
SKU-00007,88,2025-09-08,53,44,1038.4,212.4,0,0
SKU-00007,89,2025-09-15,57,52,1227.2,118.0,0,0
SKU-00007,90,2025-09-22,66,59,1392.4,165.20000000000002,0,0
SKU-00007,91,2025-09-29,62,61,1439.6000000000001,23.6,0,0
SKU-00007,92,2025-10-06,63,38,896.8000000000001,590.0,0,0
SKU-00007,93,2025-10-13,80,79,1864.4,23.6,1,4
SKU-00007,94,2025-10-20,63,42,991.2,495.6,0,0
SKU-00007,95,2025-10-27,68,54,1274.4,330.40000000000003,0,0
SKU-00007,96,2025-11-03,67,41,967.6,613.6,0,0
SKU-00007,97,2025-11-10,73,73,1722.8000000000002,0.0,0,0
SKU-00007,98,2025-11-17,68,41,967.6,637.2,0,0
SKU-00007,99,2025-11-24,65,7,165.20000000000002,1368.8000000000002,0,0
SKU-00007,100,2025-12-01,55,42,991.2,306.8,0,0
SKU-00007,101,2025-12-08,72,72,1699.2,0.0,0,0
SKU-00007,102,2025-12-15,68,68,1604.8000000000002,0.0,0,0
SKU-00007,103,2025-12-22,53,46,1085.6000000000001,165.20000000000002,0,0
SKU-00008,0,2024-01-01,69,69,4312.5,0.0,0,0
SKU-00008,1,2024-01-08,55,55,3437.5,0.0,0,0
SKU-00008,2,2024-01-15,53,53,3312.5,0.0,0,0
SKU-00008,3,2024-01-22,81,81,5062.5,0.0,1,4
SKU-00008,4,2024-01-29,73,73,4562.5,0.0,1,3
SKU-00008,5,2024-02-05,55,55,3437.5,0.0,1,2
SKU-00008,6,2024-02-12,114,114,7125.0,0.0,1,7
SKU-00008,7,2024-02-19,46,46,2875.0,0.0,1,1
SKU-00008,8,2024-02-26,68,68,4250.0,0.0,0,0
SKU-00008,9,2024-03-04,48,48,3000.0,0.0,0,0
SKU-00008,10,2024-03-11,59,59,3687.5,0.0,0,0
SKU-00008,11,2024-03-18,58,58,3625.0,0.0,0,0
SKU-00008,12,2024-03-25,70,70,4375.0,0.0,0,0
SKU-00008,13,2024-04-01,75,75,4687.5,0.0,0,0
SKU-00008,14,2024-04-08,77,77,4812.5,0.0,0,0
SKU-00008,15,2024-04-15,88,88,5500.0,0.0,1,3
SKU-00008,16,2024-04-22,66,66,4125.0,0.0,0,0
SKU-00008,17,2024-04-29,89,79,4937.5,625.0,0,0
SKU-00008,18,2024-05-06,82,0,0.0,5125.0,0,0
SKU-00008,19,2024-05-13,78,37,2312.5,2562.5,0,0
SKU-00008,20,2024-05-20,75,75,4687.5,0.0,0,0
SKU-00008,21,2024-05-27,90,51,3187.5,2437.5,0,0
SKU-00008,22,2024-06-03,96,96,6000.0,0.0,1,5
SKU-00008,23,2024-06-10,96,96,6000.0,0.0,0,0
SKU-00008,24,2024-06-17,108,108,6750.0,0.0,0,0
SKU-00008,25,2024-06-24,94,94,5875.0,0.0,0,0
SKU-00008,26,2024-07-01,97,94,5875.0,187.5,0,0
SKU-00008,27,2024-07-08,92,19,1187.5,4562.5,0,0
SKU-00008,28,2024-07-15,111,111,6937.5,0.0,0,0
SKU-00008,29,2024-07-22,109,109,6812.5,0.0,0,0
SKU-00008,30,2024-07-29,93,93,5812.5,0.0,0,0
SKU-00008,31,2024-08-05,90,90,5625.0,0.0,0,0
SKU-00008,32,2024-08-12,106,92,5750.0,875.0,0,0
SKU-00008,33,2024-08-19,100,0,0.0,6250.0,0,0
SKU-00008,34,2024-08-26,78,38,2375.0,2500.0,0,0
SKU-00008,35,2024-09-02,80,80,5000.0,0.0,0,0
SKU-00008,36,2024-09-09,92,92,5750.0,0.0,0,0
SKU-00008,37,2024-09-16,72,72,4500.0,0.0,0,0
SKU-00008,38,2024-09-23,90,90,5625.0,0.0,0,0
SKU-00008,39,2024-09-30,92,92,5750.0,0.0,0,0
SKU-00008,40,2024-10-07,81,60,3750.0,1312.5,0,0
SKU-00008,41,2024-10-14,72,72,4500.0,0.0,0,0
SKU-00008,42,2024-10-21,77,77,4812.5,0.0,0,0
SKU-00008,43,2024-10-28,80,80,5000.0,0.0,0,0
SKU-00008,44,2024-11-04,87,87,5437.5,0.0,0,0
SKU-00008,45,2024-11-11,80,10,625.0,4375.0,0,0
SKU-00008,46,2024-11-18,85,0,0.0,5312.5,0,0
SKU-00008,47,2024-11-25,62,62,3875.0,0.0,0,0
SKU-00008,48,2024-12-02,61,61,3812.5,0.0,0,0
SKU-00008,49,2024-12-09,62,62,3875.0,0.0,0,0
SKU-00008,50,2024-12-16,68,68,4250.0,0.0,0,0
SKU-00008,51,2024-12-23,66,66,4125.0,0.0,0,0
SKU-00008,52,2024-12-30,53,53,3312.5,0.0,0,0
SKU-00008,53,2025-01-06,51,51,3187.5,0.0,0,0
SKU-00008,54,2025-01-13,51,51,3187.5,0.0,0,0
SKU-00008,55,2025-01-20,56,56,3500.0,0.0,0,0
SKU-00008,56,2025-01-27,55,55,3437.5,0.0,0,0
SKU-00008,57,2025-02-03,54,54,3375.0,0.0,0,0
SKU-00008,58,2025-02-10,56,56,3500.0,0.0,0,0
SKU-00008,59,2025-02-17,52,52,3250.0,0.0,0,0
SKU-00008,60,2025-02-24,52,52,3250.0,0.0,0,0
SKU-00008,61,2025-03-03,46,46,2875.0,0.0,0,0
SKU-00008,62,2025-03-10,53,53,3312.5,0.0,0,0
SKU-00008,63,2025-03-17,50,50,3125.0,0.0,0,0
SKU-00008,64,2025-03-24,61,61,3812.5,0.0,0,0
SKU-00008,65,2025-03-31,58,58,3625.0,0.0,0,0
SKU-00008,66,2025-04-07,62,62,3875.0,0.0,0,0
SKU-00008,67,2025-04-14,74,74,4625.0,0.0,0,0
SKU-00008,68,2025-04-21,76,76,4750.0,0.0,1,1
SKU-00008,69,2025-04-28,107,107,6687.5,0.0,1,6
SKU-00008,70,2025-05-05,72,72,4500.0,0.0,0,0
SKU-00008,71,2025-05-12,69,69,4312.5,0.0,0,0
SKU-00008,72,2025-05-19,75,75,4687.5,0.0,0,0
SKU-00008,73,2025-05-26,67,67,4187.5,0.0,0,0
SKU-00008,74,2025-06-02,67,32,2000.0,2187.5,0,0
SKU-00008,75,2025-06-09,92,92,5750.0,0.0,0,0
SKU-00008,76,2025-06-16,100,100,6250.0,0.0,0,0
SKU-00008,77,2025-06-23,123,123,7687.5,0.0,1,4
SKU-00008,78,2025-06-30,84,84,5250.0,0.0,0,0
SKU-00008,79,2025-07-07,86,85,5312.5,62.5,0,0
SKU-00008,80,2025-07-14,84,62,3875.0,1375.0,0,0
SKU-00008,81,2025-07-21,92,92,5750.0,0.0,0,0
SKU-00008,82,2025-07-28,91,91,5687.5,0.0,0,0
SKU-00008,83,2025-08-04,80,80,5000.0,0.0,0,0
SKU-00008,84,2025-08-11,107,68,4250.0,2437.5,0,0
SKU-00008,85,2025-08-18,90,90,5625.0,0.0,1,2
SKU-00008,86,2025-08-25,103,103,6437.5,0.0,1,1
SKU-00008,87,2025-09-01,87,87,5437.5,0.0,0,0
SKU-00008,88,2025-09-08,94,43,2687.5,3187.5,0,0
SKU-00008,89,2025-09-15,94,0,0.0,5875.0,0,0
SKU-00008,90,2025-09-22,77,40,2500.0,2312.5,0,0
SKU-00008,91,2025-09-29,84,84,5250.0,0.0,0,0
SKU-00008,92,2025-10-06,69,69,4312.5,0.0,0,0
SKU-00008,93,2025-10-13,80,80,5000.0,0.0,0,0
SKU-00008,94,2025-10-20,65,65,4062.5,0.0,0,0
SKU-00008,95,2025-10-27,69,5,312.5,4000.0,0,0
SKU-00008,96,2025-11-03,49,42,2625.0,437.5,0,0
SKU-00008,97,2025-11-10,67,67,4187.5,0.0,0,0
SKU-00008,98,2025-11-17,71,71,4437.5,0.0,0,0
SKU-00008,99,2025-11-24,71,71,4437.5,0.0,0,0
SKU-00008,100,2025-12-01,55,55,3437.5,0.0,0,0
SKU-00008,101,2025-12-08,60,60,3750.0,0.0,0,0
SKU-00008,102,2025-12-15,38,38,2375.0,0.0,0,0
SKU-00008,103,2025-12-22,44,44,2750.0,0.0,0,0
SKU-00009,0,2024-01-01,83,83,482.22999999999996,0.0,0,0
SKU-00009,1,2024-01-08,83,83,482.22999999999996,0.0,0,0
SKU-00009,2,2024-01-15,73,73,424.13,0.0,0,0
SKU-00009,3,2024-01-22,76,76,441.55999999999995,0.0,0,0
SKU-00009,4,2024-01-29,77,77,447.36999999999995,0.0,0,0
SKU-00009,5,2024-02-05,83,65,377.65,104.58,0,0
SKU-00009,6,2024-02-12,78,78,453.17999999999995,0.0,0,0
SKU-00009,7,2024-02-19,77,77,447.36999999999995,0.0,0,0
SKU-00009,8,2024-02-26,82,79,458.98999999999995,17.43,0,0
SKU-00009,9,2024-03-04,90,90,522.9,0.0,0,0
SKU-00009,10,2024-03-11,99,99,575.1899999999999,0.0,0,0
SKU-00009,11,2024-03-18,91,91,528.7099999999999,0.0,0,0
SKU-00009,12,2024-03-25,107,106,615.86,5.81,0,0
SKU-00009,13,2024-04-01,96,96,557.76,0.0,0,0
SKU-00009,14,2024-04-08,107,96,557.76,63.91,0,0
SKU-00009,15,2024-04-15,112,112,650.7199999999999,0.0,0,0
SKU-00009,16,2024-04-22,120,115,668.15,29.049999999999997,0,0
SKU-00009,17,2024-04-29,144,129,749.4899999999999,87.14999999999999,1,1
SKU-00009,18,2024-05-06,156,92,534.52,371.84,1,2
SKU-00009,19,2024-05-13,133,131,761.1099999999999,11.62,0,0
SKU-00009,20,2024-05-20,144,112,650.7199999999999,185.92,0,0
SKU-00009,21,2024-05-27,153,125,726.25,162.67999999999998,0,0
SKU-00009,22,2024-06-03,154,116,673.9599999999999,220.77999999999997,0,0
SKU-00009,23,2024-06-10,170,113,656.53,331.16999999999996,0,0
SKU-00009,24,2024-06-17,187,148,859.88,226.58999999999997,0,0
SKU-00009,25,2024-06-24,173,97,563.5699999999999,441.55999999999995,0,0
SKU-00009,26,2024-07-01,149,137,795.9699999999999,69.72,0,0
SKU-00009,27,2024-07-08,169,111,644.91,336.97999999999996,0,0
SKU-00009,28,2024-07-15,186,126,732.06,348.59999999999997,0,0
SKU-00009,29,2024-07-22,176,72,418.32,604.24,0,0
SKU-00009,30,2024-07-29,178,162,941.2199999999999,92.96,0,0
SKU-00009,31,2024-08-05,194,150,871.4999999999999,255.64,0,0
SKU-00009,32,2024-08-12,160,131,761.1099999999999,168.48999999999998,0,0
SKU-00009,33,2024-08-19,164,116,673.9599999999999,278.88,0,0
SKU-00009,34,2024-08-26,158,125,726.25,191.73,0,0
SKU-00009,35,2024-09-02,168,138,801.78,174.29999999999998,0,0
SKU-00009,36,2024-09-09,152,105,610.05,273.07,0,0
SKU-00009,37,2024-09-16,168,122,708.8199999999999,267.26,0,0
SKU-00009,38,2024-09-23,150,78,453.17999999999995,418.32,0,0
SKU-00009,39,2024-09-30,149,122,708.8199999999999,156.86999999999998,0,0
SKU-00009,40,2024-10-07,159,126,732.06,191.73,0,0
SKU-00009,41,2024-10-14,142,110,639.0999999999999,185.92,0,0
SKU-00009,42,2024-10-21,147,108,627.4799999999999,226.58999999999997,0,0
SKU-00009,43,2024-10-28,129,111,644.91,104.58,0,0
SKU-00009,44,2024-11-04,134,113,656.53,122.00999999999999,0,0
SKU-00009,45,2024-11-11,157,146,848.26,63.91,1,2
SKU-00009,46,2024-11-18,205,119,691.39,499.65999999999997,1,4
SKU-00009,47,2024-11-25,115,111,644.91,23.24,0,0
SKU-00009,48,2024-12-02,118,101,586.81,98.77,0,0
SKU-00009,49,2024-12-09,92,92,534.52,0.0,0,0
SKU-00009,50,2024-12-16,105,99,575.1899999999999,34.86,0,0
SKU-00009,51,2024-12-23,102,96,557.76,34.86,0,0
SKU-00009,52,2024-12-30,96,96,557.76,0.0,0,0
SKU-00009,53,2025-01-06,82,82,476.41999999999996,0.0,0,0
SKU-00009,54,2025-01-13,77,76,441.55999999999995,5.81,0,0
SKU-00009,55,2025-01-20,87,87,505.46999999999997,0.0,0,0
SKU-00009,56,2025-01-27,106,91,528.7099999999999,87.14999999999999,1,1
SKU-00009,57,2025-02-03,119,87,505.46999999999997,185.92,1,2
SKU-00009,58,2025-02-10,88,85,493.84999999999997,17.43,0,0
SKU-00009,59,2025-02-17,92,89,517.0899999999999,17.43,0,0
SKU-00009,60,2025-02-24,98,92,534.52,34.86,0,0
SKU-00009,61,2025-03-03,95,95,551.9499999999999,0.0,0,0
SKU-00009,62,2025-03-10,103,101,586.81,11.62,0,0
SKU-00009,63,2025-03-17,130,115,668.15,87.14999999999999,1,4
SKU-00009,64,2025-03-24,112,85,493.84999999999997,156.86999999999998,0,0
SKU-00009,65,2025-03-31,117,112,650.7199999999999,29.049999999999997,0,0
SKU-00009,66,2025-04-07,112,108,627.4799999999999,23.24,0,0
SKU-00009,67,2025-04-14,132,121,703.01,63.91,0,0
SKU-00009,68,2025-04-21,128,101,586.81,156.86999999999998,0,0
SKU-00009,69,2025-04-28,156,134,778.54,127.82,0,0
SKU-00009,70,2025-05-05,153,117,679.77,209.16,0,0
SKU-00009,71,2025-05-12,148,99,575.1899999999999,284.69,0,0
SKU-00009,72,2025-05-19,162,130,755.3,185.92,0,0
SKU-00009,73,2025-05-26,155,113,656.53,244.01999999999998,0,0
SKU-00009,74,2025-06-02,176,145,842.4499999999999,180.10999999999999,0,0
SKU-00009,75,2025-06-09,180,159,923.79,122.00999999999999,0,0
SKU-00009,76,2025-06-16,184,132,766.92,302.12,0,0
SKU-00009,77,2025-06-23,236,192,1115.52,255.64,1,2
SKU-00009,78,2025-06-30,254,209,1214.29,261.45,1,5
SKU-00009,79,2025-07-07,192,124,720.4399999999999,395.08,0,0
SKU-00009,80,2025-07-14,309,195,1132.9499999999998,662.3399999999999,1,5
SKU-00009,81,2025-07-21,206,165,958.65,238.20999999999998,0,0
SKU-00009,82,2025-07-28,189,146,848.26,249.82999999999998,0,0
SKU-00009,83,2025-08-04,204,117,679.77,505.46999999999997,0,0
SKU-00009,84,2025-08-11,192,108,627.4799999999999,488.03999999999996,0,0
SKU-00009,85,2025-08-18,208,111,644.91,563.5699999999999,0,0
SKU-00009,86,2025-08-25,171,158,917.9799999999999,75.53,0,0
SKU-00009,87,2025-09-01,186,142,825.02,255.64,0,0
SKU-00009,88,2025-09-08,192,134,778.54,336.97999999999996,0,0
SKU-00009,89,2025-09-15,187,155,900.55,185.92,0,0
SKU-00009,90,2025-09-22,180,119,691.39,354.40999999999997,0,0
SKU-00009,91,2025-09-29,164,122,708.8199999999999,244.01999999999998,0,0
SKU-00009,92,2025-10-06,161,103,598.43,336.97999999999996,0,0
SKU-00009,93,2025-10-13,163,123,714.63,232.39999999999998,0,0
SKU-00009,94,2025-10-20,161,116,673.9599999999999,261.45,0,0
SKU-00009,95,2025-10-27,155,100,581.0,319.54999999999995,0,0
SKU-00009,96,2025-11-03,167,136,790.16,180.10999999999999,1,2
SKU-00009,97,2025-11-10,212,142,825.02,406.7,1,5
SKU-00009,98,2025-11-17,161,114,662.3399999999999,273.07,1,3
SKU-00009,99,2025-11-24,165,85,493.84999999999997,464.79999999999995,1,3
SKU-00009,100,2025-12-01,120,117,679.77,17.43,0,0
SKU-00009,101,2025-12-08,132,111,644.91,122.00999999999999,0,0
SKU-00009,102,2025-12-15,115,114,662.3399999999999,5.81,0,0
SKU-00009,103,2025-12-22,113,81,470.60999999999996,185.92,0,0
SKU-00010,0,2024-01-01,161,161,6138.93,0.0,0,0
SKU-00010,1,2024-01-08,154,154,5872.02,0.0,0,0
SKU-00010,2,2024-01-15,143,143,5452.59,0.0,0,0
SKU-00010,3,2024-01-22,154,154,5872.02,0.0,0,0
SKU-00010,4,2024-01-29,153,153,5833.89,0.0,0,0
SKU-00010,5,2024-02-05,147,147,5605.110000000001,0.0,0,0
SKU-00010,6,2024-02-12,137,93,3546.09,1677.72,0,0
SKU-00010,7,2024-02-19,139,74,2821.6200000000003,2478.4500000000003,0,0
SKU-00010,8,2024-02-26,161,118,4499.34,1639.5900000000001,1,2
SKU-00010,9,2024-03-04,218,218,8312.34,0.0,1,4
SKU-00010,10,2024-03-11,164,164,6253.320000000001,0.0,1,4
SKU-00010,11,2024-03-18,169,169,6443.97,0.0,1,3
SKU-00010,12,2024-03-25,122,122,4651.860000000001,0.0,0,0
SKU-00010,13,2024-04-01,120,120,4575.6,0.0,0,0
SKU-00010,14,2024-04-08,137,137,5223.81,0.0,0,0
SKU-00010,15,2024-04-15,124,124,4728.12,0.0,0,0
SKU-00010,16,2024-04-22,124,124,4728.12,0.0,0,0
SKU-00010,17,2024-04-29,123,110,4194.3,495.69000000000005,0,0
SKU-00010,18,2024-05-06,103,103,3927.3900000000003,0.0,0,0
SKU-00010,19,2024-05-13,126,126,4804.38,0.0,0,0
SKU-00010,20,2024-05-20,115,107,4079.9100000000003,305.04,0,0
SKU-00010,21,2024-05-27,118,118,4499.34,0.0,0,0
SKU-00010,22,2024-06-03,108,108,4118.04,0.0,0,0
SKU-00010,23,2024-06-10,124,124,4728.12,0.0,0,0
SKU-00010,24,2024-06-17,112,112,4270.56,0.0,0,0
SKU-00010,25,2024-06-24,111,111,4232.43,0.0,0,0
SKU-00010,26,2024-07-01,117,117,4461.21,0.0,0,0
SKU-00010,27,2024-07-08,112,112,4270.56,0.0,0,0
SKU-00010,28,2024-07-15,122,122,4651.860000000001,0.0,0,0
SKU-00010,29,2024-07-22,103,103,3927.3900000000003,0.0,0,0
SKU-00010,30,2024-07-29,115,115,4384.950000000001,0.0,0,0
SKU-00010,31,2024-08-05,112,112,4270.56,0.0,0,0
SKU-00010,32,2024-08-12,106,106,4041.78,0.0,0,0
SKU-00010,33,2024-08-19,117,117,4461.21,0.0,0,0
SKU-00010,34,2024-08-26,111,111,4232.43,0.0,0,0
SKU-00010,35,2024-09-02,102,102,3889.26,0.0,0,0
SKU-00010,36,2024-09-09,116,116,4423.08,0.0,0,0
SKU-00010,37,2024-09-16,132,132,5033.160000000001,0.0,0,0
SKU-00010,38,2024-09-23,122,122,4651.860000000001,0.0,0,0
SKU-00010,39,2024-09-30,115,115,4384.950000000001,0.0,0,0
SKU-00010,40,2024-10-07,120,120,4575.6,0.0,0,0
SKU-00010,41,2024-10-14,133,133,5071.29,0.0,0,0
SKU-00010,42,2024-10-21,125,125,4766.25,0.0,0,0
SKU-00010,43,2024-10-28,125,115,4384.950000000001,381.3,0,0
SKU-00010,44,2024-11-04,138,124,4728.12,533.82,0,0
SKU-00010,45,2024-11-11,128,128,4880.64,0.0,0,0
SKU-00010,46,2024-11-18,126,126,4804.38,0.0,0,0
SKU-00010,47,2024-11-25,130,130,4956.900000000001,0.0,0,0
SKU-00010,48,2024-12-02,136,136,5185.68,0.0,0,0
SKU-00010,49,2024-12-09,130,117,4461.21,495.69000000000005,0,0
SKU-00010,50,2024-12-16,135,124,4728.12,419.43,0,0
SKU-00010,51,2024-12-23,123,123,4689.990000000001,0.0,0,0
SKU-00010,52,2024-12-30,126,126,4804.38,0.0,0,0
SKU-00010,53,2025-01-06,128,128,4880.64,0.0,0,0
SKU-00010,54,2025-01-13,138,138,5261.9400000000005,0.0,1,1
SKU-00010,55,2025-01-20,160,160,6100.8,0.0,1,2
SKU-00010,56,2025-01-27,127,127,4842.51,0.0,0,0
SKU-00010,57,2025-02-03,123,123,4689.990000000001,0.0,0,0
SKU-00010,58,2025-02-10,123,123,4689.990000000001,0.0,0,0
SKU-00010,59,2025-02-17,196,196,7473.4800000000005,0.0,1,4
SKU-00010,60,2025-02-24,119,107,4079.9100000000003,457.56000000000006,0,0
SKU-00010,61,2025-03-03,200,113,4308.6900000000005,3317.3100000000004,1,7
SKU-00010,62,2025-03-10,137,137,5223.81,0.0,1,1
SKU-00010,63,2025-03-17,108,108,4118.04,0.0,0,0
SKU-00010,64,2025-03-24,120,120,4575.6,0.0,0,0
SKU-00010,65,2025-03-31,108,108,4118.04,0.0,0,0
SKU-00010,66,2025-04-07,120,120,4575.6,0.0,0,0
SKU-00010,67,2025-04-14,99,99,3774.8700000000003,0.0,0,0
SKU-00010,68,2025-04-21,105,105,4003.65,0.0,0,0
SKU-00010,69,2025-04-28,109,109,4156.17,0.0,0,0
SKU-00010,70,2025-05-05,95,94,3584.2200000000003,38.13,0,0
SKU-00010,71,2025-05-12,100,100,3813.0000000000005,0.0,0,0
SKU-00010,72,2025-05-19,94,94,3584.2200000000003,0.0,0,0
SKU-00010,73,2025-05-26,97,97,3698.61,0.0,0,0
SKU-00010,74,2025-06-02,94,94,3584.2200000000003,0.0,0,0
SKU-00010,75,2025-06-09,87,87,3317.3100000000004,0.0,0,0
SKU-00010,76,2025-06-16,95,95,3622.3500000000004,0.0,0,0
SKU-00010,77,2025-06-23,97,97,3698.61,0.0,0,0
SKU-00010,78,2025-06-30,89,89,3393.57,0.0,0,0
SKU-00010,79,2025-07-07,111,111,4232.43,0.0,0,0
SKU-00010,80,2025-07-14,92,92,3507.96,0.0,0,0
SKU-00010,81,2025-07-21,88,88,3355.44,0.0,0,0
SKU-00010,82,2025-07-28,89,89,3393.57,0.0,0,0
SKU-00010,83,2025-08-04,89,89,3393.57,0.0,0,0
SKU-00010,84,2025-08-11,93,93,3546.09,0.0,0,0
SKU-00010,85,2025-08-18,95,95,3622.3500000000004,0.0,0,0
SKU-00010,86,2025-08-25,100,100,3813.0000000000005,0.0,0,0
SKU-00010,87,2025-09-01,150,150,5719.5,0.0,1,5
SKU-00010,88,2025-09-08,101,101,3851.13,0.0,0,0
SKU-00010,89,2025-09-15,90,90,3431.7000000000003,0.0,0,0
SKU-00010,90,2025-09-22,91,91,3469.8300000000004,0.0,0,0
SKU-00010,91,2025-09-29,98,98,3736.7400000000002,0.0,0,0
SKU-00010,92,2025-10-06,97,97,3698.61,0.0,0,0
SKU-00010,93,2025-10-13,111,111,4232.43,0.0,0,0
SKU-00010,94,2025-10-20,101,101,3851.13,0.0,0,0
SKU-00010,95,2025-10-27,107,107,4079.9100000000003,0.0,0,0
SKU-00010,96,2025-11-03,113,113,4308.6900000000005,0.0,0,0
SKU-00010,97,2025-11-10,118,118,4499.34,0.0,0,0
SKU-00010,98,2025-11-17,107,107,4079.9100000000003,0.0,0,0
SKU-00010,99,2025-11-24,111,111,4232.43,0.0,0,0
SKU-00010,100,2025-12-01,112,112,4270.56,0.0,0,0
SKU-00010,101,2025-12-08,184,184,7015.92,0.0,1,4
SKU-00010,102,2025-12-15,118,118,4499.34,0.0,0,0
SKU-00010,103,2025-12-22,116,116,4423.08,0.0,0,0
SKU-00011,0,2024-01-01,30,30,92.1,0.0,0,0
SKU-00011,1,2024-01-08,31,31,95.17,0.0,0,0
SKU-00011,2,2024-01-15,30,30,92.1,0.0,0,0
SKU-00011,3,2024-01-22,30,30,92.1,0.0,0,0
SKU-00011,4,2024-01-29,30,30,92.1,0.0,0,0
SKU-00011,5,2024-02-05,34,34,104.38,0.0,0,0
SKU-00011,6,2024-02-12,30,30,92.1,0.0,0,0
SKU-00011,7,2024-02-19,34,34,104.38,0.0,0,0
SKU-00011,8,2024-02-26,35,32,98.24,9.209999999999999,0,0
SKU-00011,9,2024-03-04,38,33,101.30999999999999,15.35,1,1
SKU-00011,10,2024-03-11,47,44,135.07999999999998,9.209999999999999,1,3
SKU-00011,11,2024-03-18,39,38,116.66,3.07,0,0
SKU-00011,12,2024-03-25,39,39,119.72999999999999,0.0,0,0
SKU-00011,13,2024-04-01,41,41,125.86999999999999,0.0,0,0
SKU-00011,14,2024-04-08,39,39,119.72999999999999,0.0,0,0
SKU-00011,15,2024-04-15,42,38,116.66,12.28,0,0
SKU-00011,16,2024-04-22,49,45,138.15,12.28,0,0
SKU-00011,17,2024-04-29,47,47,144.29,0.0,0,0
SKU-00011,18,2024-05-06,63,53,162.70999999999998,30.7,1,3
SKU-00011,19,2024-05-13,52,34,104.38,55.26,0,0
SKU-00011,20,2024-05-20,52,44,135.07999999999998,24.56,0,0
SKU-00011,21,2024-05-27,49,49,150.42999999999998,0.0,0,0
SKU-00011,22,2024-06-03,56,53,162.70999999999998,9.209999999999999,0,0
SKU-00011,23,2024-06-10,57,44,135.07999999999998,39.91,0,0
SKU-00011,24,2024-06-17,57,51,156.57,18.419999999999998,0,0
SKU-00011,25,2024-06-24,59,55,168.85,12.28,0,0
SKU-00011,26,2024-07-01,61,43,132.01,55.26,0,0
SKU-00011,27,2024-07-08,64,50,153.5,42.98,0,0
SKU-00011,28,2024-07-15,59,46,141.22,39.91,0,0
SKU-00011,29,2024-07-22,63,52,159.64,33.769999999999996,0,0
SKU-00011,30,2024-07-29,65,45,138.15,61.4,0,0
SKU-00011,31,2024-08-05,62,46,141.22,49.12,0,0
SKU-00011,32,2024-08-12,57,51,156.57,18.419999999999998,0,0
SKU-00011,33,2024-08-19,70,48,147.35999999999999,67.53999999999999,0,0
SKU-00011,34,2024-08-26,57,44,135.07999999999998,39.91,0,0
SKU-00011,35,2024-09-02,62,45,138.15,52.19,0,0
SKU-00011,36,2024-09-09,59,54,165.78,15.35,0,0
SKU-00011,37,2024-09-16,59,48,147.35999999999999,33.769999999999996,0,0
SKU-00011,38,2024-09-23,56,43,132.01,39.91,0,0
SKU-00011,39,2024-09-30,61,56,171.92,15.35,0,0
SKU-00011,40,2024-10-07,60,42,128.94,55.26,0,0
SKU-00011,41,2024-10-14,60,52,159.64,24.56,0,0
SKU-00011,42,2024-10-21,53,46,141.22,21.49,0,0
SKU-00011,43,2024-10-28,49,43,132.01,18.419999999999998,0,0
SKU-00011,44,2024-11-04,51,48,147.35999999999999,9.209999999999999,0,0
SKU-00011,45,2024-11-11,50,46,141.22,12.28,0,0
SKU-00011,46,2024-11-18,51,31,95.17,61.4,0,0
SKU-00011,47,2024-11-25,48,47,144.29,3.07,0,0
SKU-00011,48,2024-12-02,46,37,113.58999999999999,27.63,0,0
SKU-00011,49,2024-12-09,42,36,110.52,18.419999999999998,0,0
SKU-00011,50,2024-12-16,58,58,178.06,0.0,1,3
SKU-00011,51,2024-12-23,53,40,122.8,39.91,1,4
SKU-00011,52,2024-12-30,43,43,132.01,0.0,1,3
SKU-00011,53,2025-01-06,36,35,107.44999999999999,3.07,0,0
SKU-00011,54,2025-01-13,38,38,116.66,0.0,0,0
SKU-00011,55,2025-01-20,42,35,107.44999999999999,21.49,0,0
SKU-00011,56,2025-01-27,42,28,85.96,42.98,0,0
SKU-00011,57,2025-02-03,41,35,107.44999999999999,18.419999999999998,0,0
SKU-00011,58,2025-02-10,42,42,128.94,0.0,0,0
SKU-00011,59,2025-02-17,41,34,104.38,21.49,0,0
SKU-00011,60,2025-02-24,42,40,122.8,6.14,0,0
SKU-00011,61,2025-03-03,44,42,128.94,6.14,0,0
SKU-00011,62,2025-03-10,44,36,110.52,24.56,0,0
SKU-00011,63,2025-03-17,46,46,141.22,0.0,0,0
SKU-00011,64,2025-03-24,48,43,132.01,15.35,0,0
SKU-00011,65,2025-03-31,52,50,153.5,6.14,0,0
SKU-00011,66,2025-04-07,50,45,138.15,15.35,0,0
SKU-00011,67,2025-04-14,55,54,165.78,3.07,0,0
SKU-00011,68,2025-04-21,53,36,110.52,52.19,0,0
SKU-00011,69,2025-04-28,57,54,165.78,9.209999999999999,0,0
SKU-00011,70,2025-05-05,56,51,156.57,15.35,0,0
SKU-00011,71,2025-05-12,74,49,150.42999999999998,76.75,0,0
SKU-00011,72,2025-05-19,67,24,73.67999999999999,132.01,1,3
SKU-00011,73,2025-05-26,88,72,221.04,49.12,1,3
SKU-00011,74,2025-06-02,74,42,128.94,98.24,0,0
SKU-00011,75,2025-06-09,73,73,224.10999999999999,0.0,0,0
SKU-00011,76,2025-06-16,69,65,199.54999999999998,12.28,0,0
SKU-00011,77,2025-06-23,68,60,184.2,24.56,0,0
SKU-00011,78,2025-06-30,83,61,187.26999999999998,67.53999999999999,0,0
SKU-00011,79,2025-07-07,74,44,135.07999999999998,92.1,0,0
SKU-00011,80,2025-07-14,87,59,181.13,85.96,0,0
SKU-00011,81,2025-07-21,80,53,162.70999999999998,82.89,0,0
SKU-00011,82,2025-07-28,74,52,159.64,67.53999999999999,0,0
SKU-00011,83,2025-08-04,76,67,205.69,27.63,0,0
SKU-00011,84,2025-08-11,82,64,196.48,55.26,0,0
SKU-00011,85,2025-08-18,117,86,264.02,95.17,1,4
SKU-00011,86,2025-08-25,82,60,184.2,67.53999999999999,0,0
SKU-00011,87,2025-09-01,86,55,168.85,95.17,0,0
SKU-00011,88,2025-09-08,77,56,171.92,64.47,0,0
SKU-00011,89,2025-09-15,74,60,184.2,42.98,0,0
SKU-00011,90,2025-09-22,75,43,132.01,98.24,0,0
SKU-00011,91,2025-09-29,75,58,178.06,52.19,0,0
SKU-00011,92,2025-10-06,78,61,187.26999999999998,52.19,1,1
SKU-00011,93,2025-10-13,78,62,190.34,49.12,1,2
SKU-00011,94,2025-10-20,69,49,150.42999999999998,61.4,0,0
SKU-00011,95,2025-10-27,61,49,150.42999999999998,36.839999999999996,0,0
SKU-00011,96,2025-11-03,61,49,150.42999999999998,36.839999999999996,0,0
SKU-00011,97,2025-11-10,96,66,202.61999999999998,92.1,1,4
SKU-00011,98,2025-11-17,65,53,162.70999999999998,36.839999999999996,0,0
SKU-00011,99,2025-11-24,49,48,147.35999999999999,3.07,0,0
SKU-00011,100,2025-12-01,54,27,82.89,82.89,0,0
SKU-00011,101,2025-12-08,50,49,150.42999999999998,3.07,0,0
SKU-00011,102,2025-12-15,45,33,101.30999999999999,36.839999999999996,0,0
SKU-00011,103,2025-12-22,58,52,159.64,18.419999999999998,0,0
SKU-00012,0,2024-01-01,543,543,5060.76,0.0,0,0
SKU-00012,1,2024-01-08,557,557,5191.24,0.0,1,3
SKU-00012,2,2024-01-15,604,604,5629.28,0.0,1,2
SKU-00012,3,2024-01-22,436,436,4063.52,0.0,1,2
SKU-00012,4,2024-01-29,608,355,3308.6,2357.96,0,0
SKU-00012,5,2024-02-05,412,35,326.2,3513.6400000000003,0,0
SKU-00012,6,2024-02-12,357,357,3327.2400000000002,0.0,0,0
SKU-00012,7,2024-02-19,360,360,3355.2000000000003,0.0,0,0
SKU-00012,8,2024-02-26,446,446,4156.72,0.0,0,0
SKU-00012,9,2024-03-04,403,403,3755.96,0.0,0,0
SKU-00012,10,2024-03-11,470,470,4380.400000000001,0.0,0,0
SKU-00012,11,2024-03-18,431,431,4016.92,0.0,0,0
SKU-00012,12,2024-03-25,406,406,3783.92,0.0,0,0
SKU-00012,13,2024-04-01,719,427,3979.6400000000003,2721.44,0,0
SKU-00012,14,2024-04-08,478,145,1351.4,3103.56,0,0
SKU-00012,15,2024-04-15,533,533,4967.56,0.0,0,0
SKU-00012,16,2024-04-22,514,514,4790.4800000000005,0.0,0,0
SKU-00012,17,2024-04-29,608,603,5619.96,46.6,0,0
SKU-00012,18,2024-05-06,512,512,4771.84,0.0,0,0
SKU-00012,19,2024-05-13,553,553,5153.96,0.0,0,0
SKU-00012,20,2024-05-20,755,755,7036.6,0.0,0,0
SKU-00012,21,2024-05-27,684,684,6374.88,0.0,0,0
SKU-00012,22,2024-06-03,751,39,363.48,6635.84,0,0
SKU-00012,23,2024-06-10,641,543,5060.76,913.36,0,0
SKU-00012,24,2024-06-17,512,512,4771.84,0.0,0,0
SKU-00012,25,2024-06-24,540,540,5032.8,0.0,0,0
SKU-00012,26,2024-07-01,574,574,5349.68,0.0,0,0
SKU-00012,27,2024-07-08,736,326,3038.32,3821.2000000000003,0,0
SKU-00012,28,2024-07-15,864,556,5181.92,2870.56,0,0
SKU-00012,29,2024-07-22,983,572,5331.04,3830.52,1,3
SKU-00012,30,2024-07-29,686,190,1770.8,4622.72,1,4
SKU-00012,31,2024-08-05,773,773,7204.360000000001,0.0,0,0
SKU-00012,32,2024-08-12,774,774,7213.68,0.0,0,0
SKU-00012,33,2024-08-19,903,903,8415.960000000001,0.0,0,0
SKU-00012,34,2024-08-26,735,735,6850.2,0.0,0,0
SKU-00012,35,2024-09-02,945,274,2553.6800000000003,6253.72,0,0
SKU-00012,36,2024-09-09,642,0,0.0,5983.4400000000005,0,0
SKU-00012,37,2024-09-16,719,421,3923.7200000000003,2777.36,0,0
SKU-00012,38,2024-09-23,1188,1188,11072.16,0.0,1,6
SKU-00012,39,2024-09-30,562,250,2330.0,2907.84,0,0
SKU-00012,40,2024-10-07,540,540,5032.8,0.0,0,0
SKU-00012,41,2024-10-14,544,352,3280.6400000000003,1789.44,0,0
SKU-00012,42,2024-10-21,681,303,2823.96,3522.96,0,0
SKU-00012,43,2024-10-28,587,587,5470.84,0.0,0,0
SKU-00012,44,2024-11-04,600,600,5592.0,0.0,0,0
SKU-00012,45,2024-11-11,453,453,4221.96,0.0,0,0
SKU-00012,46,2024-11-18,598,598,5573.360000000001,0.0,0,0
SKU-00012,47,2024-11-25,443,443,4128.76,0.0,1,1
SKU-00012,48,2024-12-02,902,902,8406.64,0.0,1,6
SKU-00012,49,2024-12-09,830,830,7735.6,0.0,1,3
SKU-00012,50,2024-12-16,599,599,5582.68,0.0,0,0
SKU-00012,51,2024-12-23,677,301,2805.32,3504.32,0,0
SKU-00012,52,2024-12-30,500,0,0.0,4660.0,0,0
SKU-00012,53,2025-01-06,491,0,0.0,4576.12,0,0
SKU-00012,54,2025-01-13,601,0,0.0,5601.320000000001,0,0
SKU-00012,55,2025-01-20,386,386,3597.52,0.0,0,0
SKU-00012,56,2025-01-27,655,655,6104.6,0.0,0,0
SKU-00012,57,2025-02-03,697,697,6496.04,0.0,0,0
SKU-00012,58,2025-02-10,393,393,3662.76,0.0,0,0
SKU-00012,59,2025-02-17,704,704,6561.280000000001,0.0,0,0
SKU-00012,60,2025-02-24,548,197,1836.04,3271.32,0,0
SKU-00012,61,2025-03-03,566,228,2124.96,3150.1600000000003,0,0
SKU-00012,62,2025-03-10,493,493,4594.76,0.0,0,0
SKU-00012,63,2025-03-17,565,565,5265.8,0.0,0,0
SKU-00012,64,2025-03-24,672,672,6263.04,0.0,0,0
SKU-00012,65,2025-03-31,520,520,4846.400000000001,0.0,0,0
SKU-00012,66,2025-04-07,595,595,5545.400000000001,0.0,1,1
SKU-00012,67,2025-04-14,806,806,7511.92,0.0,1,6
SKU-00012,68,2025-04-21,851,672,6263.04,1668.28,0,0
SKU-00012,69,2025-04-28,658,319,2973.08,3159.48,0,0
SKU-00012,70,2025-05-05,672,672,6263.04,0.0,0,0
SKU-00012,71,2025-05-12,907,907,8453.24,0.0,0,0
SKU-00012,72,2025-05-19,777,777,7241.64,0.0,0,0
SKU-00012,73,2025-05-26,838,838,7810.16,0.0,0,0
SKU-00012,74,2025-06-02,824,824,7679.68,0.0,0,0
SKU-00012,75,2025-06-09,702,702,6542.64,0.0,0,0
SKU-00012,76,2025-06-16,918,677,6309.64,2246.12,0,0
SKU-00012,77,2025-06-23,776,776,7232.320000000001,0.0,0,0
SKU-00012,78,2025-06-30,908,398,3709.36,4753.2,0,0
SKU-00012,79,2025-07-07,1127,0,0.0,10503.64,1,5
SKU-00012,80,2025-07-14,1045,1045,9739.4,0.0,1,2
SKU-00012,81,2025-07-21,984,984,9170.880000000001,0.0,0,0
SKU-00012,82,2025-07-28,893,466,4343.12,3979.6400000000003,0,0
SKU-00012,83,2025-08-04,970,0,0.0,9040.4,0,0
SKU-00012,84,2025-08-11,869,518,4827.76,3271.32,0,0
SKU-00012,85,2025-08-18,1019,1019,9497.08,0.0,0,0
SKU-00012,86,2025-08-25,1174,649,6048.68,4893.0,0,0
SKU-00012,87,2025-09-01,719,226,2106.32,4594.76,0,0
SKU-00012,88,2025-09-08,713,713,6645.16,0.0,0,0
SKU-00012,89,2025-09-15,921,644,6002.08,2581.64,0,0
SKU-00012,90,2025-09-22,1033,1033,9627.56,0.0,0,0
SKU-00012,91,2025-09-29,1015,883,8229.56,1230.24,0,0
SKU-00012,92,2025-10-06,864,0,0.0,8052.4800000000005,0,0
SKU-00012,93,2025-10-13,838,288,2684.16,5126.0,0,0
SKU-00012,94,2025-10-20,773,773,7204.360000000001,0.0,0,0
SKU-00012,95,2025-10-27,981,749,6980.68,2162.2400000000002,0,0
SKU-00012,96,2025-11-03,882,0,0.0,8220.24,0,0
SKU-00012,97,2025-11-10,519,0,0.0,4837.08,0,0
SKU-00012,98,2025-11-17,561,193,1798.76,3429.76,0,0
SKU-00012,99,2025-11-24,844,844,7866.08,0.0,0,0
SKU-00012,100,2025-12-01,834,834,7772.88,0.0,0,0
SKU-00012,101,2025-12-08,864,624,5815.68,2236.8,0,0
SKU-00012,102,2025-12-15,686,281,2618.92,3774.6,0,0
SKU-00012,103,2025-12-22,543,543,5060.76,0.0,0,0
SKU-00013,0,2024-01-01,151,151,2325.4,0.0,0,0
SKU-00013,1,2024-01-08,151,151,2325.4,0.0,0,0
SKU-00013,2,2024-01-15,164,162,2494.8,30.8,0,0
SKU-00013,3,2024-01-22,157,157,2417.8,0.0,0,0
SKU-00013,4,2024-01-29,149,149,2294.6,0.0,0,0
SKU-00013,5,2024-02-05,156,156,2402.4,0.0,0,0
SKU-00013,6,2024-02-12,125,125,1925.0,0.0,0,0
SKU-00013,7,2024-02-19,136,136,2094.4,0.0,0,0
SKU-00013,8,2024-02-26,137,137,2109.8,0.0,0,0
SKU-00013,9,2024-03-04,117,115,1771.0,30.8,0,0
SKU-00013,10,2024-03-11,124,89,1370.6000000000001,539.0,0,0
SKU-00013,11,2024-03-18,133,70,1078.0,970.2,0,0
SKU-00013,12,2024-03-25,176,165,2541.0,169.4,1,4
SKU-00013,13,2024-04-01,132,132,2032.8,0.0,0,0
SKU-00013,14,2024-04-08,109,109,1678.6000000000001,0.0,0,0
SKU-00013,15,2024-04-15,139,139,2140.6,0.0,1,3
SKU-00013,16,2024-04-22,125,125,1925.0,0.0,1,1
SKU-00013,17,2024-04-29,109,109,1678.6000000000001,0.0,0,0
SKU-00013,18,2024-05-06,112,111,1709.4,15.4,0,0
SKU-00013,19,2024-05-13,104,104,1601.6000000000001,0.0,0,0
SKU-00013,20,2024-05-20,109,109,1678.6000000000001,0.0,0,0
SKU-00013,21,2024-05-27,127,127,1955.8,0.0,1,4
SKU-00013,22,2024-06-03,134,134,2063.6,0.0,0,0
SKU-00013,23,2024-06-10,99,98,1509.2,15.4,0,0
SKU-00013,24,2024-06-17,132,132,2032.8,0.0,0,0
SKU-00013,25,2024-06-24,121,119,1832.6000000000001,30.8,0,0
SKU-00013,26,2024-07-01,118,118,1817.2,0.0,0,0
SKU-00013,27,2024-07-08,132,132,2032.8,0.0,0,0
SKU-00013,28,2024-07-15,138,138,2125.2000000000003,0.0,0,0
SKU-00013,29,2024-07-22,116,116,1786.4,0.0,0,0
SKU-00013,30,2024-07-29,144,144,2217.6,0.0,0,0
SKU-00013,31,2024-08-05,148,144,2217.6,61.6,0,0
SKU-00013,32,2024-08-12,142,68,1047.2,1139.6000000000001,0,0
SKU-00013,33,2024-08-19,144,123,1894.2,323.40000000000003,0,0
SKU-00013,34,2024-08-26,163,114,1755.6000000000001,754.6,0,0
SKU-00013,35,2024-09-02,152,152,2340.8,0.0,0,0
SKU-00013,36,2024-09-09,177,177,2725.8,0.0,0,0
SKU-00013,37,2024-09-16,167,151,2325.4,246.4,0,0
SKU-00013,38,2024-09-23,177,141,2171.4,554.4,0,0
SKU-00013,39,2024-09-30,176,99,1524.6000000000001,1185.8,0,0
SKU-00013,40,2024-10-07,175,108,1663.2,1031.8,0,0
SKU-00013,41,2024-10-14,195,195,3003.0,0.0,0,0
SKU-00013,42,2024-10-21,196,146,2248.4,770.0,0,0
SKU-00013,43,2024-10-28,193,178,2741.2000000000003,231.0,0,0
SKU-00013,44,2024-11-04,229,141,2171.4,1355.2,0,0
SKU-00013,45,2024-11-11,230,190,2926.0,616.0,0,0
SKU-00013,46,2024-11-18,232,163,2510.2000000000003,1062.6000000000001,0,0
SKU-00013,47,2024-11-25,247,139,2140.6,1663.2,0,0
SKU-00013,48,2024-12-02,237,186,2864.4,785.4,0,0
SKU-00013,49,2024-12-09,228,125,1925.0,1586.2,0,0
SKU-00013,50,2024-12-16,220,203,3126.2000000000003,261.8,0,0
SKU-00013,51,2024-12-23,199,199,3064.6,0.0,0,0
SKU-00013,52,2024-12-30,190,190,2926.0,0.0,0,0
SKU-00013,53,2025-01-06,194,187,2879.8,107.8,0,0
SKU-00013,54,2025-01-13,231,127,1955.8,1601.6000000000001,0,0
SKU-00013,55,2025-01-20,210,203,3126.2000000000003,107.8,0,0
SKU-00013,56,2025-01-27,186,80,1232.0,1632.4,0,0
SKU-00013,57,2025-02-03,289,278,4281.2,169.4,1,7
SKU-00013,58,2025-02-10,192,97,1493.8,1463.0,0,0
SKU-00013,59,2025-02-17,171,171,2633.4,0.0,0,0
SKU-00013,60,2025-02-24,168,168,2587.2000000000003,0.0,0,0
SKU-00013,61,2025-03-03,194,144,2217.6,770.0,0,0
SKU-00013,62,2025-03-10,188,188,2895.2000000000003,0.0,0,0
SKU-00013,63,2025-03-17,175,96,1478.4,1216.6000000000001,0,0
SKU-00013,64,2025-03-24,189,104,1601.6000000000001,1309.0,1,4
SKU-00013,65,2025-03-31,194,193,2972.2000000000003,15.4,1,2
SKU-00013,66,2025-04-07,178,178,2741.2000000000003,0.0,0,0
SKU-00013,67,2025-04-14,149,149,2294.6,0.0,0,0
SKU-00013,68,2025-04-21,149,149,2294.6,0.0,0,0
SKU-00013,69,2025-04-28,145,101,1555.4,677.6,0,0
SKU-00013,70,2025-05-05,138,138,2125.2000000000003,0.0,0,0
SKU-00013,71,2025-05-12,190,190,2926.0,0.0,1,3
SKU-00013,72,2025-05-19,112,112,1724.8,0.0,0,0
SKU-00013,73,2025-05-26,154,154,2371.6,0.0,0,0
SKU-00013,74,2025-06-02,206,94,1447.6000000000001,1724.8,1,5
SKU-00013,75,2025-06-09,153,96,1478.4,877.8000000000001,0,0
SKU-00013,76,2025-06-16,145,145,2233.0,0.0,0,0
SKU-00013,77,2025-06-23,156,140,2156.0,246.4,0,0
SKU-00013,78,2025-06-30,148,101,1555.4,723.8000000000001,0,0
SKU-00013,79,2025-07-07,164,164,2525.6,0.0,0,0
SKU-00013,80,2025-07-14,152,129,1986.6000000000001,354.2,0,0
SKU-00013,81,2025-07-21,169,118,1817.2,785.4,0,0
SKU-00013,82,2025-07-28,188,188,2895.2000000000003,0.0,0,0
SKU-00013,83,2025-08-04,202,100,1540.0,1570.8,0,0
SKU-00013,84,2025-08-11,187,160,2464.0,415.8,0,0
SKU-00013,85,2025-08-18,187,80,1232.0,1647.8,0,0
SKU-00013,86,2025-08-25,195,62,954.8000000000001,2048.2000000000003,0,0
SKU-00013,87,2025-09-01,210,210,3234.0,0.0,0,0
SKU-00013,88,2025-09-08,220,220,3388.0,0.0,0,0
SKU-00013,89,2025-09-15,256,256,3942.4,0.0,0,0
SKU-00013,90,2025-09-22,176,93,1432.2,1278.2,0,0
SKU-00013,91,2025-09-29,233,220,3388.0,200.20000000000002,0,0
SKU-00013,92,2025-10-06,249,225,3465.0,369.6,0,0
SKU-00013,93,2025-10-13,239,223,3434.2000000000003,246.4,0,0
SKU-00013,94,2025-10-20,270,127,1955.8,2202.2000000000003,0,0
SKU-00013,95,2025-10-27,273,237,3649.8,554.4,0,0
SKU-00013,96,2025-11-03,246,117,1801.8,1986.6000000000001,0,0
SKU-00013,97,2025-11-10,262,150,2310.0,1724.8,0,0
SKU-00013,98,2025-11-17,272,123,1894.2,2294.6,0,0
SKU-00013,99,2025-11-24,285,122,1878.8,2510.2000000000003,0,0
SKU-00013,100,2025-12-01,237,158,2433.2000000000003,1216.6000000000001,0,0
SKU-00013,101,2025-12-08,254,254,3911.6,0.0,0,0
SKU-00013,102,2025-12-15,275,131,2017.4,2217.6,1,4
SKU-00013,103,2025-12-22,250,143,2202.2000000000003,1647.8,0,0
SKU-00014,0,2024-01-01,250,250,1300.0,0.0,0,0
SKU-00014,1,2024-01-08,249,249,1294.8,0.0,0,0
SKU-00014,2,2024-01-15,238,238,1237.6000000000001,0.0,0,0
SKU-00014,3,2024-01-22,242,242,1258.4,0.0,0,0
SKU-00014,4,2024-01-29,225,105,546.0,624.0,0,0
SKU-00014,5,2024-02-05,208,147,764.4,317.2,0,0
SKU-00014,6,2024-02-12,199,199,1034.8,0.0,0,0
SKU-00014,7,2024-02-19,209,207,1076.4,10.4,0,0
SKU-00014,8,2024-02-26,176,115,598.0,317.2,0,0
SKU-00014,9,2024-03-04,214,203,1055.6000000000001,57.2,1,4
SKU-00014,10,2024-03-11,214,191,993.2,119.60000000000001,1,3
SKU-00014,11,2024-03-18,182,172,894.4,52.0,0,0
SKU-00014,12,2024-03-25,189,189,982.8000000000001,0.0,0,0
SKU-00014,13,2024-04-01,170,168,873.6,10.4,0,0
SKU-00014,14,2024-04-08,186,121,629.2,338.0,0,0
SKU-00014,15,2024-04-15,170,123,639.6,244.4,0,0
SKU-00014,16,2024-04-22,178,178,925.6,0.0,0,0
SKU-00014,17,2024-04-29,187,187,972.4,0.0,0,0
SKU-00014,18,2024-05-06,191,191,993.2,0.0,0,0
SKU-00014,19,2024-05-13,189,189,982.8000000000001,0.0,0,0
SKU-00014,20,2024-05-20,198,198,1029.6000000000001,0.0,0,0
SKU-00014,21,2024-05-27,217,176,915.2,213.20000000000002,0,0
SKU-00014,22,2024-06-03,212,176,915.2,187.20000000000002,0,0
SKU-00014,23,2024-06-10,245,201,1045.2,228.8,0,0
SKU-00014,24,2024-06-17,256,158,821.6,509.6,0,0
SKU-00014,25,2024-06-24,247,176,915.2,369.2,0,0
SKU-00014,26,2024-07-01,254,245,1274.0,46.800000000000004,0,0
SKU-00014,27,2024-07-08,493,385,2002.0,561.6,1,6
SKU-00014,28,2024-07-15,284,251,1305.2,171.6,0,0
SKU-00014,29,2024-07-22,301,108,561.6,1003.6,0,0
SKU-00014,30,2024-07-29,306,236,1227.2,364.0,0,0
SKU-00014,31,2024-08-05,342,342,1778.4,0.0,0,0
SKU-00014,32,2024-08-12,328,279,1450.8,254.8,0,0
SKU-00014,33,2024-08-19,367,190,988.0,920.4,0,0
SKU-00014,34,2024-08-26,355,189,982.8000000000001,863.2,0,0
SKU-00014,35,2024-09-02,355,271,1409.2,436.8,0,0
SKU-00014,36,2024-09-09,384,384,1996.8000000000002,0.0,0,0
SKU-00014,37,2024-09-16,435,139,722.8000000000001,1539.2,1,1
SKU-00014,38,2024-09-23,595,108,561.6,2532.4,1,6
SKU-00014,39,2024-09-30,394,346,1799.2,249.60000000000002,0,0
SKU-00014,40,2024-10-07,394,355,1846.0,202.8,0,0
SKU-00014,41,2024-10-14,389,312,1622.4,400.40000000000003,0,0
SKU-00014,42,2024-10-21,369,95,494.0,1424.8,0,0
SKU-00014,43,2024-10-28,368,181,941.2,972.4,0,0
SKU-00014,44,2024-11-04,399,399,2074.8,0.0,0,0
SKU-00014,45,2024-11-11,347,181,941.2,863.2,0,0
SKU-00014,46,2024-11-18,369,233,1211.6000000000001,707.2,0,0
SKU-00014,47,2024-11-25,377,245,1274.0,686.4,0,0
SKU-00014,48,2024-12-02,350,275,1430.0,390.0,0,0
SKU-00014,49,2024-12-09,574,495,2574.0,410.8,1,7
SKU-00014,50,2024-12-16,344,342,1778.4,10.4,0,0
SKU-00014,51,2024-12-23,310,209,1086.8,525.2,0,0
SKU-00014,52,2024-12-30,334,171,889.2,847.6,0,0
SKU-00014,53,2025-01-06,313,182,946.4,681.2,0,0
SKU-00014,54,2025-01-13,313,120,624.0,1003.6,0,0
SKU-00014,55,2025-01-20,278,188,977.6,468.0,0,0
SKU-00014,56,2025-01-27,287,209,1086.8,405.6,0,0
SKU-00014,57,2025-02-03,270,270,1404.0,0.0,0,0
SKU-00014,58,2025-02-10,273,200,1040.0,379.6,0,0
SKU-00014,59,2025-02-17,242,137,712.4,546.0,0,0
SKU-00014,60,2025-02-24,291,264,1372.8,140.4,1,3
SKU-00014,61,2025-03-03,283,209,1086.8,384.8,1,2
SKU-00014,62,2025-03-10,261,261,1357.2,0.0,1,1
SKU-00014,63,2025-03-17,346,340,1768.0,31.200000000000003,1,4
SKU-00014,64,2025-03-24,343,322,1674.4,109.2,1,5
SKU-00014,65,2025-03-31,259,158,821.6,525.2,1,1
SKU-00014,66,2025-04-07,213,103,535.6,572.0,0,0
SKU-00014,67,2025-04-14,222,131,681.2,473.2,0,0
SKU-00014,68,2025-04-21,236,160,832.0,395.2,0,0
SKU-00014,69,2025-04-28,244,222,1154.4,114.4,0,0
SKU-00014,70,2025-05-05,252,252,1310.4,0.0,0,0
SKU-00014,71,2025-05-12,225,196,1019.2,150.8,0,0
SKU-00014,72,2025-05-19,238,178,925.6,312.0,0,0
SKU-00014,73,2025-05-26,272,272,1414.4,0.0,0,0
SKU-00014,74,2025-06-02,276,276,1435.2,0.0,0,0
SKU-00014,75,2025-06-09,271,231,1201.2,208.0,0,0
SKU-00014,76,2025-06-16,277,234,1216.8,223.6,0,0
SKU-00014,77,2025-06-23,311,294,1528.8,88.4,0,0
SKU-00014,78,2025-06-30,321,216,1123.2,546.0,0,0
SKU-00014,79,2025-07-07,346,244,1268.8,530.4,0,0
SKU-00014,80,2025-07-14,385,324,1684.8,317.2,0,0
SKU-00014,81,2025-07-21,395,372,1934.4,119.60000000000001,0,0
SKU-00014,82,2025-07-28,414,261,1357.2,795.6,0,0
SKU-00014,83,2025-08-04,442,16,83.2,2215.2000000000003,0,0
SKU-00014,84,2025-08-11,440,158,821.6,1466.4,0,0
SKU-00014,85,2025-08-18,423,215,1118.0,1081.6000000000001,0,0
SKU-00014,86,2025-08-25,407,158,821.6,1294.8,0,0
SKU-00014,87,2025-09-01,480,184,956.8000000000001,1539.2,0,0
SKU-00014,88,2025-09-08,448,235,1222.0,1107.6000000000001,0,0
SKU-00014,89,2025-09-15,451,341,1773.2,572.0,0,0
SKU-00014,90,2025-09-22,486,326,1695.2,832.0,0,0
SKU-00014,91,2025-09-29,458,50,260.0,2121.6,0,0
SKU-00014,92,2025-10-06,649,554,2880.8,494.0,1,3
SKU-00014,93,2025-10-13,509,334,1736.8,910.0,0,0
SKU-00014,94,2025-10-20,458,158,821.6,1560.0,0,0
SKU-00014,95,2025-10-27,467,243,1263.6000000000001,1164.8,0,0
SKU-00014,96,2025-11-03,482,328,1705.6000000000001,800.8000000000001,0,0
SKU-00014,97,2025-11-10,471,228,1185.6000000000001,1263.6000000000001,0,0
SKU-00014,98,2025-11-17,427,92,478.40000000000003,1742.0,0,0
SKU-00014,99,2025-11-24,411,391,2033.2,104.0,0,0
SKU-00014,100,2025-12-01,420,297,1544.4,639.6,0,0
SKU-00014,101,2025-12-08,449,80,416.0,1918.8,0,0
SKU-00014,102,2025-12-15,436,177,920.4,1346.8,0,0
SKU-00014,103,2025-12-22,419,162,842.4,1336.4,0,0
SKU-00015,0,2024-01-01,95,95,640.3000000000001,0.0,0,0
SKU-00015,1,2024-01-08,98,98,660.52,0.0,0,0
SKU-00015,2,2024-01-15,89,89,599.86,0.0,0,0
SKU-00015,3,2024-01-22,95,95,640.3000000000001,0.0,0,0
SKU-00015,4,2024-01-29,89,89,599.86,0.0,0,0
SKU-00015,5,2024-02-05,83,83,559.4200000000001,0.0,0,0
SKU-00015,6,2024-02-12,86,75,505.5,74.14,0,0
SKU-00015,7,2024-02-19,87,87,586.38,0.0,0,0
SKU-00015,8,2024-02-26,84,84,566.16,0.0,0,0
SKU-00015,9,2024-03-04,122,111,748.14,74.14,1,7
SKU-00015,10,2024-03-11,88,67,451.58000000000004,141.54,0,0
SKU-00015,11,2024-03-18,80,60,404.40000000000003,134.8,0,0
SKU-00015,12,2024-03-25,81,81,545.94,0.0,0,0
SKU-00015,13,2024-04-01,73,73,492.02000000000004,0.0,0,0
SKU-00015,14,2024-04-08,71,71,478.54,0.0,0,0
SKU-00015,15,2024-04-15,69,69,465.06,0.0,0,0
SKU-00015,16,2024-04-22,67,67,451.58000000000004,0.0,0,0
SKU-00015,17,2024-04-29,66,66,444.84000000000003,0.0,0,0
SKU-00015,18,2024-05-06,61,59,397.66,13.48,0,0
SKU-00015,19,2024-05-13,62,62,417.88,0.0,0,0
SKU-00015,20,2024-05-20,61,61,411.14,0.0,0,0
SKU-00015,21,2024-05-27,65,65,438.1,0.0,0,0
SKU-00015,22,2024-06-03,59,59,397.66,0.0,0,0
SKU-00015,23,2024-06-10,49,49,330.26,0.0,0,0
SKU-00015,24,2024-06-17,58,58,390.92,0.0,0,0
SKU-00015,25,2024-06-24,57,57,384.18,0.0,0,0
SKU-00015,26,2024-07-01,50,50,337.0,0.0,0,0
SKU-00015,27,2024-07-08,47,47,316.78000000000003,0.0,0,0
SKU-00015,28,2024-07-15,58,58,390.92,0.0,0,0
SKU-00015,29,2024-07-22,58,58,390.92,0.0,0,0
SKU-00015,30,2024-07-29,57,57,384.18,0.0,0,0
SKU-00015,31,2024-08-05,48,48,323.52,0.0,0,0
SKU-00015,32,2024-08-12,59,59,397.66,0.0,0,0
SKU-00015,33,2024-08-19,83,83,559.4200000000001,0.0,1,4
SKU-00015,34,2024-08-26,90,90,606.6,0.0,1,3
SKU-00015,35,2024-09-02,62,62,417.88,0.0,0,0
SKU-00015,36,2024-09-09,63,63,424.62,0.0,0,0
SKU-00015,37,2024-09-16,74,74,498.76,0.0,0,0
SKU-00015,38,2024-09-23,77,77,518.98,0.0,0,0
SKU-00015,39,2024-09-30,77,77,518.98,0.0,0,0
SKU-00015,40,2024-10-07,86,86,579.64,0.0,0,0
SKU-00015,41,2024-10-14,78,59,397.66,128.06,0,0
SKU-00015,42,2024-10-21,88,77,518.98,74.14,0,0
SKU-00015,43,2024-10-28,96,96,647.04,0.0,0,0
SKU-00015,44,2024-11-04,91,91,613.34,0.0,0,0
SKU-00015,45,2024-11-11,92,92,620.08,0.0,0,0
SKU-00015,46,2024-11-18,96,86,579.64,67.4,0,0
SKU-00015,47,2024-11-25,95,65,438.1,202.20000000000002,0,0
SKU-00015,48,2024-12-02,93,63,424.62,202.20000000000002,0,0
SKU-00015,49,2024-12-09,83,83,559.4200000000001,0.0,0,0
SKU-00015,50,2024-12-16,92,69,465.06,155.02,0,0
SKU-00015,51,2024-12-23,99,64,431.36,235.9,0,0
SKU-00015,52,2024-12-30,110,110,741.4,0.0,0,0
SKU-00015,53,2025-01-06,86,86,579.64,0.0,0,0
SKU-00015,54,2025-01-13,133,133,896.4200000000001,0.0,1,2
SKU-00015,55,2025-01-20,125,97,653.78,188.72,1,2
SKU-00015,56,2025-01-27,91,87,586.38,26.96,0,0
SKU-00015,57,2025-02-03,92,53,357.22,262.86,0,0
SKU-00015,58,2025-02-10,98,66,444.84000000000003,215.68,0,0
SKU-00015,59,2025-02-17,97,92,620.08,33.7,0,0
SKU-00015,60,2025-02-24,101,90,606.6,74.14,0,0
SKU-00015,61,2025-03-03,94,94,633.5600000000001,0.0,0,0
SKU-00015,62,2025-03-10,88,84,566.16,26.96,0,0
SKU-00015,63,2025-03-17,76,76,512.24,0.0,0,0
SKU-00015,64,2025-03-24,86,86,579.64,0.0,0,0
SKU-00015,65,2025-03-31,88,88,593.12,0.0,1,3
SKU-00015,66,2025-04-07,87,87,586.38,0.0,1,1
SKU-00015,67,2025-04-14,65,60,404.40000000000003,33.7,0,0
SKU-00015,68,2025-04-21,78,67,451.58000000000004,74.14,0,0
SKU-00015,69,2025-04-28,71,71,478.54,0.0,0,0
SKU-00015,70,2025-05-05,66,66,444.84000000000003,0.0,0,0
SKU-00015,71,2025-05-12,67,67,451.58000000000004,0.0,0,0
SKU-00015,72,2025-05-19,63,63,424.62,0.0,0,0
SKU-00015,73,2025-05-26,56,56,377.44,0.0,0,0
SKU-00015,74,2025-06-02,63,63,424.62,0.0,0,0
SKU-00015,75,2025-06-09,61,61,411.14,0.0,0,0
SKU-00015,76,2025-06-16,60,60,404.40000000000003,0.0,0,0
SKU-00015,77,2025-06-23,55,55,370.7,0.0,0,0
SKU-00015,78,2025-06-30,79,79,532.46,0.0,1,5
SKU-00015,79,2025-07-07,54,54,363.96000000000004,0.0,0,0
SKU-00015,80,2025-07-14,58,35,235.9,155.02,0,0
SKU-00015,81,2025-07-21,58,36,242.64000000000001,148.28,0,0
SKU-00015,82,2025-07-28,62,46,310.04,107.84,0,0
SKU-00015,83,2025-08-04,59,59,397.66,0.0,0,0
SKU-00015,84,2025-08-11,73,73,492.02000000000004,0.0,1,2
SKU-00015,85,2025-08-18,75,75,505.5,0.0,1,1
SKU-00015,86,2025-08-25,85,85,572.9,0.0,1,3
SKU-00015,87,2025-09-01,71,71,478.54,0.0,0,0
SKU-00015,88,2025-09-08,87,87,586.38,0.0,1,5
SKU-00015,89,2025-09-15,77,77,518.98,0.0,0,0
SKU-00015,90,2025-09-22,72,72,485.28000000000003,0.0,0,0
SKU-00015,91,2025-09-29,74,72,485.28000000000003,13.48,0,0
SKU-00015,92,2025-10-06,87,67,451.58000000000004,134.8,0,0
SKU-00015,93,2025-10-13,82,71,478.54,74.14,0,0
SKU-00015,94,2025-10-20,86,86,579.64,0.0,0,0
SKU-00015,95,2025-10-27,91,91,613.34,0.0,0,0
SKU-00015,96,2025-11-03,93,93,626.82,0.0,0,0
SKU-00015,97,2025-11-10,99,99,667.26,0.0,0,0
SKU-00015,98,2025-11-17,99,99,667.26,0.0,0,0
SKU-00015,99,2025-11-24,88,88,593.12,0.0,0,0
SKU-00015,100,2025-12-01,102,102,687.48,0.0,0,0
SKU-00015,101,2025-12-08,109,101,680.74,53.92,0,0
SKU-00015,102,2025-12-15,102,102,687.48,0.0,0,0
SKU-00015,103,2025-12-22,107,92,620.08,101.10000000000001,0,0
SKU-00016,0,2024-01-01,47,47,4387.92,0.0,0,0
SKU-00016,1,2024-01-08,47,47,4387.92,0.0,0,0
SKU-00016,2,2024-01-15,50,50,4668.0,0.0,1,6
SKU-00016,3,2024-01-22,50,50,4668.0,0.0,0,0
SKU-00016,4,2024-01-29,43,43,4014.48,0.0,0,0
SKU-00016,5,2024-02-05,50,50,4668.0,0.0,1,3
SKU-00016,6,2024-02-12,54,53,4948.08,93.36,1,2
SKU-00016,7,2024-02-19,47,31,2894.16,1493.76,0,0
SKU-00016,8,2024-02-26,37,37,3454.32,0.0,0,0
SKU-00016,9,2024-03-04,57,57,5321.5199999999995,0.0,1,6
SKU-00016,10,2024-03-11,47,47,4387.92,0.0,0,0
SKU-00016,11,2024-03-18,44,44,4107.84,0.0,0,0
SKU-00016,12,2024-03-25,39,39,3641.04,0.0,0,0
SKU-00016,13,2024-04-01,46,45,4201.2,93.36,0,0
SKU-00016,14,2024-04-08,46,43,4014.48,280.08,1,4
SKU-00016,15,2024-04-15,43,43,4014.48,0.0,1,2
SKU-00016,16,2024-04-22,49,49,4574.64,0.0,0,0
SKU-00016,17,2024-04-29,38,38,3547.68,0.0,0,0
SKU-00016,18,2024-05-06,44,44,4107.84,0.0,0,0
SKU-00016,19,2024-05-13,52,46,4294.56,560.16,1,5
SKU-00016,20,2024-05-20,29,21,1960.56,746.88,0,0
SKU-00016,21,2024-05-27,39,39,3641.04,0.0,0,0
SKU-00016,22,2024-06-03,44,40,3734.4,373.44,0,0
SKU-00016,23,2024-06-10,38,33,3080.88,466.8,0,0
SKU-00016,24,2024-06-17,33,33,3080.88,0.0,0,0
SKU-00016,25,2024-06-24,41,41,3827.7599999999998,0.0,0,0
SKU-00016,26,2024-07-01,37,37,3454.32,0.0,0,0
SKU-00016,27,2024-07-08,38,38,3547.68,0.0,0,0
SKU-00016,28,2024-07-15,57,52,4854.72,466.8,1,6
SKU-00016,29,2024-07-22,53,46,4294.56,653.52,1,1
SKU-00016,30,2024-07-29,33,27,2520.72,560.16,0,0
SKU-00016,31,2024-08-05,38,32,2987.52,560.16,0,0
SKU-00016,32,2024-08-12,38,38,3547.68,0.0,0,0
SKU-00016,33,2024-08-19,46,46,4294.56,0.0,0,0
SKU-00016,34,2024-08-26,32,32,2987.52,0.0,0,0
SKU-00016,35,2024-09-02,41,41,3827.7599999999998,0.0,0,0
SKU-00016,36,2024-09-09,46,46,4294.56,0.0,0,0
SKU-00016,37,2024-09-16,45,45,4201.2,0.0,0,0
SKU-00016,38,2024-09-23,37,37,3454.32,0.0,0,0
SKU-00016,39,2024-09-30,32,30,2800.8,186.72,0,0
SKU-00016,40,2024-10-07,40,34,3174.24,560.16,0,0
SKU-00016,41,2024-10-14,40,40,3734.4,0.0,0,0
SKU-00016,42,2024-10-21,46,46,4294.56,0.0,0,0
SKU-00016,43,2024-10-28,47,47,4387.92,0.0,0,0
SKU-00016,44,2024-11-04,43,43,4014.48,0.0,0,0
SKU-00016,45,2024-11-11,41,41,3827.7599999999998,0.0,0,0
SKU-00016,46,2024-11-18,49,49,4574.64,0.0,0,0
SKU-00016,47,2024-11-25,39,39,3641.04,0.0,0,0
SKU-00016,48,2024-12-02,38,35,3267.6,280.08,0,0
SKU-00016,49,2024-12-09,46,39,3641.04,653.52,0,0
SKU-00016,50,2024-12-16,47,47,4387.92,0.0,0,0
SKU-00016,51,2024-12-23,43,31,2894.16,1120.32,0,0
SKU-00016,52,2024-12-30,38,26,2427.36,1120.32,0,0
SKU-00016,53,2025-01-06,40,37,3454.32,280.08,0,0
SKU-00016,54,2025-01-13,40,31,2894.16,840.24,0,0
SKU-00016,55,2025-01-20,40,40,3734.4,0.0,0,0
SKU-00016,56,2025-01-27,43,43,4014.48,0.0,0,0
SKU-00016,57,2025-02-03,48,48,4481.28,0.0,1,3
SKU-00016,58,2025-02-10,43,38,3547.68,466.8,0,0
SKU-00016,59,2025-02-17,40,40,3734.4,0.0,0,0
SKU-00016,60,2025-02-24,36,36,3360.96,0.0,0,0
SKU-00016,61,2025-03-03,41,41,3827.7599999999998,0.0,0,0
SKU-00016,62,2025-03-10,41,41,3827.7599999999998,0.0,1,2
SKU-00016,63,2025-03-17,41,41,3827.7599999999998,0.0,1,1
SKU-00016,64,2025-03-24,43,43,4014.48,0.0,0,0
SKU-00016,65,2025-03-31,35,33,3080.88,186.72,0,0
SKU-00016,66,2025-04-07,33,33,3080.88,0.0,0,0
SKU-00016,67,2025-04-14,33,33,3080.88,0.0,0,0
SKU-00016,68,2025-04-21,39,39,3641.04,0.0,0,0
SKU-00016,69,2025-04-28,33,25,2334.0,746.88,0,0
SKU-00016,70,2025-05-05,36,26,2427.36,933.6,0,0
SKU-00016,71,2025-05-12,33,33,3080.88,0.0,0,0
SKU-00016,72,2025-05-19,33,33,3080.88,0.0,0,0
SKU-00016,73,2025-05-26,40,40,3734.4,0.0,0,0
SKU-00016,74,2025-06-02,35,35,3267.6,0.0,0,0
SKU-00016,75,2025-06-09,31,31,2894.16,0.0,0,0
SKU-00016,76,2025-06-16,32,32,2987.52,0.0,0,0
SKU-00016,77,2025-06-23,38,32,2987.52,560.16,0,0
SKU-00016,78,2025-06-30,36,29,2707.44,653.52,0,0
SKU-00016,79,2025-07-07,33,33,3080.88,0.0,0,0
SKU-00016,80,2025-07-14,37,37,3454.32,0.0,0,0
SKU-00016,81,2025-07-21,35,35,3267.6,0.0,0,0
SKU-00016,82,2025-07-28,28,28,2614.08,0.0,0,0
SKU-00016,83,2025-08-04,34,33,3080.88,93.36,0,0
SKU-00016,84,2025-08-11,41,41,3827.7599999999998,0.0,0,0
SKU-00016,85,2025-08-18,30,30,2800.8,0.0,0,0
SKU-00016,86,2025-08-25,32,32,2987.52,0.0,0,0
SKU-00016,87,2025-09-01,25,25,2334.0,0.0,0,0
SKU-00016,88,2025-09-08,29,27,2520.72,186.72,0,0
SKU-00016,89,2025-09-15,34,34,3174.24,0.0,0,0
SKU-00016,90,2025-09-22,34,34,3174.24,0.0,0,0
SKU-00016,91,2025-09-29,31,31,2894.16,0.0,0,0
SKU-00016,92,2025-10-06,34,34,3174.24,0.0,0,0
SKU-00016,93,2025-10-13,35,35,3267.6,0.0,0,0
SKU-00016,94,2025-10-20,35,35,3267.6,0.0,0,0
SKU-00016,95,2025-10-27,32,32,2987.52,0.0,0,0
SKU-00016,96,2025-11-03,35,32,2987.52,280.08,0,0
SKU-00016,97,2025-11-10,31,22,2053.92,840.24,0,0
SKU-00016,98,2025-11-17,32,28,2614.08,373.44,0,0
SKU-00016,99,2025-11-24,40,40,3734.4,0.0,0,0
SKU-00016,100,2025-12-01,41,41,3827.7599999999998,0.0,0,0
SKU-00016,101,2025-12-08,38,38,3547.68,0.0,0,0
SKU-00016,102,2025-12-15,37,28,2614.08,840.24,0,0
SKU-00016,103,2025-12-22,41,26,2427.36,1400.4,0,0
SKU-00017,0,2024-01-01,409,409,24760.86,0.0,0,0
SKU-00017,1,2024-01-08,408,408,24700.32,0.0,0,0
SKU-00017,2,2024-01-15,373,373,22581.42,0.0,0,0
SKU-00017,3,2024-01-22,347,347,21007.38,0.0,0,0
SKU-00017,4,2024-01-29,369,369,22339.26,0.0,0,0
SKU-00017,5,2024-02-05,379,379,22944.66,0.0,0,0
SKU-00017,6,2024-02-12,372,372,22520.88,0.0,0,0
SKU-00017,7,2024-02-19,442,442,26758.68,0.0,1,2
SKU-00017,8,2024-02-26,460,377,22823.579999999998,5024.82,1,3
SKU-00017,9,2024-03-04,438,438,26516.52,0.0,0,0
SKU-00017,10,2024-03-11,396,396,23973.84,0.0,0,0
SKU-00017,11,2024-03-18,456,456,27606.239999999998,0.0,1,1
SKU-00017,12,2024-03-25,495,495,29967.3,0.0,1,4
SKU-00017,13,2024-04-01,435,435,26334.899999999998,0.0,0,0
SKU-00017,14,2024-04-08,348,348,21067.92,0.0,0,0
SKU-00017,15,2024-04-15,361,361,21854.94,0.0,0,0
SKU-00017,16,2024-04-22,361,361,21854.94,0.0,0,0
SKU-00017,17,2024-04-29,372,372,22520.88,0.0,0,0
SKU-00017,18,2024-05-06,313,313,18949.02,0.0,0,0
SKU-00017,19,2024-05-13,331,331,20038.739999999998,0.0,0,0
SKU-00017,20,2024-05-20,333,333,20159.82,0.0,0,0
SKU-00017,21,2024-05-27,344,344,20825.76,0.0,0,0
SKU-00017,22,2024-06-03,355,355,21491.7,0.0,0,0
SKU-00017,23,2024-06-10,335,111,6719.94,13560.96,0,0
SKU-00017,24,2024-06-17,357,199,12047.46,9565.32,0,0
SKU-00017,25,2024-06-24,301,301,18222.54,0.0,0,0
SKU-00017,26,2024-07-01,282,282,17072.28,0.0,0,0
SKU-00017,27,2024-07-08,338,338,20462.52,0.0,0,0
SKU-00017,28,2024-07-15,325,325,19675.5,0.0,0,0
SKU-00017,29,2024-07-22,375,375,22702.5,0.0,0,0
SKU-00017,30,2024-07-29,330,330,19978.2,0.0,0,0
SKU-00017,31,2024-08-05,405,405,24518.7,0.0,1,3
SKU-00017,32,2024-08-12,341,341,20644.14,0.0,1,1
SKU-00017,33,2024-08-19,331,112,6780.48,13258.26,0,0
SKU-00017,34,2024-08-26,484,430,26032.2,3269.16,1,6
SKU-00017,35,2024-09-02,377,377,22823.579999999998,0.0,0,0
SKU-00017,36,2024-09-09,345,304,18404.16,2482.14,0,0
SKU-00017,37,2024-09-16,335,335,20280.9,0.0,0,0
SKU-00017,38,2024-09-23,404,404,24458.16,0.0,0,0
SKU-00017,39,2024-09-30,344,344,20825.76,0.0,0,0
SKU-00017,40,2024-10-07,378,378,22884.12,0.0,0,0
SKU-00017,41,2024-10-14,374,374,22641.96,0.0,0,0
SKU-00017,42,2024-10-21,376,1,60.54,22702.5,0,0
SKU-00017,43,2024-10-28,392,125,7567.5,16164.18,0,0
SKU-00017,44,2024-11-04,408,408,24700.32,0.0,0,0
SKU-00017,45,2024-11-11,352,352,21310.079999999998,0.0,0,0
SKU-00017,46,2024-11-18,369,369,22339.26,0.0,0,0
SKU-00017,47,2024-11-25,388,388,23489.52,0.0,0,0
SKU-00017,48,2024-12-02,439,439,26577.06,0.0,0,0
SKU-00017,49,2024-12-09,376,376,22763.04,0.0,0,0
SKU-00017,50,2024-12-16,452,452,27364.079999999998,0.0,0,0
SKU-00017,51,2024-12-23,483,483,29240.82,0.0,0,0
SKU-00017,52,2024-12-30,401,401,24276.54,0.0,0,0
SKU-00017,53,2025-01-06,424,424,25668.96,0.0,0,0
SKU-00017,54,2025-01-13,374,374,22641.96,0.0,0,0
SKU-00017,55,2025-01-20,414,414,25063.56,0.0,0,0
SKU-00017,56,2025-01-27,417,417,25245.18,0.0,0,0
SKU-00017,57,2025-02-03,411,320,19372.8,5509.14,0,0
SKU-00017,58,2025-02-10,396,396,23973.84,0.0,0,0
SKU-00017,59,2025-02-17,427,336,20341.44,5509.14,0,0
SKU-00017,60,2025-02-24,386,386,23368.44,0.0,0,0
SKU-00017,61,2025-03-03,363,363,21976.02,0.0,0,0
SKU-00017,62,2025-03-10,386,386,23368.44,0.0,0,0
SKU-00017,63,2025-03-17,370,370,22399.8,0.0,0,0
SKU-00017,64,2025-03-24,312,312,18888.48,0.0,0,0
SKU-00017,65,2025-03-31,451,363,21976.02,5327.5199999999995,0,0
SKU-00017,66,2025-04-07,857,857,51882.78,0.0,0,0
SKU-00017,67,2025-04-14,902,643,38927.22,15679.86,0,0
SKU-00017,68,2025-04-21,325,325,19675.5,0.0,0,0
SKU-00017,69,2025-04-28,360,360,21794.4,0.0,0,0
SKU-00017,70,2025-05-05,339,339,20523.06,0.0,0,0
SKU-00017,71,2025-05-12,336,336,20341.44,0.0,0,0
SKU-00017,72,2025-05-19,319,319,19312.26,0.0,0,0
SKU-00017,73,2025-05-26,333,333,20159.82,0.0,0,0
SKU-00017,74,2025-06-02,387,387,23428.98,0.0,0,0
SKU-00017,75,2025-06-09,296,296,17919.84,0.0,0,0
SKU-00017,76,2025-06-16,341,341,20644.14,0.0,0,0
SKU-00017,77,2025-06-23,335,335,20280.9,0.0,0,0
SKU-00017,78,2025-06-30,322,322,19493.88,0.0,0,0
SKU-00017,79,2025-07-07,364,175,10594.5,11442.06,0,0
SKU-00017,80,2025-07-14,365,365,22097.1,0.0,1,3
SKU-00017,81,2025-07-21,345,345,20886.3,0.0,0,0
SKU-00017,82,2025-07-28,311,311,18827.94,0.0,0,0
SKU-00017,83,2025-08-04,354,354,21431.16,0.0,0,0
SKU-00017,84,2025-08-11,318,318,19251.72,0.0,0,0
SKU-00017,85,2025-08-18,363,363,21976.02,0.0,0,0
SKU-00017,86,2025-08-25,355,355,21491.7,0.0,0,0
SKU-00017,87,2025-09-01,378,378,22884.12,0.0,0,0
SKU-00017,88,2025-09-08,448,315,19070.1,8051.82,1,5
SKU-00017,89,2025-09-15,485,485,29361.899999999998,0.0,1,4
SKU-00017,90,2025-09-22,348,348,21067.92,0.0,0,0
SKU-00017,91,2025-09-29,429,429,25971.66,0.0,0,0
SKU-00017,92,2025-10-06,400,400,24216.0,0.0,0,0
SKU-00017,93,2025-10-13,376,162,9807.48,12955.56,0,0
SKU-00017,94,2025-10-20,259,40,2421.6,13258.26,0,0
SKU-00017,95,2025-10-27,442,442,26758.68,0.0,0,0
SKU-00017,96,2025-11-03,392,392,23731.68,0.0,0,0
SKU-00017,97,2025-11-10,397,397,24034.38,0.0,0,0
SKU-00017,98,2025-11-17,585,585,35415.9,0.0,1,5
SKU-00017,99,2025-11-24,412,412,24942.48,0.0,1,1
SKU-00017,100,2025-12-01,380,74,4479.96,18525.239999999998,0,0
SKU-00017,101,2025-12-08,373,272,16466.88,6114.54,0,0
SKU-00017,102,2025-12-15,397,397,24034.38,0.0,0,0
SKU-00017,103,2025-12-22,421,421,25487.34,0.0,0,0
SKU-00018,0,2024-01-01,50,50,515.0,0.0,0,0
SKU-00018,1,2024-01-08,50,50,515.0,0.0,0,0
SKU-00018,2,2024-01-15,46,46,473.8,0.0,0,0
SKU-00018,3,2024-01-22,61,61,628.3000000000001,0.0,0,0
SKU-00018,4,2024-01-29,55,54,556.2,10.3,0,0
SKU-00018,5,2024-02-05,56,48,494.40000000000003,82.4,0,0
SKU-00018,6,2024-02-12,53,39,401.70000000000005,144.20000000000002,0,0
SKU-00018,7,2024-02-19,54,54,556.2,0.0,0,0
SKU-00018,8,2024-02-26,47,47,484.1,0.0,0,0
SKU-00018,9,2024-03-04,53,53,545.9000000000001,0.0,0,0
SKU-00018,10,2024-03-11,65,47,484.1,185.4,1,3
SKU-00018,11,2024-03-18,61,39,401.70000000000005,226.60000000000002,0,0
SKU-00018,12,2024-03-25,55,41,422.3,144.20000000000002,0,0
SKU-00018,13,2024-04-01,47,37,381.1,103.0,0,0
SKU-00018,14,2024-04-08,62,56,576.8000000000001,61.800000000000004,0,0
SKU-00018,15,2024-04-15,67,48,494.40000000000003,195.70000000000002,0,0
SKU-00018,16,2024-04-22,60,60,618.0,0.0,0,0
SKU-00018,17,2024-04-29,64,51,525.3000000000001,133.9,0,0
SKU-00018,18,2024-05-06,57,9,92.7,494.40000000000003,0,0
SKU-00018,19,2024-05-13,66,26,267.8,412.0,0,0
SKU-00018,20,2024-05-20,67,30,309.0,381.1,0,0
SKU-00018,21,2024-05-27,71,68,700.4000000000001,30.900000000000002,0,0
SKU-00018,22,2024-06-03,75,66,679.8000000000001,92.7,0,0
SKU-00018,23,2024-06-10,88,85,875.5000000000001,30.900000000000002,1,4
SKU-00018,24,2024-06-17,78,60,618.0,185.4,0,0
SKU-00018,25,2024-06-24,90,75,772.5,154.5,0,0
SKU-00018,26,2024-07-01,81,58,597.4000000000001,236.9,0,0
SKU-00018,27,2024-07-08,79,79,813.7,0.0,0,0
SKU-00018,28,2024-07-15,89,77,793.1,123.60000000000001,0,0
SKU-00018,29,2024-07-22,86,82,844.6,41.2,0,0
SKU-00018,30,2024-07-29,76,53,545.9000000000001,236.9,0,0
SKU-00018,31,2024-08-05,83,80,824.0,30.900000000000002,0,0
SKU-00018,32,2024-08-12,88,72,741.6,164.8,1,4
SKU-00018,33,2024-08-19,79,74,762.2,51.5,0,0
SKU-00018,34,2024-08-26,81,57,587.1,247.20000000000002,0,0
SKU-00018,35,2024-09-02,76,42,432.6,350.20000000000005,0,0
SKU-00018,36,2024-09-09,81,30,309.0,525.3000000000001,0,0
SKU-00018,37,2024-09-16,84,80,824.0,41.2,0,0
SKU-00018,38,2024-09-23,81,69,710.7,123.60000000000001,0,0
SKU-00018,39,2024-09-30,83,52,535.6,319.3,0,0
SKU-00018,40,2024-10-07,70,44,453.20000000000005,267.8,0,0
SKU-00018,41,2024-10-14,77,65,669.5,123.60000000000001,0,0
SKU-00018,42,2024-10-21,89,88,906.4000000000001,10.3,0,0
SKU-00018,43,2024-10-28,65,44,453.20000000000005,216.3,0,0
SKU-00018,44,2024-11-04,84,26,267.8,597.4000000000001,0,0
SKU-00018,45,2024-11-11,70,60,618.0,103.0,0,0
SKU-00018,46,2024-11-18,99,99,1019.7,0.0,1,3
SKU-00018,47,2024-11-25,90,90,927.0000000000001,0.0,1,3
SKU-00018,48,2024-12-02,67,47,484.1,206.0,0,0
SKU-00018,49,2024-12-09,60,27,278.1,339.90000000000003,0,0
SKU-00018,50,2024-12-16,67,64,659.2,30.900000000000002,0,0
SKU-00018,51,2024-12-23,61,61,628.3000000000001,0.0,0,0
SKU-00018,52,2024-12-30,74,63,648.9000000000001,113.30000000000001,0,0
SKU-00018,53,2025-01-06,66,66,679.8000000000001,0.0,0,0
SKU-00018,54,2025-01-13,63,60,618.0,30.900000000000002,0,0
SKU-00018,55,2025-01-20,57,40,412.0,175.10000000000002,0,0
SKU-00018,56,2025-01-27,61,45,463.50000000000006,164.8,0,0
SKU-00018,57,2025-02-03,115,115,1184.5,0.0,1,6
SKU-00018,58,2025-02-10,57,49,504.70000000000005,82.4,0,0
SKU-00018,59,2025-02-17,68,50,515.0,185.4,0,0
SKU-00018,60,2025-02-24,66,45,463.50000000000006,216.3,0,0
SKU-00018,61,2025-03-03,60,41,422.3,195.70000000000002,0,0
SKU-00018,62,2025-03-10,64,44,453.20000000000005,206.0,0,0
SKU-00018,63,2025-03-17,67,61,628.3000000000001,61.800000000000004,0,0
SKU-00018,64,2025-03-24,77,77,793.1,0.0,0,0
SKU-00018,65,2025-03-31,65,63,648.9000000000001,20.6,0,0
SKU-00018,66,2025-04-07,70,35,360.5,360.5,0,0
SKU-00018,67,2025-04-14,71,57,587.1,144.20000000000002,0,0
SKU-00018,68,2025-04-21,80,78,803.4000000000001,20.6,0,0
SKU-00018,69,2025-04-28,62,39,401.70000000000005,236.9,0,0
SKU-00018,70,2025-05-05,67,55,566.5,123.60000000000001,0,0
SKU-00018,71,2025-05-12,76,52,535.6,247.20000000000002,0,0
SKU-00018,72,2025-05-19,96,56,576.8000000000001,412.0,1,3
SKU-00018,73,2025-05-26,72,46,473.8,267.8,0,0
SKU-00018,74,2025-06-02,74,39,401.70000000000005,360.5,0,0
SKU-00018,75,2025-06-09,72,56,576.8000000000001,164.8,0,0
SKU-00018,76,2025-06-16,86,86,885.8000000000001,0.0,0,0
SKU-00018,77,2025-06-23,89,51,525.3000000000001,391.40000000000003,0,0
SKU-00018,78,2025-06-30,98,41,422.3,587.1,0,0
SKU-00018,79,2025-07-07,104,63,648.9000000000001,422.3,0,0
SKU-00018,80,2025-07-14,95,74,762.2,216.3,0,0
SKU-00018,81,2025-07-21,89,65,669.5,247.20000000000002,0,0
SKU-00018,82,2025-07-28,99,62,638.6,381.1,0,0
SKU-00018,83,2025-08-04,86,30,309.0,576.8000000000001,0,0
SKU-00018,84,2025-08-11,92,63,648.9000000000001,298.70000000000005,0,0
SKU-00018,85,2025-08-18,98,93,957.9000000000001,51.5,0,0
SKU-00018,86,2025-08-25,141,126,1297.8000000000002,154.5,1,4
SKU-00018,87,2025-09-01,83,53,545.9000000000001,309.0,0,0
SKU-00018,88,2025-09-08,89,58,597.4000000000001,319.3,0,0
SKU-00018,89,2025-09-15,102,48,494.40000000000003,556.2,0,0
SKU-00018,90,2025-09-22,83,71,731.3000000000001,123.60000000000001,0,0
SKU-00018,91,2025-09-29,88,63,648.9000000000001,257.5,0,0
SKU-00018,92,2025-10-06,93,43,442.90000000000003,515.0,0,0
SKU-00018,93,2025-10-13,105,39,401.70000000000005,679.8000000000001,0,0
SKU-00018,94,2025-10-20,100,60,618.0,412.0,0,0
SKU-00018,95,2025-10-27,83,71,731.3000000000001,123.60000000000001,0,0
SKU-00018,96,2025-11-03,97,97,999.1,0.0,0,0
SKU-00018,97,2025-11-10,91,85,875.5000000000001,61.800000000000004,0,0
SKU-00018,98,2025-11-17,86,33,339.90000000000003,545.9000000000001,0,0
SKU-00018,99,2025-11-24,91,44,453.20000000000005,484.1,0,0
SKU-00018,100,2025-12-01,79,75,772.5,41.2,0,0
SKU-00018,101,2025-12-08,83,83,854.9000000000001,0.0,0,0
SKU-00018,102,2025-12-15,74,68,700.4000000000001,61.800000000000004,0,0
SKU-00018,103,2025-12-22,75,42,432.6,339.90000000000003,0,0
SKU-00019,0,2024-01-01,105,105,1231.65,0.0,0,0
SKU-00019,1,2024-01-08,105,105,1231.65,0.0,0,0
SKU-00019,2,2024-01-15,96,96,1126.08,0.0,0,0
SKU-00019,3,2024-01-22,112,112,1313.76,0.0,0,0
SKU-00019,4,2024-01-29,102,102,1196.46,0.0,0,0
SKU-00019,5,2024-02-05,112,112,1313.76,0.0,0,0
SKU-00019,6,2024-02-12,92,92,1079.16,0.0,0,0
SKU-00019,7,2024-02-19,110,86,1008.7800000000001,281.52,0,0
SKU-00019,8,2024-02-26,82,82,961.86,0.0,0,0
SKU-00019,9,2024-03-04,109,109,1278.57,0.0,0,0
SKU-00019,10,2024-03-11,89,89,1043.97,0.0,0,0
SKU-00019,11,2024-03-18,94,94,1102.6200000000001,0.0,0,0
SKU-00019,12,2024-03-25,90,90,1055.7,0.0,0,0
SKU-00019,13,2024-04-01,93,93,1090.89,0.0,0,0
SKU-00019,14,2024-04-08,87,87,1020.51,0.0,0,0
SKU-00019,15,2024-04-15,90,12,140.76,914.94,0,0
SKU-00019,16,2024-04-22,79,0,0.0,926.6700000000001,0,0
SKU-00019,17,2024-04-29,77,32,375.36,527.85,0,0
SKU-00019,18,2024-05-06,96,96,1126.08,0.0,0,0
SKU-00019,19,2024-05-13,68,68,797.64,0.0,0,0
SKU-00019,20,2024-05-20,81,81,950.13,0.0,0,0
SKU-00019,21,2024-05-27,116,116,1360.68,0.0,1,4
SKU-00019,22,2024-06-03,117,117,1372.41,0.0,1,3
SKU-00019,23,2024-06-10,84,84,985.32,0.0,0,0
SKU-00019,24,2024-06-17,95,95,1114.3500000000001,0.0,0,0
SKU-00019,25,2024-06-24,116,92,1079.16,281.52,1,3
SKU-00019,26,2024-07-01,81,81,950.13,0.0,0,0
SKU-00019,27,2024-07-08,105,105,1231.65,0.0,0,0
SKU-00019,28,2024-07-15,82,65,762.45,199.41,0,0
SKU-00019,29,2024-07-22,105,105,1231.65,0.0,0,0
SKU-00019,30,2024-07-29,89,89,1043.97,0.0,0,0
SKU-00019,31,2024-08-05,114,114,1337.22,0.0,0,0
SKU-00019,32,2024-08-12,116,116,1360.68,0.0,0,0
SKU-00019,33,2024-08-19,94,94,1102.6200000000001,0.0,0,0
SKU-00019,34,2024-08-26,114,114,1337.22,0.0,0,0
SKU-00019,35,2024-09-02,92,92,1079.16,0.0,0,0
SKU-00019,36,2024-09-09,110,48,563.04,727.26,0,0
SKU-00019,37,2024-09-16,108,79,926.6700000000001,340.17,0,0
SKU-00019,38,2024-09-23,117,117,1372.41,0.0,0,0
SKU-00019,39,2024-09-30,131,119,1395.8700000000001,140.76,0,0
SKU-00019,40,2024-10-07,56,56,656.88,0.0,1,2
SKU-00019,41,2024-10-14,64,64,750.72,0.0,1,7
SKU-00019,42,2024-10-21,47,47,551.3100000000001,0.0,1,1
SKU-00019,43,2024-10-28,77,77,903.21,0.0,0,0
SKU-00019,44,2024-11-04,128,128,1501.44,0.0,0,0
SKU-00019,45,2024-11-11,125,125,1466.25,0.0,0,0
SKU-00019,46,2024-11-18,140,74,868.02,774.1800000000001,0,0
SKU-00019,47,2024-11-25,134,0,0.0,1571.8200000000002,0,0
SKU-00019,48,2024-12-02,146,0,0.0,1712.5800000000002,0,0
SKU-00019,49,2024-12-09,133,91,1067.43,492.66,0,0
SKU-00019,50,2024-12-16,138,138,1618.74,0.0,0,0
SKU-00019,51,2024-12-23,128,128,1501.44,0.0,0,0
SKU-00019,52,2024-12-30,124,124,1454.52,0.0,1,1
SKU-00019,53,2025-01-06,140,140,1642.2,0.0,1,3
SKU-00019,54,2025-01-13,155,155,1818.15,0.0,0,0
SKU-00019,55,2025-01-20,115,55,645.15,703.8000000000001,0,0
SKU-00019,56,2025-01-27,124,124,1454.52,0.0,0,0
SKU-00019,57,2025-02-03,94,94,1102.6200000000001,0.0,0,0
SKU-00019,58,2025-02-10,134,134,1571.8200000000002,0.0,0,0
SKU-00019,59,2025-02-17,112,112,1313.76,0.0,0,0
SKU-00019,60,2025-02-24,102,72,844.5600000000001,351.90000000000003,0,0
SKU-00019,61,2025-03-03,102,102,1196.46,0.0,0,0
SKU-00019,62,2025-03-10,102,102,1196.46,0.0,0,0
SKU-00019,63,2025-03-17,94,94,1102.6200000000001,0.0,0,0
SKU-00019,64,2025-03-24,110,110,1290.3,0.0,0,0
SKU-00019,65,2025-03-31,93,91,1067.43,23.46,0,0
SKU-00019,66,2025-04-07,106,28,328.44,914.94,0,0
SKU-00019,67,2025-04-14,99,99,1161.27,0.0,0,0
SKU-00019,68,2025-04-21,97,97,1137.81,0.0,0,0
SKU-00019,69,2025-04-28,85,85,997.0500000000001,0.0,0,0
SKU-00019,70,2025-05-05,98,98,1149.54,0.0,0,0
SKU-00019,71,2025-05-12,109,109,1278.57,0.0,1,3
SKU-00019,72,2025-05-19,106,106,1243.38,0.0,0,0
SKU-00019,73,2025-05-26,79,79,926.6700000000001,0.0,0,0
SKU-00019,74,2025-06-02,87,1,11.73,1008.7800000000001,0,0
SKU-00019,75,2025-06-09,96,0,0.0,1126.08,0,0
SKU-00019,76,2025-06-16,98,66,774.1800000000001,375.36,0,0
SKU-00019,77,2025-06-23,96,96,1126.08,0.0,0,0
SKU-00019,78,2025-06-30,98,98,1149.54,0.0,0,0
SKU-00019,79,2025-07-07,90,90,1055.7,0.0,0,0
SKU-00019,80,2025-07-14,95,95,1114.3500000000001,0.0,0,0
SKU-00019,81,2025-07-21,109,109,1278.57,0.0,0,0
SKU-00019,82,2025-07-28,94,94,1102.6200000000001,0.0,0,0
SKU-00019,83,2025-08-04,111,111,1302.03,0.0,0,0
SKU-00019,84,2025-08-11,111,111,1302.03,0.0,0,0
SKU-00019,85,2025-08-18,116,116,1360.68,0.0,0,0
SKU-00019,86,2025-08-25,125,30,351.90000000000003,1114.3500000000001,0,0
SKU-00019,87,2025-09-01,128,55,645.15,856.2900000000001,0,0
SKU-00019,88,2025-09-08,109,109,1278.57,0.0,0,0
SKU-00019,89,2025-09-15,118,118,1384.14,0.0,0,0
SKU-00019,90,2025-09-22,151,151,1771.23,0.0,0,0
SKU-00019,91,2025-09-29,173,173,2029.29,0.0,1,2
SKU-00019,92,2025-10-06,175,175,2052.75,0.0,1,1
SKU-00019,93,2025-10-13,123,123,1442.79,0.0,0,0
SKU-00019,94,2025-10-20,131,131,1536.63,0.0,0,0
SKU-00019,95,2025-10-27,131,131,1536.63,0.0,0,0
SKU-00019,96,2025-11-03,152,54,633.4200000000001,1149.54,0,0
SKU-00019,97,2025-11-10,162,135,1583.55,316.71000000000004,0,0
SKU-00019,98,2025-11-17,147,147,1724.3100000000002,0.0,0,0
SKU-00019,99,2025-11-24,157,157,1841.6100000000001,0.0,0,0
SKU-00019,100,2025-12-01,130,96,1126.08,398.82,0,0
SKU-00019,101,2025-12-08,224,0,0.0,2627.52,1,4
SKU-00019,102,2025-12-15,182,114,1337.22,797.64,1,2
SKU-00019,103,2025-12-22,157,157,1841.6100000000001,0.0,0,0
SKU-00020,0,2024-01-01,736,736,11488.96,0.0,0,0
SKU-00020,1,2024-01-08,756,756,11801.16,0.0,0,0
SKU-00020,2,2024-01-15,773,773,12066.529999999999,0.0,0,0
SKU-00020,3,2024-01-22,708,708,11051.88,0.0,0,0
SKU-00020,4,2024-01-29,691,691,10786.51,0.0,0,0
SKU-00020,5,2024-02-05,656,656,10240.16,0.0,0,0
SKU-00020,6,2024-02-12,998,998,15578.779999999999,0.0,1,6
SKU-00020,7,2024-02-19,795,795,12409.949999999999,0.0,1,1
SKU-00020,8,2024-02-26,708,708,11051.88,0.0,0,0
SKU-00020,9,2024-03-04,742,434,6774.74,4807.88,0,0
SKU-00020,10,2024-03-11,739,739,11535.789999999999,0.0,0,0
SKU-00020,11,2024-03-18,802,802,12519.22,0.0,1,1
SKU-00020,12,2024-03-25,1084,709,11067.49,5853.75,1,4
SKU-00020,13,2024-04-01,726,726,11332.859999999999,0.0,0,0
SKU-00020,14,2024-04-08,681,630,9834.3,796.11,0,0
SKU-00020,15,2024-04-15,670,186,2903.46,7555.24,0,0
SKU-00020,16,2024-04-22,679,188,2934.68,7664.509999999999,0,0
SKU-00020,17,2024-04-29,1055,798,12456.779999999999,4011.77,1,4
SKU-00020,18,2024-05-06,636,636,9927.96,0.0,0,0
SKU-00020,19,2024-05-13,649,649,10130.89,0.0,0,0
SKU-00020,20,2024-05-20,710,710,11083.1,0.0,0,0
SKU-00020,21,2024-05-27,822,822,12831.42,0.0,1,4
SKU-00020,22,2024-06-03,707,707,11036.27,0.0,1,1
SKU-00020,23,2024-06-10,751,751,11723.109999999999,0.0,0,0
SKU-00020,24,2024-06-17,737,737,11504.57,0.0,0,0
SKU-00020,25,2024-06-24,667,437,6821.57,3590.2999999999997,0,0
SKU-00020,26,2024-07-01,660,370,5775.7,4526.9,0,0
SKU-00020,27,2024-07-08,661,661,10318.21,0.0,0,0
SKU-00020,28,2024-07-15,889,889,13877.289999999999,0.0,1,3
SKU-00020,29,2024-07-22,762,592,9241.119999999999,2653.7,1,1
SKU-00020,30,2024-07-29,666,350,5463.5,4932.76,0,0
SKU-00020,31,2024-08-05,701,349,5447.889999999999,5494.719999999999,0,0
SKU-00020,32,2024-08-12,755,546,8523.06,3262.49,0,0
SKU-00020,33,2024-08-19,741,741,11567.01,0.0,0,0
SKU-00020,34,2024-08-26,706,706,11020.66,0.0,0,0
SKU-00020,35,2024-09-02,785,785,12253.85,0.0,0,0
SKU-00020,36,2024-09-09,743,743,11598.23,0.0,0,0
SKU-00020,37,2024-09-16,995,901,14064.609999999999,1467.34,1,3
SKU-00020,38,2024-09-23,781,41,640.01,11551.4,0,0
SKU-00020,39,2024-09-30,810,500,7805.0,4839.099999999999,0,0
SKU-00020,40,2024-10-07,791,791,12347.51,0.0,0,0
SKU-00020,41,2024-10-14,859,859,13408.99,0.0,0,0
SKU-00020,42,2024-10-21,842,842,13143.619999999999,0.0,0,0
SKU-00020,43,2024-10-28,869,869,13565.09,0.0,0,0
SKU-00020,44,2024-11-04,876,709,11067.49,2606.87,0,0
SKU-00020,45,2024-11-11,861,403,6290.83,7149.38,0,0
SKU-00020,46,2024-11-18,884,808,12612.88,1186.36,0,0
SKU-00020,47,2024-11-25,909,909,14189.49,0.0,0,0
SKU-00020,48,2024-12-02,856,731,11410.91,1951.25,0,0
SKU-00020,49,2024-12-09,947,808,12612.88,2169.79,0,0
SKU-00020,50,2024-12-16,863,863,13471.43,0.0,0,0
SKU-00020,51,2024-12-23,938,496,7742.5599999999995,6899.62,0,0
SKU-00020,52,2024-12-30,967,492,7680.12,7414.75,0,0
SKU-00020,53,2025-01-06,858,858,13393.38,0.0,0,0
SKU-00020,54,2025-01-13,972,917,14314.369999999999,858.55,0,0
SKU-00020,55,2025-01-20,914,261,4074.21,10193.33,0,0
SKU-00020,56,2025-01-27,949,470,7336.7,7477.19,0,0
SKU-00020,57,2025-02-03,941,941,14689.01,0.0,0,0
SKU-00020,58,2025-02-10,935,465,7258.65,7336.7,0,0
SKU-00020,59,2025-02-17,1020,950,14829.5,1092.7,0,0
SKU-00020,60,2025-02-24,873,873,13627.529999999999,0.0,0,0
SKU-00020,61,2025-03-03,916,751,11723.109999999999,2575.65,0,0
SKU-00020,62,2025-03-10,955,675,10536.75,4370.8,0,0
SKU-00020,63,2025-03-17,857,857,13377.769999999999,0.0,0,0
SKU-00020,64,2025-03-24,880,816,12737.76,999.04,0,0
SKU-00020,65,2025-03-31,903,538,8398.18,5697.65,0,0
SKU-00020,66,2025-04-07,924,924,14423.64,0.0,0,0
SKU-00020,67,2025-04-14,881,824,12862.64,889.77,0,0
SKU-00020,68,2025-04-21,851,851,13284.109999999999,0.0,0,0
SKU-00020,69,2025-04-28,910,910,14205.1,0.0,0,0
SKU-00020,70,2025-05-05,885,820,12800.199999999999,1014.65,0,0
SKU-00020,71,2025-05-12,846,846,13206.06,0.0,0,0
SKU-00020,72,2025-05-19,869,869,13565.09,0.0,0,0
SKU-00020,73,2025-05-26,848,848,13237.279999999999,0.0,0,0
SKU-00020,74,2025-06-02,872,872,13611.92,0.0,0,0
SKU-00020,75,2025-06-09,937,937,14626.57,0.0,0,0
SKU-00020,76,2025-06-16,845,845,13190.449999999999,0.0,0,0
SKU-00020,77,2025-06-23,821,821,12815.81,0.0,0,0
SKU-00020,78,2025-06-30,848,848,13237.279999999999,0.0,0,0
SKU-00020,79,2025-07-07,850,850,13268.5,0.0,0,0
SKU-00020,80,2025-07-14,900,900,14049.0,0.0,0,0
SKU-00020,81,2025-07-21,808,808,12612.88,0.0,0,0
SKU-00020,82,2025-07-28,858,516,8054.759999999999,5338.62,0,0
SKU-00020,83,2025-08-04,873,628,9803.08,3824.45,0,0
SKU-00020,84,2025-08-11,947,947,14782.67,0.0,0,0
SKU-00020,85,2025-08-18,964,964,15048.039999999999,0.0,0,0
SKU-00020,86,2025-08-25,1012,1012,15797.32,0.0,1,1
SKU-00020,87,2025-09-01,1599,1599,24960.39,0.0,1,6
SKU-00020,88,2025-09-08,996,996,15547.56,0.0,0,0
SKU-00020,89,2025-09-15,953,835,13034.35,1841.98,0,0
SKU-00020,90,2025-09-22,984,490,7648.9,7711.34,0,0
SKU-00020,91,2025-09-29,991,471,7352.3099999999995,8117.2,0,0
SKU-00020,92,2025-10-06,1043,80,1248.8,15032.43,0,0
SKU-00020,93,2025-10-13,1007,640,9990.4,5728.87,0,0
SKU-00020,94,2025-10-20,982,964,15048.039999999999,280.98,0,0
SKU-00020,95,2025-10-27,998,583,9100.63,6478.15,0,0
SKU-00020,96,2025-11-03,1003,1003,15656.83,0.0,0,0
SKU-00020,97,2025-11-10,1148,1148,17920.28,0.0,0,0
SKU-00020,98,2025-11-17,1101,973,15188.529999999999,1998.08,0,0
SKU-00020,99,2025-11-24,1129,1044,16296.84,1326.85,0,0
SKU-00020,100,2025-12-01,1119,668,10427.48,7040.11,0,0
SKU-00020,101,2025-12-08,1174,1139,17779.79,546.35,0,0
SKU-00020,102,2025-12-15,1111,539,8413.789999999999,8928.92,0,0
SKU-00020,103,2025-12-22,1124,592,9241.119999999999,8304.52,0,0
SKU-00021,0,2024-01-01,121,121,862.73,0.0,0,0
SKU-00021,1,2024-01-08,125,125,891.25,0.0,0,0
SKU-00021,2,2024-01-15,129,129,919.77,0.0,0,0
SKU-00021,3,2024-01-22,141,137,976.81,28.52,0,0
SKU-00021,4,2024-01-29,112,67,477.71,320.85,0,0
SKU-00021,5,2024-02-05,131,131,934.03,0.0,0,0
SKU-00021,6,2024-02-12,114,114,812.8199999999999,0.0,0,0
SKU-00021,7,2024-02-19,120,120,855.6,0.0,0,0
SKU-00021,8,2024-02-26,113,113,805.6899999999999,0.0,0,0
SKU-00021,9,2024-03-04,127,88,627.4399999999999,278.07,0,0
SKU-00021,10,2024-03-11,126,126,898.38,0.0,0,0
SKU-00021,11,2024-03-18,117,103,734.39,99.82,0,0
SKU-00021,12,2024-03-25,94,94,670.22,0.0,0,0
SKU-00021,13,2024-04-01,95,95,677.35,0.0,0,0
SKU-00021,14,2024-04-08,134,130,926.9,28.52,0,0
SKU-00021,15,2024-04-15,115,115,819.9499999999999,0.0,0,0
SKU-00021,16,2024-04-22,152,118,841.34,242.42,0,0
SKU-00021,17,2024-04-29,208,141,1005.33,477.71,1,3
SKU-00021,18,2024-05-06,210,210,1497.3,0.0,1,3
SKU-00021,19,2024-05-13,170,86,613.18,598.92,0,0
SKU-00021,20,2024-05-20,158,157,1119.41,7.13,0,0
SKU-00021,21,2024-05-27,185,152,1083.76,235.29,0,0
SKU-00021,22,2024-06-03,159,81,577.53,556.14,0,0
SKU-00021,23,2024-06-10,204,72,513.36,941.16,0,0
SKU-00021,24,2024-06-17,171,76,541.88,677.35,0,0
SKU-00021,25,2024-06-24,153,153,1090.8899999999999,0.0,0,0
SKU-00021,26,2024-07-01,143,102,727.26,292.33,0,0
SKU-00021,27,2024-07-08,179,79,563.27,713.0,0,0
SKU-00021,28,2024-07-15,151,136,969.68,106.95,0,0
SKU-00021,29,2024-07-22,190,188,1340.44,14.26,0,0
SKU-00021,30,2024-07-29,175,175,1247.75,0.0,0,0
SKU-00021,31,2024-08-05,172,59,420.67,805.6899999999999,0,0
SKU-00021,32,2024-08-12,185,119,848.47,470.58,0,0
SKU-00021,33,2024-08-19,190,190,1354.7,0.0,0,0
SKU-00021,34,2024-08-26,162,155,1105.15,49.91,0,0
SKU-00021,35,2024-09-02,224,83,591.79,1005.33,0,0
SKU-00021,36,2024-09-09,239,106,755.78,948.29,1,3
SKU-00021,37,2024-09-16,200,176,1254.8799999999999,171.12,0,0
SKU-00021,38,2024-09-23,150,94,670.22,399.28,0,0
SKU-00021,39,2024-09-30,145,133,948.29,85.56,0,0
SKU-00021,40,2024-10-07,165,98,698.74,477.71,1,1
SKU-00021,41,2024-10-14,278,258,1839.54,142.6,1,5
SKU-00021,42,2024-10-21,138,106,755.78,228.16,0,0
SKU-00021,43,2024-10-28,124,124,884.12,0.0,0,0
SKU-00021,44,2024-11-04,165,165,1176.45,0.0,0,0
SKU-00021,45,2024-11-11,167,161,1147.93,42.78,0,0
SKU-00021,46,2024-11-18,145,17,121.21,912.64,0,0
SKU-00021,47,2024-11-25,141,69,491.96999999999997,513.36,0,0
SKU-00021,48,2024-12-02,125,85,606.05,285.2,0,0
SKU-00021,49,2024-12-09,133,133,948.29,0.0,0,0
SKU-00021,50,2024-12-16,109,109,777.17,0.0,0,0
SKU-00021,51,2024-12-23,127,108,770.04,135.47,0,0
SKU-00021,52,2024-12-30,132,58,413.54,527.62,0,0
SKU-00021,53,2025-01-06,115,115,819.9499999999999,0.0,0,0
SKU-00021,54,2025-01-13,124,124,884.12,0.0,0,0
SKU-00021,55,2025-01-20,115,77,549.01,270.94,0,0
SKU-00021,56,2025-01-27,138,138,983.9399999999999,0.0,1,2
SKU-00021,57,2025-02-03,112,112,798.56,0.0,1,3
SKU-00021,58,2025-02-10,109,84,598.92,178.25,0,0
SKU-00021,59,2025-02-17,157,76,541.88,577.53,1,6
SKU-00021,60,2025-02-24,120,114,812.8199999999999,42.78,1,1
SKU-00021,61,2025-03-03,100,100,713.0,0.0,0,0
SKU-00021,62,2025-03-10,110,110,784.3,0.0,0,0
SKU-00021,63,2025-03-17,118,118,841.34,0.0,0,0
SKU-00021,64,2025-03-24,139,112,798.56,192.51,0,0
SKU-00021,65,2025-03-31,132,115,819.9499999999999,121.21,0,0
SKU-00021,66,2025-04-07,112,112,798.56,0.0,0,0
SKU-00021,67,2025-04-14,126,126,898.38,0.0,0,0
SKU-00021,68,2025-04-21,95,95,677.35,0.0,0,0
SKU-00021,69,2025-04-28,127,127,905.51,0.0,0,0
SKU-00021,70,2025-05-05,170,144,1026.72,185.38,1,3
SKU-00021,71,2025-05-12,145,98,698.74,335.11,0,0
SKU-00021,72,2025-05-19,159,86,613.18,520.49,0,0
SKU-00021,73,2025-05-26,147,41,292.33,755.78,0,0
SKU-00021,74,2025-06-02,233,108,770.04,891.25,1,6
SKU-00021,75,2025-06-09,161,89,634.5699999999999,513.36,1,1
SKU-00021,76,2025-06-16,142,142,1012.46,0.0,0,0
SKU-00021,77,2025-06-23,177,143,1019.59,242.42,0,0
SKU-00021,78,2025-06-30,136,128,912.64,57.04,0,0
SKU-00021,79,2025-07-07,154,154,1098.02,0.0,0,0
SKU-00021,80,2025-07-14,150,150,1069.5,0.0,0,0
SKU-00021,81,2025-07-21,179,179,1276.27,0.0,0,0
SKU-00021,82,2025-07-28,139,139,991.0699999999999,0.0,0,0
SKU-00021,83,2025-08-04,128,87,620.31,292.33,0,0
SKU-00021,84,2025-08-11,133,59,420.67,527.62,0,0
SKU-00021,85,2025-08-18,173,173,1233.49,0.0,0,0
SKU-00021,86,2025-08-25,185,156,1112.28,206.77,0,0
SKU-00021,87,2025-09-01,170,156,1112.28,99.82,0,0
SKU-00021,88,2025-09-08,137,137,976.81,0.0,0,0
SKU-00021,89,2025-09-15,148,148,1055.24,0.0,0,0
SKU-00021,90,2025-09-22,146,146,1040.98,0.0,0,0
SKU-00021,91,2025-09-29,161,136,969.68,178.25,0,0
SKU-00021,92,2025-10-06,162,162,1155.06,0.0,0,0
SKU-00021,93,2025-10-13,138,138,983.9399999999999,0.0,0,0
SKU-00021,94,2025-10-20,165,165,1176.45,0.0,0,0
SKU-00021,95,2025-10-27,143,143,1019.59,0.0,0,0
SKU-00021,96,2025-11-03,146,121,862.73,178.25,0,0
SKU-00021,97,2025-11-10,122,84,598.92,270.94,0,0
SKU-00021,98,2025-11-17,120,120,855.6,0.0,0,0
SKU-00021,99,2025-11-24,113,113,805.6899999999999,0.0,0,0
SKU-00021,100,2025-12-01,130,86,613.18,313.71999999999997,0,0
SKU-00021,101,2025-12-08,91,26,185.38,463.45,0,0
SKU-00021,102,2025-12-15,102,95,677.35,49.91,0,0
SKU-00021,103,2025-12-22,86,86,613.18,0.0,0,0
SKU-00022,0,2024-01-01,131,131,332.74,0.0,0,0
SKU-00022,1,2024-01-08,133,133,337.82,0.0,0,0
SKU-00022,2,2024-01-15,143,143,363.22,0.0,0,0
SKU-00022,3,2024-01-22,115,106,269.24,22.86,0,0
SKU-00022,4,2024-01-29,129,115,292.1,35.56,0,0
SKU-00022,5,2024-02-05,124,124,314.96,0.0,0,0
SKU-00022,6,2024-02-12,138,93,236.22,114.3,0,0
SKU-00022,7,2024-02-19,111,47,119.38,162.56,0,0
SKU-00022,8,2024-02-26,121,48,121.92,185.42000000000002,0,0
SKU-00022,9,2024-03-04,108,94,238.76,35.56,0,0
SKU-00022,10,2024-03-11,123,123,312.42,0.0,0,0
SKU-00022,11,2024-03-18,130,130,330.2,0.0,0,0
SKU-00022,12,2024-03-25,126,126,320.04,0.0,0,0
SKU-00022,13,2024-04-01,152,152,386.08,0.0,0,0
SKU-00022,14,2024-04-08,139,127,322.58,30.48,0,0
SKU-00022,15,2024-04-15,157,128,325.12,73.66,0,0
SKU-00022,16,2024-04-22,163,96,243.84,170.18,0,0
SKU-00022,17,2024-04-29,163,57,144.78,269.24,0,0
SKU-00022,18,2024-05-06,192,186,472.44,15.24,1,3
SKU-00022,19,2024-05-13,184,174,441.96,25.4,1,2
SKU-00022,20,2024-05-20,170,170,431.8,0.0,0,0
SKU-00022,21,2024-05-27,176,176,447.04,0.0,0,0
SKU-00022,22,2024-06-03,192,128,325.12,162.56,0,0
SKU-00022,23,2024-06-10,176,135,342.9,104.14,0,0
SKU-00022,24,2024-06-17,165,98,248.92000000000002,170.18,0,0
SKU-00022,25,2024-06-24,191,79,200.66,284.48,0,0
SKU-00022,26,2024-07-01,191,165,419.1,66.04,0,0
SKU-00022,27,2024-07-08,187,108,274.32,200.66,0,0
SKU-00022,28,2024-07-15,188,86,218.44,259.08,0,0
SKU-00022,29,2024-07-22,212,78,198.12,340.36,0,0
SKU-00022,30,2024-07-29,207,162,411.48,114.3,0,0
SKU-00022,31,2024-08-05,191,184,467.36,17.78,0,0
SKU-00022,32,2024-08-12,183,139,353.06,111.76,0,0
SKU-00022,33,2024-08-19,215,215,546.1,0.0,0,0
SKU-00022,34,2024-08-26,188,188,477.52,0.0,0,0
SKU-00022,35,2024-09-02,173,165,419.1,20.32,0,0
SKU-00022,36,2024-09-09,194,95,241.3,251.46,0,0
SKU-00022,37,2024-09-16,184,184,467.36,0.0,0,0
SKU-00022,38,2024-09-23,203,107,271.78000000000003,243.84,0,0
SKU-00022,39,2024-09-30,192,70,177.8,309.88,0,0
SKU-00022,40,2024-10-07,222,183,464.82,99.06,1,3
SKU-00022,41,2024-10-14,164,96,243.84,172.72,0,0
SKU-00022,42,2024-10-21,160,139,353.06,53.34,0,0
SKU-00022,43,2024-10-28,171,171,434.34000000000003,0.0,0,0
SKU-00022,44,2024-11-04,160,160,406.4,0.0,0,0
SKU-00022,45,2024-11-11,172,172,436.88,0.0,0,0
SKU-00022,46,2024-11-18,154,124,314.96,76.2,0,0
SKU-00022,47,2024-11-25,144,94,238.76,127.0,0,0
SKU-00022,48,2024-12-02,140,140,355.6,0.0,0,0
SKU-00022,49,2024-12-09,152,152,386.08,0.0,0,0
SKU-00022,50,2024-12-16,151,95,241.3,142.24,0,0
SKU-00022,51,2024-12-23,133,133,337.82,0.0,0,0
SKU-00022,52,2024-12-30,133,132,335.28000000000003,2.54,0,0
SKU-00022,53,2025-01-06,121,97,246.38,60.96,0,0
SKU-00022,54,2025-01-13,118,118,299.72,0.0,0,0
SKU-00022,55,2025-01-20,96,96,243.84,0.0,0,0
SKU-00022,56,2025-01-27,133,62,157.48,180.34,0,0
SKU-00022,57,2025-02-03,120,111,281.94,22.86,0,0
SKU-00022,58,2025-02-10,117,117,297.18,0.0,0,0
SKU-00022,59,2025-02-17,136,124,314.96,30.48,0,0
SKU-00022,60,2025-02-24,133,47,119.38,218.44,0,0
SKU-00022,61,2025-03-03,110,58,147.32,132.08,0,0
SKU-00022,62,2025-03-10,134,115,292.1,48.26,0,0
SKU-00022,63,2025-03-17,125,125,317.5,0.0,0,0
SKU-00022,64,2025-03-24,130,130,330.2,0.0,0,0
SKU-00022,65,2025-03-31,134,116,294.64,45.72,0,0
SKU-00022,66,2025-04-07,123,107,271.78000000000003,40.64,0,0
SKU-00022,67,2025-04-14,128,128,325.12,0.0,0,0
SKU-00022,68,2025-04-21,143,143,363.22,0.0,0,0
SKU-00022,69,2025-04-28,189,99,251.46,228.6,1,4
SKU-00022,70,2025-05-05,145,94,238.76,129.54,0,0
SKU-00022,71,2025-05-12,142,138,350.52,10.16,0,0
SKU-00022,72,2025-05-19,155,155,393.7,0.0,0,0
SKU-00022,73,2025-05-26,162,49,124.46000000000001,287.02,0,0
SKU-00022,74,2025-06-02,155,0,0.0,393.7,0,0
SKU-00022,75,2025-06-09,243,211,535.94,81.28,1,3
SKU-00022,76,2025-06-16,158,122,309.88,91.44,0,0
SKU-00022,77,2025-06-23,148,88,223.52,152.4,0,0
SKU-00022,78,2025-06-30,174,118,299.72,142.24,0,0
SKU-00022,79,2025-07-07,189,172,436.88,43.18,0,0
SKU-00022,80,2025-07-14,163,163,414.02,0.0,0,0
SKU-00022,81,2025-07-21,185,95,241.3,228.6,0,0
SKU-00022,82,2025-07-28,181,48,121.92,337.82,0,0
SKU-00022,83,2025-08-04,224,216,548.64,20.32,1,3
SKU-00022,84,2025-08-11,206,135,342.9,180.34,1,1
SKU-00022,85,2025-08-18,183,71,180.34,284.48,0,0
SKU-00022,86,2025-08-25,227,157,398.78000000000003,177.8,1,2
SKU-00022,87,2025-09-01,250,250,635.0,0.0,1,2
SKU-00022,88,2025-09-08,172,146,370.84000000000003,66.04,0,0
SKU-00022,89,2025-09-15,152,62,157.48,228.6,0,0
SKU-00022,90,2025-09-22,161,63,160.02,248.92000000000002,0,0
SKU-00022,91,2025-09-29,169,156,396.24,33.02,0,0
SKU-00022,92,2025-10-06,152,122,309.88,76.2,0,0
SKU-00022,93,2025-10-13,157,129,327.66,71.12,0,0
SKU-00022,94,2025-10-20,148,132,335.28000000000003,40.64,0,0
SKU-00022,95,2025-10-27,177,110,279.4,170.18,1,3
SKU-00022,96,2025-11-03,179,7,17.78,436.88,1,1
SKU-00022,97,2025-11-10,131,90,228.6,104.14,0,0
SKU-00022,98,2025-11-17,141,141,358.14,0.0,0,0
SKU-00022,99,2025-11-24,173,173,439.42,0.0,1,5
SKU-00022,100,2025-12-01,130,130,330.2,0.0,0,0
SKU-00022,101,2025-12-08,144,144,365.76,0.0,0,0
SKU-00022,102,2025-12-15,124,124,314.96,0.0,0,0
SKU-00022,103,2025-12-22,125,84,213.36,104.14,0,0
SKU-00023,0,2024-01-01,221,221,815.49,0.0,0,0
SKU-00023,1,2024-01-08,212,212,782.28,0.0,0,0
SKU-00023,2,2024-01-15,189,189,697.41,0.0,0,0
SKU-00023,3,2024-01-22,216,216,797.04,0.0,0,0
SKU-00023,4,2024-01-29,338,338,1247.22,0.0,1,6
SKU-00023,5,2024-02-05,237,237,874.53,0.0,1,1
SKU-00023,6,2024-02-12,200,130,479.7,258.3,0,0
SKU-00023,7,2024-02-19,207,207,763.83,0.0,0,0
SKU-00023,8,2024-02-26,193,193,712.17,0.0,0,0
SKU-00023,9,2024-03-04,191,191,704.79,0.0,0,0
SKU-00023,10,2024-03-11,146,146,538.74,0.0,0,0
SKU-00023,11,2024-03-18,182,182,671.58,0.0,0,0
SKU-00023,12,2024-03-25,172,172,634.68,0.0,0,0
SKU-00023,13,2024-04-01,224,224,826.56,0.0,1,3
SKU-00023,14,2024-04-08,151,151,557.1899999999999,0.0,0,0
SKU-00023,15,2024-04-15,146,146,538.74,0.0,0,0
SKU-00023,16,2024-04-22,127,116,428.04,40.589999999999996,0,0
SKU-00023,17,2024-04-29,134,134,494.46,0.0,0,0
SKU-00023,18,2024-05-06,167,167,616.23,0.0,1,3
SKU-00023,19,2024-05-13,93,93,343.17,0.0,0,0
SKU-00023,20,2024-05-20,114,114,420.65999999999997,0.0,1,2
SKU-00023,21,2024-05-27,192,192,708.48,0.0,1,3
SKU-00023,22,2024-06-03,96,96,354.24,0.0,0,0
SKU-00023,23,2024-06-10,98,98,361.62,0.0,0,0
SKU-00023,24,2024-06-17,85,85,313.65,0.0,0,0
SKU-00023,25,2024-06-24,79,79,291.51,0.0,0,0
SKU-00023,26,2024-07-01,81,81,298.89,0.0,0,0
SKU-00023,27,2024-07-08,101,101,372.69,0.0,0,0
SKU-00023,28,2024-07-15,85,85,313.65,0.0,0,0
SKU-00023,29,2024-07-22,98,98,361.62,0.0,0,0
SKU-00023,30,2024-07-29,98,98,361.62,0.0,0,0
SKU-00023,31,2024-08-05,106,106,391.14,0.0,0,0
SKU-00023,32,2024-08-12,90,90,332.1,0.0,0,0
SKU-00023,33,2024-08-19,114,114,420.65999999999997,0.0,0,0
SKU-00023,34,2024-08-26,98,98,361.62,0.0,0,0
SKU-00023,35,2024-09-02,112,112,413.28,0.0,0,0
SKU-00023,36,2024-09-09,126,126,464.94,0.0,0,0
SKU-00023,37,2024-09-16,111,111,409.59,0.0,0,0
SKU-00023,38,2024-09-23,146,146,538.74,0.0,0,0
SKU-00023,39,2024-09-30,168,168,619.92,0.0,0,0
SKU-00023,40,2024-10-07,159,159,586.71,0.0,0,0
SKU-00023,41,2024-10-14,142,142,523.98,0.0,0,0
SKU-00023,42,2024-10-21,170,170,627.3,0.0,0,0
SKU-00023,43,2024-10-28,180,180,664.2,0.0,0,0
SKU-00023,44,2024-11-04,186,186,686.34,0.0,0,0
SKU-00023,45,2024-11-11,175,175,645.75,0.0,0,0
SKU-00023,46,2024-11-18,199,199,734.31,0.0,0,0
SKU-00023,47,2024-11-25,182,182,671.58,0.0,0,0
SKU-00023,48,2024-12-02,346,284,1047.96,228.78,1,4
SKU-00023,49,2024-12-09,302,210,774.9,339.48,1,3
SKU-00023,50,2024-12-16,207,93,343.17,420.65999999999997,0,0
SKU-00023,51,2024-12-23,207,191,704.79,59.04,0,0
SKU-00023,52,2024-12-30,228,228,841.3199999999999,0.0,0,0
SKU-00023,53,2025-01-06,202,202,745.38,0.0,0,0
SKU-00023,54,2025-01-13,200,200,738.0,0.0,0,0
SKU-00023,55,2025-01-20,206,200,738.0,22.14,0,0
SKU-00023,56,2025-01-27,231,228,841.3199999999999,11.07,1,3
SKU-00023,57,2025-02-03,238,238,878.22,0.0,1,2
SKU-00023,58,2025-02-10,161,157,579.33,14.76,0,0
SKU-00023,59,2025-02-17,189,189,697.41,0.0,0,0
SKU-00023,60,2025-02-24,173,173,638.37,0.0,0,0
SKU-00023,61,2025-03-03,178,178,656.8199999999999,0.0,0,0
SKU-00023,62,2025-03-10,176,176,649.4399999999999,0.0,0,0
SKU-00023,63,2025-03-17,173,173,638.37,0.0,0,0
SKU-00023,64,2025-03-24,164,164,605.16,0.0,0,0
SKU-00023,65,2025-03-31,168,162,597.78,22.14,0,0
SKU-00023,66,2025-04-07,138,129,476.01,33.21,0,0
SKU-00023,67,2025-04-14,141,141,520.29,0.0,0,0
SKU-00023,68,2025-04-21,142,138,509.21999999999997,14.76,0,0
SKU-00023,69,2025-04-28,120,120,442.8,0.0,0,0
SKU-00023,70,2025-05-05,125,125,461.25,0.0,0,0
SKU-00023,71,2025-05-12,112,112,413.28,0.0,0,0
SKU-00023,72,2025-05-19,116,116,428.04,0.0,0,0
SKU-00023,73,2025-05-26,109,109,402.21,0.0,0,0
SKU-00023,74,2025-06-02,88,88,324.71999999999997,0.0,0,0
SKU-00023,75,2025-06-09,95,95,350.55,0.0,0,0
SKU-00023,76,2025-06-16,89,89,328.40999999999997,0.0,0,0
SKU-00023,77,2025-06-23,86,86,317.34,0.0,0,0
SKU-00023,78,2025-06-30,104,104,383.76,0.0,0,0
SKU-00023,79,2025-07-07,84,84,309.96,0.0,0,0
SKU-00023,80,2025-07-14,78,78,287.82,0.0,0,0
SKU-00023,81,2025-07-21,83,83,306.27,0.0,0,0
SKU-00023,82,2025-07-28,90,90,332.1,0.0,0,0
SKU-00023,83,2025-08-04,89,89,328.40999999999997,0.0,0,0
SKU-00023,84,2025-08-11,101,101,372.69,0.0,0,0
SKU-00023,85,2025-08-18,108,108,398.52,0.0,0,0
SKU-00023,86,2025-08-25,130,130,479.7,0.0,0,0
SKU-00023,87,2025-09-01,100,100,369.0,0.0,0,0
SKU-00023,88,2025-09-08,123,123,453.87,0.0,0,0
SKU-00023,89,2025-09-15,113,113,416.96999999999997,0.0,0,0
SKU-00023,90,2025-09-22,140,140,516.6,0.0,0,0
SKU-00023,91,2025-09-29,158,158,583.02,0.0,0,0
SKU-00023,92,2025-10-06,123,123,453.87,0.0,0,0
SKU-00023,93,2025-10-13,166,166,612.54,0.0,0,0
SKU-00023,94,2025-10-20,237,237,874.53,0.0,1,5
SKU-00023,95,2025-10-27,163,139,512.91,88.56,1,2
SKU-00023,96,2025-11-03,185,185,682.65,0.0,0,0
SKU-00023,97,2025-11-10,180,180,664.2,0.0,0,0
SKU-00023,98,2025-11-17,206,206,760.14,0.0,1,1
SKU-00023,99,2025-11-24,239,171,630.99,250.92,1,5
SKU-00023,100,2025-12-01,203,183,675.27,73.8,0,0
SKU-00023,101,2025-12-08,193,193,712.17,0.0,0,0
SKU-00023,102,2025-12-15,187,187,690.03,0.0,0,0
SKU-00023,103,2025-12-22,212,165,608.85,173.43,0,0
SKU-00024,0,2024-01-01,1170,1170,56850.3,0.0,0,0
SKU-00024,1,2024-01-08,1033,1033,50193.47,0.0,0,0
SKU-00024,2,2024-01-15,955,955,46403.450000000004,0.0,0,0
SKU-00024,3,2024-01-22,1164,1164,56558.76,0.0,0,0
SKU-00024,4,2024-01-29,1116,1116,54226.44,0.0,0,0
SKU-00024,5,2024-02-05,1109,1109,53886.310000000005,0.0,0,0
SKU-00024,6,2024-02-12,1191,951,46209.090000000004,11661.6,0,0
SKU-00024,7,2024-02-19,1173,1081,52525.79,4470.280000000001,0,0
SKU-00024,8,2024-02-26,1328,1328,64527.520000000004,0.0,1,4
SKU-00024,9,2024-03-04,1007,1007,48930.130000000005,0.0,0,0
SKU-00024,10,2024-03-11,1094,1094,53157.46000000001,0.0,0,0
SKU-00024,11,2024-03-18,1612,1612,78327.08,0.0,1,4
SKU-00024,12,2024-03-25,1115,1115,54177.850000000006,0.0,1,3
SKU-00024,13,2024-04-01,1045,1045,50776.55,0.0,0,0
SKU-00024,14,2024-04-08,925,925,44945.75,0.0,0,0
SKU-00024,15,2024-04-15,874,874,42467.66,0.0,0,0
SKU-00024,16,2024-04-22,1044,1044,50727.96000000001,0.0,0,0
SKU-00024,17,2024-04-29,863,863,41933.170000000006,0.0,0,0
SKU-00024,18,2024-05-06,952,952,46257.68,0.0,0,0
SKU-00024,19,2024-05-13,822,822,39940.98,0.0,0,0
SKU-00024,20,2024-05-20,632,632,30708.88,0.0,0,0
SKU-00024,21,2024-05-27,845,845,41058.55,0.0,0,0
SKU-00024,22,2024-06-03,862,862,41884.58,0.0,0,0
SKU-00024,23,2024-06-10,718,718,34887.62,0.0,0,0
SKU-00024,24,2024-06-17,823,823,39989.57,0.0,0,0
SKU-00024,25,2024-06-24,826,826,40135.340000000004,0.0,0,0
SKU-00024,26,2024-07-01,919,919,44654.21000000001,0.0,0,0
SKU-00024,27,2024-07-08,891,891,43293.69,0.0,0,0
SKU-00024,28,2024-07-15,973,973,47278.07,0.0,0,0
SKU-00024,29,2024-07-22,845,845,41058.55,0.0,0,0
SKU-00024,30,2024-07-29,865,865,42030.350000000006,0.0,0,0
SKU-00024,31,2024-08-05,718,718,34887.62,0.0,0,0
SKU-00024,32,2024-08-12,822,822,39940.98,0.0,0,0
SKU-00024,33,2024-08-19,908,908,44119.72,0.0,0,0
SKU-00024,34,2024-08-26,1008,950,46160.5,2818.2200000000003,0,0
SKU-00024,35,2024-09-02,909,431,20942.29,23226.02,0,0
SKU-00024,36,2024-09-09,1117,745,36199.55,18075.48,0,0
SKU-00024,37,2024-09-16,1069,1069,51942.71000000001,0.0,0,0
SKU-00024,38,2024-09-23,937,937,45528.83,0.0,0,0
SKU-00024,39,2024-09-30,1180,1180,57336.200000000004,0.0,0,0
SKU-00024,40,2024-10-07,1246,1246,60543.14000000001,0.0,0,0
SKU-00024,41,2024-10-14,1113,1113,54080.670000000006,0.0,0,0
SKU-00024,42,2024-10-21,1277,1057,51359.630000000005,10689.800000000001,0,0
SKU-00024,43,2024-10-28,966,738,35859.420000000006,11078.52,0,0
SKU-00024,44,2024-11-04,1235,524,25461.160000000003,34547.490000000005,0,0
SKU-00024,45,2024-11-11,1278,1278,62098.020000000004,0.0,0,0
SKU-00024,46,2024-11-18,1112,1112,54032.08,0.0,0,0
SKU-00024,47,2024-11-25,1448,1448,70358.32,0.0,0,0
SKU-00024,48,2024-12-02,1116,1116,54226.44,0.0,0,0
SKU-00024,49,2024-12-09,1152,1152,55975.68000000001,0.0,0,0
SKU-00024,50,2024-12-16,1220,1220,59279.8,0.0,0,0
SKU-00024,51,2024-12-23,1321,1204,58502.36,5685.030000000001,0,0
SKU-00024,52,2024-12-30,1375,258,12536.220000000001,54275.030000000006,0,0
SKU-00024,53,2025-01-06,1503,702,34110.18,38920.590000000004,0,0
SKU-00024,54,2025-01-13,1407,1207,58648.130000000005,9718.0,0,0
SKU-00024,55,2025-01-20,1487,1487,72253.33,0.0,0,0
SKU-00024,56,2025-01-27,1505,1486,72204.74,923.21,0,0
SKU-00024,57,2025-02-03,1232,712,34596.08,25266.800000000003,0,0
SKU-00024,58,2025-02-10,2435,2160,104954.40000000001,13362.250000000002,1,7
SKU-00024,59,2025-02-17,1274,1017,49416.030000000006,12487.630000000001,0,0
SKU-00024,60,2025-02-24,1181,537,26092.83,31291.960000000003,0,0
SKU-00024,61,2025-03-03,1006,560,27210.4,21671.140000000003,0,0
SKU-00024,62,2025-03-10,1248,1077,52331.43,8308.890000000001,0,0
SKU-00024,63,2025-03-17,947,947,46014.73,0.0,0,0
SKU-00024,64,2025-03-24,1542,1542,74925.78,0.0,1,1
SKU-00024,65,2025-03-31,1597,1597,77598.23000000001,0.0,1,2
SKU-00024,66,2025-04-07,1436,1436,69775.24,0.0,1,2
SKU-00024,67,2025-04-14,1328,1326,64430.340000000004,97.18,1,3
SKU-00024,68,2025-04-21,1065,590,28668.100000000002,23080.25,0,0
SKU-00024,69,2025-04-28,981,981,47666.79,0.0,0,0
SKU-00024,70,2025-05-05,927,927,45042.93,0.0,0,0
SKU-00024,71,2025-05-12,914,914,44411.26,0.0,0,0
SKU-00024,72,2025-05-19,981,875,42516.25,5150.54,0,0
SKU-00024,73,2025-05-26,897,481,23371.79,20213.440000000002,0,0
SKU-00024,74,2025-06-02,902,695,33770.05,10058.130000000001,0,0
SKU-00024,75,2025-06-09,937,769,37365.71,8163.120000000001,0,0
SKU-00024,76,2025-06-16,1077,1077,52331.43,0.0,0,0
SKU-00024,77,2025-06-23,1009,1009,49027.310000000005,0.0,0,0
SKU-00024,78,2025-06-30,1113,1113,54080.670000000006,0.0,0,0
SKU-00024,79,2025-07-07,891,891,43293.69,0.0,0,0
SKU-00024,80,2025-07-14,974,974,47326.66,0.0,0,0
SKU-00024,81,2025-07-21,809,809,39309.310000000005,0.0,0,0
SKU-00024,82,2025-07-28,1060,1060,51505.4,0.0,0,0
SKU-00024,83,2025-08-04,952,952,46257.68,0.0,0,0
SKU-00024,84,2025-08-11,916,916,44508.44,0.0,0,0
SKU-00024,85,2025-08-18,1234,1203,58453.770000000004,1506.2900000000002,0,0
SKU-00024,86,2025-08-25,1229,997,48444.23,11272.880000000001,0,0
SKU-00024,87,2025-09-01,1027,1027,49901.93,0.0,0,0
SKU-00024,88,2025-09-08,1606,1340,65110.600000000006,12924.94,1,4
SKU-00024,89,2025-09-15,1114,1114,54129.26,0.0,0,0
SKU-00024,90,2025-09-22,1105,1105,53691.950000000004,0.0,0,0
SKU-00024,91,2025-09-29,1330,1228,59668.520000000004,4956.18,0,0
SKU-00024,92,2025-10-06,1286,1020,49561.8,12924.94,0,0
SKU-00024,93,2025-10-13,1420,1420,68997.8,0.0,0,0
SKU-00024,94,2025-10-20,1514,1514,73565.26000000001,0.0,0,0
SKU-00024,95,2025-10-27,2020,1842,89502.78000000001,8649.02,1,5
SKU-00024,96,2025-11-03,1812,1311,63701.490000000005,24343.59,1,2
SKU-00024,97,2025-11-10,2208,1586,77063.74,30222.980000000003,1,4
SKU-00024,98,2025-11-17,1592,908,44119.72,33235.560000000005,0,0
SKU-00024,99,2025-11-24,1852,1167,56704.530000000006,33284.15,0,0
SKU-00024,100,2025-12-01,1838,1679,81582.61,7725.81,0,0
SKU-00024,101,2025-12-08,1652,1652,80270.68000000001,0.0,0,0
SKU-00024,102,2025-12-15,1541,1541,74877.19,0.0,0,0
SKU-00024,103,2025-12-22,1707,1084,52671.560000000005,30271.570000000003,0,0
SKU-00025,0,2024-01-01,63,63,2838.78,0.0,0,0
SKU-00025,1,2024-01-08,91,91,4100.46,0.0,0,0
SKU-00025,2,2024-01-15,77,77,3469.6200000000003,0.0,0,0
SKU-00025,3,2024-01-22,120,120,5407.200000000001,0.0,1,2
SKU-00025,4,2024-01-29,114,114,5136.84,0.0,1,4
SKU-00025,5,2024-02-05,65,62,2793.7200000000003,135.18,0,0
SKU-00025,6,2024-02-12,121,88,3965.28,1486.98,1,5
SKU-00025,7,2024-02-19,99,99,4460.9400000000005,0.0,1,1
SKU-00025,8,2024-02-26,86,86,3875.1600000000003,0.0,0,0
SKU-00025,9,2024-03-04,90,90,4055.4,0.0,0,0
SKU-00025,10,2024-03-11,69,63,2838.78,270.36,0,0
SKU-00025,11,2024-03-18,68,59,2658.54,405.54,0,0
SKU-00025,12,2024-03-25,72,72,3244.32,0.0,0,0
SKU-00025,13,2024-04-01,98,98,4415.88,0.0,0,0
SKU-00025,14,2024-04-08,83,74,3334.44,405.54,0,0
SKU-00025,15,2024-04-15,82,42,1892.52,1802.4,0,0
SKU-00025,16,2024-04-22,79,74,3334.44,225.3,0,0
SKU-00025,17,2024-04-29,101,101,4551.06,0.0,0,0
SKU-00025,18,2024-05-06,102,102,4596.12,0.0,0,0
SKU-00025,19,2024-05-13,115,115,5181.900000000001,0.0,0,0
SKU-00025,20,2024-05-20,119,92,4145.52,1216.6200000000001,0,0
SKU-00025,21,2024-05-27,115,60,2703.6000000000004,2478.3,0,0
SKU-00025,22,2024-06-03,109,107,4821.42,90.12,0,0
SKU-00025,23,2024-06-10,115,54,2433.2400000000002,2748.6600000000003,0,0
SKU-00025,24,2024-06-17,126,108,4866.4800000000005,811.08,0,0
SKU-00025,25,2024-06-24,131,131,5902.860000000001,0.0,0,0
SKU-00025,26,2024-07-01,127,127,5722.62,0.0,0,0
SKU-00025,27,2024-07-08,138,57,2568.42,3649.86,0,0
SKU-00025,28,2024-07-15,122,0,0.0,5497.320000000001,0,0
SKU-00025,29,2024-07-22,147,57,2568.42,4055.4,0,0
SKU-00025,30,2024-07-29,126,60,2703.6000000000004,2973.96,0,0
SKU-00025,31,2024-08-05,118,114,5136.84,180.24,0,0
SKU-00025,32,2024-08-12,133,130,5857.8,135.18,0,0
SKU-00025,33,2024-08-19,131,65,2928.9,2973.96,0,0
SKU-00025,34,2024-08-26,137,118,5317.08,856.1400000000001,0,0
SKU-00025,35,2024-09-02,147,147,6623.820000000001,0.0,0,0
SKU-00025,36,2024-09-09,202,173,7795.38,1306.74,0,0
SKU-00025,37,2024-09-16,214,60,2703.6000000000004,6939.240000000001,0,0
SKU-00025,38,2024-09-23,162,127,5722.62,1577.1000000000001,1,4
SKU-00025,39,2024-09-30,123,123,5542.38,0.0,0,0
SKU-00025,40,2024-10-07,97,97,4370.820000000001,0.0,0,0
SKU-00025,41,2024-10-14,91,91,4100.46,0.0,0,0
SKU-00025,42,2024-10-21,108,108,4866.4800000000005,0.0,0,0
SKU-00025,43,2024-10-28,102,101,4551.06,45.06,0,0
SKU-00025,44,2024-11-04,91,90,4055.4,45.06,0,0
SKU-00025,45,2024-11-11,95,84,3785.04,495.66,0,0
SKU-00025,46,2024-11-18,76,38,1712.2800000000002,1712.2800000000002,0,0
SKU-00025,47,2024-11-25,94,68,3064.08,1171.56,0,0
SKU-00025,48,2024-12-02,93,93,4190.58,0.0,0,0
SKU-00025,49,2024-12-09,62,35,1577.1000000000001,1216.6200000000001,0,0
SKU-00025,50,2024-12-16,76,68,3064.08,360.48,0,0
SKU-00025,51,2024-12-23,81,81,3649.86,0.0,0,0
SKU-00025,52,2024-12-30,71,71,3199.26,0.0,1,4
SKU-00025,53,2025-01-06,59,59,2658.54,0.0,0,0
SKU-00025,54,2025-01-13,77,77,3469.6200000000003,0.0,0,0
SKU-00025,55,2025-01-20,65,65,2928.9,0.0,0,0
SKU-00025,56,2025-01-27,70,70,3154.2000000000003,0.0,0,0
SKU-00025,57,2025-02-03,73,73,3289.38,0.0,0,0
SKU-00025,58,2025-02-10,54,54,2433.2400000000002,0.0,0,0
SKU-00025,59,2025-02-17,59,59,2658.54,0.0,0,0
SKU-00025,60,2025-02-24,68,68,3064.08,0.0,0,0
SKU-00025,61,2025-03-03,78,78,3514.6800000000003,0.0,1,4
SKU-00025,62,2025-03-10,99,61,2748.6600000000003,1712.2800000000002,1,5
SKU-00025,63,2025-03-17,56,56,2523.36,0.0,0,0
SKU-00025,64,2025-03-24,73,73,3289.38,0.0,0,0
SKU-00025,65,2025-03-31,76,76,3424.5600000000004,0.0,0,0
SKU-00025,66,2025-04-07,74,40,1802.4,1532.04,0,0
SKU-00025,67,2025-04-14,86,85,3830.1000000000004,45.06,0,0
SKU-00025,68,2025-04-21,78,78,3514.6800000000003,0.0,0,0
SKU-00025,69,2025-04-28,95,95,4280.7,0.0,0,0
SKU-00025,70,2025-05-05,80,68,3064.08,540.72,0,0
SKU-00025,71,2025-05-12,143,132,5947.92,495.66,1,4
SKU-00025,72,2025-05-19,87,84,3785.04,135.18,0,0
SKU-00025,73,2025-05-26,97,97,4370.820000000001,0.0,0,0
SKU-00025,74,2025-06-02,84,84,3785.04,0.0,0,0
SKU-00025,75,2025-06-09,105,105,4731.3,0.0,0,0
SKU-00025,76,2025-06-16,103,103,4641.18,0.0,0,0
SKU-00025,77,2025-06-23,120,120,5407.200000000001,0.0,0,0
SKU-00025,78,2025-06-30,98,98,4415.88,0.0,0,0
SKU-00025,79,2025-07-07,119,119,5362.14,0.0,0,0
SKU-00025,80,2025-07-14,104,104,4686.24,0.0,0,0
SKU-00025,81,2025-07-21,108,108,4866.4800000000005,0.0,0,0
SKU-00025,82,2025-07-28,116,61,2748.6600000000003,2478.3,0,0
SKU-00025,83,2025-08-04,124,82,3694.92,1892.52,0,0
SKU-00025,84,2025-08-11,109,101,4551.06,360.48,0,0
SKU-00025,85,2025-08-18,115,108,4866.4800000000005,315.42,0,0
SKU-00025,86,2025-08-25,108,108,4866.4800000000005,0.0,0,0
SKU-00025,87,2025-09-01,112,71,3199.26,1847.46,0,0
SKU-00025,88,2025-09-08,121,89,4010.34,1441.92,0,0
SKU-00025,89,2025-09-15,110,80,3604.8,1351.8000000000002,0,0
SKU-00025,90,2025-09-22,109,95,4280.7,630.84,0,0
SKU-00025,91,2025-09-29,97,97,4370.820000000001,0.0,0,0
SKU-00025,92,2025-10-06,112,83,3739.98,1306.74,0,0
SKU-00025,93,2025-10-13,80,74,3334.44,270.36,0,0
SKU-00025,94,2025-10-20,90,90,4055.4,0.0,0,0
SKU-00025,95,2025-10-27,110,61,2748.6600000000003,2207.94,0,0
SKU-00025,96,2025-11-03,92,75,3379.5,766.02,1,3
SKU-00025,97,2025-11-10,104,104,4686.24,0.0,1,2
SKU-00025,98,2025-11-17,69,69,3109.1400000000003,0.0,0,0
SKU-00025,99,2025-11-24,76,76,3424.5600000000004,0.0,0,0
SKU-00025,100,2025-12-01,72,72,3244.32,0.0,0,0
SKU-00025,101,2025-12-08,64,42,1892.52,991.32,0,0
SKU-00025,102,2025-12-15,70,31,1396.8600000000001,1757.3400000000001,0,0
SKU-00025,103,2025-12-22,61,23,1036.38,1712.2800000000002,0,0
SKU-00026,0,2024-01-01,97,97,1939.0299999999997,0.0,0,0
SKU-00026,1,2024-01-08,109,109,2178.91,0.0,0,0
SKU-00026,2,2024-01-15,93,93,1859.07,0.0,0,0
SKU-00026,3,2024-01-22,80,80,1599.1999999999998,0.0,0,0
SKU-00026,4,2024-01-29,134,134,2678.66,0.0,0,0
SKU-00026,5,2024-02-05,147,147,2938.5299999999997,0.0,0,0
SKU-00026,6,2024-02-12,122,122,2438.7799999999997,0.0,0,0
SKU-00026,7,2024-02-19,173,173,3458.2699999999995,0.0,1,5
SKU-00026,8,2024-02-26,196,139,2778.6099999999997,1139.4299999999998,1,5
SKU-00026,9,2024-03-04,138,0,0.0,2758.62,0,0
SKU-00026,10,2024-03-11,184,184,3678.16,0.0,0,0
SKU-00026,11,2024-03-18,81,81,1619.1899999999998,0.0,0,0
SKU-00026,12,2024-03-25,143,143,2858.5699999999997,0.0,0,0
SKU-00026,13,2024-04-01,116,116,2318.8399999999997,0.0,0,0
SKU-00026,14,2024-04-08,139,139,2778.6099999999997,0.0,0,0
SKU-00026,15,2024-04-15,143,143,2858.5699999999997,0.0,0,0
SKU-00026,16,2024-04-22,151,151,3018.49,0.0,0,0
SKU-00026,17,2024-04-29,119,119,2378.81,0.0,0,0
SKU-00026,18,2024-05-06,146,146,2918.54,0.0,1,2
SKU-00026,19,2024-05-13,200,134,2678.66,1319.34,1,4
SKU-00026,20,2024-05-20,119,119,2378.81,0.0,0,0
SKU-00026,21,2024-05-27,134,134,2678.66,0.0,0,0
SKU-00026,22,2024-06-03,129,129,2578.7099999999996,0.0,0,0
SKU-00026,23,2024-06-10,144,144,2878.56,0.0,0,0
SKU-00026,24,2024-06-17,113,88,1759.12,499.74999999999994,0,0
SKU-00026,25,2024-06-24,123,123,2458.77,0.0,0,0
SKU-00026,26,2024-07-01,98,89,1779.11,179.91,0,0
SKU-00026,27,2024-07-08,98,54,1079.4599999999998,879.56,0,0
SKU-00026,28,2024-07-15,122,122,2438.7799999999997,0.0,1,3
SKU-00026,29,2024-07-22,103,103,2058.97,0.0,0,0
SKU-00026,30,2024-07-29,105,105,2098.95,0.0,0,0
SKU-00026,31,2024-08-05,87,87,1739.1299999999999,0.0,0,0
SKU-00026,32,2024-08-12,88,88,1759.12,0.0,0,0
SKU-00026,33,2024-08-19,67,67,1339.33,0.0,0,0
SKU-00026,34,2024-08-26,77,77,1539.2299999999998,0.0,0,0
SKU-00026,35,2024-09-02,77,77,1539.2299999999998,0.0,0,0
SKU-00026,36,2024-09-09,137,127,2538.73,199.89999999999998,1,6
SKU-00026,37,2024-09-16,104,104,2078.96,0.0,0,0
SKU-00026,38,2024-09-23,71,71,1419.29,0.0,0,0
SKU-00026,39,2024-09-30,104,104,2078.96,0.0,0,0
SKU-00026,40,2024-10-07,87,87,1739.1299999999999,0.0,0,0
SKU-00026,41,2024-10-14,93,93,1859.07,0.0,0,0
SKU-00026,42,2024-10-21,96,96,1919.04,0.0,0,0
SKU-00026,43,2024-10-28,86,86,1719.1399999999999,0.0,0,0
SKU-00026,44,2024-11-04,84,84,1679.1599999999999,0.0,0,0
SKU-00026,45,2024-11-11,91,91,1819.09,0.0,0,0
SKU-00026,46,2024-11-18,93,93,1859.07,0.0,0,0
SKU-00026,47,2024-11-25,90,90,1799.1,0.0,0,0
SKU-00026,48,2024-12-02,83,83,1659.1699999999998,0.0,0,0
SKU-00026,49,2024-12-09,109,76,1519.2399999999998,659.67,0,0
SKU-00026,50,2024-12-16,117,117,2338.83,0.0,0,0
SKU-00026,51,2024-12-23,112,112,2238.8799999999997,0.0,0,0
SKU-00026,52,2024-12-30,108,108,2158.9199999999996,0.0,0,0
SKU-00026,53,2025-01-06,116,116,2318.8399999999997,0.0,0,0
SKU-00026,54,2025-01-13,107,107,2138.93,0.0,0,0
SKU-00026,55,2025-01-20,140,140,2798.6,0.0,0,0
SKU-00026,56,2025-01-27,158,158,3158.4199999999996,0.0,0,0
SKU-00026,57,2025-02-03,232,87,1739.1299999999999,2898.5499999999997,1,4
SKU-00026,58,2025-02-10,160,160,3198.3999999999996,0.0,0,0
SKU-00026,59,2025-02-17,152,152,3038.4799999999996,0.0,0,0
SKU-00026,60,2025-02-24,143,143,2858.5699999999997,0.0,0,0
SKU-00026,61,2025-03-03,146,146,2918.54,0.0,0,0
SKU-00026,62,2025-03-10,180,135,2698.6499999999996,899.55,0,0
SKU-00026,63,2025-03-17,152,31,619.6899999999999,2418.79,0,0
SKU-00026,64,2025-03-24,181,181,3618.1899999999996,0.0,0,0
SKU-00026,65,2025-03-31,187,133,2658.6699999999996,1079.4599999999998,0,0
SKU-00026,66,2025-04-07,130,130,2598.7,0.0,0,0
SKU-00026,67,2025-04-14,144,144,2878.56,0.0,0,0
SKU-00026,68,2025-04-21,164,34,679.66,2598.7,0,0
SKU-00026,69,2025-04-28,179,179,3578.2099999999996,0.0,0,0
SKU-00026,70,2025-05-05,127,127,2538.73,0.0,0,0
SKU-00026,71,2025-05-12,114,114,2278.8599999999997,0.0,0,0
SKU-00026,72,2025-05-19,105,105,2098.95,0.0,0,0
SKU-00026,73,2025-05-26,138,138,2758.62,0.0,0,0
SKU-00026,74,2025-06-02,171,171,3418.2899999999995,0.0,0,0
SKU-00026,75,2025-06-09,124,124,2478.7599999999998,0.0,0,0
SKU-00026,76,2025-06-16,136,136,2718.64,0.0,0,0
SKU-00026,77,2025-06-23,152,152,3038.4799999999996,0.0,0,0
SKU-00026,78,2025-06-30,128,128,2558.72,0.0,0,0
SKU-00026,79,2025-07-07,134,82,1639.1799999999998,1039.48,0,0
SKU-00026,80,2025-07-14,156,156,3118.4399999999996,0.0,0,0
SKU-00026,81,2025-07-21,133,110,2198.8999999999996,459.77,0,0
SKU-00026,82,2025-07-28,97,97,1939.0299999999997,0.0,0,0
SKU-00026,83,2025-08-04,119,119,2378.81,0.0,0,0
SKU-00026,84,2025-08-11,117,117,2338.83,0.0,0,0
SKU-00026,85,2025-08-18,83,83,1659.1699999999998,0.0,0,0
SKU-00026,86,2025-08-25,98,98,1959.0199999999998,0.0,0,0
SKU-00026,87,2025-09-01,94,94,1879.06,0.0,0,0
SKU-00026,88,2025-09-08,87,87,1739.1299999999999,0.0,0,0
SKU-00026,89,2025-09-15,86,86,1719.1399999999999,0.0,0,0
SKU-00026,90,2025-09-22,81,81,1619.1899999999998,0.0,0,0
SKU-00026,91,2025-09-29,94,94,1879.06,0.0,0,0
SKU-00026,92,2025-10-06,82,82,1639.1799999999998,0.0,0,0
SKU-00026,93,2025-10-13,100,100,1998.9999999999998,0.0,0,0
SKU-00026,94,2025-10-20,90,90,1799.1,0.0,0,0
SKU-00026,95,2025-10-27,91,91,1819.09,0.0,0,0
SKU-00026,96,2025-11-03,87,87,1739.1299999999999,0.0,0,0
SKU-00026,97,2025-11-10,134,134,2678.66,0.0,0,0
SKU-00026,98,2025-11-17,145,145,2898.5499999999997,0.0,1,5
SKU-00026,99,2025-11-24,129,102,2038.9799999999998,539.7299999999999,0,0
SKU-00026,100,2025-12-01,120,120,2398.7999999999997,0.0,0,0
SKU-00026,101,2025-12-08,126,126,2518.74,0.0,0,0
SKU-00026,102,2025-12-15,164,164,3278.3599999999997,0.0,0,0
SKU-00026,103,2025-12-22,150,150,2998.4999999999995,0.0,0,0
SKU-00027,0,2024-01-01,62,62,366.42,0.0,0,0
SKU-00027,1,2024-01-08,70,70,413.7,0.0,0,0
SKU-00027,2,2024-01-15,62,62,366.42,0.0,0,0
SKU-00027,3,2024-01-22,66,66,390.06,0.0,0,0
SKU-00027,4,2024-01-29,61,61,360.51,0.0,0,0
SKU-00027,5,2024-02-05,69,69,407.79,0.0,0,0
SKU-00027,6,2024-02-12,90,63,372.33,159.57,1,4
SKU-00027,7,2024-02-19,103,76,449.16,159.57,1,7
SKU-00027,8,2024-02-26,62,34,200.94,165.48000000000002,0,0
SKU-00027,9,2024-03-04,56,40,236.4,94.56,0,0
SKU-00027,10,2024-03-11,59,59,348.69,0.0,0,0
SKU-00027,11,2024-03-18,56,56,330.96000000000004,0.0,0,0
SKU-00027,12,2024-03-25,55,55,325.05,0.0,0,0
SKU-00027,13,2024-04-01,52,52,307.32,0.0,0,0
SKU-00027,14,2024-04-08,47,47,277.77,0.0,0,0
SKU-00027,15,2024-04-15,60,60,354.6,0.0,0,0
SKU-00027,16,2024-04-22,57,57,336.87,0.0,1,2
SKU-00027,17,2024-04-29,61,61,360.51,0.0,1,5
SKU-00027,18,2024-05-06,43,43,254.13,0.0,0,0
SKU-00027,19,2024-05-13,51,51,301.41,0.0,0,0
SKU-00027,20,2024-05-20,44,44,260.04,0.0,0,0
SKU-00027,21,2024-05-27,42,37,218.67000000000002,29.55,0,0
SKU-00027,22,2024-06-03,50,41,242.31,53.19,0,0
SKU-00027,23,2024-06-10,45,45,265.95,0.0,0,0
SKU-00027,24,2024-06-17,50,50,295.5,0.0,1,6
SKU-00027,25,2024-06-24,45,45,265.95,0.0,0,0
SKU-00027,26,2024-07-01,39,39,230.49,0.0,0,0
SKU-00027,27,2024-07-08,49,49,289.59000000000003,0.0,0,0
SKU-00027,28,2024-07-15,45,45,265.95,0.0,0,0
SKU-00027,29,2024-07-22,48,48,283.68,0.0,0,0
SKU-00027,30,2024-07-29,47,47,277.77,0.0,0,0
SKU-00027,31,2024-08-05,55,55,325.05,0.0,0,0
SKU-00027,32,2024-08-12,67,67,395.97,0.0,1,3
SKU-00027,33,2024-08-19,48,48,283.68,0.0,1,2
SKU-00027,34,2024-08-26,41,41,242.31,0.0,0,0
SKU-00027,35,2024-09-02,86,86,508.26,0.0,1,6
SKU-00027,36,2024-09-09,63,63,372.33,0.0,1,1
SKU-00027,37,2024-09-16,54,54,319.14,0.0,0,0
SKU-00027,38,2024-09-23,50,50,295.5,0.0,0,0
SKU-00027,39,2024-09-30,49,49,289.59000000000003,0.0,0,0
SKU-00027,40,2024-10-07,63,39,230.49,141.84,0,0
SKU-00027,41,2024-10-14,60,39,230.49,124.11,0,0
SKU-00027,42,2024-10-21,63,63,372.33,0.0,0,0
SKU-00027,43,2024-10-28,58,58,342.78000000000003,0.0,0,0
SKU-00027,44,2024-11-04,66,57,336.87,53.19,0,0
SKU-00027,45,2024-11-11,67,67,395.97,0.0,0,0
SKU-00027,46,2024-11-18,69,69,407.79,0.0,0,0
SKU-00027,47,2024-11-25,70,70,413.7,0.0,0,0
SKU-00027,48,2024-12-02,72,72,425.52,0.0,0,0
SKU-00027,49,2024-12-09,69,37,218.67000000000002,189.12,0,0
SKU-00027,50,2024-12-16,68,34,200.94,200.94,0,0
SKU-00027,51,2024-12-23,60,60,354.6,0.0,0,0
SKU-00027,52,2024-12-30,70,68,401.88,11.82,0,0
SKU-00027,53,2025-01-06,62,62,366.42,0.0,0,0
SKU-00027,54,2025-01-13,70,70,413.7,0.0,0,0
SKU-00027,55,2025-01-20,75,75,443.25,0.0,0,0
SKU-00027,56,2025-01-27,102,102,602.82,0.0,1,5
SKU-00027,57,2025-02-03,83,49,289.59000000000003,200.94,1,1
SKU-00027,58,2025-02-10,63,32,189.12,183.21,0,0
SKU-00027,59,2025-02-17,69,59,348.69,59.1,0,0
SKU-00027,60,2025-02-24,74,74,437.34000000000003,0.0,0,0
SKU-00027,61,2025-03-03,70,70,413.7,0.0,0,0
SKU-00027,62,2025-03-10,61,61,360.51,0.0,0,0
SKU-00027,63,2025-03-17,67,67,395.97,0.0,0,0
SKU-00027,64,2025-03-24,57,56,330.96000000000004,5.91,0,0
SKU-00027,65,2025-03-31,63,63,372.33,0.0,0,0
SKU-00027,66,2025-04-07,60,60,354.6,0.0,0,0
SKU-00027,67,2025-04-14,54,49,289.59000000000003,29.55,0,0
SKU-00027,68,2025-04-21,66,34,200.94,189.12,0,0
SKU-00027,69,2025-04-28,46,46,271.86,0.0,0,0
SKU-00027,70,2025-05-05,54,54,319.14,0.0,0,0
SKU-00027,71,2025-05-12,47,47,277.77,0.0,0,0
SKU-00027,72,2025-05-19,55,37,218.67000000000002,106.38,0,0
SKU-00027,73,2025-05-26,52,26,153.66,153.66,0,0
SKU-00027,74,2025-06-02,58,48,283.68,59.1,0,0
SKU-00027,75,2025-06-09,42,42,248.22,0.0,0,0
SKU-00027,76,2025-06-16,55,55,325.05,0.0,0,0
SKU-00027,77,2025-06-23,55,55,325.05,0.0,0,0
SKU-00027,78,2025-06-30,42,42,248.22,0.0,0,0
SKU-00027,79,2025-07-07,51,51,301.41,0.0,0,0
SKU-00027,80,2025-07-14,55,55,325.05,0.0,0,0
SKU-00027,81,2025-07-21,57,57,336.87,0.0,0,0
SKU-00027,82,2025-07-28,56,56,330.96000000000004,0.0,0,0
SKU-00027,83,2025-08-04,48,48,283.68,0.0,0,0
SKU-00027,84,2025-08-11,51,51,301.41,0.0,0,0
SKU-00027,85,2025-08-18,53,53,313.23,0.0,0,0
SKU-00027,86,2025-08-25,54,54,319.14,0.0,0,0
SKU-00027,87,2025-09-01,55,55,325.05,0.0,0,0
SKU-00027,88,2025-09-08,59,59,348.69,0.0,0,0
SKU-00027,89,2025-09-15,65,65,384.15000000000003,0.0,0,0
SKU-00027,90,2025-09-22,54,54,319.14,0.0,0,0
SKU-00027,91,2025-09-29,64,64,378.24,0.0,0,0
SKU-00027,92,2025-10-06,68,68,401.88,0.0,0,0
SKU-00027,93,2025-10-13,61,61,360.51,0.0,0,0
SKU-00027,94,2025-10-20,59,59,348.69,0.0,0,0
SKU-00027,95,2025-10-27,119,119,703.29,0.0,1,5
SKU-00027,96,2025-11-03,60,58,342.78000000000003,11.82,0,0
SKU-00027,97,2025-11-10,78,78,460.98,0.0,0,0
SKU-00027,98,2025-11-17,68,68,401.88,0.0,0,0
SKU-00027,99,2025-11-24,79,55,325.05,141.84,0,0
SKU-00027,100,2025-12-01,64,43,254.13,124.11,0,0
SKU-00027,101,2025-12-08,89,40,236.4,289.59000000000003,0,0
SKU-00027,102,2025-12-15,77,71,419.61,35.46,0,0
SKU-00027,103,2025-12-22,70,70,413.7,0.0,0,0
SKU-00028,0,2024-01-01,21,21,499.59,0.0,0,0
SKU-00028,1,2024-01-08,25,25,594.75,0.0,0,0
SKU-00028,2,2024-01-15,27,27,642.3299999999999,0.0,1,7
SKU-00028,3,2024-01-22,22,22,523.38,0.0,0,0
SKU-00028,4,2024-01-29,34,34,808.86,0.0,0,0
SKU-00028,5,2024-02-05,43,43,1022.9699999999999,0.0,0,0
SKU-00028,6,2024-02-12,16,16,380.64,0.0,0,0
SKU-00028,7,2024-02-19,35,35,832.65,0.0,0,0
SKU-00028,8,2024-02-26,38,38,904.02,0.0,1,5
SKU-00028,9,2024-03-04,30,30,713.6999999999999,0.0,1,1
SKU-00028,10,2024-03-11,22,22,523.38,0.0,0,0
SKU-00028,11,2024-03-18,23,23,547.17,0.0,0,0
SKU-00028,12,2024-03-25,33,33,785.0699999999999,0.0,0,0
SKU-00028,13,2024-04-01,28,28,666.12,0.0,0,0
SKU-00028,14,2024-04-08,27,27,642.3299999999999,0.0,0,0
SKU-00028,15,2024-04-15,20,20,475.79999999999995,0.0,0,0
SKU-00028,16,2024-04-22,23,23,547.17,0.0,0,0
SKU-00028,17,2024-04-29,14,14,333.06,0.0,0,0
SKU-00028,18,2024-05-06,25,25,594.75,0.0,0,0
SKU-00028,19,2024-05-13,29,29,689.91,0.0,0,0
SKU-00028,20,2024-05-20,26,26,618.54,0.0,0,0
SKU-00028,21,2024-05-27,29,29,689.91,0.0,0,0
SKU-00028,22,2024-06-03,31,31,737.49,0.0,0,0
SKU-00028,23,2024-06-10,13,13,309.27,0.0,0,0
SKU-00028,24,2024-06-17,19,19,452.01,0.0,0,0
SKU-00028,25,2024-06-24,25,19,452.01,142.74,0,0
SKU-00028,26,2024-07-01,21,21,499.59,0.0,0,0
SKU-00028,27,2024-07-08,29,29,689.91,0.0,1,1
SKU-00028,28,2024-07-15,23,23,547.17,0.0,1,5
SKU-00028,29,2024-07-22,25,25,594.75,0.0,0,0
SKU-00028,30,2024-07-29,23,23,547.17,0.0,0,0
SKU-00028,31,2024-08-05,15,15,356.84999999999997,0.0,0,0
SKU-00028,32,2024-08-12,21,21,499.59,0.0,0,0
SKU-00028,33,2024-08-19,20,20,475.79999999999995,0.0,0,0
SKU-00028,34,2024-08-26,15,15,356.84999999999997,0.0,0,0
SKU-00028,35,2024-09-02,25,25,594.75,0.0,0,0
SKU-00028,36,2024-09-09,22,22,523.38,0.0,0,0
SKU-00028,37,2024-09-16,27,13,309.27,333.06,0,0
SKU-00028,38,2024-09-23,26,26,618.54,0.0,0,0
SKU-00028,39,2024-09-30,26,26,618.54,0.0,0,0
SKU-00028,40,2024-10-07,18,18,428.21999999999997,0.0,0,0
SKU-00028,41,2024-10-14,21,21,499.59,0.0,0,0
SKU-00028,42,2024-10-21,26,26,618.54,0.0,0,0
SKU-00028,43,2024-10-28,24,24,570.96,0.0,0,0
SKU-00028,44,2024-11-04,21,21,499.59,0.0,0,0
SKU-00028,45,2024-11-11,18,18,428.21999999999997,0.0,0,0
SKU-00028,46,2024-11-18,34,19,452.01,356.84999999999997,0,0
SKU-00028,47,2024-11-25,22,22,523.38,0.0,0,0
SKU-00028,48,2024-12-02,32,32,761.28,0.0,0,0
SKU-00028,49,2024-12-09,24,24,570.96,0.0,0,0
SKU-00028,50,2024-12-16,26,26,618.54,0.0,0,0
SKU-00028,51,2024-12-23,28,28,666.12,0.0,0,0
SKU-00028,52,2024-12-30,19,4,95.16,356.84999999999997,0,0
SKU-00028,53,2025-01-06,34,31,737.49,71.37,0,0
SKU-00028,54,2025-01-13,21,21,499.59,0.0,0,0
SKU-00028,55,2025-01-20,21,21,499.59,0.0,0,0
SKU-00028,56,2025-01-27,25,25,594.75,0.0,0,0
SKU-00028,57,2025-02-03,20,20,475.79999999999995,0.0,0,0
SKU-00028,58,2025-02-10,27,27,642.3299999999999,0.0,0,0
SKU-00028,59,2025-02-17,30,30,713.6999999999999,0.0,0,0
SKU-00028,60,2025-02-24,25,25,594.75,0.0,0,0
SKU-00028,61,2025-03-03,21,21,499.59,0.0,0,0
SKU-00028,62,2025-03-10,28,28,666.12,0.0,1,2
SKU-00028,63,2025-03-17,40,40,951.5999999999999,0.0,1,5
SKU-00028,64,2025-03-24,17,17,404.43,0.0,0,0
SKU-00028,65,2025-03-31,6,6,142.74,0.0,0,0
SKU-00028,66,2025-04-07,19,19,452.01,0.0,0,0
SKU-00028,67,2025-04-14,20,20,475.79999999999995,0.0,0,0
SKU-00028,68,2025-04-21,18,18,428.21999999999997,0.0,0,0
SKU-00028,69,2025-04-28,25,25,594.75,0.0,0,0
SKU-00028,70,2025-05-05,20,20,475.79999999999995,0.0,0,0
SKU-00028,71,2025-05-12,20,20,475.79999999999995,0.0,0,0
SKU-00028,72,2025-05-19,26,26,618.54,0.0,0,0
SKU-00028,73,2025-05-26,18,18,428.21999999999997,0.0,0,0
SKU-00028,74,2025-06-02,21,21,499.59,0.0,0,0
SKU-00028,75,2025-06-09,20,20,475.79999999999995,0.0,0,0
SKU-00028,76,2025-06-16,19,19,452.01,0.0,0,0
SKU-00028,77,2025-06-23,14,14,333.06,0.0,0,0
SKU-00028,78,2025-06-30,19,19,452.01,0.0,0,0
SKU-00028,79,2025-07-07,19,19,452.01,0.0,0,0
SKU-00028,80,2025-07-14,20,20,475.79999999999995,0.0,0,0
SKU-00028,81,2025-07-21,18,16,380.64,47.58,0,0
SKU-00028,82,2025-07-28,20,17,404.43,71.37,0,0
SKU-00028,83,2025-08-04,14,14,333.06,0.0,0,0
SKU-00028,84,2025-08-11,20,20,475.79999999999995,0.0,0,0
SKU-00028,85,2025-08-18,31,31,737.49,0.0,1,3
SKU-00028,86,2025-08-25,26,26,618.54,0.0,1,4
SKU-00028,87,2025-09-01,18,18,428.21999999999997,0.0,0,0
SKU-00028,88,2025-09-08,28,19,452.01,214.10999999999999,0,0
SKU-00028,89,2025-09-15,23,23,547.17,0.0,0,0
SKU-00028,90,2025-09-22,25,25,594.75,0.0,0,0
SKU-00028,91,2025-09-29,29,13,309.27,380.64,0,0
SKU-00028,92,2025-10-06,20,15,356.84999999999997,118.94999999999999,0,0
SKU-00028,93,2025-10-13,28,28,666.12,0.0,1,3
SKU-00028,94,2025-10-20,21,21,499.59,0.0,0,0
SKU-00028,95,2025-10-27,25,25,594.75,0.0,0,0
SKU-00028,96,2025-11-03,24,24,570.96,0.0,0,0
SKU-00028,97,2025-11-10,16,16,380.64,0.0,0,0
SKU-00028,98,2025-11-17,32,32,761.28,0.0,1,4
SKU-00028,99,2025-11-24,19,19,452.01,0.0,1,2
SKU-00028,100,2025-12-01,34,34,808.86,0.0,0,0
SKU-00028,101,2025-12-08,23,23,547.17,0.0,0,0
SKU-00028,102,2025-12-15,23,23,547.17,0.0,0,0
SKU-00028,103,2025-12-22,25,25,594.75,0.0,0,0
SKU-00029,0,2024-01-01,479,479,18724.11,0.0,0,0
SKU-00029,1,2024-01-08,475,475,18567.75,0.0,0,0
SKU-00029,2,2024-01-15,486,486,18997.74,0.0,0,0
SKU-00029,3,2024-01-22,385,385,15049.650000000001,0.0,0,0
SKU-00029,4,2024-01-29,471,471,18411.390000000003,0.0,0,0
SKU-00029,5,2024-02-05,590,460,17981.4,5081.700000000001,0,0
SKU-00029,6,2024-02-12,509,509,19896.81,0.0,0,0
SKU-00029,7,2024-02-19,420,420,16417.800000000003,0.0,0,0
SKU-00029,8,2024-02-26,584,584,22828.56,0.0,0,0
SKU-00029,9,2024-03-04,465,465,18176.850000000002,0.0,0,0
SKU-00029,10,2024-03-11,541,541,21147.690000000002,0.0,0,0
SKU-00029,11,2024-03-18,333,333,13016.970000000001,0.0,0,0
SKU-00029,12,2024-03-25,370,370,14463.300000000001,0.0,0,0
SKU-00029,13,2024-04-01,547,547,21382.230000000003,0.0,0,0
SKU-00029,14,2024-04-08,505,505,19740.45,0.0,0,0
SKU-00029,15,2024-04-15,348,348,13603.320000000002,0.0,0,0
SKU-00029,16,2024-04-22,370,370,14463.300000000001,0.0,0,0
SKU-00029,17,2024-04-29,455,455,17785.95,0.0,0,0
SKU-00029,18,2024-05-06,410,410,16026.900000000001,0.0,1,2
SKU-00029,19,2024-05-13,736,736,28770.24,0.0,1,7
SKU-00029,20,2024-05-20,466,466,18215.940000000002,0.0,0,0
SKU-00029,21,2024-05-27,402,402,15714.180000000002,0.0,0,0
SKU-00029,22,2024-06-03,489,327,12782.43,6332.580000000001,0,0
SKU-00029,23,2024-06-10,473,473,18489.570000000003,0.0,0,0
SKU-00029,24,2024-06-17,446,427,16691.43,742.71,0,0
SKU-00029,25,2024-06-24,417,417,16300.53,0.0,0,0
SKU-00029,26,2024-07-01,621,621,24274.890000000003,0.0,0,0
SKU-00029,27,2024-07-08,430,430,16808.7,0.0,0,0
SKU-00029,28,2024-07-15,390,390,15245.100000000002,0.0,0,0
SKU-00029,29,2024-07-22,429,319,12469.710000000001,4299.900000000001,0,0
SKU-00029,30,2024-07-29,497,480,18763.2,664.5300000000001,0,0
SKU-00029,31,2024-08-05,541,541,21147.690000000002,0.0,0,0
SKU-00029,32,2024-08-12,404,404,15792.36,0.0,0,0
SKU-00029,33,2024-08-19,439,299,11687.910000000002,5472.6,0,0
SKU-00029,34,2024-08-26,502,469,18333.210000000003,1289.97,0,0
SKU-00029,35,2024-09-02,451,418,16339.62,1289.97,0,0
SKU-00029,36,2024-09-09,634,634,24783.06,0.0,0,0
SKU-00029,37,2024-09-16,543,502,19623.18,1602.69,0,0
SKU-00029,38,2024-09-23,564,564,22046.760000000002,0.0,0,0
SKU-00029,39,2024-09-30,477,428,16730.52,1915.41,0,0
SKU-00029,40,2024-10-07,554,554,21655.86,0.0,0,0
SKU-00029,41,2024-10-14,786,463,18098.670000000002,12626.070000000002,0,0
SKU-00029,42,2024-10-21,644,353,13798.77,11375.19,0,0
SKU-00029,43,2024-10-28,590,590,23063.100000000002,0.0,0,0
SKU-00029,44,2024-11-04,613,354,13837.86,10124.310000000001,0,0
SKU-00029,45,2024-11-11,603,603,23571.27,0.0,0,0
SKU-00029,46,2024-11-18,597,597,23336.730000000003,0.0,0,0
SKU-00029,47,2024-11-25,544,544,21264.960000000003,0.0,0,0
SKU-00029,48,2024-12-02,538,538,21030.420000000002,0.0,0,0
SKU-00029,49,2024-12-09,726,726,28379.340000000004,0.0,0,0
SKU-00029,50,2024-12-16,728,662,25877.58,2579.94,0,0
SKU-00029,51,2024-12-23,624,392,15323.28,9068.880000000001,0,0
SKU-00029,52,2024-12-30,664,664,25955.760000000002,0.0,1,1
SKU-00029,53,2025-01-06,768,768,30021.120000000003,0.0,1,5
SKU-00029,54,2025-01-13,671,213,8326.17,17903.22,0,0
SKU-00029,55,2025-01-20,747,493,19271.370000000003,9928.86,1,3
SKU-00029,56,2025-01-27,626,551,21538.59,2931.7500000000005,1,4
SKU-00029,57,2025-02-03,545,545,21304.050000000003,0.0,0,0
SKU-00029,58,2025-02-10,530,530,20717.7,0.0,0,0
SKU-00029,59,2025-02-17,416,370,14463.300000000001,1798.14,0,0
SKU-00029,60,2025-02-24,656,448,17512.32,8130.720000000001,0,0
SKU-00029,61,2025-03-03,454,454,17746.86,0.0,0,0
SKU-00029,62,2025-03-10,764,764,29864.760000000002,0.0,1,3
SKU-00029,63,2025-03-17,571,562,21968.58,351.81000000000006,1,2
SKU-00029,64,2025-03-24,505,344,13446.960000000001,6293.490000000001,0,0
SKU-00029,65,2025-03-31,474,474,18528.66,0.0,0,0
SKU-00029,66,2025-04-07,711,711,27792.99,0.0,1,4
SKU-00029,67,2025-04-14,631,631,24665.79,0.0,1,3
SKU-00029,68,2025-04-21,613,481,18802.29,5159.88,0,0
SKU-00029,69,2025-04-28,517,38,1485.42,18724.11,0,0
SKU-00029,70,2025-05-05,536,404,15792.36,5159.88,0,0
SKU-00029,71,2025-05-12,843,843,32952.87,0.0,1,6
SKU-00029,72,2025-05-19,675,675,26385.750000000004,0.0,0,0
SKU-00029,73,2025-05-26,447,447,17473.230000000003,0.0,0,0
SKU-00029,74,2025-06-02,442,277,10827.93,6449.85,0,0
SKU-00029,75,2025-06-09,414,328,12821.52,3361.7400000000002,0,0
SKU-00029,76,2025-06-16,518,518,20248.620000000003,0.0,0,0
SKU-00029,77,2025-06-23,567,567,22164.030000000002,0.0,0,0
SKU-00029,78,2025-06-30,587,318,12430.62,10515.210000000001,0,0
SKU-00029,79,2025-07-07,423,182,7114.380000000001,9420.69,0,0
SKU-00029,80,2025-07-14,629,629,24587.61,0.0,0,0
SKU-00029,81,2025-07-21,593,529,20678.61,2501.76,0,0
SKU-00029,82,2025-07-28,625,625,24431.250000000004,0.0,0,0
SKU-00029,83,2025-08-04,509,509,19896.81,0.0,0,0
SKU-00029,84,2025-08-11,636,636,24861.24,0.0,0,0
SKU-00029,85,2025-08-18,623,402,15714.180000000002,8638.890000000001,0,0
SKU-00029,86,2025-08-25,607,573,22398.570000000003,1329.0600000000002,0,0
SKU-00029,87,2025-09-01,587,587,22945.83,0.0,0,0
SKU-00029,88,2025-09-08,644,644,25173.960000000003,0.0,0,0
SKU-00029,89,2025-09-15,644,538,21030.420000000002,4143.54,0,0
SKU-00029,90,2025-09-22,746,746,29161.140000000003,0.0,1,2
SKU-00029,91,2025-09-29,610,173,6762.570000000001,17082.33,1,1
SKU-00029,92,2025-10-06,725,651,25447.590000000004,2892.6600000000003,0,0
SKU-00029,93,2025-10-13,613,613,23962.170000000002,0.0,0,0
SKU-00029,94,2025-10-20,803,803,31389.270000000004,0.0,0,0
SKU-00029,95,2025-10-27,690,464,18137.760000000002,8834.34,0,0
SKU-00029,96,2025-11-03,619,37,1446.3300000000002,22750.38,0,0
SKU-00029,97,2025-11-10,871,871,34047.39,0.0,0,0
SKU-00029,98,2025-11-17,751,751,29356.590000000004,0.0,0,0
SKU-00029,99,2025-11-24,791,791,30920.190000000002,0.0,0,0
SKU-00029,100,2025-12-01,761,310,12117.900000000001,17629.59,0,0
SKU-00029,101,2025-12-08,866,500,19545.0,14306.94,0,0
SKU-00029,102,2025-12-15,688,688,26893.920000000002,0.0,0,0
SKU-00029,103,2025-12-22,841,628,24548.52,8326.17,0,0
SKU-00030,0,2024-01-01,295,295,3295.15,0.0,0,0
SKU-00030,1,2024-01-08,282,282,3149.94,0.0,1,1
SKU-00030,2,2024-01-15,302,302,3373.34,0.0,1,4
SKU-00030,3,2024-01-22,245,245,2736.65,0.0,0,0
SKU-00030,4,2024-01-29,227,227,2535.59,0.0,0,0
SKU-00030,5,2024-02-05,243,147,1641.99,1072.32,0,0
SKU-00030,6,2024-02-12,243,243,2714.31,0.0,0,0
SKU-00030,7,2024-02-19,247,247,2758.99,0.0,0,0
SKU-00030,8,2024-02-26,211,211,2356.87,0.0,0,0
SKU-00030,9,2024-03-04,247,247,2758.99,0.0,0,0
SKU-00030,10,2024-03-11,250,138,1541.46,1251.04,0,0
SKU-00030,11,2024-03-18,301,263,2937.71,424.46,0,0
SKU-00030,12,2024-03-25,281,281,3138.77,0.0,0,0
SKU-00030,13,2024-04-01,257,257,2870.69,0.0,0,0
SKU-00030,14,2024-04-08,310,310,3462.7,0.0,0,0
SKU-00030,15,2024-04-15,327,233,2602.61,1049.98,0,0
SKU-00030,16,2024-04-22,308,296,3306.32,134.04,0,0
SKU-00030,17,2024-04-29,360,360,4021.2,0.0,0,0
SKU-00030,18,2024-05-06,340,245,2736.65,1061.15,0,0
SKU-00030,19,2024-05-13,429,335,3741.95,1049.98,1,2
SKU-00030,20,2024-05-20,534,112,1251.04,4713.74,1,6
SKU-00030,21,2024-05-27,420,338,3775.46,915.9399999999999,0,0
SKU-00030,22,2024-06-03,404,404,4512.68,0.0,0,0
SKU-00030,23,2024-06-10,447,447,4992.99,0.0,0,0
SKU-00030,24,2024-06-17,419,156,1742.52,2937.71,0,0
SKU-00030,25,2024-06-24,355,140,1563.8,2401.55,0,0
SKU-00030,26,2024-07-01,462,215,2401.55,2758.99,0,0
SKU-00030,27,2024-07-08,399,225,2513.25,1943.58,0,0
SKU-00030,28,2024-07-15,518,386,4311.62,1474.44,0,0
SKU-00030,29,2024-07-22,467,253,2826.0099999999998,2390.38,0,0
SKU-00030,30,2024-07-29,457,409,4568.53,536.16,0,0
SKU-00030,31,2024-08-05,457,438,4892.46,212.23,0,0
SKU-00030,32,2024-08-12,584,440,4914.8,1608.48,1,6
SKU-00030,33,2024-08-19,413,296,3306.32,1306.89,0,0
SKU-00030,34,2024-08-26,405,126,1407.42,3116.43,0,0
SKU-00030,35,2024-09-02,418,105,1172.85,3496.21,0,0
SKU-00030,36,2024-09-09,392,313,3496.21,882.43,0,0
SKU-00030,37,2024-09-16,552,552,6165.84,0.0,1,3
SKU-00030,38,2024-09-23,410,410,4579.7,0.0,0,0
SKU-00030,39,2024-09-30,487,487,5439.79,0.0,1,3
SKU-00030,40,2024-10-07,432,416,4646.72,178.72,0,0
SKU-00030,41,2024-10-14,448,316,3529.72,1474.44,0,0
SKU-00030,42,2024-10-21,355,122,1362.74,2602.61,0,0
SKU-00030,43,2024-10-28,366,197,2200.49,1887.73,0,0
SKU-00030,44,2024-11-04,286,150,1675.5,1519.12,0,0
SKU-00030,45,2024-11-11,310,310,3462.7,0.0,0,0
SKU-00030,46,2024-11-18,312,312,3485.04,0.0,0,0
SKU-00030,47,2024-11-25,338,238,2658.46,1117.0,0,0
SKU-00030,48,2024-12-02,259,259,2893.03,0.0,0,0
SKU-00030,49,2024-12-09,273,236,2636.12,413.29,0,0
SKU-00030,50,2024-12-16,250,201,2245.17,547.33,0,0
SKU-00030,51,2024-12-23,240,240,2680.8,0.0,0,0
SKU-00030,52,2024-12-30,324,324,3619.08,0.0,0,0
SKU-00030,53,2025-01-06,267,229,2557.93,424.46,0,0
SKU-00030,54,2025-01-13,238,238,2658.46,0.0,0,0
SKU-00030,55,2025-01-20,220,197,2200.49,256.91,0,0
SKU-00030,56,2025-01-27,238,206,2301.02,357.44,0,0
SKU-00030,57,2025-02-03,237,237,2647.29,0.0,0,0
SKU-00030,58,2025-02-10,250,250,2792.5,0.0,0,0
SKU-00030,59,2025-02-17,297,297,3317.49,0.0,0,0
SKU-00030,60,2025-02-24,249,247,2758.99,22.34,0,0
SKU-00030,61,2025-03-03,213,193,2155.81,223.4,0,0
SKU-00030,62,2025-03-10,301,276,3082.92,279.25,0,0
SKU-00030,63,2025-03-17,247,247,2758.99,0.0,0,0
SKU-00030,64,2025-03-24,283,283,3161.11,0.0,0,0
SKU-00030,65,2025-03-31,322,266,2971.22,625.52,0,0
SKU-00030,66,2025-04-07,369,220,2457.4,1664.33,0,0
SKU-00030,67,2025-04-14,356,356,3976.52,0.0,0,0
SKU-00030,68,2025-04-21,368,266,2971.22,1139.34,0,0
SKU-00030,69,2025-04-28,415,298,3328.66,1306.89,0,0
SKU-00030,70,2025-05-05,391,298,3328.66,1038.81,0,0
SKU-00030,71,2025-05-12,425,412,4602.04,145.21,1,1
SKU-00030,72,2025-05-19,500,500,5585.0,0.0,1,4
SKU-00030,73,2025-05-26,377,352,3931.84,279.25,0,0
SKU-00030,74,2025-06-02,431,192,2144.64,2669.63,0,0
SKU-00030,75,2025-06-09,408,258,2881.86,1675.5,0,0
SKU-00030,76,2025-06-16,471,397,4434.49,826.58,0,0
SKU-00030,77,2025-06-23,459,242,2703.14,2423.89,0,0
SKU-00030,78,2025-06-30,479,309,3451.53,1898.9,0,0
SKU-00030,79,2025-07-07,464,347,3875.99,1306.89,0,0
SKU-00030,80,2025-07-14,507,494,5517.98,145.21,0,0
SKU-00030,81,2025-07-21,473,473,5283.41,0.0,0,0
SKU-00030,82,2025-07-28,403,300,3351.0,1150.51,0,0
SKU-00030,83,2025-08-04,506,224,2502.08,3149.94,0,0
SKU-00030,84,2025-08-11,380,380,4244.6,0.0,0,0
SKU-00030,85,2025-08-18,487,394,4400.98,1038.81,0,0
SKU-00030,86,2025-08-25,470,341,3808.97,1440.93,0,0
SKU-00030,87,2025-09-01,430,430,4803.1,0.0,1,1
SKU-00030,88,2025-09-08,659,147,1641.99,5719.04,1,5
SKU-00030,89,2025-09-15,426,198,2211.66,2546.7599999999998,0,0
SKU-00030,90,2025-09-22,468,400,4468.0,759.56,0,0
SKU-00030,91,2025-09-29,328,328,3663.7599999999998,0.0,0,0
SKU-00030,92,2025-10-06,318,211,2356.87,1195.19,0,0
SKU-00030,93,2025-10-13,361,225,2513.25,1519.12,0,0
SKU-00030,94,2025-10-20,320,320,3574.4,0.0,0,0
SKU-00030,95,2025-10-27,357,357,3987.69,0.0,0,0
SKU-00030,96,2025-11-03,318,318,3552.06,0.0,0,0
SKU-00030,97,2025-11-10,316,289,3228.13,301.59,0,0
SKU-00030,98,2025-11-17,293,152,1697.84,1574.97,0,0
SKU-00030,99,2025-11-24,277,230,2569.1,524.99,0,0
SKU-00030,100,2025-12-01,325,325,3630.25,0.0,0,0
SKU-00030,101,2025-12-08,295,295,3295.15,0.0,0,0
SKU-00030,102,2025-12-15,286,286,3194.62,0.0,0,0
SKU-00030,103,2025-12-22,303,287,3205.79,178.72,0,0
SKU-00031,0,2024-01-01,649,649,11824.779999999999,0.0,1,3
SKU-00031,1,2024-01-08,453,453,8253.66,0.0,0,0
SKU-00031,2,2024-01-15,627,627,11423.939999999999,0.0,0,0
SKU-00031,3,2024-01-22,475,475,8654.5,0.0,0,0
SKU-00031,4,2024-01-29,542,542,9875.24,0.0,0,0
SKU-00031,5,2024-02-05,516,516,9401.519999999999,0.0,0,0
SKU-00031,6,2024-02-12,755,755,13756.099999999999,0.0,1,4
SKU-00031,7,2024-02-19,571,571,10403.619999999999,0.0,0,0
SKU-00031,8,2024-02-26,530,510,9292.199999999999,364.4,0,0
SKU-00031,9,2024-03-04,560,550,10021.0,182.2,0,0
SKU-00031,10,2024-03-11,566,480,8745.599999999999,1566.9199999999998,0,0
SKU-00031,11,2024-03-18,591,525,9565.5,1202.52,0,0
SKU-00031,12,2024-03-25,580,536,9765.92,801.68,0,0
SKU-00031,13,2024-04-01,577,523,9529.06,983.8799999999999,0,0
SKU-00031,14,2024-04-08,550,550,10021.0,0.0,0,0
SKU-00031,15,2024-04-15,623,623,11351.06,0.0,0,0
SKU-00031,16,2024-04-22,583,550,10021.0,601.26,0,0
SKU-00031,17,2024-04-29,601,601,10950.22,0.0,0,0
SKU-00031,18,2024-05-06,562,562,10239.64,0.0,0,0
SKU-00031,19,2024-05-13,574,574,10458.279999999999,0.0,0,0
SKU-00031,20,2024-05-20,642,588,10713.359999999999,983.8799999999999,0,0
SKU-00031,21,2024-05-27,636,443,8071.459999999999,3516.4599999999996,0,0
SKU-00031,22,2024-06-03,1137,963,17545.86,3170.2799999999997,1,5
SKU-00031,23,2024-06-10,646,456,8308.32,3461.7999999999997,1,1
SKU-00031,24,2024-06-17,531,375,6832.5,2842.3199999999997,0,0
SKU-00031,25,2024-06-24,568,534,9729.48,619.48,0,0
SKU-00031,26,2024-07-01,568,568,10348.96,0.0,0,0
SKU-00031,27,2024-07-08,734,734,13373.48,0.0,1,1
SKU-00031,28,2024-07-15,784,691,12590.019999999999,1694.4599999999998,1,5
SKU-00031,29,2024-07-22,666,493,8982.46,3152.06,0,0
SKU-00031,30,2024-07-29,600,433,7889.259999999999,3042.74,0,0
SKU-00031,31,2024-08-05,670,620,11296.4,911.0,0,0
SKU-00031,32,2024-08-12,520,520,9474.4,0.0,0,0
SKU-00031,33,2024-08-19,483,483,8800.26,0.0,0,0
SKU-00031,34,2024-08-26,406,359,6540.98,856.3399999999999,0,0
SKU-00031,35,2024-09-02,588,405,7379.099999999999,3334.2599999999998,0,0
SKU-00031,36,2024-09-09,687,561,10221.42,2295.72,0,0
SKU-00031,37,2024-09-16,538,538,9802.359999999999,0.0,0,0
SKU-00031,38,2024-09-23,608,608,11077.759999999998,0.0,0,0
SKU-00031,39,2024-09-30,554,554,10093.88,0.0,0,0
SKU-00031,40,2024-10-07,612,612,11150.64,0.0,0,0
SKU-00031,41,2024-10-14,625,625,11387.5,0.0,1,3
SKU-00031,42,2024-10-21,737,700,12754.0,674.14,1,4
SKU-00031,43,2024-10-28,591,493,8982.46,1785.56,0,0
SKU-00031,44,2024-11-04,634,634,11551.48,0.0,0,0
SKU-00031,45,2024-11-11,576,456,8308.32,2186.3999999999996,0,0
SKU-00031,46,2024-11-18,596,394,7178.679999999999,3680.4399999999996,0,0
SKU-00031,47,2024-11-25,659,536,9765.92,2241.06,0,0
SKU-00031,48,2024-12-02,637,637,11606.14,0.0,0,0
SKU-00031,49,2024-12-09,616,616,11223.519999999999,0.0,0,0
SKU-00031,50,2024-12-16,689,481,8763.82,3789.7599999999998,0,0
SKU-00031,51,2024-12-23,765,472,8599.84,5338.46,0,0
SKU-00031,52,2024-12-30,730,356,6486.32,6814.28,0,0
SKU-00031,53,2025-01-06,629,513,9346.859999999999,2113.52,0,0
SKU-00031,54,2025-01-13,701,645,11751.9,1020.3199999999999,0,0
SKU-00031,55,2025-01-20,729,729,13282.38,0.0,0,0
SKU-00031,56,2025-01-27,709,592,10786.24,2131.74,0,0
SKU-00031,57,2025-02-03,661,391,7124.0199999999995,4919.4,0,0
SKU-00031,58,2025-02-10,630,537,9784.14,1694.4599999999998,0,0
SKU-00031,59,2025-02-17,668,551,10039.22,2131.74,0,0
SKU-00031,60,2025-02-24,782,782,14248.039999999999,0.0,0,0
SKU-00031,61,2025-03-03,848,848,15450.56,0.0,0,0
SKU-00031,62,2025-03-10,767,627,11423.939999999999,2550.7999999999997,0,0
SKU-00031,63,2025-03-17,833,801,14594.22,583.04,0,0
SKU-00031,64,2025-03-24,808,687,12517.14,2204.62,0,0
SKU-00031,65,2025-03-31,861,459,8362.98,7324.44,0,0
SKU-00031,66,2025-04-07,1133,1095,19950.899999999998,692.3599999999999,1,3
SKU-00031,67,2025-04-14,966,198,3607.56,13992.96,0,0
SKU-00031,68,2025-04-21,722,681,12407.82,747.02,0,0
SKU-00031,69,2025-04-28,828,828,15086.16,0.0,0,0
SKU-00031,70,2025-05-05,748,748,13628.56,0.0,0,0
SKU-00031,71,2025-05-12,755,638,11624.359999999999,2131.74,0,0
SKU-00031,72,2025-05-19,719,400,7288.0,5812.179999999999,0,0
SKU-00031,73,2025-05-26,860,860,15669.199999999999,0.0,0,0
SKU-00031,74,2025-06-02,690,690,12571.8,0.0,0,0
SKU-00031,75,2025-06-09,949,746,13592.119999999999,3698.66,1,2
SKU-00031,76,2025-06-16,865,381,6941.82,8818.48,1,4
SKU-00031,77,2025-06-23,567,567,10330.74,0.0,0,0
SKU-00031,78,2025-06-30,679,673,12262.06,109.32,0,0
SKU-00031,79,2025-07-07,753,722,13154.839999999998,564.8199999999999,0,0
SKU-00031,80,2025-07-14,757,482,8782.039999999999,5010.5,0,0
SKU-00031,81,2025-07-21,711,587,10695.14,2259.2799999999997,0,0
SKU-00031,82,2025-07-28,758,758,13810.759999999998,0.0,0,0
SKU-00031,83,2025-08-04,709,657,11970.539999999999,947.4399999999999,0,0
SKU-00031,84,2025-08-11,754,728,13264.16,473.71999999999997,0,0
SKU-00031,85,2025-08-18,818,458,8344.76,6559.2,0,0
SKU-00031,86,2025-08-25,775,754,13737.88,382.62,0,0
SKU-00031,87,2025-09-01,603,446,8126.12,2860.54,0,0
SKU-00031,88,2025-09-08,808,558,10166.76,4555.0,0,0
SKU-00031,89,2025-09-15,842,570,10385.4,4955.84,0,0
SKU-00031,90,2025-09-22,817,457,8326.539999999999,6559.2,0,0
SKU-00031,91,2025-09-29,1015,876,15960.72,2532.58,1,6
SKU-00031,92,2025-10-06,601,482,8782.039999999999,2168.18,1,1
SKU-00031,93,2025-10-13,810,810,14758.199999999999,0.0,0,0
SKU-00031,94,2025-10-20,754,625,11387.5,2350.3799999999997,0,0
SKU-00031,95,2025-10-27,851,691,12590.019999999999,2915.2,0,0
SKU-00031,96,2025-11-03,742,406,7397.32,6121.92,0,0
SKU-00031,97,2025-11-10,733,503,9164.66,4190.599999999999,0,0
SKU-00031,98,2025-11-17,904,846,15414.119999999999,1056.76,0,0
SKU-00031,99,2025-11-24,784,579,10549.38,3735.1,0,0
SKU-00031,100,2025-12-01,750,384,6996.48,6668.5199999999995,0,0
SKU-00031,101,2025-12-08,852,596,10859.119999999999,4664.32,0,0
SKU-00031,102,2025-12-15,833,656,11952.32,3224.9399999999996,0,0
SKU-00031,103,2025-12-22,855,855,15578.099999999999,0.0,0,0
SKU-00032,0,2024-01-01,72,72,208.08,0.0,0,0
SKU-00032,1,2024-01-08,84,84,242.76000000000002,0.0,0,0
SKU-00032,2,2024-01-15,79,79,228.31,0.0,0,0
SKU-00032,3,2024-01-22,83,83,239.87,0.0,0,0
SKU-00032,4,2024-01-29,74,46,132.94,80.92,0,0
SKU-00032,5,2024-02-05,68,0,0.0,196.52,0,0
SKU-00032,6,2024-02-12,66,44,127.16000000000001,63.580000000000005,0,0
SKU-00032,7,2024-02-19,72,72,208.08,0.0,0,0
SKU-00032,8,2024-02-26,67,67,193.63,0.0,0,0
SKU-00032,9,2024-03-04,81,81,234.09,0.0,1,5
SKU-00032,10,2024-03-11,72,66,190.74,17.34,1,2
SKU-00032,11,2024-03-18,56,49,141.61,20.23,0,0
SKU-00032,12,2024-03-25,52,52,150.28,0.0,0,0
SKU-00032,13,2024-04-01,53,53,153.17000000000002,0.0,0,0
SKU-00032,14,2024-04-08,55,31,89.59,69.36,0,0
SKU-00032,15,2024-04-15,47,47,135.83,0.0,0,0
SKU-00032,16,2024-04-22,48,48,138.72,0.0,0,0
SKU-00032,17,2024-04-29,46,46,132.94,0.0,0,0
SKU-00032,18,2024-05-06,45,45,130.05,0.0,0,0
SKU-00032,19,2024-05-13,47,47,135.83,0.0,0,0
SKU-00032,20,2024-05-20,46,46,132.94,0.0,0,0
SKU-00032,21,2024-05-27,45,45,130.05,0.0,0,0
SKU-00032,22,2024-06-03,45,45,130.05,0.0,0,0
SKU-00032,23,2024-06-10,45,45,130.05,0.0,0,0
SKU-00032,24,2024-06-17,48,48,138.72,0.0,0,0
SKU-00032,25,2024-06-24,48,48,138.72,0.0,0,0
SKU-00032,26,2024-07-01,49,49,141.61,0.0,0,0
SKU-00032,27,2024-07-08,47,47,135.83,0.0,0,0
SKU-00032,28,2024-07-15,49,49,141.61,0.0,0,0
SKU-00032,29,2024-07-22,53,53,153.17000000000002,0.0,0,0
SKU-00032,30,2024-07-29,54,54,156.06,0.0,0,0
SKU-00032,31,2024-08-05,58,58,167.62,0.0,0,0
SKU-00032,32,2024-08-12,67,67,193.63,0.0,0,0
SKU-00032,33,2024-08-19,75,75,216.75,0.0,0,0
SKU-00032,34,2024-08-26,70,70,202.3,0.0,0,0
SKU-00032,35,2024-09-02,77,77,222.53,0.0,1,2
SKU-00032,36,2024-09-09,95,26,75.14,199.41,1,2
SKU-00032,37,2024-09-16,120,67,193.63,153.17000000000002,1,6
SKU-00032,38,2024-09-23,92,92,265.88,0.0,1,1
SKU-00032,39,2024-09-30,87,87,251.43,0.0,0,0
SKU-00032,40,2024-10-07,85,85,245.65,0.0,0,0
SKU-00032,41,2024-10-14,86,52,150.28,98.26,0,0
SKU-00032,42,2024-10-21,93,93,268.77000000000004,0.0,0,0
SKU-00032,43,2024-10-28,90,90,260.1,0.0,0,0
SKU-00032,44,2024-11-04,93,93,268.77000000000004,0.0,0,0
SKU-00032,45,2024-11-11,105,105,303.45,0.0,0,0
SKU-00032,46,2024-11-18,88,88,254.32000000000002,0.0,0,0
SKU-00032,47,2024-11-25,87,87,251.43,0.0,0,0
SKU-00032,48,2024-12-02,83,83,239.87,0.0,0,0
SKU-00032,49,2024-12-09,85,29,83.81,161.84,0,0
SKU-00032,50,2024-12-16,93,93,268.77000000000004,0.0,0,0
SKU-00032,51,2024-12-23,94,94,271.66,0.0,0,0
SKU-00032,52,2024-12-30,81,81,234.09,0.0,0,0
SKU-00032,53,2025-01-06,83,83,239.87,0.0,0,0
SKU-00032,54,2025-01-13,87,87,251.43,0.0,0,0
SKU-00032,55,2025-01-20,76,76,219.64000000000001,0.0,0,0
SKU-00032,56,2025-01-27,79,53,153.17000000000002,75.14,0,0
SKU-00032,57,2025-02-03,87,27,78.03,173.4,0,0
SKU-00032,58,2025-02-10,77,77,222.53,0.0,0,0
SKU-00032,59,2025-02-17,69,69,199.41,0.0,0,0
SKU-00032,60,2025-02-24,68,68,196.52,0.0,0,0
SKU-00032,61,2025-03-03,63,63,182.07000000000002,0.0,0,0
SKU-00032,62,2025-03-10,67,67,193.63,0.0,0,0
SKU-00032,63,2025-03-17,94,94,271.66,0.0,1,5
SKU-00032,64,2025-03-24,56,29,83.81,78.03,0,0
SKU-00032,65,2025-03-31,57,57,164.73000000000002,0.0,0,0
SKU-00032,66,2025-04-07,53,53,153.17000000000002,0.0,0,0
SKU-00032,67,2025-04-14,51,51,147.39000000000001,0.0,0,0
SKU-00032,68,2025-04-21,48,48,138.72,0.0,0,0
SKU-00032,69,2025-04-28,49,49,141.61,0.0,0,0
SKU-00032,70,2025-05-05,48,48,138.72,0.0,0,0
SKU-00032,71,2025-05-12,77,77,222.53,0.0,1,6
SKU-00032,72,2025-05-19,58,58,167.62,0.0,1,1
SKU-00032,73,2025-05-26,48,48,138.72,0.0,0,0
SKU-00032,74,2025-06-02,65,65,187.85,0.0,1,4
SKU-00032,75,2025-06-09,47,47,135.83,0.0,0,0
SKU-00032,76,2025-06-16,51,51,147.39000000000001,0.0,0,0
SKU-00032,77,2025-06-23,49,49,141.61,0.0,0,0
SKU-00032,78,2025-06-30,52,52,150.28,0.0,0,0
SKU-00032,79,2025-07-07,62,62,179.18,0.0,0,0
SKU-00032,80,2025-07-14,58,58,167.62,0.0,0,0
SKU-00032,81,2025-07-21,64,64,184.96,0.0,0,0
SKU-00032,82,2025-07-28,64,64,184.96,0.0,0,0
SKU-00032,83,2025-08-04,64,64,184.96,0.0,0,0
SKU-00032,84,2025-08-11,69,69,199.41,0.0,0,0
SKU-00032,85,2025-08-18,70,55,158.95000000000002,43.35,0,0
SKU-00032,86,2025-08-25,71,31,89.59,115.60000000000001,0,0
SKU-00032,87,2025-09-01,74,74,213.86,0.0,0,0
SKU-00032,88,2025-09-08,78,78,225.42000000000002,0.0,0,0
SKU-00032,89,2025-09-15,96,96,277.44,0.0,1,2
SKU-00032,90,2025-09-22,104,104,300.56,0.0,1,1
SKU-00032,91,2025-09-29,76,76,219.64000000000001,0.0,0,0
SKU-00032,92,2025-10-06,88,88,254.32000000000002,0.0,0,0
SKU-00032,93,2025-10-13,94,94,271.66,0.0,0,0
SKU-00032,94,2025-10-20,87,87,251.43,0.0,0,0
SKU-00032,95,2025-10-27,95,61,176.29000000000002,98.26,0,0
SKU-00032,96,2025-11-03,99,99,286.11,0.0,0,0
SKU-00032,97,2025-11-10,101,36,104.04,187.85,0,0
SKU-00032,98,2025-11-17,120,0,0.0,346.8,1,3
SKU-00032,99,2025-11-24,94,78,225.42000000000002,46.24,0,0
SKU-00032,100,2025-12-01,98,98,283.22,0.0,0,0
SKU-00032,101,2025-12-08,100,100,289.0,0.0,0,0
SKU-00032,102,2025-12-15,94,66,190.74,80.92,0,0
SKU-00032,103,2025-12-22,88,8,23.12,231.20000000000002,0,0
SKU-00033,0,2024-01-01,268,268,2728.24,0.0,0,0
SKU-00033,1,2024-01-08,267,267,2718.06,0.0,0,0
SKU-00033,2,2024-01-15,260,260,2646.7999999999997,0.0,0,0
SKU-00033,3,2024-01-22,243,243,2473.74,0.0,0,0
SKU-00033,4,2024-01-29,242,242,2463.56,0.0,0,0
SKU-00033,5,2024-02-05,234,170,1730.6,651.52,0,0
SKU-00033,6,2024-02-12,338,173,1761.1399999999999,1679.7,1,6
SKU-00033,7,2024-02-19,228,183,1862.94,458.09999999999997,0,0
SKU-00033,8,2024-02-26,259,259,2636.62,0.0,1,3
SKU-00033,9,2024-03-04,254,254,2585.72,0.0,1,2
SKU-00033,10,2024-03-11,206,206,2097.08,0.0,0,0
SKU-00033,11,2024-03-18,186,186,1893.48,0.0,0,0
SKU-00033,12,2024-03-25,170,170,1730.6,0.0,0,0
SKU-00033,13,2024-04-01,170,170,1730.6,0.0,0,0
SKU-00033,14,2024-04-08,151,151,1537.18,0.0,0,0
SKU-00033,15,2024-04-15,175,175,1781.5,0.0,0,0
SKU-00033,16,2024-04-22,217,217,2209.06,0.0,1,5
SKU-00033,17,2024-04-29,164,164,1669.52,0.0,0,0
SKU-00033,18,2024-05-06,153,153,1557.54,0.0,0,0
SKU-00033,19,2024-05-13,155,155,1577.8999999999999,0.0,0,0
SKU-00033,20,2024-05-20,154,154,1567.72,0.0,0,0
SKU-00033,21,2024-05-27,153,153,1557.54,0.0,0,0
SKU-00033,22,2024-06-03,152,152,1547.36,0.0,0,0
SKU-00033,23,2024-06-10,160,160,1628.8,0.0,0,0
SKU-00033,24,2024-06-17,148,148,1506.6399999999999,0.0,0,0
SKU-00033,25,2024-06-24,162,162,1649.1599999999999,0.0,0,0
SKU-00033,26,2024-07-01,177,177,1801.86,0.0,0,0
SKU-00033,27,2024-07-08,181,181,1842.58,0.0,0,0
SKU-00033,28,2024-07-15,176,176,1791.6799999999998,0.0,0,0
SKU-00033,29,2024-07-22,201,201,2046.1799999999998,0.0,0,0
SKU-00033,30,2024-07-29,204,204,2076.72,0.0,0,0
SKU-00033,31,2024-08-05,235,235,2392.2999999999997,0.0,0,0
SKU-00033,32,2024-08-12,247,247,2514.46,0.0,0,0
SKU-00033,33,2024-08-19,245,160,1628.8,865.3,0,0
SKU-00033,34,2024-08-26,250,250,2545.0,0.0,0,0
SKU-00033,35,2024-09-02,256,256,2606.08,0.0,0,0
SKU-00033,36,2024-09-09,279,224,2280.3199999999997,559.9,0,0
SKU-00033,37,2024-09-16,271,249,2534.8199999999997,223.95999999999998,0,0
SKU-00033,38,2024-09-23,305,300,3054.0,50.9,0,0
SKU-00033,39,2024-09-30,302,302,3074.36,0.0,0,0
SKU-00033,40,2024-10-07,324,324,3298.3199999999997,0.0,0,0
SKU-00033,41,2024-10-14,334,334,3400.12,0.0,0,0
SKU-00033,42,2024-10-21,363,210,2137.7999999999997,1557.54,0,0
SKU-00033,43,2024-10-28,311,311,3165.98,0.0,0,0
SKU-00033,44,2024-11-04,369,369,3756.42,0.0,0,0
SKU-00033,45,2024-11-11,332,179,1822.22,1557.54,0,0
SKU-00033,46,2024-11-18,381,58,590.4399999999999,3288.14,0,0
SKU-00033,47,2024-11-25,349,163,1659.34,1893.48,0,0
SKU-00033,48,2024-12-02,341,210,2137.7999999999997,1333.58,0,0
SKU-00033,49,2024-12-09,384,325,3308.5,600.62,0,0
SKU-00033,50,2024-12-16,353,353,3593.54,0.0,0,0
SKU-00033,51,2024-12-23,363,270,2748.6,946.74,0,0
SKU-00033,52,2024-12-30,353,162,1649.1599999999999,1944.3799999999999,0,0
SKU-00033,53,2025-01-06,356,326,3318.68,305.4,0,0
SKU-00033,54,2025-01-13,357,357,3634.2599999999998,0.0,0,0
SKU-00033,55,2025-01-20,347,347,3532.46,0.0,0,0
SKU-00033,56,2025-01-27,350,172,1750.96,1812.04,0,0
SKU-00033,57,2025-02-03,323,188,1913.84,1374.3,0,0
SKU-00033,58,2025-02-10,298,298,3033.64,0.0,0,0
SKU-00033,59,2025-02-17,327,260,2646.7999999999997,682.06,1,1
SKU-00033,60,2025-02-24,316,316,3216.88,0.0,1,2
SKU-00033,61,2025-03-03,265,265,2697.7,0.0,0,0
SKU-00033,62,2025-03-10,264,264,2687.52,0.0,0,0
SKU-00033,63,2025-03-17,262,262,2667.16,0.0,0,0
SKU-00033,64,2025-03-24,225,225,2290.5,0.0,0,0
SKU-00033,65,2025-03-31,236,135,1374.3,1028.18,0,0
SKU-00033,66,2025-04-07,225,225,2290.5,0.0,0,0
SKU-00033,67,2025-04-14,356,356,3624.08,0.0,1,5
SKU-00033,68,2025-04-21,285,240,2443.2,458.09999999999997,1,2
SKU-00033,69,2025-04-28,198,108,1099.44,916.1999999999999,0,0
SKU-00033,70,2025-05-05,196,120,1221.6,773.68,0,0
SKU-00033,71,2025-05-12,207,207,2107.2599999999998,0.0,0,0
SKU-00033,72,2025-05-19,197,197,2005.46,0.0,0,0
SKU-00033,73,2025-05-26,177,177,1801.86,0.0,0,0
SKU-00033,74,2025-06-02,208,208,2117.44,0.0,0,0
SKU-00033,75,2025-06-09,211,211,2147.98,0.0,0,0
SKU-00033,76,2025-06-16,211,138,1404.84,743.14,0,0
SKU-00033,77,2025-06-23,269,185,1883.3,855.12,1,2
SKU-00033,78,2025-06-30,328,307,3125.2599999999998,213.78,1,4
SKU-00033,79,2025-07-07,235,125,1272.5,1119.8,0,0
SKU-00033,80,2025-07-14,255,255,2595.9,0.0,0,0
SKU-00033,81,2025-07-21,267,267,2718.06,0.0,0,0
SKU-00033,82,2025-07-28,305,186,1893.48,1211.42,1,1
SKU-00033,83,2025-08-04,453,315,3206.7,1404.84,1,5
SKU-00033,84,2025-08-11,305,305,3104.9,0.0,0,0
SKU-00033,85,2025-08-18,280,280,2850.4,0.0,0,0
SKU-00033,86,2025-08-25,323,323,3288.14,0.0,0,0
SKU-00033,87,2025-09-01,360,228,2321.04,1343.76,0,0
SKU-00033,88,2025-09-08,388,247,2514.46,1435.3799999999999,0,0
SKU-00033,89,2025-09-15,386,345,3512.1,417.38,0,0
SKU-00033,90,2025-09-22,361,361,3674.98,0.0,0,0
SKU-00033,91,2025-09-29,409,377,3837.8599999999997,325.76,0,0
SKU-00033,92,2025-10-06,432,432,4397.76,0.0,0,0
SKU-00033,93,2025-10-13,421,421,4285.78,0.0,0,0
SKU-00033,94,2025-10-20,475,475,4835.5,0.0,0,0
SKU-00033,95,2025-10-27,468,121,1231.78,3532.46,0,0
SKU-00033,96,2025-11-03,434,222,2259.96,2158.16,0,0
SKU-00033,97,2025-11-10,529,296,3013.2799999999997,2371.94,1,3
SKU-00033,98,2025-11-17,485,286,2911.48,2025.82,1,1
SKU-00033,99,2025-11-24,504,256,2606.08,2524.64,0,0
SKU-00033,100,2025-12-01,496,151,1537.18,3512.1,0,0
SKU-00033,101,2025-12-08,489,227,2310.86,2667.16,0,0
SKU-00033,102,2025-12-15,407,297,3023.46,1119.8,0,0
SKU-00033,103,2025-12-22,450,450,4581.0,0.0,0,0
SKU-00034,0,2024-01-01,40,40,1628.8,0.0,0,0
SKU-00034,1,2024-01-08,47,47,1913.84,0.0,0,0
SKU-00034,2,2024-01-15,44,43,1750.96,40.72,0,0
SKU-00034,3,2024-01-22,54,54,2198.88,0.0,1,4
SKU-00034,4,2024-01-29,41,41,1669.52,0.0,1,1
SKU-00034,5,2024-02-05,45,45,1832.3999999999999,0.0,0,0
SKU-00034,6,2024-02-12,36,36,1465.92,0.0,0,0
SKU-00034,7,2024-02-19,43,43,1750.96,0.0,0,0
SKU-00034,8,2024-02-26,40,40,1628.8,0.0,0,0
SKU-00034,9,2024-03-04,49,49,1995.28,0.0,0,0
SKU-00034,10,2024-03-11,40,36,1465.92,162.88,0,0
SKU-00034,11,2024-03-18,49,49,1995.28,0.0,0,0
SKU-00034,12,2024-03-25,51,46,1873.12,203.6,0,0
SKU-00034,13,2024-04-01,48,25,1018.0,936.56,0,0
SKU-00034,14,2024-04-08,54,47,1913.84,285.03999999999996,0,0
SKU-00034,15,2024-04-15,60,37,1506.6399999999999,936.56,0,0
SKU-00034,16,2024-04-22,59,51,2076.72,325.76,0,0
SKU-00034,17,2024-04-29,65,62,2524.64,122.16,0,0
SKU-00034,18,2024-05-06,63,55,2239.6,325.76,0,0
SKU-00034,19,2024-05-13,67,67,2728.24,0.0,0,0
SKU-00034,20,2024-05-20,69,69,2809.68,0.0,0,0
SKU-00034,21,2024-05-27,68,63,2565.36,203.6,0,0
SKU-00034,22,2024-06-03,98,57,2321.04,1669.52,1,4
SKU-00034,23,2024-06-10,84,44,1791.6799999999998,1628.8,0,0
SKU-00034,24,2024-06-17,90,57,2321.04,1343.76,0,0
SKU-00034,25,2024-06-24,82,70,2850.4,488.64,0,0
SKU-00034,26,2024-07-01,61,48,1954.56,529.36,0,0
SKU-00034,27,2024-07-08,116,86,3501.92,1221.6,1,3
SKU-00034,28,2024-07-15,90,42,1710.24,1954.56,0,0
SKU-00034,29,2024-07-22,94,40,1628.8,2198.88,0,0
SKU-00034,30,2024-07-29,102,71,2891.12,1262.32,0,0
SKU-00034,31,2024-08-05,118,88,3583.3599999999997,1221.6,1,3
SKU-00034,32,2024-08-12,115,78,3176.16,1506.6399999999999,1,1
SKU-00034,33,2024-08-19,97,15,610.8,3339.04,0,0
SKU-00034,34,2024-08-26,86,43,1750.96,1750.96,0,0
SKU-00034,35,2024-09-02,81,30,1221.6,2076.72,0,0
SKU-00034,36,2024-09-09,78,78,3176.16,0.0,0,0
SKU-00034,37,2024-09-16,79,79,3216.88,0.0,0,0
SKU-00034,38,2024-09-23,79,35,1425.2,1791.6799999999998,0,0
SKU-00034,39,2024-09-30,65,39,1588.08,1058.72,0,0
SKU-00034,40,2024-10-07,79,79,3216.88,0.0,0,0
SKU-00034,41,2024-10-14,59,57,2321.04,81.44,0,0
SKU-00034,42,2024-10-21,50,50,2036.0,0.0,0,0
SKU-00034,43,2024-10-28,65,45,1832.3999999999999,814.4,0,0
SKU-00034,44,2024-11-04,50,18,732.96,1303.04,0,0
SKU-00034,45,2024-11-11,59,59,2402.48,0.0,0,0
SKU-00034,46,2024-11-18,60,50,2036.0,407.2,0,0
SKU-00034,47,2024-11-25,61,28,1140.1599999999999,1343.76,0,0
SKU-00034,48,2024-12-02,55,55,2239.6,0.0,0,0
SKU-00034,49,2024-12-09,58,58,2361.7599999999998,0.0,0,0
SKU-00034,50,2024-12-16,72,46,1873.12,1058.72,1,4
SKU-00034,51,2024-12-23,46,46,1873.12,0.0,0,0
SKU-00034,52,2024-12-30,40,33,1343.76,285.03999999999996,0,0
SKU-00034,53,2025-01-06,48,48,1954.56,0.0,0,0
SKU-00034,54,2025-01-13,35,25,1018.0,407.2,0,0
SKU-00034,55,2025-01-20,39,36,1465.92,122.16,0,0
SKU-00034,56,2025-01-27,34,34,1384.48,0.0,0,0
SKU-00034,57,2025-02-03,37,37,1506.6399999999999,0.0,0,0
SKU-00034,58,2025-02-10,37,37,1506.6399999999999,0.0,0,0
SKU-00034,59,2025-02-17,44,41,1669.52,122.16,0,0
SKU-00034,60,2025-02-24,40,26,1058.72,570.0799999999999,0,0
SKU-00034,61,2025-03-03,37,37,1506.6399999999999,0.0,0,0
SKU-00034,62,2025-03-10,42,42,1710.24,0.0,0,0
SKU-00034,63,2025-03-17,45,45,1832.3999999999999,0.0,0,0
SKU-00034,64,2025-03-24,48,48,1954.56,0.0,0,0
SKU-00034,65,2025-03-31,43,43,1750.96,0.0,0,0
SKU-00034,66,2025-04-07,64,64,2606.08,0.0,0,0
SKU-00034,67,2025-04-14,42,42,1710.24,0.0,0,0
SKU-00034,68,2025-04-21,53,53,2158.16,0.0,0,0
SKU-00034,69,2025-04-28,50,49,1995.28,40.72,0,0
SKU-00034,70,2025-05-05,56,36,1465.92,814.4,0,0
SKU-00034,71,2025-05-12,51,50,2036.0,40.72,0,0
SKU-00034,72,2025-05-19,68,50,2036.0,732.96,0,0
SKU-00034,73,2025-05-26,62,58,2361.7599999999998,162.88,1,1
SKU-00034,74,2025-06-02,45,15,610.8,1221.6,1,3
SKU-00034,75,2025-06-09,83,83,3379.7599999999998,0.0,1,1
SKU-00034,76,2025-06-16,80,32,1303.04,1954.56,1,3
SKU-00034,77,2025-06-23,72,72,2931.84,0.0,0,0
SKU-00034,78,2025-06-30,70,70,2850.4,0.0,0,0
SKU-00034,79,2025-07-07,69,65,2646.7999999999997,162.88,0,0
SKU-00034,80,2025-07-14,72,22,895.8399999999999,2036.0,0,0
SKU-00034,81,2025-07-21,74,7,285.03999999999996,2728.24,0,0
SKU-00034,82,2025-07-28,79,32,1303.04,1913.84,0,0
SKU-00034,83,2025-08-04,78,76,3094.72,81.44,0,0
SKU-00034,84,2025-08-11,71,71,2891.12,0.0,0,0
SKU-00034,85,2025-08-18,65,35,1425.2,1221.6,0,0
SKU-00034,86,2025-08-25,64,18,732.96,1873.12,0,0
SKU-00034,87,2025-09-01,73,73,2972.56,0.0,0,0
SKU-00034,88,2025-09-08,86,86,3501.92,0.0,0,0
SKU-00034,89,2025-09-15,78,60,2443.2,732.96,0,0
SKU-00034,90,2025-09-22,74,34,1384.48,1628.8,0,0
SKU-00034,91,2025-09-29,67,48,1954.56,773.68,0,0
SKU-00034,92,2025-10-06,68,44,1791.6799999999998,977.28,0,0
SKU-00034,93,2025-10-13,59,59,2402.48,0.0,0,0
SKU-00034,94,2025-10-20,59,56,2280.3199999999997,122.16,0,0
SKU-00034,95,2025-10-27,49,41,1669.52,325.76,0,0
SKU-00034,96,2025-11-03,48,48,1954.56,0.0,0,0
SKU-00034,97,2025-11-10,41,41,1669.52,0.0,0,0
SKU-00034,98,2025-11-17,36,32,1303.04,162.88,0,0
SKU-00034,99,2025-11-24,55,43,1750.96,488.64,0,0
SKU-00034,100,2025-12-01,47,47,1913.84,0.0,0,0
SKU-00034,101,2025-12-08,58,31,1262.32,1099.44,1,3
SKU-00034,102,2025-12-15,43,40,1628.8,122.16,0,0
SKU-00034,103,2025-12-22,38,38,1547.36,0.0,0,0
SKU-00035,0,2024-01-01,86,86,976.1,0.0,0,0
SKU-00035,1,2024-01-08,78,78,885.3,0.0,0,0
SKU-00035,2,2024-01-15,74,74,839.9,0.0,0,0
SKU-00035,3,2024-01-22,89,89,1010.15,0.0,0,0
SKU-00035,4,2024-01-29,78,78,885.3,0.0,0,0
SKU-00035,5,2024-02-05,95,95,1078.25,0.0,1,4
SKU-00035,6,2024-02-12,85,85,964.75,0.0,1,1
SKU-00035,7,2024-02-19,87,87,987.4499999999999,0.0,0,0
SKU-00035,8,2024-02-26,82,82,930.6999999999999,0.0,0,0
SKU-00035,9,2024-03-04,71,59,669.65,136.2,0,0
SKU-00035,10,2024-03-11,78,78,885.3,0.0,0,0
SKU-00035,11,2024-03-18,140,140,1589.0,0.0,1,5
SKU-00035,12,2024-03-25,87,74,839.9,147.54999999999998,1,1
SKU-00035,13,2024-04-01,64,35,397.25,329.15,0,0
SKU-00035,14,2024-04-08,64,39,442.65,283.75,0,0
SKU-00035,15,2024-04-15,64,60,681.0,45.4,0,0
SKU-00035,16,2024-04-22,80,80,908.0,0.0,0,0
SKU-00035,17,2024-04-29,146,128,1452.8,204.29999999999998,1,3
SKU-00035,18,2024-05-06,96,66,749.1,340.5,0,0
SKU-00035,19,2024-05-13,106,102,1157.7,45.4,1,4
SKU-00035,20,2024-05-20,76,72,817.1999999999999,45.4,0,0
SKU-00035,21,2024-05-27,72,72,817.1999999999999,0.0,0,0
SKU-00035,22,2024-06-03,73,73,828.55,0.0,0,0
SKU-00035,23,2024-06-10,65,65,737.75,0.0,0,0
SKU-00035,24,2024-06-17,67,65,737.75,22.7,0,0
SKU-00035,25,2024-06-24,72,55,624.25,192.95,0,0
SKU-00035,26,2024-07-01,81,81,919.35,0.0,0,0
SKU-00035,27,2024-07-08,73,73,828.55,0.0,1,4
SKU-00035,28,2024-07-15,69,69,783.15,0.0,0,0
SKU-00035,29,2024-07-22,78,78,885.3,0.0,0,0
SKU-00035,30,2024-07-29,75,75,851.25,0.0,0,0
SKU-00035,31,2024-08-05,72,72,817.1999999999999,0.0,0,0
SKU-00035,32,2024-08-12,72,72,817.1999999999999,0.0,0,0
SKU-00035,33,2024-08-19,62,51,578.85,124.85,0,0
SKU-00035,34,2024-08-26,74,59,669.65,170.25,0,0
SKU-00035,35,2024-09-02,80,80,908.0,0.0,0,0
SKU-00035,36,2024-09-09,71,71,805.85,0.0,0,0
SKU-00035,37,2024-09-16,76,76,862.6,0.0,0,0
SKU-00035,38,2024-09-23,75,75,851.25,0.0,0,0
SKU-00035,39,2024-09-30,73,73,828.55,0.0,0,0
SKU-00035,40,2024-10-07,76,76,862.6,0.0,0,0
SKU-00035,41,2024-10-14,66,66,749.1,0.0,0,0
SKU-00035,42,2024-10-21,75,75,851.25,0.0,0,0
SKU-00035,43,2024-10-28,58,58,658.3,0.0,0,0
SKU-00035,44,2024-11-04,79,79,896.65,0.0,0,0
SKU-00035,45,2024-11-11,84,74,839.9,113.5,0,0
SKU-00035,46,2024-11-18,77,75,851.25,22.7,0,0
SKU-00035,47,2024-11-25,71,71,805.85,0.0,0,0
SKU-00035,48,2024-12-02,82,82,930.6999999999999,0.0,0,0
SKU-00035,49,2024-12-09,75,49,556.15,295.09999999999997,0,0
SKU-00035,50,2024-12-16,72,51,578.85,238.35,0,0
SKU-00035,51,2024-12-23,82,82,930.6999999999999,0.0,0,0
SKU-00035,52,2024-12-30,75,75,851.25,0.0,0,0
SKU-00035,53,2025-01-06,61,61,692.35,0.0,0,0
SKU-00035,54,2025-01-13,84,84,953.4,0.0,0,0
SKU-00035,55,2025-01-20,68,68,771.8,0.0,0,0
SKU-00035,56,2025-01-27,71,71,805.85,0.0,0,0
SKU-00035,57,2025-02-03,67,67,760.4499999999999,0.0,0,0
SKU-00035,58,2025-02-10,76,76,862.6,0.0,0,0
SKU-00035,59,2025-02-17,64,64,726.4,0.0,0,0
SKU-00035,60,2025-02-24,72,72,817.1999999999999,0.0,0,0
SKU-00035,61,2025-03-03,58,58,658.3,0.0,0,0
SKU-00035,62,2025-03-10,59,59,669.65,0.0,0,0
SKU-00035,63,2025-03-17,65,65,737.75,0.0,0,0
SKU-00035,64,2025-03-24,78,78,885.3,0.0,0,0
SKU-00035,65,2025-03-31,57,57,646.9499999999999,0.0,0,0
SKU-00035,66,2025-04-07,67,67,760.4499999999999,0.0,0,0
SKU-00035,67,2025-04-14,68,68,771.8,0.0,0,0
SKU-00035,68,2025-04-21,71,71,805.85,0.0,0,0
SKU-00035,69,2025-04-28,54,54,612.9,0.0,0,0
SKU-00035,70,2025-05-05,50,50,567.5,0.0,0,0
SKU-00035,71,2025-05-12,62,62,703.6999999999999,0.0,0,0
SKU-00035,72,2025-05-19,63,63,715.05,0.0,0,0
SKU-00035,73,2025-05-26,59,59,669.65,0.0,0,0
SKU-00035,74,2025-06-02,65,65,737.75,0.0,0,0
SKU-00035,75,2025-06-09,70,70,794.5,0.0,0,0
SKU-00035,76,2025-06-16,64,64,726.4,0.0,0,0
SKU-00035,77,2025-06-23,65,65,737.75,0.0,0,0
SKU-00035,78,2025-06-30,61,61,692.35,0.0,0,0
SKU-00035,79,2025-07-07,67,65,737.75,22.7,0,0
SKU-00035,80,2025-07-14,66,66,749.1,0.0,0,0
SKU-00035,81,2025-07-21,68,68,771.8,0.0,0,0
SKU-00035,82,2025-07-28,53,53,601.55,0.0,0,0
SKU-00035,83,2025-08-04,60,60,681.0,0.0,0,0
SKU-00035,84,2025-08-11,69,69,783.15,0.0,0,0
SKU-00035,85,2025-08-18,57,57,646.9499999999999,0.0,0,0
SKU-00035,86,2025-08-25,63,63,715.05,0.0,0,0
SKU-00035,87,2025-09-01,71,71,805.85,0.0,0,0
SKU-00035,88,2025-09-08,63,63,715.05,0.0,0,0
SKU-00035,89,2025-09-15,84,84,953.4,0.0,1,3
SKU-00035,90,2025-09-22,80,70,794.5,113.5,1,2
SKU-00035,91,2025-09-29,54,54,612.9,0.0,0,0
SKU-00035,92,2025-10-06,71,71,805.85,0.0,0,0
SKU-00035,93,2025-10-13,94,94,1066.8999999999999,0.0,1,5
SKU-00035,94,2025-10-20,49,49,556.15,0.0,0,0
SKU-00035,95,2025-10-27,66,66,749.1,0.0,0,0
SKU-00035,96,2025-11-03,66,66,749.1,0.0,0,0
SKU-00035,97,2025-11-10,56,56,635.6,0.0,0,0
SKU-00035,98,2025-11-17,54,54,612.9,0.0,0,0
SKU-00035,99,2025-11-24,60,60,681.0,0.0,0,0
SKU-00035,100,2025-12-01,55,55,624.25,0.0,0,0
SKU-00035,101,2025-12-08,62,62,703.6999999999999,0.0,0,0
SKU-00035,102,2025-12-15,54,54,612.9,0.0,0,0
SKU-00035,103,2025-12-22,62,62,703.6999999999999,0.0,0,0
SKU-00036,0,2024-01-01,18,18,77.04,0.0,0,0
SKU-00036,1,2024-01-08,16,16,68.48,0.0,0,0
SKU-00036,2,2024-01-15,17,17,72.76,0.0,0,0
SKU-00036,3,2024-01-22,14,14,59.92,0.0,0,0
SKU-00036,4,2024-01-29,14,14,59.92,0.0,0,0
SKU-00036,5,2024-02-05,17,17,72.76,0.0,0,0
SKU-00036,6,2024-02-12,17,1,4.28,68.48,0,0
SKU-00036,7,2024-02-19,17,7,29.96,42.800000000000004,0,0
SKU-00036,8,2024-02-26,18,18,77.04,0.0,0,0
SKU-00036,9,2024-03-04,19,19,81.32000000000001,0.0,0,0
SKU-00036,10,2024-03-11,19,19,81.32000000000001,0.0,0,0
SKU-00036,11,2024-03-18,20,20,85.60000000000001,0.0,0,0
SKU-00036,12,2024-03-25,30,30,128.4,0.0,1,3
SKU-00036,13,2024-04-01,21,21,89.88000000000001,0.0,0,0
SKU-00036,14,2024-04-08,20,10,42.800000000000004,42.800000000000004,0,0
SKU-00036,15,2024-04-15,27,27,115.56,0.0,0,0
SKU-00036,16,2024-04-22,28,28,119.84,0.0,0,0
SKU-00036,17,2024-04-29,28,28,119.84,0.0,0,0
SKU-00036,18,2024-05-06,29,8,34.24,89.88000000000001,0,0
SKU-00036,19,2024-05-13,31,27,115.56,17.12,0,0
SKU-00036,20,2024-05-20,30,10,42.800000000000004,85.60000000000001,0,0
SKU-00036,21,2024-05-27,35,14,59.92,89.88000000000001,0,0
SKU-00036,22,2024-06-03,28,28,119.84,0.0,0,0
SKU-00036,23,2024-06-10,37,37,158.36,0.0,0,0
SKU-00036,24,2024-06-17,41,18,77.04,98.44000000000001,0,0
SKU-00036,25,2024-06-24,34,0,0.0,145.52,0,0
SKU-00036,26,2024-07-01,41,0,0.0,175.48000000000002,0,0
SKU-00036,27,2024-07-08,44,44,188.32000000000002,0.0,0,0
SKU-00036,28,2024-07-15,39,39,166.92000000000002,0.0,0,0
SKU-00036,29,2024-07-22,44,3,12.84,175.48000000000002,0,0
SKU-00036,30,2024-07-29,39,23,98.44000000000001,68.48,0,0
SKU-00036,31,2024-08-05,44,44,188.32000000000002,0.0,0,0
SKU-00036,32,2024-08-12,42,36,154.08,25.68,0,0
SKU-00036,33,2024-08-19,45,45,192.60000000000002,0.0,0,0
SKU-00036,34,2024-08-26,43,23,98.44000000000001,85.60000000000001,0,0
SKU-00036,35,2024-09-02,39,14,59.92,107.0,0,0
SKU-00036,36,2024-09-09,42,42,179.76000000000002,0.0,0,0
SKU-00036,37,2024-09-16,42,23,98.44000000000001,81.32000000000001,1,1
SKU-00036,38,2024-09-23,47,14,59.92,141.24,1,2
SKU-00036,39,2024-09-30,42,42,179.76000000000002,0.0,0,0
SKU-00036,40,2024-10-07,32,32,136.96,0.0,0,0
SKU-00036,41,2024-10-14,35,35,149.8,0.0,0,0
SKU-00036,42,2024-10-21,44,35,149.8,38.52,1,3
SKU-00036,43,2024-10-28,33,0,0.0,141.24,0,0
SKU-00036,44,2024-11-04,30,13,55.64,72.76,0,0
SKU-00036,45,2024-11-11,31,31,132.68,0.0,0,0
SKU-00036,46,2024-11-18,25,25,107.0,0.0,0,0
SKU-00036,47,2024-11-25,24,24,102.72,0.0,0,0
SKU-00036,48,2024-12-02,26,26,111.28,0.0,0,0
SKU-00036,49,2024-12-09,27,27,115.56,0.0,0,0
SKU-00036,50,2024-12-16,25,24,102.72,4.28,0,0
SKU-00036,51,2024-12-23,21,0,0.0,89.88000000000001,0,0
SKU-00036,52,2024-12-30,21,16,68.48,21.400000000000002,0,0
SKU-00036,53,2025-01-06,21,21,89.88000000000001,0.0,0,0
SKU-00036,54,2025-01-13,21,21,89.88000000000001,0.0,0,0
SKU-00036,55,2025-01-20,20,20,85.60000000000001,0.0,0,0
SKU-00036,56,2025-01-27,22,22,94.16000000000001,0.0,0,0
SKU-00036,57,2025-02-03,23,23,98.44000000000001,0.0,0,0
SKU-00036,58,2025-02-10,20,20,85.60000000000001,0.0,0,0
SKU-00036,59,2025-02-17,22,22,94.16000000000001,0.0,1,1
SKU-00036,60,2025-02-24,38,13,55.64,107.0,1,6
SKU-00036,61,2025-03-03,23,19,81.32000000000001,17.12,0,0
SKU-00036,62,2025-03-10,26,26,111.28,0.0,0,0
SKU-00036,63,2025-03-17,25,25,107.0,0.0,0,0
SKU-00036,64,2025-03-24,28,20,85.60000000000001,34.24,0,0
SKU-00036,65,2025-03-31,27,23,98.44000000000001,17.12,0,0
SKU-00036,66,2025-04-07,34,34,145.52,0.0,1,3
SKU-00036,67,2025-04-14,39,39,166.92000000000002,0.0,1,4
SKU-00036,68,2025-04-21,34,1,4.28,141.24,0,0
SKU-00036,69,2025-04-28,37,0,0.0,158.36,0,0
SKU-00036,70,2025-05-05,35,0,0.0,149.8,0,0
SKU-00036,71,2025-05-12,37,37,158.36,0.0,0,0
SKU-00036,72,2025-05-19,44,26,111.28,77.04,0,0
SKU-00036,73,2025-05-26,41,0,0.0,175.48000000000002,0,0
SKU-00036,74,2025-06-02,47,33,141.24,59.92,0,0
SKU-00036,75,2025-06-09,40,40,171.20000000000002,0.0,0,0
SKU-00036,76,2025-06-16,48,5,21.400000000000002,184.04000000000002,0,0
SKU-00036,77,2025-06-23,45,0,0.0,192.60000000000002,0,0
SKU-00036,78,2025-06-30,48,27,115.56,89.88000000000001,0,0
SKU-00036,79,2025-07-07,64,33,141.24,132.68,1,4
SKU-00036,80,2025-07-14,62,22,94.16000000000001,171.20000000000002,1,3
SKU-00036,81,2025-07-21,46,15,64.2,132.68,0,0
SKU-00036,82,2025-07-28,47,17,72.76,128.4,0,0
SKU-00036,83,2025-08-04,49,20,85.60000000000001,124.12,0,0
SKU-00036,84,2025-08-11,50,50,214.0,0.0,0,0
SKU-00036,85,2025-08-18,64,10,42.800000000000004,231.12,1,3
SKU-00036,86,2025-08-25,52,44,188.32000000000002,34.24,0,0
SKU-00036,87,2025-09-01,69,50,214.0,81.32000000000001,1,3
SKU-00036,88,2025-09-08,48,13,55.64,149.8,0,0
SKU-00036,89,2025-09-15,39,24,102.72,64.2,0,0
SKU-00036,90,2025-09-22,47,6,25.68,175.48000000000002,0,0
SKU-00036,91,2025-09-29,37,37,158.36,0.0,0,0
SKU-00036,92,2025-10-06,41,41,175.48000000000002,0.0,0,0
SKU-00036,93,2025-10-13,37,19,81.32000000000001,77.04,0,0
SKU-00036,94,2025-10-20,41,0,0.0,175.48000000000002,0,0
SKU-00036,95,2025-10-27,42,35,149.8,29.96,0,0
SKU-00036,96,2025-11-03,37,36,154.08,4.28,0,0
SKU-00036,97,2025-11-10,37,37,158.36,0.0,0,0
SKU-00036,98,2025-11-17,34,30,128.4,17.12,0,0
SKU-00036,99,2025-11-24,28,0,0.0,119.84,0,0
SKU-00036,100,2025-12-01,30,0,0.0,128.4,0,0
SKU-00036,101,2025-12-08,28,0,0.0,119.84,0,0
SKU-00036,102,2025-12-15,28,0,0.0,119.84,0,0
SKU-00036,103,2025-12-22,27,14,59.92,55.64,0,0
SKU-00037,0,2024-01-01,850,850,37553.0,0.0,0,0
SKU-00037,1,2024-01-08,630,630,27833.4,0.0,0,0
SKU-00037,2,2024-01-15,598,598,26419.64,0.0,0,0
SKU-00037,3,2024-01-22,672,672,29688.96,0.0,0,0
SKU-00037,4,2024-01-29,682,682,30130.76,0.0,0,0
SKU-00037,5,2024-02-05,910,910,40203.8,0.0,0,0
SKU-00037,6,2024-02-12,740,740,32693.2,0.0,0,0
SKU-00037,7,2024-02-19,698,698,30837.64,0.0,0,0
SKU-00037,8,2024-02-26,865,865,38215.7,0.0,0,0
SKU-00037,9,2024-03-04,747,747,33002.46,0.0,0,0
SKU-00037,10,2024-03-11,712,712,31456.16,0.0,0,0
SKU-00037,11,2024-03-18,680,325,14358.5,15683.9,0,0
SKU-00037,12,2024-03-25,611,314,13872.52,13121.46,0,0
SKU-00037,13,2024-04-01,394,394,17406.92,0.0,0,0
SKU-00037,14,2024-04-08,419,419,18511.42,0.0,0,0
SKU-00037,15,2024-04-15,574,574,25359.32,0.0,0,0
SKU-00037,16,2024-04-22,797,797,35211.46,0.0,0,0
SKU-00037,17,2024-04-29,606,606,26773.079999999998,0.0,0,0
SKU-00037,18,2024-05-06,649,649,28672.82,0.0,0,0
SKU-00037,19,2024-05-13,541,541,23901.38,0.0,0,0
SKU-00037,20,2024-05-20,602,602,26596.36,0.0,0,0
SKU-00037,21,2024-05-27,542,542,23945.56,0.0,0,0
SKU-00037,22,2024-06-03,605,605,26728.9,0.0,0,0
SKU-00037,23,2024-06-10,665,665,29379.7,0.0,0,0
SKU-00037,24,2024-06-17,486,486,21471.48,0.0,0,0
SKU-00037,25,2024-06-24,857,857,37862.26,0.0,0,0
SKU-00037,26,2024-07-01,677,677,29909.86,0.0,0,0
SKU-00037,27,2024-07-08,579,579,25580.22,0.0,0,0
SKU-00037,28,2024-07-15,530,530,23415.4,0.0,0,0
SKU-00037,29,2024-07-22,838,531,23459.579999999998,13563.26,0,0
SKU-00037,30,2024-07-29,931,0,0.0,41131.58,0,0
SKU-00037,31,2024-08-05,611,317,14005.06,12988.92,0,0
SKU-00037,32,2024-08-12,742,742,32781.56,0.0,0,0
SKU-00037,33,2024-08-19,767,767,33886.06,0.0,0,0
SKU-00037,34,2024-08-26,831,831,36713.58,0.0,0,0
SKU-00037,35,2024-09-02,651,651,28761.18,0.0,0,0
SKU-00037,36,2024-09-09,902,902,39850.36,0.0,0,0
SKU-00037,37,2024-09-16,724,724,31986.32,0.0,0,0
SKU-00037,38,2024-09-23,699,699,30881.82,0.0,0,0
SKU-00037,39,2024-09-30,736,736,32516.48,0.0,0,0
SKU-00037,40,2024-10-07,1103,675,29821.5,18909.04,1,3
SKU-00037,41,2024-10-14,808,808,35697.44,0.0,0,0
SKU-00037,42,2024-10-21,756,756,33400.08,0.0,0,0
SKU-00037,43,2024-10-28,773,773,34151.14,0.0,0,0
SKU-00037,44,2024-11-04,784,784,34637.12,0.0,0,0
SKU-00037,45,2024-11-11,761,761,33620.98,0.0,0,0
SKU-00037,46,2024-11-18,771,771,34062.78,0.0,0,0
SKU-00037,47,2024-11-25,767,767,33886.06,0.0,0,0
SKU-00037,48,2024-12-02,681,369,16302.42,13784.16,0,0
SKU-00037,49,2024-12-09,952,523,23106.14,18953.22,0,0
SKU-00037,50,2024-12-16,954,954,42147.72,0.0,0,0
SKU-00037,51,2024-12-23,962,962,42501.159999999996,0.0,0,0
SKU-00037,52,2024-12-30,832,832,36757.76,0.0,0,0
SKU-00037,53,2025-01-06,900,900,39762.0,0.0,0,0
SKU-00037,54,2025-01-13,1157,1157,51116.26,0.0,0,0
SKU-00037,55,2025-01-20,938,938,41440.84,0.0,0,0
SKU-00037,56,2025-01-27,962,293,12944.74,29556.42,0,0
SKU-00037,57,2025-02-03,895,456,20146.079999999998,19395.02,0,0
SKU-00037,58,2025-02-10,1080,1080,47714.4,0.0,0,0
SKU-00037,59,2025-02-17,989,213,9410.34,34283.68,0,0
SKU-00037,60,2025-02-24,845,671,29644.78,7687.32,1,2
SKU-00037,61,2025-03-03,761,761,33620.98,0.0,1,6
SKU-00037,62,2025-03-10,1148,1148,50718.64,0.0,1,4
SKU-00037,63,2025-03-17,769,769,33974.42,0.0,1,1
SKU-00037,64,2025-03-24,758,758,33488.44,0.0,0,0
SKU-00037,65,2025-03-31,1130,1130,49923.4,0.0,0,0
SKU-00037,66,2025-04-07,946,946,41794.28,0.0,0,0
SKU-00037,67,2025-04-14,912,912,40292.159999999996,0.0,0,0
SKU-00037,68,2025-04-21,932,297,13121.46,28054.3,0,0
SKU-00037,69,2025-04-28,917,917,40513.06,0.0,0,0
SKU-00037,70,2025-05-05,773,773,34151.14,0.0,0,0
SKU-00037,71,2025-05-12,739,739,32649.02,0.0,0,0
SKU-00037,72,2025-05-19,878,878,38790.04,0.0,0,0
SKU-00037,73,2025-05-26,844,844,37287.92,0.0,1,1
SKU-00037,74,2025-06-02,1294,1294,57168.92,0.0,1,2
SKU-00037,75,2025-06-09,954,954,42147.72,0.0,0,0
SKU-00037,76,2025-06-16,734,734,32428.12,0.0,0,0
SKU-00037,77,2025-06-23,843,843,37243.74,0.0,0,0
SKU-00037,78,2025-06-30,760,760,33576.8,0.0,1,2
SKU-00037,79,2025-07-07,796,557,24608.26,10559.02,1,1
SKU-00037,80,2025-07-14,1250,174,7687.32,47537.68,1,5
SKU-00037,81,2025-07-21,1026,1026,45328.68,0.0,0,0
SKU-00037,82,2025-07-28,885,885,39099.3,0.0,0,0
SKU-00037,83,2025-08-04,769,36,1590.48,32383.94,0,0
SKU-00037,84,2025-08-11,923,0,0.0,40778.14,0,0
SKU-00037,85,2025-08-18,890,339,14977.02,24343.18,0,0
SKU-00037,86,2025-08-25,875,875,38657.5,0.0,0,0
SKU-00037,87,2025-09-01,1020,387,17097.66,27965.94,0,0
SKU-00037,88,2025-09-08,646,0,0.0,28540.28,0,0
SKU-00037,89,2025-09-15,851,513,22664.34,14932.84,0,0
SKU-00037,90,2025-09-22,1164,1164,51425.52,0.0,0,0
SKU-00037,91,2025-09-29,847,847,37420.46,0.0,0,0
SKU-00037,92,2025-10-06,794,794,35078.92,0.0,0,0
SKU-00037,93,2025-10-13,743,743,32825.74,0.0,0,0
SKU-00037,94,2025-10-20,1114,1114,49216.52,0.0,0,0
SKU-00037,95,2025-10-27,1175,1175,51911.5,0.0,0,0
SKU-00037,96,2025-11-03,962,962,42501.159999999996,0.0,0,0
SKU-00037,97,2025-11-10,1211,1211,53501.98,0.0,0,0
SKU-00037,98,2025-11-17,1150,166,7333.88,43473.12,0,0
SKU-00037,99,2025-11-24,1165,0,0.0,51469.7,1,2
SKU-00037,100,2025-12-01,1169,288,12723.84,38922.58,1,2
SKU-00037,101,2025-12-08,1144,1144,50541.92,0.0,0,0
SKU-00037,102,2025-12-15,1131,163,7201.34,42766.24,0,0
SKU-00037,103,2025-12-22,1137,0,0.0,50232.659999999996,0,0
SKU-00038,0,2024-01-01,788,788,10645.88,0.0,0,0
SKU-00038,1,2024-01-08,788,788,10645.88,0.0,0,0
SKU-00038,2,2024-01-15,703,703,9497.53,0.0,0,0
SKU-00038,3,2024-01-22,736,736,9943.36,0.0,0,0
SKU-00038,4,2024-01-29,686,686,9267.86,0.0,0,0
SKU-00038,5,2024-02-05,575,432,5836.32,1931.93,0,0
SKU-00038,6,2024-02-12,633,633,8551.83,0.0,0,0
SKU-00038,7,2024-02-19,641,641,8659.91,0.0,0,0
SKU-00038,8,2024-02-26,923,887,11983.369999999999,486.36,1,2
SKU-00038,9,2024-03-04,946,946,12780.46,0.0,1,5
SKU-00038,10,2024-03-11,781,751,10146.01,405.3,0,0
SKU-00038,11,2024-03-18,776,776,10483.76,0.0,0,0
SKU-00038,12,2024-03-25,773,746,10078.46,364.77,0,0
SKU-00038,13,2024-04-01,951,870,11753.699999999999,1094.31,0,0
SKU-00038,14,2024-04-08,936,936,12645.36,0.0,0,0
SKU-00038,15,2024-04-15,881,865,11686.15,216.16,0,0
SKU-00038,16,2024-04-22,902,888,11996.88,189.14,0,0
SKU-00038,17,2024-04-29,950,821,11091.71,1742.79,0,0
SKU-00038,18,2024-05-06,757,757,10227.07,0.0,0,0
SKU-00038,19,2024-05-13,627,627,8470.77,0.0,0,0
SKU-00038,20,2024-05-20,652,652,8808.52,0.0,0,0
SKU-00038,21,2024-05-27,1206,1086,14671.86,1621.2,0,0
SKU-00038,22,2024-06-03,1004,996,13455.96,108.08,0,0
SKU-00038,23,2024-06-10,1193,1005,13577.55,2539.88,0,0
SKU-00038,24,2024-06-17,1133,1133,15306.83,0.0,0,0
SKU-00038,25,2024-06-24,1148,1091,14739.41,770.0699999999999,0,0
SKU-00038,26,2024-07-01,1158,1158,15644.58,0.0,0,0
SKU-00038,27,2024-07-08,1042,747,10091.97,3985.45,0,0
SKU-00038,28,2024-07-15,1169,1169,15793.19,0.0,0,0
SKU-00038,29,2024-07-22,1014,1014,13699.14,0.0,0,0
SKU-00038,30,2024-07-29,1184,1145,15468.949999999999,526.89,0,0
SKU-00038,31,2024-08-05,1167,1083,14631.33,1134.84,1,6
SKU-00038,32,2024-08-12,1046,897,12118.47,2012.99,0,0
SKU-00038,33,2024-08-19,995,906,12240.06,1202.3899999999999,0,0
SKU-00038,34,2024-08-26,1078,1076,14536.76,27.02,0,0
SKU-00038,35,2024-09-02,1065,1002,13537.02,851.13,0,0
SKU-00038,36,2024-09-09,762,762,10294.619999999999,0.0,0,0
SKU-00038,37,2024-09-16,1542,1456,19670.56,1161.86,1,5
SKU-00038,38,2024-09-23,1208,1100,14861.0,1459.08,1,2
SKU-00038,39,2024-09-30,905,714,9646.14,2580.41,0,0
SKU-00038,40,2024-10-07,982,892,12050.92,1215.9,0,0
SKU-00038,41,2024-10-14,905,904,12213.039999999999,13.51,0,0
SKU-00038,42,2024-10-21,811,673,9092.23,1864.3799999999999,0,0
SKU-00038,43,2024-10-28,996,996,13455.96,0.0,0,0
SKU-00038,44,2024-11-04,1184,864,11672.64,4323.2,1,4
SKU-00038,45,2024-11-11,879,879,11875.289999999999,0.0,0,0
SKU-00038,46,2024-11-18,1057,1008,13618.08,661.99,1,3
SKU-00038,47,2024-11-25,692,692,9348.92,0.0,0,0
SKU-00038,48,2024-12-02,713,713,9632.63,0.0,0,0
SKU-00038,49,2024-12-09,758,758,10240.58,0.0,0,0
SKU-00038,50,2024-12-16,763,763,10308.13,0.0,0,0
SKU-00038,51,2024-12-23,617,609,8227.59,108.08,0,0
SKU-00038,52,2024-12-30,648,648,8754.48,0.0,0,0
SKU-00038,53,2025-01-06,718,682,9213.82,486.36,0,0
SKU-00038,54,2025-01-13,624,624,8430.24,0.0,0,0
SKU-00038,55,2025-01-20,530,530,7160.3,0.0,0,0
SKU-00038,56,2025-01-27,549,549,7416.99,0.0,0,0
SKU-00038,57,2025-02-03,516,516,6971.16,0.0,0,0
SKU-00038,58,2025-02-10,460,460,6214.599999999999,0.0,0,0
SKU-00038,59,2025-02-17,575,575,7768.25,0.0,0,0
SKU-00038,60,2025-02-24,734,734,9916.34,0.0,0,0
SKU-00038,61,2025-03-03,661,661,8930.11,0.0,0,0
SKU-00038,62,2025-03-10,692,692,9348.92,0.0,0,0
SKU-00038,63,2025-03-17,692,692,9348.92,0.0,0,0
SKU-00038,64,2025-03-24,678,678,9159.78,0.0,0,0
SKU-00038,65,2025-03-31,717,717,9686.67,0.0,0,0
SKU-00038,66,2025-04-07,751,589,7957.39,2188.62,0,0
SKU-00038,67,2025-04-14,801,801,10821.51,0.0,0,0
SKU-00038,68,2025-04-21,722,709,9578.59,175.63,0,0
SKU-00038,69,2025-04-28,637,518,6998.18,1607.69,0,0
SKU-00038,70,2025-05-05,943,859,11605.09,1134.84,0,0
SKU-00038,71,2025-05-12,916,411,5552.61,6822.55,0,0
SKU-00038,72,2025-05-19,871,871,11767.21,0.0,0,0
SKU-00038,73,2025-05-26,952,952,12861.52,0.0,0,0
SKU-00038,74,2025-06-02,860,860,11618.6,0.0,0,0
SKU-00038,75,2025-06-09,972,972,13131.72,0.0,0,0
SKU-00038,76,2025-06-16,1158,1148,15509.48,135.1,0,0
SKU-00038,77,2025-06-23,832,832,11240.32,0.0,0,0
SKU-00038,78,2025-06-30,1006,910,12294.1,1296.96,0,0
SKU-00038,79,2025-07-07,1119,1119,15117.69,0.0,0,0
SKU-00038,80,2025-07-14,1080,1080,14590.8,0.0,1,4
SKU-00038,81,2025-07-21,924,859,11605.09,878.15,0,0
SKU-00038,82,2025-07-28,1067,813,10983.63,3431.54,0,0
SKU-00038,83,2025-08-04,1183,1183,15982.33,0.0,1,3
SKU-00038,84,2025-08-11,1029,616,8322.16,5579.63,1,2
SKU-00038,85,2025-08-18,886,701,9470.51,2499.35,0,0
SKU-00038,86,2025-08-25,1168,1168,15779.68,0.0,0,0
SKU-00038,87,2025-09-01,768,768,10375.68,0.0,0,0
SKU-00038,88,2025-09-08,970,848,11456.48,1648.22,0,0
SKU-00038,89,2025-09-15,752,708,9565.08,594.4399999999999,0,0
SKU-00038,90,2025-09-22,1112,1112,15023.119999999999,0.0,0,0
SKU-00038,91,2025-09-29,740,740,9997.4,0.0,0,0
SKU-00038,92,2025-10-06,709,709,9578.59,0.0,0,0
SKU-00038,93,2025-10-13,712,712,9619.119999999999,0.0,0,0
SKU-00038,94,2025-10-20,914,887,11983.369999999999,364.77,0,0
SKU-00038,95,2025-10-27,852,725,9794.75,1715.77,0,0
SKU-00038,96,2025-11-03,690,690,9321.9,0.0,0,0
SKU-00038,97,2025-11-10,639,639,8632.89,0.0,0,0
SKU-00038,98,2025-11-17,623,605,8173.55,243.18,0,0
SKU-00038,99,2025-11-24,648,532,7187.32,1567.16,0,0
SKU-00038,100,2025-12-01,513,513,6930.63,0.0,0,0
SKU-00038,101,2025-12-08,602,602,8133.0199999999995,0.0,0,0
SKU-00038,102,2025-12-15,963,887,11983.369999999999,1026.76,1,5
SKU-00038,103,2025-12-22,709,632,8538.32,1040.27,1,2
SKU-00039,0,2024-01-01,117,117,274.95,0.0,0,0
SKU-00039,1,2024-01-08,96,96,225.60000000000002,0.0,0,0
SKU-00039,2,2024-01-15,97,97,227.95000000000002,0.0,0,0
SKU-00039,3,2024-01-22,101,101,237.35000000000002,0.0,0,0
SKU-00039,4,2024-01-29,104,104,244.4,0.0,0,0
SKU-00039,5,2024-02-05,99,99,232.65,0.0,0,0
SKU-00039,6,2024-02-12,99,99,232.65,0.0,0,0
SKU-00039,7,2024-02-19,81,74,173.9,16.45,0,0
SKU-00039,8,2024-02-26,75,65,152.75,23.5,0,0
SKU-00039,9,2024-03-04,59,59,138.65,0.0,0,0
SKU-00039,10,2024-03-11,84,76,178.6,18.8,1,1
SKU-00039,11,2024-03-18,98,97,227.95000000000002,2.35,1,5
SKU-00039,12,2024-03-25,74,74,173.9,0.0,0,0
SKU-00039,13,2024-04-01,66,66,155.1,0.0,0,0
SKU-00039,14,2024-04-08,106,106,249.10000000000002,0.0,1,5
SKU-00039,15,2024-04-15,61,61,143.35,0.0,0,0
SKU-00039,16,2024-04-22,69,69,162.15,0.0,0,0
SKU-00039,17,2024-04-29,71,71,166.85,0.0,0,0
SKU-00039,18,2024-05-06,52,52,122.2,0.0,0,0
SKU-00039,19,2024-05-13,91,91,213.85,0.0,1,3
SKU-00039,20,2024-05-20,59,59,138.65,0.0,0,0
SKU-00039,21,2024-05-27,67,67,157.45000000000002,0.0,0,0
SKU-00039,22,2024-06-03,57,57,133.95000000000002,0.0,0,0
SKU-00039,23,2024-06-10,60,60,141.0,0.0,0,0
SKU-00039,24,2024-06-17,60,60,141.0,0.0,0,0
SKU-00039,25,2024-06-24,64,64,150.4,0.0,0,0
SKU-00039,26,2024-07-01,81,81,190.35,0.0,0,0
SKU-00039,27,2024-07-08,73,73,171.55,0.0,0,0
SKU-00039,28,2024-07-15,84,84,197.4,0.0,0,0
SKU-00039,29,2024-07-22,93,93,218.55,0.0,0,0
SKU-00039,30,2024-07-29,88,88,206.8,0.0,0,0
SKU-00039,31,2024-08-05,71,71,166.85,0.0,0,0
SKU-00039,32,2024-08-12,111,111,260.85,0.0,0,0
SKU-00039,33,2024-08-19,73,73,171.55,0.0,0,0
SKU-00039,34,2024-08-26,92,92,216.20000000000002,0.0,0,0
SKU-00039,35,2024-09-02,68,68,159.8,0.0,0,0
SKU-00039,36,2024-09-09,126,126,296.1,0.0,1,4
SKU-00039,37,2024-09-16,143,143,336.05,0.0,1,1
SKU-00039,38,2024-09-23,104,77,180.95000000000002,63.45,0,0
SKU-00039,39,2024-09-30,85,68,159.8,39.95,0,0
SKU-00039,40,2024-10-07,133,133,312.55,0.0,0,0
SKU-00039,41,2024-10-14,208,175,411.25,77.55,1,5
SKU-00039,42,2024-10-21,133,45,105.75,206.8,0,0
SKU-00039,43,2024-10-28,100,76,178.6,56.400000000000006,0,0
SKU-00039,44,2024-11-04,111,111,260.85,0.0,0,0
SKU-00039,45,2024-11-11,111,111,260.85,0.0,0,0
SKU-00039,46,2024-11-18,119,110,258.5,21.150000000000002,0,0
SKU-00039,47,2024-11-25,137,136,319.6,2.35,0,0
SKU-00039,48,2024-12-02,109,77,180.95000000000002,75.2,0,0
SKU-00039,49,2024-12-09,117,73,171.55,103.4,0,0
SKU-00039,50,2024-12-16,83,83,195.05,0.0,0,0
SKU-00039,51,2024-12-23,122,122,286.7,0.0,0,0
SKU-00039,52,2024-12-30,108,108,253.8,0.0,0,0
SKU-00039,53,2025-01-06,109,109,256.15000000000003,0.0,0,0
SKU-00039,54,2025-01-13,110,85,199.75,58.75,0,0
SKU-00039,55,2025-01-20,111,111,260.85,0.0,0,0
SKU-00039,56,2025-01-27,89,68,159.8,49.35,0,0
SKU-00039,57,2025-02-03,113,95,223.25,42.300000000000004,0,0
SKU-00039,58,2025-02-10,100,100,235.0,0.0,0,0
SKU-00039,59,2025-02-17,98,68,159.8,70.5,0,0
SKU-00039,60,2025-02-24,73,73,171.55,0.0,0,0
SKU-00039,61,2025-03-03,79,79,185.65,0.0,0,0
SKU-00039,62,2025-03-10,92,92,216.20000000000002,0.0,1,3
SKU-00039,63,2025-03-17,110,100,235.0,23.5,1,4
SKU-00039,64,2025-03-24,98,98,230.3,0.0,0,0
SKU-00039,65,2025-03-31,64,64,150.4,0.0,0,0
SKU-00039,66,2025-04-07,77,77,180.95000000000002,0.0,0,0
SKU-00039,67,2025-04-14,73,73,171.55,0.0,0,0
SKU-00039,68,2025-04-21,66,66,155.1,0.0,0,0
SKU-00039,69,2025-04-28,67,67,157.45000000000002,0.0,0,0
SKU-00039,70,2025-05-05,61,61,143.35,0.0,0,0
SKU-00039,71,2025-05-12,66,66,155.1,0.0,0,0
SKU-00039,72,2025-05-19,84,84,197.4,0.0,0,0
SKU-00039,73,2025-05-26,60,60,141.0,0.0,0,0
SKU-00039,74,2025-06-02,71,71,166.85,0.0,0,0
SKU-00039,75,2025-06-09,106,106,249.10000000000002,0.0,1,4
SKU-00039,76,2025-06-16,73,73,171.55,0.0,0,0
SKU-00039,77,2025-06-23,73,73,171.55,0.0,0,0
SKU-00039,78,2025-06-30,61,61,143.35,0.0,0,0
SKU-00039,79,2025-07-07,75,62,145.70000000000002,30.55,0,0
SKU-00039,80,2025-07-14,82,82,192.70000000000002,0.0,0,0
SKU-00039,81,2025-07-21,76,76,178.6,0.0,0,0
SKU-00039,82,2025-07-28,93,93,218.55,0.0,0,0
SKU-00039,83,2025-08-04,83,83,195.05,0.0,0,0
SKU-00039,84,2025-08-11,86,86,202.1,0.0,0,0
SKU-00039,85,2025-08-18,86,86,202.1,0.0,0,0
SKU-00039,86,2025-08-25,96,96,225.60000000000002,0.0,0,0
SKU-00039,87,2025-09-01,119,119,279.65000000000003,0.0,0,0
SKU-00039,88,2025-09-08,106,93,218.55,30.55,0,0
SKU-00039,89,2025-09-15,99,59,138.65,94.0,0,0
SKU-00039,90,2025-09-22,125,66,155.1,138.65,0,0
SKU-00039,91,2025-09-29,118,113,265.55,11.75,0,0
SKU-00039,92,2025-10-06,118,117,274.95,2.35,0,0
SKU-00039,93,2025-10-13,101,101,237.35000000000002,0.0,0,0
SKU-00039,94,2025-10-20,113,113,265.55,0.0,0,0
SKU-00039,95,2025-10-27,143,143,336.05,0.0,1,3
SKU-00039,96,2025-11-03,136,68,159.8,159.8,0,0
SKU-00039,97,2025-11-10,137,86,202.1,119.85000000000001,0,0
SKU-00039,98,2025-11-17,146,142,333.7,9.4,0,0
SKU-00039,99,2025-11-24,144,112,263.2,75.2,0,0
SKU-00039,100,2025-12-01,135,120,282.0,35.25,0,0
SKU-00039,101,2025-12-08,128,117,274.95,25.85,0,0
SKU-00039,102,2025-12-15,156,122,286.7,79.9,0,0
SKU-00039,103,2025-12-22,91,70,164.5,49.35,0,0
SKU-00040,0,2024-01-01,79,79,2308.38,0.0,0,0
SKU-00040,1,2024-01-08,101,101,2951.22,0.0,0,0
SKU-00040,2,2024-01-15,79,79,2308.38,0.0,0,0
SKU-00040,3,2024-01-22,99,70,2045.3999999999999,847.38,0,0
SKU-00040,4,2024-01-29,88,78,2279.16,292.2,0,0
SKU-00040,5,2024-02-05,97,97,2834.3399999999997,0.0,0,0
SKU-00040,6,2024-02-12,88,88,2571.3599999999997,0.0,0,0
SKU-00040,7,2024-02-19,87,87,2542.14,0.0,0,0
SKU-00040,8,2024-02-26,104,100,2922.0,116.88,0,0
SKU-00040,9,2024-03-04,88,63,1840.86,730.5,0,0
SKU-00040,10,2024-03-11,99,99,2892.7799999999997,0.0,0,0
SKU-00040,11,2024-03-18,108,74,2162.2799999999997,993.48,0,0
SKU-00040,12,2024-03-25,105,68,1986.96,1081.1399999999999,0,0
SKU-00040,13,2024-04-01,100,98,2863.56,58.44,0,0
SKU-00040,14,2024-04-08,98,98,2863.56,0.0,0,0
SKU-00040,15,2024-04-15,94,94,2746.68,0.0,0,0
SKU-00040,16,2024-04-22,151,145,4236.9,175.32,1,4
SKU-00040,17,2024-04-29,120,107,3126.54,379.86,0,0
SKU-00040,18,2024-05-06,124,124,3623.2799999999997,0.0,1,4
SKU-00040,19,2024-05-13,107,107,3126.54,0.0,0,0
SKU-00040,20,2024-05-20,99,97,2834.3399999999997,58.44,0,0
SKU-00040,21,2024-05-27,100,67,1957.74,964.26,0,0
SKU-00040,22,2024-06-03,130,124,3623.2799999999997,175.32,1,1
SKU-00040,23,2024-06-10,142,120,3506.3999999999996,642.8399999999999,1,6
SKU-00040,24,2024-06-17,89,78,2279.16,321.41999999999996,0,0
SKU-00040,25,2024-06-24,94,94,2746.68,0.0,0,0
SKU-00040,26,2024-07-01,78,78,2279.16,0.0,0,0
SKU-00040,27,2024-07-08,77,77,2249.94,0.0,0,0
SKU-00040,28,2024-07-15,84,67,1957.74,496.74,0,0
SKU-00040,29,2024-07-22,95,48,1402.56,1373.34,0,0
SKU-00040,30,2024-07-29,80,72,2103.84,233.76,0,0
SKU-00040,31,2024-08-05,67,67,1957.74,0.0,0,0
SKU-00040,32,2024-08-12,64,64,1870.08,0.0,0,0
SKU-00040,33,2024-08-19,65,65,1899.3,0.0,0,0
SKU-00040,34,2024-08-26,68,68,1986.96,0.0,0,0
SKU-00040,35,2024-09-02,62,62,1811.6399999999999,0.0,0,0
SKU-00040,36,2024-09-09,65,65,1899.3,0.0,0,0
SKU-00040,37,2024-09-16,67,67,1957.74,0.0,0,0
SKU-00040,38,2024-09-23,61,61,1782.4199999999998,0.0,0,0
SKU-00040,39,2024-09-30,67,58,1694.76,262.98,1,3
SKU-00040,40,2024-10-07,68,66,1928.52,58.44,0,0
SKU-00040,41,2024-10-14,55,53,1548.6599999999999,58.44,0,0
SKU-00040,42,2024-10-21,72,72,2103.84,0.0,0,0
SKU-00040,43,2024-10-28,64,64,1870.08,0.0,0,0
SKU-00040,44,2024-11-04,72,72,2103.84,0.0,0,0
SKU-00040,45,2024-11-11,73,73,2133.06,0.0,0,0
SKU-00040,46,2024-11-18,76,76,2220.72,0.0,0,0
SKU-00040,47,2024-11-25,80,80,2337.6,0.0,0,0
SKU-00040,48,2024-12-02,93,93,2717.46,0.0,0,0
SKU-00040,49,2024-12-09,80,79,2308.38,29.22,0,0
SKU-00040,50,2024-12-16,102,102,2980.44,0.0,1,3
SKU-00040,51,2024-12-23,90,67,1957.74,672.06,0,0
SKU-00040,52,2024-12-30,96,91,2659.02,146.1,0,0
SKU-00040,53,2025-01-06,103,103,3009.66,0.0,0,0
SKU-00040,54,2025-01-13,108,108,3155.7599999999998,0.0,0,0
SKU-00040,55,2025-01-20,96,96,2805.12,0.0,0,0
SKU-00040,56,2025-01-27,114,97,2834.3399999999997,496.74,0,0
SKU-00040,57,2025-02-03,124,103,3009.66,613.62,0,0
SKU-00040,58,2025-02-10,124,123,3594.06,29.22,0,0
SKU-00040,59,2025-02-17,125,125,3652.5,0.0,0,0
SKU-00040,60,2025-02-24,102,84,2454.48,525.96,0,0
SKU-00040,61,2025-03-03,120,120,3506.3999999999996,0.0,0,0
SKU-00040,62,2025-03-10,128,110,3214.2,525.96,0,0
SKU-00040,63,2025-03-17,185,166,4850.5199999999995,555.18,1,4
SKU-00040,64,2025-03-24,129,112,3272.64,496.74,0,0
SKU-00040,65,2025-03-31,124,109,3184.98,438.29999999999995,0,0
SKU-00040,66,2025-04-07,138,136,3973.92,58.44,0,0
SKU-00040,67,2025-04-14,134,84,2454.48,1461.0,0,0
SKU-00040,68,2025-04-21,113,90,2629.7999999999997,672.06,0,0
SKU-00040,69,2025-04-28,122,122,3564.8399999999997,0.0,0,0
SKU-00040,70,2025-05-05,124,124,3623.2799999999997,0.0,0,0
SKU-00040,71,2025-05-12,127,116,3389.52,321.41999999999996,0,0
SKU-00040,72,2025-05-19,119,116,3389.52,87.66,0,0
SKU-00040,73,2025-05-26,111,111,3243.42,0.0,0,0
SKU-00040,74,2025-06-02,109,94,2746.68,438.29999999999995,0,0
SKU-00040,75,2025-06-09,109,95,2775.9,409.08,0,0
SKU-00040,76,2025-06-16,106,106,3097.3199999999997,0.0,0,0
SKU-00040,77,2025-06-23,103,86,2512.92,496.74,0,0
SKU-00040,78,2025-06-30,103,80,2337.6,672.06,0,0
SKU-00040,79,2025-07-07,95,95,2775.9,0.0,0,0
SKU-00040,80,2025-07-14,93,93,2717.46,0.0,0,0
SKU-00040,81,2025-07-21,102,102,2980.44,0.0,0,0
SKU-00040,82,2025-07-28,110,84,2454.48,759.72,1,3
SKU-00040,83,2025-08-04,114,68,1986.96,1344.12,1,4
SKU-00040,84,2025-08-11,85,52,1519.44,964.26,0,0
SKU-00040,85,2025-08-18,83,76,2220.72,204.54,0,0
SKU-00040,86,2025-08-25,88,88,2571.3599999999997,0.0,0,0
SKU-00040,87,2025-09-01,75,75,2191.5,0.0,0,0
SKU-00040,88,2025-09-08,85,85,2483.7,0.0,0,0
SKU-00040,89,2025-09-15,84,84,2454.48,0.0,0,0
SKU-00040,90,2025-09-22,78,72,2103.84,175.32,0,0
SKU-00040,91,2025-09-29,77,62,1811.6399999999999,438.29999999999995,0,0
SKU-00040,92,2025-10-06,63,63,1840.86,0.0,0,0
SKU-00040,93,2025-10-13,70,70,2045.3999999999999,0.0,0,0
SKU-00040,94,2025-10-20,76,76,2220.72,0.0,0,0
SKU-00040,95,2025-10-27,88,88,2571.3599999999997,0.0,0,0
SKU-00040,96,2025-11-03,85,71,2074.62,409.08,0,0
SKU-00040,97,2025-11-10,79,79,2308.38,0.0,0,0
SKU-00040,98,2025-11-17,96,96,2805.12,0.0,0,0
SKU-00040,99,2025-11-24,85,85,2483.7,0.0,0,0
SKU-00040,100,2025-12-01,81,79,2308.38,58.44,0,0
SKU-00040,101,2025-12-08,91,91,2659.02,0.0,0,0
SKU-00040,102,2025-12-15,100,77,2249.94,672.06,0,0
SKU-00040,103,2025-12-22,121,116,3389.52,146.1,0,0
SKU-00041,0,2024-01-01,1733,1733,24955.2,0.0,0,0
SKU-00041,1,2024-01-08,1858,1858,26755.2,0.0,0,0
SKU-00041,2,2024-01-15,1733,1733,24955.2,0.0,0,0
SKU-00041,3,2024-01-22,1829,1829,26337.600000000002,0.0,0,0
SKU-00041,4,2024-01-29,1580,1580,22752.0,0.0,0,0
SKU-00041,5,2024-02-05,1548,696,10022.4,12268.800000000001,0,0
SKU-00041,6,2024-02-12,1709,1564,22521.600000000002,2088.0,0,0
SKU-00041,7,2024-02-19,1454,1454,20937.600000000002,0.0,0,0
SKU-00041,8,2024-02-26,1624,1624,23385.600000000002,0.0,0,0
SKU-00041,9,2024-03-04,1438,1438,20707.2,0.0,0,0
SKU-00041,10,2024-03-11,1537,1537,22132.8,0.0,0,0
SKU-00041,11,2024-03-18,1484,1484,21369.600000000002,0.0,0,0
SKU-00041,12,2024-03-25,1352,1352,19468.8,0.0,0,0
SKU-00041,13,2024-04-01,1564,1012,14572.800000000001,7948.8,0,0
SKU-00041,14,2024-04-08,1505,1412,20332.8,1339.2,0,0
SKU-00041,15,2024-04-15,1523,1523,21931.2,0.0,0,0
SKU-00041,16,2024-04-22,1568,1568,22579.2,0.0,0,0
SKU-00041,17,2024-04-29,1340,1340,19296.0,0.0,0,0
SKU-00041,18,2024-05-06,1505,1505,21672.0,0.0,0,0
SKU-00041,19,2024-05-13,1613,1613,23227.2,0.0,0,0
SKU-00041,20,2024-05-20,1933,1933,27835.2,0.0,1,5
SKU-00041,21,2024-05-27,1727,955,13752.0,11116.800000000001,1,1
SKU-00041,22,2024-06-03,1392,884,12729.6,7315.2,0,0
SKU-00041,23,2024-06-10,1850,1093,15739.2,10900.800000000001,1,1
SKU-00041,24,2024-06-17,2070,2070,29808.0,0.0,1,5
SKU-00041,25,2024-06-24,1646,1646,23702.4,0.0,0,0
SKU-00041,26,2024-07-01,1671,1671,24062.4,0.0,0,0
SKU-00041,27,2024-07-08,1690,1386,19958.4,4377.6,0,0
SKU-00041,28,2024-07-15,1789,776,11174.4,14587.2,0,0
SKU-00041,29,2024-07-22,1737,1484,21369.600000000002,3643.2000000000003,0,0
SKU-00041,30,2024-07-29,1725,1716,24710.4,129.6,0,0
SKU-00041,31,2024-08-05,1934,1934,27849.600000000002,0.0,0,0
SKU-00041,32,2024-08-12,1979,1554,22377.600000000002,6120.0,0,0
SKU-00041,33,2024-08-19,3263,1016,14630.4,32356.8,1,5
SKU-00041,34,2024-08-26,1866,1720,24768.0,2102.4,0,0
SKU-00041,35,2024-09-02,1990,1990,28656.0,0.0,0,0
SKU-00041,36,2024-09-09,2045,2045,29448.0,0.0,0,0
SKU-00041,37,2024-09-16,2104,2104,30297.600000000002,0.0,0,0
SKU-00041,38,2024-09-23,2103,1572,22636.8,7646.400000000001,0,0
SKU-00041,39,2024-09-30,1949,1241,17870.4,10195.2,0,0
SKU-00041,40,2024-10-07,2272,2272,32716.8,0.0,1,1
SKU-00041,41,2024-10-14,3324,2658,38275.200000000004,9590.4,1,5
SKU-00041,42,2024-10-21,2041,1482,21340.8,8049.6,0,0
SKU-00041,43,2024-10-28,1928,1928,27763.2,0.0,0,0
SKU-00041,44,2024-11-04,2081,1937,27892.8,2073.6,0,0
SKU-00041,45,2024-11-11,2020,2020,29088.0,0.0,0,0
SKU-00041,46,2024-11-18,1965,1965,28296.0,0.0,0,0
SKU-00041,47,2024-11-25,1853,1637,23572.8,3110.4,0,0
SKU-00041,48,2024-12-02,1788,1788,25747.2,0.0,0,0
SKU-00041,49,2024-12-09,1630,1630,23472.0,0.0,0,0
SKU-00041,50,2024-12-16,2817,2714,39081.6,1483.2,1,5
SKU-00041,51,2024-12-23,2438,2084,30009.600000000002,5097.6,1,4
SKU-00041,52,2024-12-30,1821,917,13204.800000000001,13017.6,0,0
SKU-00041,53,2025-01-06,1775,929,13377.6,12182.4,0,0
SKU-00041,54,2025-01-13,1684,1124,16185.6,8064.0,0,0
SKU-00041,55,2025-01-20,1591,1591,22910.4,0.0,0,0
SKU-00041,56,2025-01-27,1977,1977,28468.8,0.0,1,3
SKU-00041,57,2025-02-03,2038,2038,29347.2,0.0,1,3
SKU-00041,58,2025-02-10,1582,1582,22780.8,0.0,0,0
SKU-00041,59,2025-02-17,1412,953,13723.2,6609.6,0,0
SKU-00041,60,2025-02-24,1549,1372,19756.8,2548.8,0,0
SKU-00041,61,2025-03-03,1445,1332,19180.8,1627.2,0,0
SKU-00041,62,2025-03-10,1626,1626,23414.4,0.0,0,0
SKU-00041,63,2025-03-17,1341,1341,19310.4,0.0,0,0
SKU-00041,64,2025-03-24,1425,1425,20520.0,0.0,0,0
SKU-00041,65,2025-03-31,1538,1538,22147.2,0.0,0,0
SKU-00041,66,2025-04-07,1428,1428,20563.2,0.0,0,0
SKU-00041,67,2025-04-14,1551,1063,15307.2,7027.2,0,0
SKU-00041,68,2025-04-21,1356,1243,17899.2,1627.2,0,0
SKU-00041,69,2025-04-28,1600,1120,16128.0,6912.0,0,0
SKU-00041,70,2025-05-05,1612,1465,21096.0,2116.8,0,0
SKU-00041,71,2025-05-12,1438,1438,20707.2,0.0,0,0
SKU-00041,72,2025-05-19,1485,1449,20865.600000000002,518.4,0,0
SKU-00041,73,2025-05-26,1607,1044,15033.6,8107.2,0,0
SKU-00041,74,2025-06-02,1529,1516,21830.4,187.20000000000002,0,0
SKU-00041,75,2025-06-09,1785,1785,25704.0,0.0,0,0
SKU-00041,76,2025-06-16,1634,1634,23529.600000000002,0.0,0,0
SKU-00041,77,2025-06-23,1685,1685,24264.0,0.0,0,0
SKU-00041,78,2025-06-30,1676,1676,24134.4,0.0,0,0
SKU-00041,79,2025-07-07,1745,1745,25128.0,0.0,0,0
SKU-00041,80,2025-07-14,1560,1560,22464.0,0.0,0,0
SKU-00041,81,2025-07-21,1873,1873,26971.2,0.0,0,0
SKU-00041,82,2025-07-28,1749,1749,25185.600000000002,0.0,0,0
SKU-00041,83,2025-08-04,1907,1482,21340.8,6120.0,0,0
SKU-00041,84,2025-08-11,1699,1699,24465.600000000002,0.0,0,0
SKU-00041,85,2025-08-18,1847,1641,23630.4,2966.4,0,0
SKU-00041,86,2025-08-25,1912,1708,24595.2,2937.6,0,0
SKU-00041,87,2025-09-01,2028,1838,26467.2,2736.0,0,0
SKU-00041,88,2025-09-08,1997,472,6796.8,21960.0,0,0
SKU-00041,89,2025-09-15,1842,1842,26524.8,0.0,0,0
SKU-00041,90,2025-09-22,2030,2030,29232.0,0.0,0,0
SKU-00041,91,2025-09-29,1966,1966,28310.4,0.0,0,0
SKU-00041,92,2025-10-06,1823,1823,26251.2,0.0,0,0
SKU-00041,93,2025-10-13,1955,1581,22766.4,5385.6,0,0
SKU-00041,94,2025-10-20,2055,784,11289.6,18302.4,0,0
SKU-00041,95,2025-10-27,2049,1895,27288.0,2217.6,0,0
SKU-00041,96,2025-11-03,1930,1930,27792.0,0.0,0,0
SKU-00041,97,2025-11-10,1901,1901,27374.4,0.0,0,0
SKU-00041,98,2025-11-17,2059,2010,28944.0,705.6,0,0
SKU-00041,99,2025-11-24,1974,340,4896.0,23529.600000000002,0,0
SKU-00041,100,2025-12-01,1903,1271,18302.4,9100.800000000001,0,0
SKU-00041,101,2025-12-08,2419,2419,34833.6,0.0,1,4
SKU-00041,102,2025-12-15,1871,1871,26942.4,0.0,0,0
SKU-00041,103,2025-12-22,1660,1660,23904.0,0.0,0,0
SKU-00042,0,2024-01-01,42,42,638.4,0.0,0,0
SKU-00042,1,2024-01-08,38,38,577.6,0.0,0,0
SKU-00042,2,2024-01-15,40,40,608.0,0.0,0,0
SKU-00042,3,2024-01-22,37,37,562.4,0.0,0,0
SKU-00042,4,2024-01-29,36,36,547.1999999999999,0.0,0,0
SKU-00042,5,2024-02-05,35,35,532.0,0.0,0,0
SKU-00042,6,2024-02-12,38,38,577.6,0.0,0,0
SKU-00042,7,2024-02-19,33,33,501.59999999999997,0.0,0,0
SKU-00042,8,2024-02-26,34,27,410.4,106.39999999999999,0,0
SKU-00042,9,2024-03-04,35,35,532.0,0.0,0,0
SKU-00042,10,2024-03-11,32,24,364.79999999999995,121.6,0,0
SKU-00042,11,2024-03-18,32,16,243.2,243.2,0,0
SKU-00042,12,2024-03-25,35,35,532.0,0.0,0,0
SKU-00042,13,2024-04-01,33,33,501.59999999999997,0.0,0,0
SKU-00042,14,2024-04-08,30,30,456.0,0.0,0,0
SKU-00042,15,2024-04-15,40,40,608.0,0.0,0,0
SKU-00042,16,2024-04-22,37,37,562.4,0.0,0,0
SKU-00042,17,2024-04-29,37,30,456.0,106.39999999999999,0,0
SKU-00042,18,2024-05-06,33,33,501.59999999999997,0.0,0,0
SKU-00042,19,2024-05-13,39,24,364.79999999999995,228.0,0,0
SKU-00042,20,2024-05-20,42,37,562.4,76.0,0,0
SKU-00042,21,2024-05-27,39,39,592.8,0.0,0,0
SKU-00042,22,2024-06-03,50,50,760.0,0.0,1,3
SKU-00042,23,2024-06-10,63,63,957.5999999999999,0.0,1,4
SKU-00042,24,2024-06-17,40,15,228.0,380.0,0,0
SKU-00042,25,2024-06-24,35,10,152.0,380.0,0,0
SKU-00042,26,2024-07-01,42,42,638.4,0.0,0,0
SKU-00042,27,2024-07-08,42,42,638.4,0.0,0,0
SKU-00042,28,2024-07-15,43,43,653.6,0.0,0,0
SKU-00042,29,2024-07-22,53,53,805.5999999999999,0.0,0,0
SKU-00042,30,2024-07-29,44,44,668.8,0.0,0,0
SKU-00042,31,2024-08-05,49,49,744.8,0.0,0,0
SKU-00042,32,2024-08-12,43,39,592.8,60.8,0,0
SKU-00042,33,2024-08-19,45,0,0.0,684.0,0,0
SKU-00042,34,2024-08-26,57,43,653.6,212.79999999999998,0,0
SKU-00042,35,2024-09-02,60,53,805.5999999999999,106.39999999999999,1,4
SKU-00042,36,2024-09-09,50,50,760.0,0.0,0,0
SKU-00042,37,2024-09-16,57,44,668.8,197.6,0,0
SKU-00042,38,2024-09-23,47,6,91.19999999999999,623.1999999999999,0,0
SKU-00042,39,2024-09-30,46,46,699.1999999999999,0.0,0,0
SKU-00042,40,2024-10-07,56,29,440.79999999999995,410.4,0,0
SKU-00042,41,2024-10-14,55,9,136.79999999999998,699.1999999999999,0,0
SKU-00042,42,2024-10-21,50,50,760.0,0.0,0,0
SKU-00042,43,2024-10-28,61,56,851.1999999999999,76.0,0,0
SKU-00042,44,2024-11-04,49,49,744.8,0.0,0,0
SKU-00042,45,2024-11-11,92,92,1398.3999999999999,0.0,0,0
SKU-00042,46,2024-11-18,122,32,486.4,1368.0,0,0
SKU-00042,47,2024-11-25,113,0,0.0,1717.6,1,3
SKU-00042,48,2024-12-02,55,0,0.0,836.0,0,0
SKU-00042,49,2024-12-09,51,45,684.0,91.19999999999999,0,0
SKU-00042,50,2024-12-16,52,52,790.4,0.0,0,0
SKU-00042,51,2024-12-23,45,45,684.0,0.0,0,0
SKU-00042,52,2024-12-30,52,52,790.4,0.0,0,0
SKU-00042,53,2025-01-06,74,14,212.79999999999998,912.0,1,7
SKU-00042,54,2025-01-13,54,0,0.0,820.8,0,0
SKU-00042,55,2025-01-20,42,26,395.2,243.2,0,0
SKU-00042,56,2025-01-27,39,39,592.8,0.0,0,0
SKU-00042,57,2025-02-03,47,47,714.4,0.0,0,0
SKU-00042,58,2025-02-10,43,43,653.6,0.0,0,0
SKU-00042,59,2025-02-17,37,37,562.4,0.0,0,0
SKU-00042,60,2025-02-24,44,44,668.8,0.0,0,0
SKU-00042,61,2025-03-03,39,39,592.8,0.0,0,0
SKU-00042,62,2025-03-10,40,40,608.0,0.0,0,0
SKU-00042,63,2025-03-17,41,41,623.1999999999999,0.0,0,0
SKU-00042,64,2025-03-24,31,26,395.2,76.0,0,0
SKU-00042,65,2025-03-31,40,0,0.0,608.0,0,0
SKU-00042,66,2025-04-07,39,28,425.59999999999997,167.2,0,0
SKU-00042,67,2025-04-14,39,39,592.8,0.0,0,0
SKU-00042,68,2025-04-21,39,39,592.8,0.0,0,0
SKU-00042,69,2025-04-28,43,43,653.6,0.0,0,0
SKU-00042,70,2025-05-05,39,20,304.0,288.8,0,0
SKU-00042,71,2025-05-12,42,42,638.4,0.0,0,0
SKU-00042,72,2025-05-19,46,46,699.1999999999999,0.0,0,0
SKU-00042,73,2025-05-26,47,20,304.0,410.4,0,0
SKU-00042,74,2025-06-02,36,36,547.1999999999999,0.0,0,0
SKU-00042,75,2025-06-09,48,48,729.5999999999999,0.0,0,0
SKU-00042,76,2025-06-16,49,49,744.8,0.0,0,0
SKU-00042,77,2025-06-23,39,30,456.0,136.79999999999998,0,0
SKU-00042,78,2025-06-30,57,8,121.6,744.8,0,0
SKU-00042,79,2025-07-07,58,58,881.5999999999999,0.0,0,0
SKU-00042,80,2025-07-14,40,40,608.0,0.0,0,0
SKU-00042,81,2025-07-21,41,41,623.1999999999999,0.0,0,0
SKU-00042,82,2025-07-28,55,52,790.4,45.599999999999994,0,0
SKU-00042,83,2025-08-04,52,0,0.0,790.4,0,0
SKU-00042,84,2025-08-11,51,31,471.2,304.0,0,0
SKU-00042,85,2025-08-18,70,66,1003.1999999999999,60.8,1,4
SKU-00042,86,2025-08-25,62,25,380.0,562.4,0,0
SKU-00042,87,2025-09-01,50,50,760.0,0.0,0,0
SKU-00042,88,2025-09-08,53,53,805.5999999999999,0.0,0,0
SKU-00042,89,2025-09-15,57,52,790.4,76.0,0,0
SKU-00042,90,2025-09-22,60,60,912.0,0.0,0,0
SKU-00042,91,2025-09-29,61,23,349.59999999999997,577.6,0,0
SKU-00042,92,2025-10-06,45,45,684.0,0.0,0,0
SKU-00042,93,2025-10-13,63,63,957.5999999999999,0.0,0,0
SKU-00042,94,2025-10-20,56,56,851.1999999999999,0.0,0,0
SKU-00042,95,2025-10-27,61,46,699.1999999999999,228.0,0,0
SKU-00042,96,2025-11-03,57,0,0.0,866.4,0,0
SKU-00042,97,2025-11-10,70,42,638.4,425.59999999999997,1,3
SKU-00042,98,2025-11-17,94,90,1368.0,60.8,1,7
SKU-00042,99,2025-11-24,69,43,653.6,395.2,1,1
SKU-00042,100,2025-12-01,62,62,942.4,0.0,0,0
SKU-00042,101,2025-12-08,63,63,957.5999999999999,0.0,1,2
SKU-00042,102,2025-12-15,82,54,820.8,425.59999999999997,1,4
SKU-00042,103,2025-12-22,46,0,0.0,699.1999999999999,0,0
SKU-00043,0,2024-01-01,146,146,14376.619999999999,0.0,0,0
SKU-00043,1,2024-01-08,175,175,17232.25,0.0,0,0
SKU-00043,2,2024-01-15,140,140,13785.8,0.0,0,0
SKU-00043,3,2024-01-22,136,136,13391.92,0.0,0,0
SKU-00043,4,2024-01-29,136,136,13391.92,0.0,0,0
SKU-00043,5,2024-02-05,168,163,16050.61,492.35,0,0
SKU-00043,6,2024-02-12,156,92,9059.24,6302.08,0,0
SKU-00043,7,2024-02-19,147,98,9650.06,4825.03,0,0
SKU-00043,8,2024-02-26,137,80,7877.6,5612.79,0,0
SKU-00043,9,2024-03-04,151,146,14376.619999999999,492.35,0,0
SKU-00043,10,2024-03-11,151,151,14868.97,0.0,0,0
SKU-00043,11,2024-03-18,173,148,14573.56,2461.75,0,0
SKU-00043,12,2024-03-25,206,193,19004.71,1280.11,1,3
SKU-00043,13,2024-04-01,227,227,22352.69,0.0,1,3
SKU-00043,14,2024-04-08,178,178,17527.66,0.0,0,0
SKU-00043,15,2024-04-15,191,191,18807.77,0.0,0,0
SKU-00043,16,2024-04-22,210,181,17823.07,2855.63,0,0
SKU-00043,17,2024-04-29,197,197,19398.59,0.0,0,0
SKU-00043,18,2024-05-06,175,115,11324.05,5908.2,0,0
SKU-00043,19,2024-05-13,211,143,14081.21,6695.96,0,0
SKU-00043,20,2024-05-20,225,133,13096.51,9059.24,0,0
SKU-00043,21,2024-05-27,294,263,25897.61,3052.57,1,3
SKU-00043,22,2024-06-03,310,209,20580.23,9945.47,1,4
SKU-00043,23,2024-06-10,185,174,17133.78,1083.17,0,0
SKU-00043,24,2024-06-17,238,192,18906.239999999998,4529.62,0,0
SKU-00043,25,2024-06-24,231,231,22746.57,0.0,0,0
SKU-00043,26,2024-07-01,244,159,15656.73,8369.95,0,0
SKU-00043,27,2024-07-08,282,256,25208.32,2560.22,0,0
SKU-00043,28,2024-07-15,316,214,21072.579999999998,10043.94,0,0
SKU-00043,29,2024-07-22,275,194,19103.18,7976.07,0,0
SKU-00043,30,2024-07-29,315,258,25405.26,5612.79,0,0
SKU-00043,31,2024-08-05,325,280,27571.6,4431.15,0,0
SKU-00043,32,2024-08-12,371,97,9551.59,26980.78,1,5
SKU-00043,33,2024-08-19,294,125,12308.75,16641.43,1,2
SKU-00043,34,2024-08-26,271,164,16149.08,10536.289999999999,0,0
SKU-00043,35,2024-09-02,285,285,28063.95,0.0,0,0
SKU-00043,36,2024-09-09,305,214,21072.579999999998,8960.77,0,0
SKU-00043,37,2024-09-16,284,169,16641.43,11324.05,0,0
SKU-00043,38,2024-09-23,259,188,18512.36,6991.37,0,0
SKU-00043,39,2024-09-30,260,229,22549.63,3052.57,0,0
SKU-00043,40,2024-10-07,194,176,17330.72,1772.46,0,0
SKU-00043,41,2024-10-14,262,262,25799.14,0.0,0,0
SKU-00043,42,2024-10-21,218,141,13884.27,7582.19,0,0
SKU-00043,43,2024-10-28,263,215,21171.05,4726.5599999999995,0,0
SKU-00043,44,2024-11-04,246,246,24223.62,0.0,0,0
SKU-00043,45,2024-11-11,227,207,20383.29,1969.4,0,0
SKU-00043,46,2024-11-18,219,83,8173.01,13391.92,0,0
SKU-00043,47,2024-11-25,194,43,4234.21,14868.97,0,0
SKU-00043,48,2024-12-02,245,245,24125.15,0.0,0,0
SKU-00043,49,2024-12-09,214,214,21072.579999999998,0.0,0,0
SKU-00043,50,2024-12-16,208,208,20481.76,0.0,0,0
SKU-00043,51,2024-12-23,184,183,18020.01,98.47,0,0
SKU-00043,52,2024-12-30,189,137,13490.39,5120.44,0,0
SKU-00043,53,2025-01-06,178,178,17527.66,0.0,0,0
SKU-00043,54,2025-01-13,244,244,24026.68,0.0,1,4
SKU-00043,55,2025-01-20,289,289,28457.829999999998,0.0,1,4
SKU-00043,56,2025-01-27,181,94,9256.18,8566.89,0,0
SKU-00043,57,2025-02-03,183,88,8665.36,9354.65,0,0
SKU-00043,58,2025-02-10,162,162,15952.14,0.0,0,0
SKU-00043,59,2025-02-17,171,171,16838.37,0.0,0,0
SKU-00043,60,2025-02-24,198,171,16838.37,2658.69,0,0
SKU-00043,61,2025-03-03,143,101,9945.47,4135.74,0,0
SKU-00043,62,2025-03-10,177,177,17429.19,0.0,0,0
SKU-00043,63,2025-03-17,196,195,19201.65,98.47,0,0
SKU-00043,64,2025-03-24,216,216,21269.52,0.0,0,0
SKU-00043,65,2025-03-31,194,194,19103.18,0.0,0,0
SKU-00043,66,2025-04-07,176,126,12407.22,4923.5,0,0
SKU-00043,67,2025-04-14,207,207,20383.29,0.0,0,0
SKU-00043,68,2025-04-21,204,204,20087.88,0.0,0,0
SKU-00043,69,2025-04-28,280,280,27571.6,0.0,0,0
SKU-00043,70,2025-05-05,210,191,18807.77,1870.93,0,0
SKU-00043,71,2025-05-12,266,148,14573.56,11619.46,0,0
SKU-00043,72,2025-05-19,235,206,20284.82,2855.63,0,0
SKU-00043,73,2025-05-26,262,262,25799.14,0.0,0,0
SKU-00043,74,2025-06-02,285,282,27768.54,295.40999999999997,0,0
SKU-00043,75,2025-06-09,240,117,11520.99,12111.81,0,0
SKU-00043,76,2025-06-16,261,70,6892.9,18807.77,0,0
SKU-00043,77,2025-06-23,265,184,18118.48,7976.07,1,2
SKU-00043,78,2025-06-30,342,317,31214.989999999998,2461.75,1,4
SKU-00043,79,2025-07-07,301,96,9453.119999999999,20186.35,0,0
SKU-00043,80,2025-07-14,358,143,14081.21,21171.05,0,0
SKU-00043,81,2025-07-21,317,240,23632.8,7582.19,1,2
SKU-00043,82,2025-07-28,394,294,28950.18,9847.0,1,2
SKU-00043,83,2025-08-04,309,96,9453.119999999999,20974.11,0,0
SKU-00043,84,2025-08-11,373,257,25306.79,11422.52,0,0
SKU-00043,85,2025-08-18,288,269,26488.43,1870.93,0,0
SKU-00043,86,2025-08-25,306,200,19694.0,10437.82,0,0
SKU-00043,87,2025-09-01,327,216,21269.52,10930.17,0,0
SKU-00043,88,2025-09-08,368,252,24814.44,11422.52,0,0
SKU-00043,89,2025-09-15,326,232,22845.04,9256.18,0,0
SKU-00043,90,2025-09-22,312,179,17626.13,13096.51,0,0
SKU-00043,91,2025-09-29,322,309,30427.23,1280.11,0,0
SKU-00043,92,2025-10-06,289,47,4628.09,23829.739999999998,0,0
SKU-00043,93,2025-10-13,322,58,5711.26,25996.079999999998,0,0
SKU-00043,94,2025-10-20,297,156,15361.32,13884.27,0,0
SKU-00043,95,2025-10-27,306,306,30131.82,0.0,1,2
SKU-00043,96,2025-11-03,379,246,24223.62,13096.51,1,2
SKU-00043,97,2025-11-10,300,179,17626.13,11914.869999999999,0,0
SKU-00043,98,2025-11-17,253,253,24912.91,0.0,0,0
SKU-00043,99,2025-11-24,190,171,16838.37,1870.93,0,0
SKU-00043,100,2025-12-01,248,248,24420.56,0.0,0,0
SKU-00043,101,2025-12-08,225,222,21860.34,295.40999999999997,0,0
SKU-00043,102,2025-12-15,250,79,7779.13,16838.37,0,0
SKU-00043,103,2025-12-22,201,129,12702.63,7089.84,0,0
SKU-00044,0,2024-01-01,142,142,5829.099999999999,0.0,0,0
SKU-00044,1,2024-01-08,164,164,6732.2,0.0,0,0
SKU-00044,2,2024-01-15,146,146,5993.299999999999,0.0,0,0
SKU-00044,3,2024-01-22,138,138,5664.9,0.0,0,0
SKU-00044,4,2024-01-29,149,149,6116.45,0.0,0,0
SKU-00044,5,2024-02-05,117,36,1477.8,3325.0499999999997,0,0
SKU-00044,6,2024-02-12,105,59,2421.95,1888.3,0,0
SKU-00044,7,2024-02-19,119,119,4884.95,0.0,0,0
SKU-00044,8,2024-02-26,134,134,5500.7,0.0,0,0
SKU-00044,9,2024-03-04,128,128,5254.4,0.0,0,0
SKU-00044,10,2024-03-11,118,118,4843.9,0.0,0,0
SKU-00044,11,2024-03-18,108,53,2175.6499999999996,2257.75,0,0
SKU-00044,12,2024-03-25,109,0,0.0,4474.45,0,0
SKU-00044,13,2024-04-01,133,133,5459.65,0.0,1,6
SKU-00044,14,2024-04-08,111,111,4556.549999999999,0.0,0,0
SKU-00044,15,2024-04-15,86,86,3530.2999999999997,0.0,0,0
SKU-00044,16,2024-04-22,86,86,3530.2999999999997,0.0,0,0
SKU-00044,17,2024-04-29,78,78,3201.8999999999996,0.0,0,0
SKU-00044,18,2024-05-06,88,88,3612.3999999999996,0.0,0,0
SKU-00044,19,2024-05-13,81,81,3325.0499999999997,0.0,0,0
SKU-00044,20,2024-05-20,87,87,3571.35,0.0,0,0
SKU-00044,21,2024-05-27,72,72,2955.6,0.0,0,0
SKU-00044,22,2024-06-03,96,96,3940.7999999999997,0.0,0,0
SKU-00044,23,2024-06-10,84,84,3448.2,0.0,0,0
SKU-00044,24,2024-06-17,96,96,3940.7999999999997,0.0,0,0
SKU-00044,25,2024-06-24,96,96,3940.7999999999997,0.0,0,0
SKU-00044,26,2024-07-01,95,95,3899.7499999999995,0.0,0,0
SKU-00044,27,2024-07-08,104,104,4269.2,0.0,0,0
SKU-00044,28,2024-07-15,126,126,5172.299999999999,0.0,0,0
SKU-00044,29,2024-07-22,123,123,5049.15,0.0,0,0
SKU-00044,30,2024-07-29,101,101,4146.049999999999,0.0,0,0
SKU-00044,31,2024-08-05,152,50,2052.5,4187.099999999999,1,4
SKU-00044,32,2024-08-12,144,0,0.0,5911.2,0,0
SKU-00044,33,2024-08-19,135,135,5541.75,0.0,0,0
SKU-00044,34,2024-08-26,141,141,5788.049999999999,0.0,0,0
SKU-00044,35,2024-09-02,171,171,7019.549999999999,0.0,0,0
SKU-00044,36,2024-09-09,158,158,6485.9,0.0,0,0
SKU-00044,37,2024-09-16,131,80,3284.0,2093.5499999999997,0,0
SKU-00044,38,2024-09-23,140,140,5747.0,0.0,0,0
SKU-00044,39,2024-09-30,174,174,7142.7,0.0,0,0
SKU-00044,40,2024-10-07,253,252,10344.599999999999,41.05,1,4
SKU-00044,41,2024-10-14,141,0,0.0,5788.049999999999,0,0
SKU-00044,42,2024-10-21,162,83,3407.1499999999996,3242.95,0,0
SKU-00044,43,2024-10-28,181,181,7430.049999999999,0.0,0,0
SKU-00044,44,2024-11-04,255,255,10467.75,0.0,1,3
SKU-00044,45,2024-11-11,147,147,6034.349999999999,0.0,0,0
SKU-00044,46,2024-11-18,188,109,4474.45,3242.95,1,4
SKU-00044,47,2024-11-25,168,0,0.0,6896.4,1,1
SKU-00044,48,2024-12-02,181,181,7430.049999999999,0.0,0,0
SKU-00044,49,2024-12-09,141,139,5705.95,82.1,0,0
SKU-00044,50,2024-12-16,180,63,2586.1499999999996,4802.849999999999,0,0
SKU-00044,51,2024-12-23,201,201,8251.05,0.0,0,0
SKU-00044,52,2024-12-30,207,207,8497.349999999999,0.0,1,5
SKU-00044,53,2025-01-06,169,169,6937.45,0.0,1,1
SKU-00044,54,2025-01-13,176,28,1149.3999999999999,6075.4,0,0
SKU-00044,55,2025-01-20,190,119,4884.95,2914.5499999999997,0,0
SKU-00044,56,2025-01-27,136,136,5582.799999999999,0.0,0,0
SKU-00044,57,2025-02-03,137,137,5623.849999999999,0.0,0,0
SKU-00044,58,2025-02-10,131,131,5377.549999999999,0.0,0,0
SKU-00044,59,2025-02-17,138,138,5664.9,0.0,0,0
SKU-00044,60,2025-02-24,153,153,6280.65,0.0,0,0
SKU-00044,61,2025-03-03,120,120,4926.0,0.0,0,0
SKU-00044,62,2025-03-10,129,129,5295.45,0.0,0,0
SKU-00044,63,2025-03-17,129,129,5295.45,0.0,0,0
SKU-00044,64,2025-03-24,132,132,5418.599999999999,0.0,1,1
SKU-00044,65,2025-03-31,173,173,7101.65,0.0,1,5
SKU-00044,66,2025-04-07,119,119,4884.95,0.0,0,0
SKU-00044,67,2025-04-14,97,97,3981.85,0.0,0,0
SKU-00044,68,2025-04-21,100,100,4105.0,0.0,0,0
SKU-00044,69,2025-04-28,86,86,3530.2999999999997,0.0,0,0
SKU-00044,70,2025-05-05,133,133,5459.65,0.0,0,0
SKU-00044,71,2025-05-12,82,82,3366.1,0.0,0,0
SKU-00044,72,2025-05-19,82,82,3366.1,0.0,0,0
SKU-00044,73,2025-05-26,94,94,3858.7,0.0,0,0
SKU-00044,74,2025-06-02,112,112,4597.599999999999,0.0,0,0
SKU-00044,75,2025-06-09,107,107,4392.349999999999,0.0,0,0
SKU-00044,76,2025-06-16,92,92,3776.6,0.0,0,0
SKU-00044,77,2025-06-23,93,93,3817.6499999999996,0.0,0,0
SKU-00044,78,2025-06-30,139,139,5705.95,0.0,1,3
SKU-00044,79,2025-07-07,94,94,3858.7,0.0,0,0
SKU-00044,80,2025-07-14,89,82,3366.1,287.34999999999997,0,0
SKU-00044,81,2025-07-21,123,123,5049.15,0.0,0,0
SKU-00044,82,2025-07-28,138,138,5664.9,0.0,0,0
SKU-00044,83,2025-08-04,138,32,1313.6,4351.299999999999,0,0
SKU-00044,84,2025-08-11,142,71,2914.5499999999997,2914.5499999999997,0,0
SKU-00044,85,2025-08-18,132,132,5418.599999999999,0.0,0,0
SKU-00044,86,2025-08-25,156,156,6403.799999999999,0.0,0,0
SKU-00044,87,2025-09-01,141,141,5788.049999999999,0.0,0,0
SKU-00044,88,2025-09-08,139,126,5172.299999999999,533.65,0,0
SKU-00044,89,2025-09-15,170,104,4269.2,2709.2999999999997,0,0
SKU-00044,90,2025-09-22,203,203,8333.15,0.0,0,0
SKU-00044,91,2025-09-29,154,154,6321.7,0.0,0,0
SKU-00044,92,2025-10-06,177,177,7265.849999999999,0.0,0,0
SKU-00044,93,2025-10-13,176,20,821.0,6403.799999999999,0,0
SKU-00044,94,2025-10-20,217,45,1847.2499999999998,7060.599999999999,0,0
SKU-00044,95,2025-10-27,211,211,8661.55,0.0,0,0
SKU-00044,96,2025-11-03,207,193,7922.65,574.6999999999999,0,0
SKU-00044,97,2025-11-10,206,74,3037.7,5418.599999999999,0,0
SKU-00044,98,2025-11-17,173,173,7101.65,0.0,0,0
SKU-00044,99,2025-11-24,216,79,3242.95,5623.849999999999,0,0
SKU-00044,100,2025-12-01,175,147,6034.349999999999,1149.3999999999999,0,0
SKU-00044,101,2025-12-08,178,178,7306.9,0.0,0,0
SKU-00044,102,2025-12-15,191,191,7840.549999999999,0.0,0,0
SKU-00044,103,2025-12-22,178,39,1600.9499999999998,5705.95,0,0
SKU-00045,0,2024-01-01,235,235,4373.349999999999,0.0,0,0
SKU-00045,1,2024-01-08,216,216,4019.7599999999998,0.0,0,0
SKU-00045,2,2024-01-15,278,278,5173.58,0.0,0,0
SKU-00045,3,2024-01-22,237,237,4410.57,0.0,0,0
SKU-00045,4,2024-01-29,188,188,3498.68,0.0,0,0
SKU-00045,5,2024-02-05,272,246,4578.0599999999995,483.86,0,0
SKU-00045,6,2024-02-12,242,163,3033.43,1470.19,0,0
SKU-00045,7,2024-02-19,230,138,2568.18,1712.12,0,0
SKU-00045,8,2024-02-26,278,249,4633.889999999999,539.6899999999999,0,0
SKU-00045,9,2024-03-04,172,172,3200.92,0.0,0,0
SKU-00045,10,2024-03-11,191,191,3554.5099999999998,0.0,0,0
SKU-00045,11,2024-03-18,255,255,4745.55,0.0,0,0
SKU-00045,12,2024-03-25,249,249,4633.889999999999,0.0,0,0
SKU-00045,13,2024-04-01,206,206,3833.66,0.0,0,0
SKU-00045,14,2024-04-08,259,259,4819.99,0.0,0,0
SKU-00045,15,2024-04-15,227,227,4224.47,0.0,0,0
SKU-00045,16,2024-04-22,290,290,5396.9,0.0,0,0
SKU-00045,17,2024-04-29,236,236,4391.96,0.0,0,0
SKU-00045,18,2024-05-06,271,209,3889.49,1153.82,0,0
SKU-00045,19,2024-05-13,196,155,2884.5499999999997,763.01,0,0
SKU-00045,20,2024-05-20,241,241,4485.01,0.0,0,0
SKU-00045,21,2024-05-27,282,282,5248.0199999999995,0.0,1,1
SKU-00045,22,2024-06-03,193,193,3591.73,0.0,1,3
SKU-00045,23,2024-06-10,328,270,5024.7,1079.3799999999999,0,0
SKU-00045,24,2024-06-17,221,196,3647.56,465.25,0,0
SKU-00045,25,2024-06-24,220,170,3163.7,930.5,0,0
SKU-00045,26,2024-07-01,292,174,3238.14,2195.98,0,0
SKU-00045,27,2024-07-08,282,282,5248.0199999999995,0.0,0,0
SKU-00045,28,2024-07-15,240,240,4466.4,0.0,0,0
SKU-00045,29,2024-07-22,226,226,4205.86,0.0,0,0
SKU-00045,30,2024-07-29,260,238,4429.18,409.41999999999996,0,0
SKU-00045,31,2024-08-05,312,312,5806.32,0.0,0,0
SKU-00045,32,2024-08-12,353,260,4838.599999999999,1730.73,1,3
SKU-00045,33,2024-08-19,288,288,5359.68,0.0,0,0
SKU-00045,34,2024-08-26,278,278,5173.58,0.0,0,0
SKU-00045,35,2024-09-02,277,277,5154.97,0.0,0,0
SKU-00045,36,2024-09-09,252,120,2233.2,2456.52,0,0
SKU-00045,37,2024-09-16,276,197,3666.17,1470.19,0,0
SKU-00045,38,2024-09-23,310,279,5192.19,576.91,0,0
SKU-00045,39,2024-09-30,369,325,6048.25,818.8399999999999,1,1
SKU-00045,40,2024-10-07,420,203,3777.83,4038.37,1,3
SKU-00045,41,2024-10-14,281,281,5229.41,0.0,0,0
SKU-00045,42,2024-10-21,300,300,5583.0,0.0,0,0
SKU-00045,43,2024-10-28,303,303,5638.83,0.0,0,0
SKU-00045,44,2024-11-04,347,314,5843.54,614.13,0,0
SKU-00045,45,2024-11-11,295,224,4168.639999999999,1321.31,0,0
SKU-00045,46,2024-11-18,372,159,2958.99,3963.93,0,0
SKU-00045,47,2024-11-25,344,344,6401.84,0.0,0,0
SKU-00045,48,2024-12-02,260,260,4838.599999999999,0.0,0,0
SKU-00045,49,2024-12-09,295,281,5229.41,260.53999999999996,0,0
SKU-00045,50,2024-12-16,221,138,2568.18,1544.6299999999999,0,0
SKU-00045,51,2024-12-23,262,199,3703.39,1172.43,0,0
SKU-00045,52,2024-12-30,222,222,4131.42,0.0,0,0
SKU-00045,53,2025-01-06,276,276,5136.36,0.0,0,0
SKU-00045,54,2025-01-13,251,251,4671.11,0.0,0,0
SKU-00045,55,2025-01-20,215,215,4001.15,0.0,0,0
SKU-00045,56,2025-01-27,254,188,3498.68,1228.26,0,0
SKU-00045,57,2025-02-03,352,352,6550.719999999999,0.0,0,0
SKU-00045,58,2025-02-10,254,254,4726.94,0.0,1,1
SKU-00045,59,2025-02-17,403,353,6569.33,930.5,1,5
SKU-00045,60,2025-02-24,297,249,4633.889999999999,893.28,0,0
SKU-00045,61,2025-03-03,293,286,5322.46,130.26999999999998,0,0
SKU-00045,62,2025-03-10,267,133,2475.13,2493.74,0,0
SKU-00045,63,2025-03-17,198,152,2828.72,856.06,0,0
SKU-00045,64,2025-03-24,291,291,5415.51,0.0,0,0
SKU-00045,65,2025-03-31,254,254,4726.94,0.0,0,0
SKU-00045,66,2025-04-07,237,237,4410.57,0.0,0,0
SKU-00045,67,2025-04-14,266,266,4950.26,0.0,0,0
SKU-00045,68,2025-04-21,300,300,5583.0,0.0,0,0
SKU-00045,69,2025-04-28,376,323,6011.03,986.3299999999999,1,5
SKU-00045,70,2025-05-05,258,258,4801.38,0.0,1,2
SKU-00045,71,2025-05-12,332,332,6178.5199999999995,0.0,1,3
SKU-00045,72,2025-05-19,279,227,4224.47,967.72,1,3
SKU-00045,73,2025-05-26,298,280,5210.8,334.98,0,0
SKU-00045,74,2025-06-02,401,184,3424.24,4038.37,0,0
SKU-00045,75,2025-06-09,426,289,5378.29,2549.5699999999997,0,0
SKU-00045,76,2025-06-16,442,144,2679.84,5545.78,0,0
SKU-00045,77,2025-06-23,293,203,3777.83,1674.8999999999999,0,0
SKU-00045,78,2025-06-30,307,307,5713.2699999999995,0.0,0,0
SKU-00045,79,2025-07-07,363,363,6755.429999999999,0.0,1,3
SKU-00045,80,2025-07-14,289,289,5378.29,0.0,1,3
SKU-00045,81,2025-07-21,294,289,5378.29,93.05,0,0
SKU-00045,82,2025-07-28,354,112,2084.3199999999997,4503.62,0,0
SKU-00045,83,2025-08-04,320,255,4745.55,1209.6499999999999,0,0
SKU-00045,84,2025-08-11,332,332,6178.5199999999995,0.0,0,0
SKU-00045,85,2025-08-18,307,307,5713.2699999999995,0.0,0,0
SKU-00045,86,2025-08-25,293,292,5434.12,18.61,0,0
SKU-00045,87,2025-09-01,313,253,4708.33,1116.6,0,0
SKU-00045,88,2025-09-08,317,203,3777.83,2121.54,0,0
SKU-00045,89,2025-09-15,329,329,6122.69,0.0,0,0
SKU-00045,90,2025-09-22,338,263,4894.43,1395.75,0,0
SKU-00045,91,2025-09-29,355,193,3591.73,3014.8199999999997,0,0
SKU-00045,92,2025-10-06,339,218,4056.98,2251.81,0,0
SKU-00045,93,2025-10-13,301,151,2810.11,2791.5,0,0
SKU-00045,94,2025-10-20,338,334,6215.74,74.44,0,0
SKU-00045,95,2025-10-27,338,338,6290.179999999999,0.0,0,0
SKU-00045,96,2025-11-03,312,312,5806.32,0.0,0,0
SKU-00045,97,2025-11-10,349,334,6215.74,279.15,0,0
SKU-00045,98,2025-11-17,242,111,2065.71,2437.91,0,0
SKU-00045,99,2025-11-24,257,238,4429.18,353.59,0,0
SKU-00045,100,2025-12-01,294,191,3554.5099999999998,1916.83,0,0
SKU-00045,101,2025-12-08,354,131,2437.91,4150.03,0,0
SKU-00045,102,2025-12-15,306,306,5694.66,0.0,0,0
SKU-00045,103,2025-12-22,272,272,5061.92,0.0,0,0
SKU-00046,0,2024-01-01,145,145,2862.2999999999997,0.0,0,0
SKU-00046,1,2024-01-08,138,138,2724.12,0.0,0,0
SKU-00046,2,2024-01-15,142,142,2803.08,0.0,0,0
SKU-00046,3,2024-01-22,147,147,2901.7799999999997,0.0,0,0
SKU-00046,4,2024-01-29,123,123,2428.02,0.0,0,0
SKU-00046,5,2024-02-05,144,114,2250.3599999999997,592.1999999999999,0,0
SKU-00046,6,2024-02-12,144,135,2664.8999999999996,177.66,0,0
SKU-00046,7,2024-02-19,149,146,2882.04,59.22,0,0
SKU-00046,8,2024-02-26,170,62,1223.8799999999999,2131.9199999999996,0,0
SKU-00046,9,2024-03-04,177,177,3493.9799999999996,0.0,0,0
SKU-00046,10,2024-03-11,160,160,3158.3999999999996,0.0,0,0
SKU-00046,11,2024-03-18,168,168,3316.3199999999997,0.0,0,0
SKU-00046,12,2024-03-25,187,180,3553.2,138.17999999999998,0,0
SKU-00046,13,2024-04-01,195,48,947.52,2901.7799999999997,0,0
SKU-00046,14,2024-04-08,213,183,3612.4199999999996,592.1999999999999,0,0
SKU-00046,15,2024-04-15,190,190,3750.6,0.0,0,0
SKU-00046,16,2024-04-22,227,227,4480.98,0.0,0,0
SKU-00046,17,2024-04-29,217,161,3178.14,1105.4399999999998,0,0
SKU-00046,18,2024-05-06,248,0,0.0,4895.5199999999995,0,0
SKU-00046,19,2024-05-13,248,233,4599.42,296.09999999999997,0,0
SKU-00046,20,2024-05-20,242,219,4323.0599999999995,454.02,0,0
SKU-00046,21,2024-05-27,241,105,2072.7,2684.64,0,0
SKU-00046,22,2024-06-03,251,138,2724.12,2230.62,0,0
SKU-00046,23,2024-06-10,256,153,3020.22,2033.2199999999998,0,0
SKU-00046,24,2024-06-17,286,267,5270.58,375.05999999999995,0,0
SKU-00046,25,2024-06-24,255,134,2645.16,2388.54,0,0
SKU-00046,26,2024-07-01,272,143,2822.8199999999997,2546.4599999999996,0,0
SKU-00046,27,2024-07-08,307,307,6060.179999999999,0.0,0,0
SKU-00046,28,2024-07-15,285,254,5013.96,611.9399999999999,0,0
SKU-00046,29,2024-07-22,320,27,532.9799999999999,5783.82,0,0
SKU-00046,30,2024-07-29,277,166,3276.8399999999997,2191.14,0,0
SKU-00046,31,2024-08-05,299,299,5902.259999999999,0.0,0,0
SKU-00046,32,2024-08-12,268,244,4816.5599999999995,473.76,0,0
SKU-00046,33,2024-08-19,260,93,1835.82,3296.58,0,0
SKU-00046,34,2024-08-26,294,0,0.0,5803.5599999999995,0,0
SKU-00046,35,2024-09-02,275,188,3711.12,1717.3799999999999,0,0
SKU-00046,36,2024-09-09,272,272,5369.28,0.0,0,0
SKU-00046,37,2024-09-16,309,227,4480.98,1618.6799999999998,1,3
SKU-00046,38,2024-09-23,176,95,1875.3,1598.9399999999998,0,0
SKU-00046,39,2024-09-30,140,70,1381.8,1381.8,0,0
SKU-00046,40,2024-10-07,157,67,1322.58,1776.6,0,0
SKU-00046,41,2024-10-14,246,246,4856.04,0.0,0,0
SKU-00046,42,2024-10-21,253,253,4994.219999999999,0.0,0,0
SKU-00046,43,2024-10-28,209,68,1342.32,2783.3399999999997,0,0
SKU-00046,44,2024-11-04,231,93,1835.82,2724.12,1,4
SKU-00046,45,2024-11-11,217,203,4007.22,276.35999999999996,0,0
SKU-00046,46,2024-11-18,197,134,2645.16,1243.62,0,0
SKU-00046,47,2024-11-25,183,91,1796.34,1816.08,0,0
SKU-00046,48,2024-12-02,172,172,3395.2799999999997,0.0,0,0
SKU-00046,49,2024-12-09,180,180,3553.2,0.0,0,0
SKU-00046,50,2024-12-16,174,151,2980.74,454.02,0,0
SKU-00046,51,2024-12-23,179,115,2270.1,1263.36,0,0
SKU-00046,52,2024-12-30,158,103,2033.2199999999998,1085.6999999999998,0,0
SKU-00046,53,2025-01-06,156,91,1796.34,1283.1,0,0
SKU-00046,54,2025-01-13,130,124,2447.7599999999998,118.44,0,0
SKU-00046,55,2025-01-20,170,170,3355.7999999999997,0.0,0,0
SKU-00046,56,2025-01-27,160,160,3158.3999999999996,0.0,0,0
SKU-00046,57,2025-02-03,146,126,2487.24,394.79999999999995,0,0
SKU-00046,58,2025-02-10,162,143,2822.8199999999997,375.05999999999995,0,0
SKU-00046,59,2025-02-17,154,103,2033.2199999999998,1006.7399999999999,0,0
SKU-00046,60,2025-02-24,161,161,3178.14,0.0,0,0
SKU-00046,61,2025-03-03,148,148,2921.52,0.0,0,0
SKU-00046,62,2025-03-10,155,155,3059.7,0.0,0,0
SKU-00046,63,2025-03-17,176,176,3474.24,0.0,0,0
SKU-00046,64,2025-03-24,188,147,2901.7799999999997,809.3399999999999,0,0
SKU-00046,65,2025-03-31,197,20,394.79999999999995,3493.9799999999996,0,0
SKU-00046,66,2025-04-07,189,117,2309.58,1421.28,0,0
SKU-00046,67,2025-04-14,263,263,5191.62,0.0,1,3
SKU-00046,68,2025-04-21,226,170,3355.7999999999997,1105.4399999999998,0,0
SKU-00046,69,2025-04-28,217,134,2645.16,1638.4199999999998,0,0
SKU-00046,70,2025-05-05,229,229,4520.46,0.0,0,0
SKU-00046,71,2025-05-12,203,203,4007.22,0.0,0,0
SKU-00046,72,2025-05-19,232,232,4579.679999999999,0.0,0,0
SKU-00046,73,2025-05-26,247,217,4283.58,592.1999999999999,0,0
SKU-00046,74,2025-06-02,232,74,1460.76,3118.9199999999996,0,0
SKU-00046,75,2025-06-09,269,104,2052.96,3257.1,0,0
SKU-00046,76,2025-06-16,244,109,2151.66,2664.8999999999996,0,0
SKU-00046,77,2025-06-23,253,253,4994.219999999999,0.0,0,0
SKU-00046,78,2025-06-30,307,307,6060.179999999999,0.0,1,5
SKU-00046,79,2025-07-07,309,301,5941.74,157.92,1,1
SKU-00046,80,2025-07-14,271,175,3454.4999999999995,1895.04,0,0
SKU-00046,81,2025-07-21,282,255,5033.7,532.9799999999999,0,0
SKU-00046,82,2025-07-28,275,247,4875.78,552.7199999999999,0,0
SKU-00046,83,2025-08-04,304,304,6000.959999999999,0.0,0,0
SKU-00046,84,2025-08-11,288,116,2289.8399999999997,3395.2799999999997,0,0
SKU-00046,85,2025-08-18,303,181,3572.9399999999996,2408.2799999999997,0,0
SKU-00046,86,2025-08-25,425,220,4342.799999999999,4046.7,1,4
SKU-00046,87,2025-09-01,418,137,2704.3799999999997,5546.94,1,4
SKU-00046,88,2025-09-08,279,163,3217.62,2289.8399999999997,0,0
SKU-00046,89,2025-09-15,271,22,434.28,4915.259999999999,0,0
SKU-00046,90,2025-09-22,335,317,6257.58,355.32,1,4
SKU-00046,91,2025-09-29,224,193,3809.8199999999997,611.9399999999999,0,0
SKU-00046,92,2025-10-06,249,148,2921.52,1993.7399999999998,0,0
SKU-00046,93,2025-10-13,211,122,2408.2799999999997,1756.86,0,0
SKU-00046,94,2025-10-20,206,193,3809.8199999999997,256.62,0,0
SKU-00046,95,2025-10-27,231,231,4559.94,0.0,0,0
SKU-00046,96,2025-11-03,205,194,3829.5599999999995,217.14,0,0
SKU-00046,97,2025-11-10,217,77,1519.9799999999998,2763.6,0,0
SKU-00046,98,2025-11-17,216,209,4125.66,138.17999999999998,0,0
SKU-00046,99,2025-11-24,240,155,3059.7,1677.8999999999999,1,3
SKU-00046,100,2025-12-01,188,188,3711.12,0.0,1,1
SKU-00046,101,2025-12-08,170,149,2941.2599999999998,414.53999999999996,0,0
SKU-00046,102,2025-12-15,172,63,1243.62,2151.66,0,0
SKU-00046,103,2025-12-22,176,96,1895.04,1579.1999999999998,0,0
SKU-00047,0,2024-01-01,77,77,257.95,0.0,0,0
SKU-00047,1,2024-01-08,79,79,264.65000000000003,0.0,0,0
SKU-00047,2,2024-01-15,88,88,294.8,0.0,0,0
SKU-00047,3,2024-01-22,87,87,291.45,0.0,0,0
SKU-00047,4,2024-01-29,89,89,298.15000000000003,0.0,0,0
SKU-00047,5,2024-02-05,87,87,291.45,0.0,0,0
SKU-00047,6,2024-02-12,91,66,221.1,83.75,0,0
SKU-00047,7,2024-02-19,92,47,157.45000000000002,150.75,0,0
SKU-00047,8,2024-02-26,103,103,345.05,0.0,0,0
SKU-00047,9,2024-03-04,105,105,351.75,0.0,0,0
SKU-00047,10,2024-03-11,103,103,345.05,0.0,0,0
SKU-00047,11,2024-03-18,101,89,298.15000000000003,40.2,0,0
SKU-00047,12,2024-03-25,100,93,311.55,23.45,0,0
SKU-00047,13,2024-04-01,112,75,251.25,123.95,0,0
SKU-00047,14,2024-04-08,111,55,184.25,187.6,0,0
SKU-00047,15,2024-04-15,96,75,251.25,70.35000000000001,0,0
SKU-00047,16,2024-04-22,93,93,311.55,0.0,0,0
SKU-00047,17,2024-04-29,104,104,348.40000000000003,0.0,0,0
SKU-00047,18,2024-05-06,96,96,321.6,0.0,0,0
SKU-00047,19,2024-05-13,94,94,314.90000000000003,0.0,0,0
SKU-00047,20,2024-05-20,95,95,318.25,0.0,0,0
SKU-00047,21,2024-05-27,89,89,298.15000000000003,0.0,0,0
SKU-00047,22,2024-06-03,87,87,291.45,0.0,0,0
SKU-00047,23,2024-06-10,89,89,298.15000000000003,0.0,0,0
SKU-00047,24,2024-06-17,74,74,247.9,0.0,0,0
SKU-00047,25,2024-06-24,149,149,499.15000000000003,0.0,1,6
SKU-00047,26,2024-07-01,77,77,257.95,0.0,0,0
SKU-00047,27,2024-07-08,69,69,231.15,0.0,0,0
SKU-00047,28,2024-07-15,57,57,190.95000000000002,0.0,0,0
SKU-00047,29,2024-07-22,64,64,214.4,0.0,0,0
SKU-00047,30,2024-07-29,61,61,204.35,0.0,0,0
SKU-00047,31,2024-08-05,64,64,214.4,0.0,0,0
SKU-00047,32,2024-08-12,55,55,184.25,0.0,0,0
SKU-00047,33,2024-08-19,52,52,174.20000000000002,0.0,0,0
SKU-00047,34,2024-08-26,56,56,187.6,0.0,0,0
SKU-00047,35,2024-09-02,53,26,87.10000000000001,90.45,0,0
SKU-00047,36,2024-09-09,49,28,93.8,70.35000000000001,0,0
SKU-00047,37,2024-09-16,44,44,147.4,0.0,0,0
SKU-00047,38,2024-09-23,46,46,154.1,0.0,0,0
SKU-00047,39,2024-09-30,52,52,174.20000000000002,0.0,0,0
SKU-00047,40,2024-10-07,46,46,154.1,0.0,0,0
SKU-00047,41,2024-10-14,46,46,154.1,0.0,0,0
SKU-00047,42,2024-10-21,55,55,184.25,0.0,0,0
SKU-00047,43,2024-10-28,73,73,244.55,0.0,1,3
SKU-00047,44,2024-11-04,64,64,214.4,0.0,1,1
SKU-00047,45,2024-11-11,52,52,174.20000000000002,0.0,0,0
SKU-00047,46,2024-11-18,63,63,211.05,0.0,0,0
SKU-00047,47,2024-11-25,62,62,207.70000000000002,0.0,0,0
SKU-00047,48,2024-12-02,63,63,211.05,0.0,0,0
SKU-00047,49,2024-12-09,68,68,227.8,0.0,0,0
SKU-00047,50,2024-12-16,70,70,234.5,0.0,0,0
SKU-00047,51,2024-12-23,76,76,254.6,0.0,0,0
SKU-00047,52,2024-12-30,79,79,264.65000000000003,0.0,0,0
SKU-00047,53,2025-01-06,81,81,271.35,0.0,0,0
SKU-00047,54,2025-01-13,88,88,294.8,0.0,0,0
SKU-00047,55,2025-01-20,85,74,247.9,36.85,0,0
SKU-00047,56,2025-01-27,103,102,341.7,3.35,0,0
SKU-00047,57,2025-02-03,122,122,408.7,0.0,1,3
SKU-00047,58,2025-02-10,147,136,455.6,36.85,1,4
SKU-00047,59,2025-02-17,104,44,147.4,201.0,0,0
SKU-00047,60,2025-02-24,96,96,321.6,0.0,0,0
SKU-00047,61,2025-03-03,90,90,301.5,0.0,1,1
SKU-00047,62,2025-03-10,127,108,361.8,63.65,1,3
SKU-00047,63,2025-03-17,107,107,358.45,0.0,0,0
SKU-00047,64,2025-03-24,98,98,328.3,0.0,0,0
SKU-00047,65,2025-03-31,134,134,448.90000000000003,0.0,1,2
SKU-00047,66,2025-04-07,188,86,288.1,341.7,1,5
SKU-00047,67,2025-04-14,105,63,211.05,140.70000000000002,0,0
SKU-00047,68,2025-04-21,103,103,345.05,0.0,0,0
SKU-00047,69,2025-04-28,107,107,358.45,0.0,0,0
SKU-00047,70,2025-05-05,95,95,318.25,0.0,0,0
SKU-00047,71,2025-05-12,108,103,345.05,16.75,0,0
SKU-00047,72,2025-05-19,104,79,264.65000000000003,83.75,0,0
SKU-00047,73,2025-05-26,147,147,492.45,0.0,1,6
SKU-00047,74,2025-06-02,161,161,539.35,0.0,1,6
SKU-00047,75,2025-06-09,95,71,237.85,80.4,0,0
SKU-00047,76,2025-06-16,84,14,46.9,234.5,0,0
SKU-00047,77,2025-06-23,71,33,110.55,127.3,0,0
SKU-00047,78,2025-06-30,78,70,234.5,26.8,0,0
SKU-00047,79,2025-07-07,76,60,201.0,53.6,0,0
SKU-00047,80,2025-07-14,71,45,150.75,87.10000000000001,0,0
SKU-00047,81,2025-07-21,64,64,214.4,0.0,0,0
SKU-00047,82,2025-07-28,61,61,204.35,0.0,0,0
SKU-00047,83,2025-08-04,68,68,227.8,0.0,0,0
SKU-00047,84,2025-08-11,58,58,194.3,0.0,0,0
SKU-00047,85,2025-08-18,51,51,170.85,0.0,0,0
SKU-00047,86,2025-08-25,76,76,254.6,0.0,1,3
SKU-00047,87,2025-09-01,87,87,291.45,0.0,1,4
SKU-00047,88,2025-09-08,50,50,167.5,0.0,0,0
SKU-00047,89,2025-09-15,50,50,167.5,0.0,0,0
SKU-00047,90,2025-09-22,49,47,157.45000000000002,6.7,0,0
SKU-00047,91,2025-09-29,48,48,160.8,0.0,0,0
SKU-00047,92,2025-10-06,49,49,164.15,0.0,0,0
SKU-00047,93,2025-10-13,43,43,144.05,0.0,0,0
SKU-00047,94,2025-10-20,49,49,164.15,0.0,0,0
SKU-00047,95,2025-10-27,51,51,170.85,0.0,0,0
SKU-00047,96,2025-11-03,53,53,177.55,0.0,0,0
SKU-00047,97,2025-11-10,57,57,190.95000000000002,0.0,0,0
SKU-00047,98,2025-11-17,60,60,201.0,0.0,0,0
SKU-00047,99,2025-11-24,63,63,211.05,0.0,0,0
SKU-00047,100,2025-12-01,64,64,214.4,0.0,0,0
SKU-00047,101,2025-12-08,70,70,234.5,0.0,0,0
SKU-00047,102,2025-12-15,72,72,241.20000000000002,0.0,0,0
SKU-00047,103,2025-12-22,69,69,231.15,0.0,0,0
SKU-00048,0,2024-01-01,26,26,289.38,0.0,0,0
SKU-00048,1,2024-01-08,27,27,300.51000000000005,0.0,0,0
SKU-00048,2,2024-01-15,25,25,278.25,0.0,0,0
SKU-00048,3,2024-01-22,28,28,311.64000000000004,0.0,0,0
SKU-00048,4,2024-01-29,37,37,411.81,0.0,1,2
SKU-00048,5,2024-02-05,40,32,356.16,89.04,1,3
SKU-00048,6,2024-02-12,26,10,111.30000000000001,178.08,0,0
SKU-00048,7,2024-02-19,31,21,233.73000000000002,111.30000000000001,0,0
SKU-00048,8,2024-02-26,30,24,267.12,66.78,0,0
SKU-00048,9,2024-03-04,27,27,300.51000000000005,0.0,0,0
SKU-00048,10,2024-03-11,27,27,300.51000000000005,0.0,0,0
SKU-00048,11,2024-03-18,25,25,278.25,0.0,0,0
SKU-00048,12,2024-03-25,23,23,255.99,0.0,0,0
SKU-00048,13,2024-04-01,27,27,300.51000000000005,0.0,0,0
SKU-00048,14,2024-04-08,26,26,289.38,0.0,0,0
SKU-00048,15,2024-04-15,25,25,278.25,0.0,0,0
SKU-00048,16,2024-04-22,26,26,289.38,0.0,0,0
SKU-00048,17,2024-04-29,28,20,222.60000000000002,89.04,0,0
SKU-00048,18,2024-05-06,25,23,255.99,22.26,0,0
SKU-00048,19,2024-05-13,34,34,378.42,0.0,1,1
SKU-00048,20,2024-05-20,36,27,300.51000000000005,100.17,1,3
SKU-00048,21,2024-05-27,29,18,200.34,122.43,0,0
SKU-00048,22,2024-06-03,26,18,200.34,89.04,1,1
SKU-00048,23,2024-06-10,37,27,300.51000000000005,111.30000000000001,1,4
SKU-00048,24,2024-06-17,28,18,200.34,111.30000000000001,0,0
SKU-00048,25,2024-06-24,31,26,289.38,55.650000000000006,1,1
SKU-00048,26,2024-07-01,33,33,367.29,0.0,1,4
SKU-00048,27,2024-07-08,28,27,300.51000000000005,11.13,0,0
SKU-00048,28,2024-07-15,30,28,311.64000000000004,22.26,0,0
SKU-00048,29,2024-07-22,25,25,278.25,0.0,0,0
SKU-00048,30,2024-07-29,28,17,189.21,122.43,0,0
SKU-00048,31,2024-08-05,30,7,77.91000000000001,255.99,0,0
SKU-00048,32,2024-08-12,29,24,267.12,55.650000000000006,0,0
SKU-00048,33,2024-08-19,25,25,278.25,0.0,0,0
SKU-00048,34,2024-08-26,33,33,367.29,0.0,0,0
SKU-00048,35,2024-09-02,28,28,311.64000000000004,0.0,0,0
SKU-00048,36,2024-09-09,28,28,311.64000000000004,0.0,0,0
SKU-00048,37,2024-09-16,30,22,244.86,89.04,0,0
SKU-00048,38,2024-09-23,30,18,200.34,133.56,0,0
SKU-00048,39,2024-09-30,32,23,255.99,100.17,0,0
SKU-00048,40,2024-10-07,33,22,244.86,122.43,0,0
SKU-00048,41,2024-10-14,31,21,233.73000000000002,111.30000000000001,0,0
SKU-00048,42,2024-10-21,29,22,244.86,77.91000000000001,0,0
SKU-00048,43,2024-10-28,30,24,267.12,66.78,0,0
SKU-00048,44,2024-11-04,33,33,367.29,0.0,0,0
SKU-00048,45,2024-11-11,29,29,322.77000000000004,0.0,0,0
SKU-00048,46,2024-11-18,31,31,345.03000000000003,0.0,0,0
SKU-00048,47,2024-11-25,43,41,456.33000000000004,22.26,1,4
SKU-00048,48,2024-12-02,39,22,244.86,189.21,1,3
SKU-00048,49,2024-12-09,32,18,200.34,155.82000000000002,0,0
SKU-00048,50,2024-12-16,41,10,111.30000000000001,345.03000000000003,1,3
SKU-00048,51,2024-12-23,43,26,289.38,189.21,1,3
SKU-00048,52,2024-12-30,32,32,356.16,0.0,0,0
SKU-00048,53,2025-01-06,33,33,367.29,0.0,0,0
SKU-00048,54,2025-01-13,33,33,367.29,0.0,0,0
SKU-00048,55,2025-01-20,32,32,356.16,0.0,0,0
SKU-00048,56,2025-01-27,30,26,289.38,44.52,0,0
SKU-00048,57,2025-02-03,32,25,278.25,77.91000000000001,0,0
SKU-00048,58,2025-02-10,35,16,178.08,211.47000000000003,0,0
SKU-00048,59,2025-02-17,30,24,267.12,66.78,0,0
SKU-00048,60,2025-02-24,32,32,356.16,0.0,0,0
SKU-00048,61,2025-03-03,34,34,378.42,0.0,0,0
SKU-00048,62,2025-03-10,30,29,322.77000000000004,11.13,0,0
SKU-00048,63,2025-03-17,33,33,367.29,0.0,0,0
SKU-00048,64,2025-03-24,33,21,233.73000000000002,133.56,0,0
SKU-00048,65,2025-03-31,33,26,289.38,77.91000000000001,0,0
SKU-00048,66,2025-04-07,29,22,244.86,77.91000000000001,0,0
SKU-00048,67,2025-04-14,31,31,345.03000000000003,0.0,0,0
SKU-00048,68,2025-04-21,33,28,311.64000000000004,55.650000000000006,0,0
SKU-00048,69,2025-04-28,31,20,222.60000000000002,122.43,0,0
SKU-00048,70,2025-05-05,29,13,144.69,178.08,0,0
SKU-00048,71,2025-05-12,31,16,178.08,166.95000000000002,0,0
SKU-00048,72,2025-05-19,32,32,356.16,0.0,0,0
SKU-00048,73,2025-05-26,29,29,322.77000000000004,0.0,0,0
SKU-00048,74,2025-06-02,30,30,333.90000000000003,0.0,0,0
SKU-00048,75,2025-06-09,38,38,422.94000000000005,0.0,1,3
SKU-00048,76,2025-06-16,32,32,356.16,0.0,0,0
SKU-00048,77,2025-06-23,35,35,389.55,0.0,0,0
SKU-00048,78,2025-06-30,29,25,278.25,44.52,0,0
SKU-00048,79,2025-07-07,31,22,244.86,100.17,0,0
SKU-00048,80,2025-07-14,30,27,300.51000000000005,33.39,0,0
SKU-00048,81,2025-07-21,28,16,178.08,133.56,0,0
SKU-00048,82,2025-07-28,35,27,300.51000000000005,89.04,0,0
SKU-00048,83,2025-08-04,35,34,378.42,11.13,0,0
SKU-00048,84,2025-08-11,28,21,233.73000000000002,77.91000000000001,0,0
SKU-00048,85,2025-08-18,29,28,311.64000000000004,11.13,0,0
SKU-00048,86,2025-08-25,37,32,356.16,55.650000000000006,0,0
SKU-00048,87,2025-09-01,30,13,144.69,189.21,0,0
SKU-00048,88,2025-09-08,26,14,155.82000000000002,133.56,0,0
SKU-00048,89,2025-09-15,37,36,400.68,11.13,0,0
SKU-00048,90,2025-09-22,33,21,233.73000000000002,133.56,0,0
SKU-00048,91,2025-09-29,33,30,333.90000000000003,33.39,0,0
SKU-00048,92,2025-10-06,37,37,411.81,0.0,0,0
SKU-00048,93,2025-10-13,35,24,267.12,122.43,0,0
SKU-00048,94,2025-10-20,36,25,278.25,122.43,0,0
SKU-00048,95,2025-10-27,33,24,267.12,100.17,0,0
SKU-00048,96,2025-11-03,39,39,434.07000000000005,0.0,0,0
SKU-00048,97,2025-11-10,33,33,367.29,0.0,0,0
SKU-00048,98,2025-11-17,35,27,300.51000000000005,89.04,0,0
SKU-00048,99,2025-11-24,36,20,222.60000000000002,178.08,0,0
SKU-00048,100,2025-12-01,40,22,244.86,200.34,0,0
SKU-00048,101,2025-12-08,40,35,389.55,55.650000000000006,0,0
SKU-00048,102,2025-12-15,36,33,367.29,33.39,0,0
SKU-00048,103,2025-12-22,38,16,178.08,244.86,0,0
SKU-00049,0,2024-01-01,562,562,20473.66,0.0,0,0
SKU-00049,1,2024-01-08,513,513,18688.59,0.0,0,0
SKU-00049,2,2024-01-15,442,442,16102.06,0.0,0,0
SKU-00049,3,2024-01-22,559,559,20364.37,0.0,0,0
SKU-00049,4,2024-01-29,612,612,22295.16,0.0,0,0
SKU-00049,5,2024-02-05,527,527,19198.61,0.0,0,0
SKU-00049,6,2024-02-12,557,204,7431.72,12859.789999999999,0,0
SKU-00049,7,2024-02-19,532,170,6193.1,13187.66,0,0
SKU-00049,8,2024-02-26,551,350,12750.5,7322.43,0,0
SKU-00049,9,2024-03-04,611,611,22258.73,0.0,0,0
SKU-00049,10,2024-03-11,701,701,25537.43,0.0,0,0
SKU-00049,11,2024-03-18,1100,1100,40073.0,0.0,1,4
SKU-00049,12,2024-03-25,653,526,19162.18,4626.61,0,0
SKU-00049,13,2024-04-01,927,927,33770.61,0.0,0,0
SKU-00049,14,2024-04-08,1445,525,19125.75,33515.6,1,5
SKU-00049,15,2024-04-15,925,674,24553.82,9143.93,0,0
SKU-00049,16,2024-04-22,932,704,25646.72,8306.039999999999,0,0
SKU-00049,17,2024-04-29,820,820,29872.6,0.0,0,0
SKU-00049,18,2024-05-06,782,729,26557.47,1930.79,0,0
SKU-00049,19,2024-05-13,969,766,27905.38,7395.29,0,0
SKU-00049,20,2024-05-20,1104,722,26302.46,13916.26,0,0
SKU-00049,21,2024-05-27,1001,976,35555.68,910.75,0,0
SKU-00049,22,2024-06-03,1152,1152,41967.36,0.0,0,0
SKU-00049,23,2024-06-10,1357,964,35118.52,14316.99,0,0
SKU-00049,24,2024-06-17,1211,687,25027.41,19089.32,0,0
SKU-00049,25,2024-06-24,1184,1021,37195.03,5938.09,0,0
SKU-00049,26,2024-07-01,1614,1278,46557.54,12240.48,0,0
SKU-00049,27,2024-07-08,1401,456,16612.079999999998,34426.35,0,0
SKU-00049,28,2024-07-15,1321,965,35154.95,12969.08,0,0
SKU-00049,29,2024-07-22,1418,1418,51657.74,0.0,0,0
SKU-00049,30,2024-07-29,1513,758,27613.94,27504.65,0,0
SKU-00049,31,2024-08-05,1458,942,34317.06,18797.88,0,0
SKU-00049,32,2024-08-12,1490,1049,38215.07,16065.63,0,0
SKU-00049,33,2024-08-19,1303,924,33661.32,13806.97,0,0
SKU-00049,34,2024-08-26,1556,732,26666.76,30018.32,0,0
SKU-00049,35,2024-09-02,1285,706,25719.579999999998,21092.97,0,0
SKU-00049,36,2024-09-09,1002,1002,36502.86,0.0,0,0
SKU-00049,37,2024-09-16,1659,1237,45063.909999999996,15373.46,1,5
SKU-00049,38,2024-09-23,1077,178,6484.54,32750.57,0,0
SKU-00049,39,2024-09-30,1097,969,35300.67,4663.04,0,0
SKU-00049,40,2024-10-07,1211,1211,44116.73,0.0,0,0
SKU-00049,41,2024-10-14,1086,545,19854.35,19708.63,0,0
SKU-00049,42,2024-10-21,1025,641,23351.63,13989.119999999999,0,0
SKU-00049,43,2024-10-28,1068,1068,38907.24,0.0,0,0
SKU-00049,44,2024-11-04,965,965,35154.95,0.0,0,0
SKU-00049,45,2024-11-11,1013,574,20910.82,15992.77,0,0
SKU-00049,46,2024-11-18,1009,496,18069.28,18688.59,0,0
SKU-00049,47,2024-11-25,1031,1008,36721.44,837.89,0,0
SKU-00049,48,2024-12-02,767,272,9908.96,18032.85,0,0
SKU-00049,49,2024-12-09,988,764,27832.52,8160.32,0,0
SKU-00049,50,2024-12-16,847,847,30856.21,0.0,0,0
SKU-00049,51,2024-12-23,732,732,26666.76,0.0,0,0
SKU-00049,52,2024-12-30,769,628,22878.04,5136.63,0,0
SKU-00049,53,2025-01-06,678,678,24699.54,0.0,0,0
SKU-00049,54,2025-01-13,618,570,20765.1,1748.6399999999999,0,0
SKU-00049,55,2025-01-20,615,482,17559.26,4845.19,0,0
SKU-00049,56,2025-01-27,719,719,26193.17,0.0,0,0
SKU-00049,57,2025-02-03,801,801,29180.43,0.0,1,2
SKU-00049,58,2025-02-10,1137,1137,41420.909999999996,0.0,1,7
SKU-00049,59,2025-02-17,816,374,13624.82,16102.06,1,1
SKU-00049,60,2025-02-24,734,399,14535.57,12204.05,0,0
SKU-00049,61,2025-03-03,830,702,25573.86,4663.04,0,0
SKU-00049,62,2025-03-10,1214,500,18215.0,26011.02,1,4
SKU-00049,63,2025-03-17,782,782,28488.26,0.0,0,0
SKU-00049,64,2025-03-24,1446,1446,52677.78,0.0,1,5
SKU-00049,65,2025-03-31,942,942,34317.06,0.0,0,0
SKU-00049,66,2025-04-07,938,320,11657.6,22513.74,0,0
SKU-00049,67,2025-04-14,1054,0,0.0,38397.22,0,0
SKU-00049,68,2025-04-21,1223,398,14499.14,30054.75,0,0
SKU-00049,69,2025-04-28,1233,1233,44918.19,0.0,0,0
SKU-00049,70,2025-05-05,1373,1254,45683.22,4335.17,0,0
SKU-00049,71,2025-05-12,1196,787,28670.41,14899.869999999999,0,0
SKU-00049,72,2025-05-19,1337,354,12896.22,35810.69,0,0
SKU-00049,73,2025-05-26,1205,662,24116.66,19781.49,0,0
SKU-00049,74,2025-06-02,1669,941,34280.63,26521.04,0,0
SKU-00049,75,2025-06-09,1653,570,20765.1,39453.69,0,0
SKU-00049,76,2025-06-16,1462,1349,49144.07,4116.59,0,0
SKU-00049,77,2025-06-23,1609,1164,42404.52,16211.35,0,0
SKU-00049,78,2025-06-30,1667,1640,59745.2,983.61,0,0
SKU-00049,79,2025-07-07,1565,487,17741.41,39271.54,0,0
SKU-00049,80,2025-07-14,1718,0,0.0,62586.74,0,0
SKU-00049,81,2025-07-21,1626,244,8888.92,50346.26,0,0
SKU-00049,82,2025-07-28,1495,1495,54462.85,0.0,0,0
SKU-00049,83,2025-08-04,1704,839,30564.77,31511.95,0,0
SKU-00049,84,2025-08-11,1988,1138,41457.34,30965.5,0,0
SKU-00049,85,2025-08-18,1783,1033,37632.19,27322.5,0,0
SKU-00049,86,2025-08-25,1388,647,23570.21,26994.63,0,0
SKU-00049,87,2025-09-01,1712,111,4043.73,58324.43,0,0
SKU-00049,88,2025-09-08,1839,501,18251.43,48743.34,0,0
SKU-00049,89,2025-09-15,1574,1459,53151.37,4189.45,0,0
SKU-00049,90,2025-09-22,1722,728,26521.04,36211.42,1,3
SKU-00049,91,2025-09-29,1622,757,27577.51,31511.95,0,0
SKU-00049,92,2025-10-06,1453,492,17923.56,35009.23,0,0
SKU-00049,93,2025-10-13,1362,632,23023.76,26593.9,0,0
SKU-00049,94,2025-10-20,1398,1398,50929.14,0.0,0,0
SKU-00049,95,2025-10-27,1097,673,24517.39,15446.32,0,0
SKU-00049,96,2025-11-03,1308,105,3825.15,43825.29,0,0
SKU-00049,97,2025-11-10,1275,194,7067.42,39380.83,0,0
SKU-00049,98,2025-11-17,1118,1118,40728.74,0.0,0,0
SKU-00049,99,2025-11-24,1016,779,28378.97,8633.91,0,0
SKU-00049,100,2025-12-01,1021,283,10309.69,26885.34,0,0
SKU-00049,101,2025-12-08,902,0,0.0,32859.86,0,0
SKU-00049,102,2025-12-15,911,863,31439.09,1748.6399999999999,0,0
SKU-00049,103,2025-12-22,830,830,30236.9,0.0,0,0
SKU-00050,0,2024-01-01,175,175,1422.7500000000002,0.0,0,0
SKU-00050,1,2024-01-08,143,143,1162.5900000000001,0.0,0,0
SKU-00050,2,2024-01-15,167,167,1357.71,0.0,0,0
SKU-00050,3,2024-01-22,173,173,1406.4900000000002,0.0,0,0
SKU-00050,4,2024-01-29,158,158,1284.5400000000002,0.0,0,0
SKU-00050,5,2024-02-05,228,228,1853.64,0.0,1,4
SKU-00050,6,2024-02-12,221,221,1796.7300000000002,0.0,1,2
SKU-00050,7,2024-02-19,164,164,1333.3200000000002,0.0,0,0
SKU-00050,8,2024-02-26,149,149,1211.3700000000001,0.0,0,0
SKU-00050,9,2024-03-04,128,128,1040.64,0.0,0,0
SKU-00050,10,2024-03-11,153,153,1243.89,0.0,0,0
SKU-00050,11,2024-03-18,158,158,1284.5400000000002,0.0,0,0
SKU-00050,12,2024-03-25,128,128,1040.64,0.0,0,0
SKU-00050,13,2024-04-01,146,146,1186.98,0.0,0,0
SKU-00050,14,2024-04-08,144,144,1170.72,0.0,0,0
SKU-00050,15,2024-04-15,111,111,902.4300000000001,0.0,0,0
SKU-00050,16,2024-04-22,181,181,1471.5300000000002,0.0,0,0
SKU-00050,17,2024-04-29,256,126,1024.38,1056.9,1,4
SKU-00050,18,2024-05-06,149,22,178.86,1032.51,1,2
SKU-00050,19,2024-05-13,129,129,1048.7700000000002,0.0,0,0
SKU-00050,20,2024-05-20,142,142,1154.46,0.0,0,0
SKU-00050,21,2024-05-27,173,173,1406.4900000000002,0.0,1,4
SKU-00050,22,2024-06-03,180,180,1463.4,0.0,0,0
SKU-00050,23,2024-06-10,168,168,1365.8400000000001,0.0,0,0
SKU-00050,24,2024-06-17,136,136,1105.68,0.0,0,0
SKU-00050,25,2024-06-24,160,160,1300.8000000000002,0.0,1,4
SKU-00050,26,2024-07-01,205,205,1666.65,0.0,0,0
SKU-00050,27,2024-07-08,177,177,1439.0100000000002,0.0,0,0
SKU-00050,28,2024-07-15,172,157,1276.41,121.95000000000002,0,0
SKU-00050,29,2024-07-22,192,114,926.82,634.1400000000001,0,0
SKU-00050,30,2024-07-29,187,187,1520.3100000000002,0.0,0,0
SKU-00050,31,2024-08-05,209,209,1699.17,0.0,0,0
SKU-00050,32,2024-08-12,189,189,1536.5700000000002,0.0,0,0
SKU-00050,33,2024-08-19,173,144,1170.72,235.77,0,0
SKU-00050,34,2024-08-26,214,72,585.36,1154.46,0,0
SKU-00050,35,2024-09-02,181,181,1471.5300000000002,0.0,0,0
SKU-00050,36,2024-09-09,216,216,1756.0800000000002,0.0,0,0
SKU-00050,37,2024-09-16,188,188,1528.44,0.0,0,0
SKU-00050,38,2024-09-23,213,199,1617.8700000000001,113.82000000000001,0,0
SKU-00050,39,2024-09-30,182,182,1479.66,0.0,0,0
SKU-00050,40,2024-10-07,213,213,1731.69,0.0,0,0
SKU-00050,41,2024-10-14,190,190,1544.7,0.0,0,0
SKU-00050,42,2024-10-21,267,232,1886.16,284.55,1,4
SKU-00050,43,2024-10-28,282,52,422.76000000000005,1869.9,1,3
SKU-00050,44,2024-11-04,216,216,1756.0800000000002,0.0,0,0
SKU-00050,45,2024-11-11,170,126,1024.38,357.72,0,0
SKU-00050,46,2024-11-18,218,218,1772.3400000000001,0.0,0,0
SKU-00050,47,2024-11-25,180,160,1300.8000000000002,162.60000000000002,0,0
SKU-00050,48,2024-12-02,171,0,0.0,1390.2300000000002,0,0
SKU-00050,49,2024-12-09,198,198,1609.7400000000002,0.0,0,0
SKU-00050,50,2024-12-16,198,198,1609.7400000000002,0.0,0,0
SKU-00050,51,2024-12-23,141,141,1146.3300000000002,0.0,0,0
SKU-00050,52,2024-12-30,193,193,1569.0900000000001,0.0,0,0
SKU-00050,53,2025-01-06,178,178,1447.14,0.0,0,0
SKU-00050,54,2025-01-13,154,154,1252.0200000000002,0.0,0,0
SKU-00050,55,2025-01-20,160,160,1300.8000000000002,0.0,0,0
SKU-00050,56,2025-01-27,192,192,1560.96,0.0,0,0
SKU-00050,57,2025-02-03,188,188,1528.44,0.0,0,0
SKU-00050,58,2025-02-10,141,141,1146.3300000000002,0.0,0,0
SKU-00050,59,2025-02-17,206,206,1674.7800000000002,0.0,0,0
SKU-00050,60,2025-02-24,165,165,1341.45,0.0,0,0
SKU-00050,61,2025-03-03,186,186,1512.18,0.0,0,0
SKU-00050,62,2025-03-10,149,128,1040.64,170.73000000000002,0,0
SKU-00050,63,2025-03-17,156,125,1016.2500000000001,252.03000000000003,0,0
SKU-00050,64,2025-03-24,175,175,1422.7500000000002,0.0,0,0
SKU-00050,65,2025-03-31,171,171,1390.2300000000002,0.0,0,0
SKU-00050,66,2025-04-07,164,164,1333.3200000000002,0.0,0,0
SKU-00050,67,2025-04-14,127,127,1032.51,0.0,0,0
SKU-00050,68,2025-04-21,212,114,926.82,796.7400000000001,1,2
SKU-00050,69,2025-04-28,235,105,853.6500000000001,1056.9,1,1
SKU-00050,70,2025-05-05,155,155,1260.15,0.0,0,0
SKU-00050,71,2025-05-12,178,178,1447.14,0.0,0,0
SKU-00050,72,2025-05-19,206,206,1674.7800000000002,0.0,0,0
SKU-00050,73,2025-05-26,145,145,1178.8500000000001,0.0,0,0
SKU-00050,74,2025-06-02,171,171,1390.2300000000002,0.0,0,0
SKU-00050,75,2025-06-09,210,149,1211.3700000000001,495.93000000000006,0,0
SKU-00050,76,2025-06-16,157,51,414.63000000000005,861.7800000000001,0,0
SKU-00050,77,2025-06-23,170,170,1382.1000000000001,0.0,0,0
SKU-00050,78,2025-06-30,143,143,1162.5900000000001,0.0,0,0
SKU-00050,79,2025-07-07,246,246,1999.9800000000002,0.0,1,4
SKU-00050,80,2025-07-14,304,304,2471.5200000000004,0.0,1,3
SKU-00050,81,2025-07-21,219,79,642.2700000000001,1138.2,0,0
SKU-00050,82,2025-07-28,152,152,1235.7600000000002,0.0,0,0
SKU-00050,83,2025-08-04,171,171,1390.2300000000002,0.0,0,0
SKU-00050,84,2025-08-11,177,177,1439.0100000000002,0.0,0,0
SKU-00050,85,2025-08-18,256,256,2081.28,0.0,1,2
SKU-00050,86,2025-08-25,265,172,1398.3600000000001,756.09,1,4
SKU-00050,87,2025-09-01,205,171,1390.2300000000002,276.42,0,0
SKU-00050,88,2025-09-08,184,184,1495.92,0.0,0,0
SKU-00050,89,2025-09-15,200,126,1024.38,601.62,0,0
SKU-00050,90,2025-09-22,203,203,1650.39,0.0,0,0
SKU-00050,91,2025-09-29,194,194,1577.2200000000003,0.0,0,0
SKU-00050,92,2025-10-06,208,208,1691.0400000000002,0.0,0,0
SKU-00050,93,2025-10-13,185,185,1504.0500000000002,0.0,0,0
SKU-00050,94,2025-10-20,224,220,1788.6000000000001,32.52,0,0
SKU-00050,95,2025-10-27,180,180,1463.4,0.0,0,0
SKU-00050,96,2025-11-03,233,106,861.7800000000001,1032.51,0,0
SKU-00050,97,2025-11-10,234,234,1902.42,0.0,0,0
SKU-00050,98,2025-11-17,219,69,560.97,1219.5000000000002,0,0
SKU-00050,99,2025-11-24,237,112,910.5600000000001,1016.2500000000001,0,0
SKU-00050,100,2025-12-01,202,202,1642.2600000000002,0.0,0,0
SKU-00050,101,2025-12-08,196,196,1593.4800000000002,0.0,0,0
SKU-00050,102,2025-12-15,203,203,1650.39,0.0,0,0
SKU-00050,103,2025-12-22,224,224,1821.1200000000001,0.0,0,0
SKU-00051,0,2024-01-01,151,151,3246.5,0.0,1,4
SKU-00051,1,2024-01-08,86,86,1849.0,0.0,0,0
SKU-00051,2,2024-01-15,95,95,2042.5,0.0,0,0
SKU-00051,3,2024-01-22,69,69,1483.5,0.0,0,0
SKU-00051,4,2024-01-29,86,86,1849.0,0.0,0,0
SKU-00051,5,2024-02-05,88,80,1720.0,172.0,0,0
SKU-00051,6,2024-02-12,90,39,838.5,1096.5,0,0
SKU-00051,7,2024-02-19,77,77,1655.5,0.0,0,0
SKU-00051,8,2024-02-26,91,91,1956.5,0.0,0,0
SKU-00051,9,2024-03-04,84,84,1806.0,0.0,0,0
SKU-00051,10,2024-03-11,108,108,2322.0,0.0,1,3
SKU-00051,11,2024-03-18,92,92,1978.0,0.0,0,0
SKU-00051,12,2024-03-25,91,67,1440.5,516.0,0,0
SKU-00051,13,2024-04-01,92,92,1978.0,0.0,0,0
SKU-00051,14,2024-04-08,65,65,1397.5,0.0,0,0
SKU-00051,15,2024-04-15,101,101,2171.5,0.0,1,4
SKU-00051,16,2024-04-22,72,72,1548.0,0.0,0,0
SKU-00051,17,2024-04-29,75,75,1612.5,0.0,0,0
SKU-00051,18,2024-05-06,65,65,1397.5,0.0,0,0
SKU-00051,19,2024-05-13,55,55,1182.5,0.0,0,0
SKU-00051,20,2024-05-20,100,100,2150.0,0.0,0,0
SKU-00051,21,2024-05-27,69,69,1483.5,0.0,0,0
SKU-00051,22,2024-06-03,70,70,1505.0,0.0,0,0
SKU-00051,23,2024-06-10,99,99,2128.5,0.0,0,0
SKU-00051,24,2024-06-17,103,103,2214.5,0.0,0,0
SKU-00051,25,2024-06-24,81,81,1741.5,0.0,0,0
SKU-00051,26,2024-07-01,77,77,1655.5,0.0,0,0
SKU-00051,27,2024-07-08,85,85,1827.5,0.0,0,0
SKU-00051,28,2024-07-15,92,71,1526.5,451.5,0,0
SKU-00051,29,2024-07-22,87,72,1548.0,322.5,0,0
SKU-00051,30,2024-07-29,100,100,2150.0,0.0,0,0
SKU-00051,31,2024-08-05,77,77,1655.5,0.0,0,0
SKU-00051,32,2024-08-12,87,87,1870.5,0.0,0,0
SKU-00051,33,2024-08-19,76,76,1634.0,0.0,1,4
SKU-00051,34,2024-08-26,80,80,1720.0,0.0,1,2
SKU-00051,35,2024-09-02,84,84,1806.0,0.0,0,0
SKU-00051,36,2024-09-09,92,92,1978.0,0.0,0,0
SKU-00051,37,2024-09-16,107,107,2300.5,0.0,0,0
SKU-00051,38,2024-09-23,82,82,1763.0,0.0,0,0
SKU-00051,39,2024-09-30,116,116,2494.0,0.0,0,0
SKU-00051,40,2024-10-07,89,89,1913.5,0.0,0,0
SKU-00051,41,2024-10-14,74,74,1591.0,0.0,0,0
SKU-00051,42,2024-10-21,72,72,1548.0,0.0,0,0
SKU-00051,43,2024-10-28,102,98,2107.0,86.0,0,0
SKU-00051,44,2024-11-04,92,92,1978.0,0.0,0,0
SKU-00051,45,2024-11-11,109,109,2343.5,0.0,0,0
SKU-00051,46,2024-11-18,104,104,2236.0,0.0,0,0
SKU-00051,47,2024-11-25,106,106,2279.0,0.0,0,0
SKU-00051,48,2024-12-02,103,103,2214.5,0.0,0,0
SKU-00051,49,2024-12-09,80,80,1720.0,0.0,0,0
SKU-00051,50,2024-12-16,121,121,2601.5,0.0,0,0
SKU-00051,51,2024-12-23,114,114,2451.0,0.0,0,0
SKU-00051,52,2024-12-30,81,81,1741.5,0.0,0,0
SKU-00051,53,2025-01-06,94,94,2021.0,0.0,0,0
SKU-00051,54,2025-01-13,93,93,1999.5,0.0,0,0
SKU-00051,55,2025-01-20,83,83,1784.5,0.0,0,0
SKU-00051,56,2025-01-27,87,87,1870.5,0.0,0,0
SKU-00051,57,2025-02-03,81,81,1741.5,0.0,0,0
SKU-00051,58,2025-02-10,95,95,2042.5,0.0,1,3
SKU-00051,59,2025-02-17,72,72,1548.0,0.0,0,0
SKU-00051,60,2025-02-24,87,87,1870.5,0.0,0,0
SKU-00051,61,2025-03-03,99,99,2128.5,0.0,0,0
SKU-00051,62,2025-03-10,92,56,1204.0,774.0,0,0
SKU-00051,63,2025-03-17,81,49,1053.5,688.0,0,0
SKU-00051,64,2025-03-24,94,94,2021.0,0.0,0,0
SKU-00051,65,2025-03-31,109,109,2343.5,0.0,0,0
SKU-00051,66,2025-04-07,96,96,2064.0,0.0,0,0
SKU-00051,67,2025-04-14,95,95,2042.5,0.0,0,0
SKU-00051,68,2025-04-21,90,90,1935.0,0.0,0,0
SKU-00051,69,2025-04-28,84,84,1806.0,0.0,0,0
SKU-00051,70,2025-05-05,86,86,1849.0,0.0,0,0
SKU-00051,71,2025-05-12,82,67,1440.5,322.5,0,0
SKU-00051,72,2025-05-19,87,87,1870.5,0.0,0,0
SKU-00051,73,2025-05-26,74,74,1591.0,0.0,0,0
SKU-00051,74,2025-06-02,83,83,1784.5,0.0,0,0
SKU-00051,75,2025-06-09,129,129,2773.5,0.0,0,0
SKU-00051,76,2025-06-16,111,54,1161.0,1225.5,0,0
SKU-00051,77,2025-06-23,84,72,1548.0,258.0,0,0
SKU-00051,78,2025-06-30,104,104,2236.0,0.0,0,0
SKU-00051,79,2025-07-07,87,87,1870.5,0.0,0,0
SKU-00051,80,2025-07-14,150,150,3225.0,0.0,1,5
SKU-00051,81,2025-07-21,94,94,2021.0,0.0,0,0
SKU-00051,82,2025-07-28,108,108,2322.0,0.0,0,0
SKU-00051,83,2025-08-04,95,95,2042.5,0.0,0,0
SKU-00051,84,2025-08-11,83,79,1698.5,86.0,0,0
SKU-00051,85,2025-08-18,114,114,2451.0,0.0,0,0
SKU-00051,86,2025-08-25,135,135,2902.5,0.0,1,7
SKU-00051,87,2025-09-01,86,86,1849.0,0.0,0,0
SKU-00051,88,2025-09-08,78,71,1526.5,150.5,0,0
SKU-00051,89,2025-09-15,105,81,1741.5,516.0,0,0
SKU-00051,90,2025-09-22,107,107,2300.5,0.0,0,0
SKU-00051,91,2025-09-29,71,71,1526.5,0.0,0,0
SKU-00051,92,2025-10-06,105,105,2257.5,0.0,0,0
SKU-00051,93,2025-10-13,120,120,2580.0,0.0,0,0
SKU-00051,94,2025-10-20,111,38,817.0,1569.5,0,0
SKU-00051,95,2025-10-27,83,38,817.0,967.5,0,0
SKU-00051,96,2025-11-03,116,116,2494.0,0.0,0,0
SKU-00051,97,2025-11-10,67,67,1440.5,0.0,0,0
SKU-00051,98,2025-11-17,92,92,1978.0,0.0,0,0
SKU-00051,99,2025-11-24,103,103,2214.5,0.0,0,0
SKU-00051,100,2025-12-01,85,85,1827.5,0.0,0,0
SKU-00051,101,2025-12-08,114,114,2451.0,0.0,1,1
SKU-00051,102,2025-12-15,186,186,3999.0,0.0,1,6
SKU-00051,103,2025-12-22,110,110,2365.0,0.0,0,0
SKU-00052,0,2024-01-01,123,123,2769.96,0.0,0,0
SKU-00052,1,2024-01-08,114,114,2567.2799999999997,0.0,0,0
SKU-00052,2,2024-01-15,129,129,2905.08,0.0,0,0
SKU-00052,3,2024-01-22,143,143,3220.36,0.0,0,0
SKU-00052,4,2024-01-29,131,131,2950.12,0.0,0,0
SKU-00052,5,2024-02-05,97,97,2184.44,0.0,0,0
SKU-00052,6,2024-02-12,116,116,2612.32,0.0,0,0
SKU-00052,7,2024-02-19,118,112,2522.24,135.12,0,0
SKU-00052,8,2024-02-26,138,69,1553.8799999999999,1553.8799999999999,1,4
SKU-00052,9,2024-03-04,109,109,2454.68,0.0,1,2
SKU-00052,10,2024-03-11,89,89,2004.28,0.0,0,0
SKU-00052,11,2024-03-18,97,97,2184.44,0.0,0,0
SKU-00052,12,2024-03-25,99,99,2229.48,0.0,0,0
SKU-00052,13,2024-04-01,88,88,1981.76,0.0,0,0
SKU-00052,14,2024-04-08,88,88,1981.76,0.0,0,0
SKU-00052,15,2024-04-15,72,72,1621.44,0.0,0,0
SKU-00052,16,2024-04-22,91,91,2049.32,0.0,0,0
SKU-00052,17,2024-04-29,113,113,2544.7599999999998,0.0,0,0
SKU-00052,18,2024-05-06,82,82,1846.6399999999999,0.0,0,0
SKU-00052,19,2024-05-13,80,80,1801.6,0.0,0,0
SKU-00052,20,2024-05-20,93,93,2094.36,0.0,0,0
SKU-00052,21,2024-05-27,87,87,1959.24,0.0,0,0
SKU-00052,22,2024-06-03,81,76,1711.52,112.6,0,0
SKU-00052,23,2024-06-10,64,59,1328.68,112.6,0,0
SKU-00052,24,2024-06-17,70,70,1576.3999999999999,0.0,0,0
SKU-00052,25,2024-06-24,111,111,2499.72,0.0,0,0
SKU-00052,26,2024-07-01,73,73,1643.96,0.0,0,0
SKU-00052,27,2024-07-08,92,92,2071.84,0.0,0,0
SKU-00052,28,2024-07-15,97,97,2184.44,0.0,0,0
SKU-00052,29,2024-07-22,92,92,2071.84,0.0,0,0
SKU-00052,30,2024-07-29,93,93,2094.36,0.0,0,0
SKU-00052,31,2024-08-05,97,97,2184.44,0.0,0,0
SKU-00052,32,2024-08-12,99,99,2229.48,0.0,0,0
SKU-00052,33,2024-08-19,94,94,2116.88,0.0,0,0
SKU-00052,34,2024-08-26,92,92,2071.84,0.0,0,0
SKU-00052,35,2024-09-02,107,107,2409.64,0.0,0,0
SKU-00052,36,2024-09-09,103,83,1869.1599999999999,450.4,0,0
SKU-00052,37,2024-09-16,104,104,2342.08,0.0,0,0
SKU-00052,38,2024-09-23,102,102,2297.04,0.0,0,0
SKU-00052,39,2024-09-30,119,108,2432.16,247.72,0,0
SKU-00052,40,2024-10-07,112,78,1756.56,765.68,0,0
SKU-00052,41,2024-10-14,116,116,2612.32,0.0,0,0
SKU-00052,42,2024-10-21,134,134,3017.68,0.0,0,0
SKU-00052,43,2024-10-28,119,119,2679.88,0.0,0,0
SKU-00052,44,2024-11-04,88,88,1981.76,0.0,0,0
SKU-00052,45,2024-11-11,120,120,2702.4,0.0,0,0
SKU-00052,46,2024-11-18,112,112,2522.24,0.0,0,0
SKU-00052,47,2024-11-25,100,94,2116.88,135.12,0,0
SKU-00052,48,2024-12-02,129,129,2905.08,0.0,0,0
SKU-00052,49,2024-12-09,111,95,2139.4,360.32,0,0
SKU-00052,50,2024-12-16,136,115,2589.7999999999997,472.92,1,2
SKU-00052,51,2024-12-23,183,183,4121.16,0.0,1,4
SKU-00052,52,2024-12-30,119,96,2161.92,517.96,0,0
SKU-00052,53,2025-01-06,106,106,2387.12,0.0,0,0
SKU-00052,54,2025-01-13,116,116,2612.32,0.0,0,0
SKU-00052,55,2025-01-20,105,75,1689.0,675.6,0,0
SKU-00052,56,2025-01-27,159,159,3580.68,0.0,1,5
SKU-00052,57,2025-02-03,111,111,2499.72,0.0,0,0
SKU-00052,58,2025-02-10,81,81,1824.12,0.0,0,0
SKU-00052,59,2025-02-17,97,97,2184.44,0.0,0,0
SKU-00052,60,2025-02-24,133,106,2387.12,608.04,1,5
SKU-00052,61,2025-03-03,85,78,1756.56,157.64,0,0
SKU-00052,62,2025-03-10,87,87,1959.24,0.0,0,0
SKU-00052,63,2025-03-17,74,74,1666.48,0.0,0,0
SKU-00052,64,2025-03-24,87,87,1959.24,0.0,0,0
SKU-00052,65,2025-03-31,77,77,1734.04,0.0,0,0
SKU-00052,66,2025-04-07,92,92,2071.84,0.0,0,0
SKU-00052,67,2025-04-14,72,72,1621.44,0.0,0,0
SKU-00052,68,2025-04-21,100,100,2252.0,0.0,0,0
SKU-00052,69,2025-04-28,74,74,1666.48,0.0,0,0
SKU-00052,70,2025-05-05,93,93,2094.36,0.0,0,0
SKU-00052,71,2025-05-12,87,87,1959.24,0.0,0,0
SKU-00052,72,2025-05-19,76,76,1711.52,0.0,0,0
SKU-00052,73,2025-05-26,81,81,1824.12,0.0,0,0
SKU-00052,74,2025-06-02,74,74,1666.48,0.0,0,0
SKU-00052,75,2025-06-09,70,70,1576.3999999999999,0.0,0,0
SKU-00052,76,2025-06-16,65,65,1463.8,0.0,0,0
SKU-00052,77,2025-06-23,75,75,1689.0,0.0,0,0
SKU-00052,78,2025-06-30,85,85,1914.2,0.0,0,0
SKU-00052,79,2025-07-07,75,75,1689.0,0.0,1,2
SKU-00052,80,2025-07-14,85,85,1914.2,0.0,1,1
SKU-00052,81,2025-07-21,70,70,1576.3999999999999,0.0,0,0
SKU-00052,82,2025-07-28,78,78,1756.56,0.0,0,0
SKU-00052,83,2025-08-04,58,58,1306.16,0.0,0,0
SKU-00052,84,2025-08-11,70,70,1576.3999999999999,0.0,0,0
SKU-00052,85,2025-08-18,110,110,2477.2,0.0,1,5
SKU-00052,86,2025-08-25,89,89,2004.28,0.0,0,0
SKU-00052,87,2025-09-01,93,93,2094.36,0.0,0,0
SKU-00052,88,2025-09-08,97,97,2184.44,0.0,0,0
SKU-00052,89,2025-09-15,102,102,2297.04,0.0,0,0
SKU-00052,90,2025-09-22,94,94,2116.88,0.0,0,0
SKU-00052,91,2025-09-29,102,102,2297.04,0.0,0,0
SKU-00052,92,2025-10-06,123,123,2769.96,0.0,0,0
SKU-00052,93,2025-10-13,100,100,2252.0,0.0,0,0
SKU-00052,94,2025-10-20,114,114,2567.2799999999997,0.0,1,5
SKU-00052,95,2025-10-27,95,88,1981.76,157.64,0,0
SKU-00052,96,2025-11-03,93,93,2094.36,0.0,0,0
SKU-00052,97,2025-11-10,97,97,2184.44,0.0,0,0
SKU-00052,98,2025-11-17,78,78,1756.56,0.0,0,0
SKU-00052,99,2025-11-24,92,92,2071.84,0.0,0,0
SKU-00052,100,2025-12-01,110,110,2477.2,0.0,0,0
SKU-00052,101,2025-12-08,102,102,2297.04,0.0,0,0
SKU-00052,102,2025-12-15,81,81,1824.12,0.0,0,0
SKU-00052,103,2025-12-22,112,112,2522.24,0.0,0,0
SKU-00053,0,2024-01-01,1313,1313,35752.99,0.0,0,0
SKU-00053,1,2024-01-08,1329,1329,36188.67,0.0,0,0
SKU-00053,2,2024-01-15,1385,1385,37713.55,0.0,0,0
SKU-00053,3,2024-01-22,1359,1359,37005.57,0.0,0,0
SKU-00053,4,2024-01-29,1256,1104,30061.920000000002,4138.96,0,0
SKU-00053,5,2024-02-05,1302,1302,35453.46,0.0,0,0
SKU-00053,6,2024-02-12,1137,1064,28972.72,1987.79,0,0
SKU-00053,7,2024-02-19,1187,1187,32322.010000000002,0.0,0,0
SKU-00053,8,2024-02-26,1175,1175,31995.25,0.0,0,0
SKU-00053,9,2024-03-04,1184,969,26385.87,5854.45,0,0
SKU-00053,10,2024-03-11,1122,781,21266.63,9285.43,0,0
SKU-00053,11,2024-03-18,1102,1067,29054.41,953.0500000000001,0,0
SKU-00053,12,2024-03-25,1148,1148,31260.04,0.0,0,0
SKU-00053,13,2024-04-01,1045,1018,27720.14,735.21,0,0
SKU-00053,14,2024-04-08,1194,638,17372.74,15139.880000000001,0,0
SKU-00053,15,2024-04-15,1285,992,27012.16,7978.39,0,0
SKU-00053,16,2024-04-22,1121,1121,30524.83,0.0,0,0
SKU-00053,17,2024-04-29,1169,827,22519.21,9312.66,0,0
SKU-00053,18,2024-05-06,1602,1102,30007.46,13615.0,1,3
SKU-00053,19,2024-05-13,1430,1091,29707.93,9230.97,0,0
SKU-00053,20,2024-05-20,1141,782,21293.86,9775.57,0,0
SKU-00053,21,2024-05-27,1330,1288,35072.24,1143.66,0,0
SKU-00053,22,2024-06-03,1337,1337,36406.51,0.0,0,0
SKU-00053,23,2024-06-10,1334,1284,34963.32,1361.5,0,0
SKU-00053,24,2024-06-17,1366,1277,34772.71,2423.4700000000003,0,0
SKU-00053,25,2024-06-24,1453,1453,39565.19,0.0,0,0
SKU-00053,26,2024-07-01,1651,1447,39401.81,5554.92,0,0
SKU-00053,27,2024-07-08,1492,1492,40627.16,0.0,0,0
SKU-00053,28,2024-07-15,1564,1564,42587.72,0.0,0,0
SKU-00053,29,2024-07-22,1649,1080,29408.4,15493.87,0,0
SKU-00053,30,2024-07-29,1803,811,22083.53,27012.16,0,0
SKU-00053,31,2024-08-05,1829,1473,40109.79,9693.880000000001,0,0
SKU-00053,32,2024-08-12,2172,2172,59143.56,0.0,0,0
SKU-00053,33,2024-08-19,2179,1555,42342.65,16991.52,0,0
SKU-00053,34,2024-08-26,1839,775,21103.25,28972.72,0,0
SKU-00053,35,2024-09-02,1703,1386,37740.78,8631.91,0,0
SKU-00053,36,2024-09-09,1951,1951,53125.73,0.0,0,0
SKU-00053,37,2024-09-16,2068,1768,48142.64,8169.0,0,0
SKU-00053,38,2024-09-23,1878,1404,38230.92,12907.02,0,0
SKU-00053,39,2024-09-30,2106,1361,37060.03,20286.35,0,0
SKU-00053,40,2024-10-07,2361,1425,38802.75,25487.28,0,0
SKU-00053,41,2024-10-14,1965,439,11953.97,41552.98,0,0
SKU-00053,42,2024-10-21,2063,276,7515.4800000000005,48660.01,0,0
SKU-00053,43,2024-10-28,2227,990,26957.7,33683.51,0,0
SKU-00053,44,2024-11-04,2787,2130,57999.9,17890.11,1,4
SKU-00053,45,2024-11-11,2268,1321,35970.83,25786.81,1,2
SKU-00053,46,2024-11-18,2132,1310,35671.3,22383.06,0,0
SKU-00053,47,2024-11-25,2004,1849,50348.270000000004,4220.65,0,0
SKU-00053,48,2024-12-02,1912,1552,42260.96,9802.8,0,0
SKU-00053,49,2024-12-09,1944,1718,46781.14,6153.9800000000005,0,0
SKU-00053,50,2024-12-16,1831,1322,35998.06,13860.07,0,0
SKU-00053,51,2024-12-23,2050,984,26794.32,29027.18,0,0
SKU-00053,52,2024-12-30,1847,473,12879.79,37414.020000000004,0,0
SKU-00053,53,2025-01-06,1901,1446,39374.58,12389.65,0,0
SKU-00053,54,2025-01-13,1884,1884,51301.32,0.0,0,0
SKU-00053,55,2025-01-20,1897,1542,41988.66,9666.65,0,0
SKU-00053,56,2025-01-27,1469,914,24888.22,15112.65,0,0
SKU-00053,57,2025-02-03,1834,1225,33356.75,16583.07,0,0
SKU-00053,58,2025-02-10,1532,1439,39183.97,2532.39,0,0
SKU-00053,59,2025-02-17,2223,2223,60532.29,0.0,1,3
SKU-00053,60,2025-02-24,1553,1553,42288.19,0.0,0,0
SKU-00053,61,2025-03-03,1890,1890,51464.700000000004,0.0,1,3
SKU-00053,62,2025-03-10,1252,878,23907.94,10184.02,0,0
SKU-00053,63,2025-03-17,1494,1364,37141.72,3539.9,0,0
SKU-00053,64,2025-03-24,1313,1313,35752.99,0.0,0,0
SKU-00053,65,2025-03-31,1242,1077,29326.71,4492.95,0,0
SKU-00053,66,2025-04-07,1816,1414,38503.22,10946.460000000001,1,3
SKU-00053,67,2025-04-14,1441,1429,38911.67,326.76,0,0
SKU-00053,68,2025-04-21,1521,1337,36406.51,5010.32,1,2
SKU-00053,69,2025-04-28,1655,1655,45065.65,0.0,1,2
SKU-00053,70,2025-05-05,1451,943,25677.89,13832.84,0,0
SKU-00053,71,2025-05-12,1603,1148,31260.04,12389.65,0,0
SKU-00053,72,2025-05-19,1431,724,19714.52,19251.61,0,0
SKU-00053,73,2025-05-26,1772,1772,48251.56,0.0,0,0
SKU-00053,74,2025-06-02,1506,1506,41008.38,0.0,0,0
SKU-00053,75,2025-06-09,1561,1354,36869.42,5636.61,0,0
SKU-00053,76,2025-06-16,1745,1101,29980.23,17536.12,0,0
SKU-00053,77,2025-06-23,1924,1246,33928.58,18461.94,0,0
SKU-00053,78,2025-06-30,1770,1173,31940.79,16256.31,0,0
SKU-00053,79,2025-07-07,2124,1491,40599.93,17236.59,0,0
SKU-00053,80,2025-07-14,1937,1937,52744.51,0.0,0,0
SKU-00053,81,2025-07-21,2202,1655,45065.65,14894.81,0,0
SKU-00053,82,2025-07-28,2101,999,27202.77,30007.46,0,0
SKU-00053,83,2025-08-04,2512,155,4220.65,64181.11,0,0
SKU-00053,84,2025-08-11,2464,1309,35644.07,31450.65,0,0
SKU-00053,85,2025-08-18,1966,1794,48850.62,4683.56,0,0
SKU-00053,86,2025-08-25,2325,2325,63309.75,0.0,0,0
SKU-00053,87,2025-09-01,2231,1369,37277.87,23472.260000000002,0,0
SKU-00053,88,2025-09-08,3547,520,14159.6,82425.21,1,4
SKU-00053,89,2025-09-15,2804,1924,52390.520000000004,23962.4,0,0
SKU-00053,90,2025-09-22,2781,1811,49313.53,26413.100000000002,0,0
SKU-00053,91,2025-09-29,2733,969,26385.87,48033.72,0,0
SKU-00053,92,2025-10-06,2673,1330,36215.9,36569.89,0,0
SKU-00053,93,2025-10-13,2366,1114,30334.22,34091.96,0,0
SKU-00053,94,2025-10-20,2412,2014,54841.22,10837.54,0,0
SKU-00053,95,2025-10-27,2642,2241,61022.43,10919.23,0,0
SKU-00053,96,2025-11-03,2504,875,23826.25,44357.67,0,0
SKU-00053,97,2025-11-10,2560,890,24234.7,45474.1,0,0
SKU-00053,98,2025-11-17,3772,1539,41906.97,60804.590000000004,1,3
SKU-00053,99,2025-11-24,2751,1855,50511.65,24398.08,0,0
SKU-00053,100,2025-12-01,2488,2488,67748.24,0.0,0,0
SKU-00053,101,2025-12-08,2498,1654,45038.42,22982.12,0,0
SKU-00053,102,2025-12-15,2523,1822,49613.06,19088.23,0,0
SKU-00053,103,2025-12-22,2260,1630,44384.9,17154.9,0,0
SKU-00054,0,2024-01-01,183,183,1268.19,0.0,0,0
SKU-00054,1,2024-01-08,193,193,1337.49,0.0,0,0
SKU-00054,2,2024-01-15,213,213,1476.09,0.0,0,0
SKU-00054,3,2024-01-22,191,191,1323.6299999999999,0.0,0,0
SKU-00054,4,2024-01-29,198,198,1372.1399999999999,0.0,0,0
SKU-00054,5,2024-02-05,246,227,1573.11,131.67,1,5
SKU-00054,6,2024-02-12,250,213,1476.09,256.40999999999997,1,2
SKU-00054,7,2024-02-19,213,142,984.06,492.03,0,0
SKU-00054,8,2024-02-26,160,160,1108.8,0.0,0,0
SKU-00054,9,2024-03-04,155,155,1074.1499999999999,0.0,0,0
SKU-00054,10,2024-03-11,138,138,956.3399999999999,0.0,0,0
SKU-00054,11,2024-03-18,169,169,1171.1699999999998,0.0,0,0
SKU-00054,12,2024-03-25,144,144,997.92,0.0,0,0
SKU-00054,13,2024-04-01,188,188,1302.84,0.0,1,3
SKU-00054,14,2024-04-08,169,127,880.11,291.06,1,1
SKU-00054,15,2024-04-15,257,257,1781.01,0.0,1,5
SKU-00054,16,2024-04-22,143,143,990.99,0.0,0,0
SKU-00054,17,2024-04-29,147,147,1018.7099999999999,0.0,0,0
SKU-00054,18,2024-05-06,125,125,866.25,0.0,0,0
SKU-00054,19,2024-05-13,174,174,1205.82,0.0,0,0
SKU-00054,20,2024-05-20,165,165,1143.45,0.0,0,0
SKU-00054,21,2024-05-27,141,141,977.13,0.0,0,0
SKU-00054,22,2024-06-03,174,139,963.27,242.54999999999998,0,0
SKU-00054,23,2024-06-10,160,160,1108.8,0.0,0,0
SKU-00054,24,2024-06-17,151,151,1046.43,0.0,0,0
SKU-00054,25,2024-06-24,154,149,1032.57,34.65,0,0
SKU-00054,26,2024-07-01,130,130,900.9,0.0,0,0
SKU-00054,27,2024-07-08,174,174,1205.82,0.0,0,0
SKU-00054,28,2024-07-15,198,198,1372.1399999999999,0.0,0,0
SKU-00054,29,2024-07-22,195,120,831.5999999999999,519.75,0,0
SKU-00054,30,2024-07-29,165,165,1143.45,0.0,0,0
SKU-00054,31,2024-08-05,168,168,1164.24,0.0,0,0
SKU-00054,32,2024-08-12,185,185,1282.05,0.0,0,0
SKU-00054,33,2024-08-19,168,168,1164.24,0.0,0,0
SKU-00054,34,2024-08-26,151,151,1046.43,0.0,0,0
SKU-00054,35,2024-09-02,169,169,1171.1699999999998,0.0,0,0
SKU-00054,36,2024-09-09,251,251,1739.4299999999998,0.0,1,1
SKU-00054,37,2024-09-16,339,224,1552.32,796.9499999999999,1,4
SKU-00054,38,2024-09-23,182,92,637.56,623.6999999999999,0,0
SKU-00054,39,2024-09-30,168,168,1164.24,0.0,0,0
SKU-00054,40,2024-10-07,179,179,1240.47,0.0,0,0
SKU-00054,41,2024-10-14,160,160,1108.8,0.0,0,0
SKU-00054,42,2024-10-21,188,188,1302.84,0.0,0,0
SKU-00054,43,2024-10-28,239,193,1337.49,318.78,0,0
SKU-00054,44,2024-11-04,223,215,1489.95,55.44,0,0
SKU-00054,45,2024-11-11,176,176,1219.6799999999998,0.0,0,0
SKU-00054,46,2024-11-18,185,185,1282.05,0.0,0,0
SKU-00054,47,2024-11-25,215,212,1469.1599999999999,20.79,0,0
SKU-00054,48,2024-12-02,247,229,1586.97,124.74,1,4
SKU-00054,49,2024-12-09,199,199,1379.07,0.0,1,2
SKU-00054,50,2024-12-16,192,164,1136.52,194.04,0,0
SKU-00054,51,2024-12-23,210,118,817.74,637.56,0,0
SKU-00054,52,2024-12-30,238,210,1455.3,194.04,0,0
SKU-00054,53,2025-01-06,194,194,1344.4199999999998,0.0,0,0
SKU-00054,54,2025-01-13,185,185,1282.05,0.0,0,0
SKU-00054,55,2025-01-20,220,220,1524.6,0.0,0,0
SKU-00054,56,2025-01-27,210,207,1434.51,20.79,0,0
SKU-00054,57,2025-02-03,192,192,1330.56,0.0,0,0
SKU-00054,58,2025-02-10,178,178,1233.54,0.0,0,0
SKU-00054,59,2025-02-17,160,160,1108.8,0.0,0,0
SKU-00054,60,2025-02-24,162,103,713.79,408.87,0,0
SKU-00054,61,2025-03-03,159,127,880.11,221.76,0,0
SKU-00054,62,2025-03-10,246,246,1704.78,0.0,1,5
SKU-00054,63,2025-03-17,186,186,1288.98,0.0,0,0
SKU-00054,64,2025-03-24,128,128,887.04,0.0,0,0
SKU-00054,65,2025-03-31,140,140,970.1999999999999,0.0,0,0
SKU-00054,66,2025-04-07,123,123,852.39,0.0,0,0
SKU-00054,67,2025-04-14,147,147,1018.7099999999999,0.0,0,0
SKU-00054,68,2025-04-21,136,136,942.48,0.0,0,0
SKU-00054,69,2025-04-28,146,146,1011.78,0.0,0,0
SKU-00054,70,2025-05-05,145,123,852.39,152.45999999999998,0,0
SKU-00054,71,2025-05-12,156,133,921.6899999999999,159.39,0,0
SKU-00054,72,2025-05-19,120,120,831.5999999999999,0.0,0,0
SKU-00054,73,2025-05-26,144,144,997.92,0.0,0,0
SKU-00054,74,2025-06-02,161,161,1115.73,0.0,0,0
SKU-00054,75,2025-06-09,132,132,914.76,0.0,0,0
SKU-00054,76,2025-06-16,143,143,990.99,0.0,0,0
SKU-00054,77,2025-06-23,143,143,990.99,0.0,0,0
SKU-00054,78,2025-06-30,135,135,935.55,0.0,0,0
SKU-00054,79,2025-07-07,113,113,783.0899999999999,0.0,0,0
SKU-00054,80,2025-07-14,114,114,790.02,0.0,0,0
SKU-00054,81,2025-07-21,158,158,1094.94,0.0,0,0
SKU-00054,82,2025-07-28,148,148,1025.6399999999999,0.0,0,0
SKU-00054,83,2025-08-04,137,137,949.41,0.0,0,0
SKU-00054,84,2025-08-11,157,137,949.41,138.6,0,0
SKU-00054,85,2025-08-18,154,154,1067.22,0.0,0,0
SKU-00054,86,2025-08-25,169,169,1171.1699999999998,0.0,0,0
SKU-00054,87,2025-09-01,158,158,1094.94,0.0,0,0
SKU-00054,88,2025-09-08,164,164,1136.52,0.0,0,0
SKU-00054,89,2025-09-15,171,171,1185.03,0.0,0,0
SKU-00054,90,2025-09-22,188,188,1302.84,0.0,0,0
SKU-00054,91,2025-09-29,308,308,2134.44,0.0,1,5
SKU-00054,92,2025-10-06,245,194,1344.4199999999998,353.43,1,2
SKU-00054,93,2025-10-13,168,168,1164.24,0.0,0,0
SKU-00054,94,2025-10-20,156,156,1081.08,0.0,0,0
SKU-00054,95,2025-10-27,180,180,1247.3999999999999,0.0,0,0
SKU-00054,96,2025-11-03,249,225,1559.25,166.32,1,3
SKU-00054,97,2025-11-10,224,151,1046.43,505.89,1,2
SKU-00054,98,2025-11-17,176,126,873.18,346.5,0,0
SKU-00054,99,2025-11-24,176,176,1219.6799999999998,0.0,0,0
SKU-00054,100,2025-12-01,182,182,1261.26,0.0,0,0
SKU-00054,101,2025-12-08,220,191,1323.6299999999999,200.97,0,0
SKU-00054,102,2025-12-15,203,203,1406.79,0.0,0,0
SKU-00054,103,2025-12-22,151,113,783.0899999999999,263.34,0,0
SKU-00055,0,2024-01-01,20,20,160.79999999999998,0.0,0,0
SKU-00055,1,2024-01-08,33,33,265.32,0.0,1,7
SKU-00055,2,2024-01-15,19,19,152.76,0.0,0,0
SKU-00055,3,2024-01-22,20,20,160.79999999999998,0.0,0,0
SKU-00055,4,2024-01-29,19,19,152.76,0.0,0,0
SKU-00055,5,2024-02-05,24,24,192.95999999999998,0.0,0,0
SKU-00055,6,2024-02-12,19,19,152.76,0.0,0,0
SKU-00055,7,2024-02-19,20,20,160.79999999999998,0.0,0,0
SKU-00055,8,2024-02-26,24,24,192.95999999999998,0.0,0,0
SKU-00055,9,2024-03-04,21,21,168.83999999999997,0.0,0,0
SKU-00055,10,2024-03-11,21,21,168.83999999999997,0.0,0,0
SKU-00055,11,2024-03-18,25,25,200.99999999999997,0.0,0,0
SKU-00055,12,2024-03-25,24,24,192.95999999999998,0.0,0,0
SKU-00055,13,2024-04-01,25,12,96.47999999999999,104.51999999999998,0,0
SKU-00055,14,2024-04-08,24,24,192.95999999999998,0.0,0,0
SKU-00055,15,2024-04-15,27,27,217.07999999999998,0.0,0,0
SKU-00055,16,2024-04-22,26,26,209.03999999999996,0.0,0,0
SKU-00055,17,2024-04-29,29,24,192.95999999999998,40.199999999999996,0,0
SKU-00055,18,2024-05-06,29,4,32.16,200.99999999999997,0,0
SKU-00055,19,2024-05-13,30,30,241.2,0.0,0,0
SKU-00055,20,2024-05-20,27,27,217.07999999999998,0.0,0,0
SKU-00055,21,2024-05-27,32,32,257.28,0.0,0,0
SKU-00055,22,2024-06-03,32,19,152.76,104.51999999999998,0,0
SKU-00055,23,2024-06-10,35,6,48.239999999999995,233.15999999999997,0,0
SKU-00055,24,2024-06-17,34,34,273.35999999999996,0.0,0,0
SKU-00055,25,2024-06-24,35,35,281.4,0.0,0,0
SKU-00055,26,2024-07-01,36,36,289.43999999999994,0.0,0,0
SKU-00055,27,2024-07-08,33,33,265.32,0.0,0,0
SKU-00055,28,2024-07-15,39,14,112.55999999999999,200.99999999999997,0,0
SKU-00055,29,2024-07-22,35,5,40.199999999999996,241.2,0,0
SKU-00055,30,2024-07-29,35,35,281.4,0.0,0,0
SKU-00055,31,2024-08-05,35,31,249.23999999999998,32.16,0,0
SKU-00055,32,2024-08-12,34,34,273.35999999999996,0.0,0,0
SKU-00055,33,2024-08-19,34,16,128.64,144.71999999999997,0,0
SKU-00055,34,2024-08-26,36,29,233.15999999999997,56.279999999999994,0,0
SKU-00055,35,2024-09-02,35,35,281.4,0.0,0,0
SKU-00055,36,2024-09-09,35,4,32.16,249.23999999999998,0,0
SKU-00055,37,2024-09-16,29,21,168.83999999999997,64.32,0,0
SKU-00055,38,2024-09-23,33,33,265.32,0.0,0,0
SKU-00055,39,2024-09-30,33,25,200.99999999999997,64.32,0,0
SKU-00055,40,2024-10-07,27,0,0.0,217.07999999999998,0,0
SKU-00055,41,2024-10-14,30,21,168.83999999999997,72.35999999999999,0,0
SKU-00055,42,2024-10-21,31,31,249.23999999999998,0.0,0,0
SKU-00055,43,2024-10-28,30,30,241.2,0.0,0,0
SKU-00055,44,2024-11-04,27,27,217.07999999999998,0.0,0,0
SKU-00055,45,2024-11-11,23,3,24.119999999999997,160.79999999999998,0,0
SKU-00055,46,2024-11-18,25,3,24.119999999999997,176.88,0,0
SKU-00055,47,2024-11-25,23,23,184.92,0.0,0,0
SKU-00055,48,2024-12-02,24,24,192.95999999999998,0.0,0,0
SKU-00055,49,2024-12-09,24,24,192.95999999999998,0.0,0,0
SKU-00055,50,2024-12-16,24,24,192.95999999999998,0.0,0,0
SKU-00055,51,2024-12-23,21,21,168.83999999999997,0.0,0,0
SKU-00055,52,2024-12-30,37,37,297.47999999999996,0.0,1,5
SKU-00055,53,2025-01-06,20,20,160.79999999999998,0.0,0,0
SKU-00055,54,2025-01-13,20,20,160.79999999999998,0.0,0,0
SKU-00055,55,2025-01-20,22,18,144.71999999999997,32.16,0,0
SKU-00055,56,2025-01-27,19,10,80.39999999999999,72.35999999999999,0,0
SKU-00055,57,2025-02-03,21,21,168.83999999999997,0.0,0,0
SKU-00055,58,2025-02-10,21,21,168.83999999999997,0.0,0,0
SKU-00055,59,2025-02-17,22,22,176.88,0.0,0,0
SKU-00055,60,2025-02-24,22,22,176.88,0.0,0,0
SKU-00055,61,2025-03-03,19,19,152.76,0.0,0,0
SKU-00055,62,2025-03-10,23,23,184.92,0.0,1,2
SKU-00055,63,2025-03-17,34,33,265.32,8.04,1,3
SKU-00055,64,2025-03-24,26,26,209.03999999999996,0.0,0,0
SKU-00055,65,2025-03-31,23,23,184.92,0.0,0,0
SKU-00055,66,2025-04-07,29,17,136.67999999999998,96.47999999999999,0,0
SKU-00055,67,2025-04-14,24,24,192.95999999999998,0.0,0,0
SKU-00055,68,2025-04-21,27,27,217.07999999999998,0.0,0,0
SKU-00055,69,2025-04-28,31,31,249.23999999999998,0.0,0,0
SKU-00055,70,2025-05-05,33,18,144.71999999999997,120.6,1,1
SKU-00055,71,2025-05-12,44,38,305.52,48.239999999999995,1,5
SKU-00055,72,2025-05-19,34,30,241.2,32.16,0,0
SKU-00055,73,2025-05-26,33,0,0.0,265.32,0,0
SKU-00055,74,2025-06-02,34,0,0.0,273.35999999999996,0,0
SKU-00055,75,2025-06-09,33,11,88.44,176.88,0,0
SKU-00055,76,2025-06-16,30,30,241.2,0.0,0,0
SKU-00055,77,2025-06-23,57,46,369.84,88.44,1,6
SKU-00055,78,2025-06-30,33,0,0.0,265.32,0,0
SKU-00055,79,2025-07-07,36,0,0.0,289.43999999999994,0,0
SKU-00055,80,2025-07-14,34,18,144.71999999999997,128.64,0,0
SKU-00055,81,2025-07-21,37,37,297.47999999999996,0.0,0,0
SKU-00055,82,2025-07-28,33,33,265.32,0.0,0,0
SKU-00055,83,2025-08-04,49,47,377.87999999999994,16.08,1,4
SKU-00055,84,2025-08-11,36,10,80.39999999999999,209.03999999999996,0,0
SKU-00055,85,2025-08-18,33,33,265.32,0.0,0,0
SKU-00055,86,2025-08-25,37,27,217.07999999999998,80.39999999999999,0,0
SKU-00055,87,2025-09-01,35,0,0.0,281.4,0,0
SKU-00055,88,2025-09-08,34,17,136.67999999999998,136.67999999999998,0,0
SKU-00055,89,2025-09-15,34,34,273.35999999999996,0.0,0,0
SKU-00055,90,2025-09-22,31,31,249.23999999999998,0.0,0,0
SKU-00055,91,2025-09-29,31,30,241.2,8.04,0,0
SKU-00055,92,2025-10-06,31,31,249.23999999999998,0.0,0,0
SKU-00055,93,2025-10-13,30,25,200.99999999999997,40.199999999999996,0,0
SKU-00055,94,2025-10-20,29,24,192.95999999999998,40.199999999999996,0,0
SKU-00055,95,2025-10-27,28,28,225.11999999999998,0.0,0,0
SKU-00055,96,2025-11-03,52,52,418.0799999999999,0.0,1,7
SKU-00055,97,2025-11-10,28,19,152.76,72.35999999999999,0,0
SKU-00055,98,2025-11-17,25,25,200.99999999999997,0.0,0,0
SKU-00055,99,2025-11-24,24,18,144.71999999999997,48.239999999999995,0,0
SKU-00055,100,2025-12-01,24,24,192.95999999999998,0.0,0,0
SKU-00055,101,2025-12-08,23,23,184.92,0.0,0,0
SKU-00055,102,2025-12-15,22,22,176.88,0.0,0,0
SKU-00055,103,2025-12-22,21,21,168.83999999999997,0.0,0,0
SKU-00056,0,2024-01-01,93,93,5026.65,0.0,0,0
SKU-00056,1,2024-01-08,116,116,6269.799999999999,0.0,0,0
SKU-00056,2,2024-01-15,127,127,6864.349999999999,0.0,0,0
SKU-00056,3,2024-01-22,135,135,7296.75,0.0,0,0
SKU-00056,4,2024-01-29,113,113,6107.65,0.0,0,0
SKU-00056,5,2024-02-05,158,158,8539.9,0.0,0,0
SKU-00056,6,2024-02-12,166,134,7242.7,1729.6,0,0
SKU-00056,7,2024-02-19,169,156,8431.8,702.65,0,0
SKU-00056,8,2024-02-26,160,160,8648.0,0.0,0,0
SKU-00056,9,2024-03-04,159,155,8377.75,216.2,0,0
SKU-00056,10,2024-03-11,193,113,6107.65,4324.0,0,0
SKU-00056,11,2024-03-18,165,148,7999.4,918.8499999999999,0,0
SKU-00056,12,2024-03-25,121,121,6540.049999999999,0.0,0,0
SKU-00056,13,2024-04-01,154,154,8323.699999999999,0.0,0,0
SKU-00056,14,2024-04-08,168,129,6972.45,2107.95,0,0
SKU-00056,15,2024-04-15,159,152,8215.6,378.34999999999997,0,0
SKU-00056,16,2024-04-22,148,148,7999.4,0.0,0,0
SKU-00056,17,2024-04-29,150,126,6810.299999999999,1297.1999999999998,0,0
SKU-00056,18,2024-05-06,133,133,7188.65,0.0,0,0
SKU-00056,19,2024-05-13,158,158,8539.9,0.0,0,0
SKU-00056,20,2024-05-20,154,154,8323.699999999999,0.0,0,0
SKU-00056,21,2024-05-27,134,134,7242.7,0.0,0,0
SKU-00056,22,2024-06-03,145,145,7837.25,0.0,0,0
SKU-00056,23,2024-06-10,119,119,6431.95,0.0,0,0
SKU-00056,24,2024-06-17,159,128,6918.4,1675.55,0,0
SKU-00056,25,2024-06-24,138,81,4378.05,3080.85,0,0
SKU-00056,26,2024-07-01,113,62,3351.1,2756.5499999999997,0,0
SKU-00056,27,2024-07-08,108,108,5837.4,0.0,0,0
SKU-00056,28,2024-07-15,122,122,6594.099999999999,0.0,0,0
SKU-00056,29,2024-07-22,151,128,6918.4,1243.1499999999999,1,3
SKU-00056,30,2024-07-29,138,138,7458.9,0.0,1,3
SKU-00056,31,2024-08-05,100,100,5405.0,0.0,0,0
SKU-00056,32,2024-08-12,106,106,5729.299999999999,0.0,0,0
SKU-00056,33,2024-08-19,88,88,4756.4,0.0,0,0
SKU-00056,34,2024-08-26,90,90,4864.5,0.0,0,0
SKU-00056,35,2024-09-02,100,100,5405.0,0.0,0,0
SKU-00056,36,2024-09-09,77,77,4161.849999999999,0.0,0,0
SKU-00056,37,2024-09-16,105,105,5675.25,0.0,1,4
SKU-00056,38,2024-09-23,76,76,4107.8,0.0,0,0
SKU-00056,39,2024-09-30,79,79,4269.95,0.0,1,4
SKU-00056,40,2024-10-07,85,85,4594.25,0.0,1,3
SKU-00056,41,2024-10-14,92,92,4972.599999999999,0.0,0,0
SKU-00056,42,2024-10-21,93,93,5026.65,0.0,0,0
SKU-00056,43,2024-10-28,78,78,4215.9,0.0,0,0
SKU-00056,44,2024-11-04,104,104,5621.2,0.0,0,0
SKU-00056,45,2024-11-11,105,105,5675.25,0.0,0,0
SKU-00056,46,2024-11-18,109,109,5891.45,0.0,0,0
SKU-00056,47,2024-11-25,117,117,6323.849999999999,0.0,0,0
SKU-00056,48,2024-12-02,117,117,6323.849999999999,0.0,0,0
SKU-00056,49,2024-12-09,118,104,5621.2,756.6999999999999,0,0
SKU-00056,50,2024-12-16,144,136,7350.799999999999,432.4,0,0
SKU-00056,51,2024-12-23,147,147,7945.349999999999,0.0,0,0
SKU-00056,52,2024-12-30,165,109,5891.45,3026.7999999999997,0,0
SKU-00056,53,2025-01-06,124,66,3567.2999999999997,3134.8999999999996,0,0
SKU-00056,54,2025-01-13,142,125,6756.25,918.8499999999999,0,0
SKU-00056,55,2025-01-20,140,113,6107.65,1459.35,0,0
SKU-00056,56,2025-01-27,143,124,6702.2,1026.95,0,0
SKU-00056,57,2025-02-03,161,161,8702.05,0.0,0,0
SKU-00056,58,2025-02-10,192,162,8756.1,1621.5,0,0
SKU-00056,59,2025-02-17,156,124,6702.2,1729.6,0,0
SKU-00056,60,2025-02-24,187,187,10107.35,0.0,0,0
SKU-00056,61,2025-03-03,205,75,4053.75,7026.5,0,0
SKU-00056,62,2025-03-10,180,121,6540.049999999999,3188.95,0,0
SKU-00056,63,2025-03-17,189,157,8485.85,1729.6,0,0
SKU-00056,64,2025-03-24,177,61,3297.0499999999997,6269.799999999999,0,0
SKU-00056,65,2025-03-31,208,57,3080.85,8161.549999999999,0,0
SKU-00056,66,2025-04-07,222,189,10215.449999999999,1783.6499999999999,0,0
SKU-00056,67,2025-04-14,179,159,8593.949999999999,1081.0,0,0
SKU-00056,68,2025-04-21,185,178,9620.9,378.34999999999997,0,0
SKU-00056,69,2025-04-28,177,154,8323.699999999999,1243.1499999999999,0,0
SKU-00056,70,2025-05-05,173,105,5675.25,3675.3999999999996,0,0
SKU-00056,71,2025-05-12,161,153,8269.65,432.4,0,0
SKU-00056,72,2025-05-19,178,165,8918.25,702.65,0,0
SKU-00056,73,2025-05-26,155,136,7350.799999999999,1026.95,0,0
SKU-00056,74,2025-06-02,195,117,6323.849999999999,4215.9,0,0
SKU-00056,75,2025-06-09,224,122,6594.099999999999,5513.099999999999,1,2
SKU-00056,76,2025-06-16,234,170,9188.5,3459.2,1,3
SKU-00056,77,2025-06-23,154,99,5350.95,2972.75,0,0
SKU-00056,78,2025-06-30,153,133,7188.65,1081.0,0,0
SKU-00056,79,2025-07-07,143,143,7729.15,0.0,0,0
SKU-00056,80,2025-07-14,120,120,6486.0,0.0,0,0
SKU-00056,81,2025-07-21,112,112,6053.599999999999,0.0,0,0
SKU-00056,82,2025-07-28,172,172,9296.6,0.0,1,5
SKU-00056,83,2025-08-04,120,120,6486.0,0.0,1,1
SKU-00056,84,2025-08-11,107,107,5783.349999999999,0.0,0,0
SKU-00056,85,2025-08-18,104,98,5296.9,324.29999999999995,0,0
SKU-00056,86,2025-08-25,122,122,6594.099999999999,0.0,0,0
SKU-00056,87,2025-09-01,108,108,5837.4,0.0,0,0
SKU-00056,88,2025-09-08,88,72,3891.6,864.8,0,0
SKU-00056,89,2025-09-15,106,78,4215.9,1513.3999999999999,0,0
SKU-00056,90,2025-09-22,166,142,7675.099999999999,1297.1999999999998,1,4
SKU-00056,91,2025-09-29,95,95,5134.75,0.0,0,0
SKU-00056,92,2025-10-06,95,95,5134.75,0.0,0,0
SKU-00056,93,2025-10-13,160,160,8648.0,0.0,1,3
SKU-00056,94,2025-10-20,112,112,6053.599999999999,0.0,1,2
SKU-00056,95,2025-10-27,115,115,6215.75,0.0,0,0
SKU-00056,96,2025-11-03,101,101,5459.049999999999,0.0,0,0
SKU-00056,97,2025-11-10,105,105,5675.25,0.0,0,0
SKU-00056,98,2025-11-17,119,119,6431.95,0.0,0,0
SKU-00056,99,2025-11-24,110,110,5945.5,0.0,0,0
SKU-00056,100,2025-12-01,105,105,5675.25,0.0,0,0
SKU-00056,101,2025-12-08,151,151,8161.549999999999,0.0,0,0
SKU-00056,102,2025-12-15,111,111,5999.549999999999,0.0,0,0
SKU-00056,103,2025-12-22,151,148,7999.4,162.14999999999998,0,0
SKU-00057,0,2024-01-01,66,66,1989.8999999999999,0.0,0,0
SKU-00057,1,2024-01-08,83,83,2502.45,0.0,0,0
SKU-00057,2,2024-01-15,71,71,2140.65,0.0,0,0
SKU-00057,3,2024-01-22,62,62,1869.3,0.0,0,0
SKU-00057,4,2024-01-29,56,56,1688.3999999999999,0.0,0,0
SKU-00057,5,2024-02-05,76,62,1869.3,422.09999999999997,0,0
SKU-00057,6,2024-02-12,63,63,1899.4499999999998,0.0,0,0
SKU-00057,7,2024-02-19,61,50,1507.5,331.65,0,0
SKU-00057,8,2024-02-26,65,55,1658.25,301.5,0,0
SKU-00057,9,2024-03-04,65,65,1959.75,0.0,0,0
SKU-00057,10,2024-03-11,63,63,1899.4499999999998,0.0,0,0
SKU-00057,11,2024-03-18,55,55,1658.25,0.0,0,0
SKU-00057,12,2024-03-25,44,44,1326.6,0.0,0,0
SKU-00057,13,2024-04-01,47,47,1417.05,0.0,0,0
SKU-00057,14,2024-04-08,45,43,1296.45,60.3,0,0
SKU-00057,15,2024-04-15,63,63,1899.4499999999998,0.0,1,4
SKU-00057,16,2024-04-22,46,46,1386.8999999999999,0.0,1,2
SKU-00057,17,2024-04-29,65,65,1959.75,0.0,1,4
SKU-00057,18,2024-05-06,65,65,1959.75,0.0,1,3
SKU-00057,19,2024-05-13,39,39,1175.85,0.0,0,0
SKU-00057,20,2024-05-20,47,47,1417.05,0.0,0,0
SKU-00057,21,2024-05-27,45,45,1356.75,0.0,0,0
SKU-00057,22,2024-06-03,35,35,1055.25,0.0,0,0
SKU-00057,23,2024-06-10,39,39,1175.85,0.0,0,0
SKU-00057,24,2024-06-17,47,47,1417.05,0.0,0,0
SKU-00057,25,2024-06-24,41,41,1236.1499999999999,0.0,0,0
SKU-00057,26,2024-07-01,42,42,1266.3,0.0,0,0
SKU-00057,27,2024-07-08,51,51,1537.6499999999999,0.0,0,0
SKU-00057,28,2024-07-15,49,49,1477.35,0.0,0,0
SKU-00057,29,2024-07-22,54,54,1628.1,0.0,0,0
SKU-00057,30,2024-07-29,54,54,1628.1,0.0,0,0
SKU-00057,31,2024-08-05,70,61,1839.1499999999999,271.34999999999997,0,0
SKU-00057,32,2024-08-12,59,59,1778.85,0.0,0,0
SKU-00057,33,2024-08-19,73,73,2200.95,0.0,0,0
SKU-00057,34,2024-08-26,68,68,2050.2,0.0,0,0
SKU-00057,35,2024-09-02,76,76,2291.4,0.0,0,0
SKU-00057,36,2024-09-09,76,64,1929.6,361.79999999999995,0,0
SKU-00057,37,2024-09-16,94,56,1688.3999999999999,1145.7,0,0
SKU-00057,38,2024-09-23,91,91,2743.65,0.0,1,4
SKU-00057,39,2024-09-30,95,95,2864.25,0.0,1,3
SKU-00057,40,2024-10-07,91,66,1989.8999999999999,753.75,0,0
SKU-00057,41,2024-10-14,97,19,572.85,2351.7,0,0
SKU-00057,42,2024-10-21,232,193,5818.95,1175.85,1,7
SKU-00057,43,2024-10-28,102,66,1989.8999999999999,1085.3999999999999,0,0
SKU-00057,44,2024-11-04,96,19,572.85,2321.5499999999997,0,0
SKU-00057,45,2024-11-11,114,5,150.75,3286.35,0,0
SKU-00057,46,2024-11-18,163,99,2984.85,1929.6,1,6
SKU-00057,47,2024-11-25,122,116,3497.3999999999996,180.89999999999998,1,1
SKU-00057,48,2024-12-02,117,77,2321.5499999999997,1206.0,0,0
SKU-00057,49,2024-12-09,93,55,1658.25,1145.7,0,0
SKU-00057,50,2024-12-16,101,58,1748.6999999999998,1296.45,0,0
SKU-00057,51,2024-12-23,92,67,2020.05,753.75,0,0
SKU-00057,52,2024-12-30,96,51,1537.6499999999999,1356.75,0,0
SKU-00057,53,2025-01-06,87,52,1567.8,1055.25,0,0
SKU-00057,54,2025-01-13,103,100,3015.0,90.44999999999999,0,0
SKU-00057,55,2025-01-20,78,55,1658.25,693.4499999999999,0,0
SKU-00057,56,2025-01-27,106,102,3075.2999999999997,120.6,0,0
SKU-00057,57,2025-02-03,85,83,2502.45,60.3,0,0
SKU-00057,58,2025-02-10,87,46,1386.8999999999999,1236.1499999999999,0,0
SKU-00057,59,2025-02-17,74,39,1175.85,1055.25,0,0
SKU-00057,60,2025-02-24,76,69,2080.35,211.04999999999998,0,0
SKU-00057,61,2025-03-03,73,73,2200.95,0.0,0,0
SKU-00057,62,2025-03-10,74,74,2231.1,0.0,0,0
SKU-00057,63,2025-03-17,111,95,2864.25,482.4,1,4
SKU-00057,64,2025-03-24,73,44,1326.6,874.3499999999999,0,0
SKU-00057,65,2025-03-31,57,51,1537.6499999999999,180.89999999999998,0,0
SKU-00057,66,2025-04-07,60,60,1809.0,0.0,0,0
SKU-00057,67,2025-04-14,46,45,1356.75,30.15,0,0
SKU-00057,68,2025-04-21,59,59,1778.85,0.0,0,0
SKU-00057,69,2025-04-28,49,49,1477.35,0.0,0,0
SKU-00057,70,2025-05-05,58,58,1748.6999999999998,0.0,0,0
SKU-00057,71,2025-05-12,47,47,1417.05,0.0,0,0
SKU-00057,72,2025-05-19,58,58,1748.6999999999998,0.0,0,0
SKU-00057,73,2025-05-26,57,42,1266.3,452.25,0,0
SKU-00057,74,2025-06-02,58,39,1175.85,572.85,0,0
SKU-00057,75,2025-06-09,52,50,1507.5,60.3,0,0
SKU-00057,76,2025-06-16,49,43,1296.45,180.89999999999998,0,0
SKU-00057,77,2025-06-23,82,82,2472.2999999999997,0.0,1,5
SKU-00057,78,2025-06-30,56,56,1688.3999999999999,0.0,0,0
SKU-00057,79,2025-07-07,66,66,1989.8999999999999,0.0,0,0
SKU-00057,80,2025-07-14,71,71,2140.65,0.0,0,0
SKU-00057,81,2025-07-21,70,70,2110.5,0.0,0,0
SKU-00057,82,2025-07-28,69,51,1537.6499999999999,542.6999999999999,0,0
SKU-00057,83,2025-08-04,91,85,2562.75,180.89999999999998,0,0
SKU-00057,84,2025-08-11,81,81,2442.15,0.0,0,0
SKU-00057,85,2025-08-18,88,64,1929.6,723.5999999999999,0,0
SKU-00057,86,2025-08-25,77,53,1597.9499999999998,723.5999999999999,0,0
SKU-00057,87,2025-09-01,94,74,2231.1,603.0,0,0
SKU-00057,88,2025-09-08,110,110,3316.5,0.0,0,0
SKU-00057,89,2025-09-15,108,88,2653.2,603.0,0,0
SKU-00057,90,2025-09-22,107,70,2110.5,1115.55,0,0
SKU-00057,91,2025-09-29,117,116,3497.3999999999996,30.15,0,0
SKU-00057,92,2025-10-06,98,63,1899.4499999999998,1055.25,0,0
SKU-00057,93,2025-10-13,107,53,1597.9499999999998,1628.1,0,0
SKU-00057,94,2025-10-20,139,131,3949.6499999999996,241.2,0,0
SKU-00057,95,2025-10-27,135,126,3798.8999999999996,271.34999999999997,0,0
SKU-00057,96,2025-11-03,123,43,1296.45,2412.0,0,0
SKU-00057,97,2025-11-10,125,75,2261.25,1507.5,0,0
SKU-00057,98,2025-11-17,123,86,2592.9,1115.55,0,0
SKU-00057,99,2025-11-24,171,46,1386.8999999999999,3768.75,1,5
SKU-00057,100,2025-12-01,144,39,1175.85,3165.75,1,1
SKU-00057,101,2025-12-08,141,71,2140.65,2110.5,0,0
SKU-00057,102,2025-12-15,140,88,2653.2,1567.8,0,0
SKU-00057,103,2025-12-22,135,107,3226.0499999999997,844.1999999999999,0,0
SKU-00058,0,2024-01-01,111,111,294.15,0.0,0,0
SKU-00058,1,2024-01-08,97,97,257.05,0.0,0,0
SKU-00058,2,2024-01-15,129,129,341.84999999999997,0.0,0,0
SKU-00058,3,2024-01-22,106,106,280.9,0.0,0,0
SKU-00058,4,2024-01-29,115,76,201.4,103.35,0,0
SKU-00058,5,2024-02-05,82,82,217.29999999999998,0.0,0,0
SKU-00058,6,2024-02-12,92,92,243.79999999999998,0.0,0,0
SKU-00058,7,2024-02-19,111,111,294.15,0.0,0,0
SKU-00058,8,2024-02-26,78,78,206.7,0.0,0,0
SKU-00058,9,2024-03-04,89,89,235.85,0.0,0,0
SKU-00058,10,2024-03-11,100,100,265.0,0.0,0,0
SKU-00058,11,2024-03-18,79,79,209.35,0.0,0,0
SKU-00058,12,2024-03-25,82,82,217.29999999999998,0.0,0,0
SKU-00058,13,2024-04-01,104,104,275.59999999999997,0.0,0,0
SKU-00058,14,2024-04-08,94,94,249.1,0.0,0,0
SKU-00058,15,2024-04-15,90,90,238.5,0.0,0,0
SKU-00058,16,2024-04-22,97,97,257.05,0.0,0,0
SKU-00058,17,2024-04-29,83,83,219.95,0.0,0,0
SKU-00058,18,2024-05-06,121,121,320.65,0.0,1,1
SKU-00058,19,2024-05-13,193,193,511.45,0.0,1,6
SKU-00058,20,2024-05-20,91,91,241.15,0.0,0,0
SKU-00058,21,2024-05-27,76,76,201.4,0.0,0,0
SKU-00058,22,2024-06-03,93,40,106.0,140.45,0,0
SKU-00058,23,2024-06-10,76,76,201.4,0.0,0,0
SKU-00058,24,2024-06-17,83,83,219.95,0.0,0,0
SKU-00058,25,2024-06-24,74,74,196.1,0.0,0,0
SKU-00058,26,2024-07-01,114,114,302.09999999999997,0.0,0,0
SKU-00058,27,2024-07-08,78,78,206.7,0.0,0,0
SKU-00058,28,2024-07-15,89,89,235.85,0.0,0,0
SKU-00058,29,2024-07-22,79,79,209.35,0.0,0,0
SKU-00058,30,2024-07-29,106,106,280.9,0.0,0,0
SKU-00058,31,2024-08-05,85,85,225.25,0.0,0,0
SKU-00058,32,2024-08-12,126,126,333.9,0.0,0,0
SKU-00058,33,2024-08-19,126,115,304.75,29.15,0,0
SKU-00058,34,2024-08-26,121,0,0.0,320.65,0,0
SKU-00058,35,2024-09-02,100,80,212.0,53.0,0,0
SKU-00058,36,2024-09-09,99,99,262.34999999999997,0.0,0,0
SKU-00058,37,2024-09-16,105,105,278.25,0.0,0,0
SKU-00058,38,2024-09-23,191,191,506.15,0.0,1,3
SKU-00058,39,2024-09-30,146,64,169.6,217.29999999999998,0,0
SKU-00058,40,2024-10-07,143,143,378.95,0.0,0,0
SKU-00058,41,2024-10-14,254,164,434.59999999999997,238.5,1,5
SKU-00058,42,2024-10-21,168,168,445.2,0.0,1,2
SKU-00058,43,2024-10-28,155,155,410.75,0.0,0,0
SKU-00058,44,2024-11-04,138,32,84.8,280.9,0,0
SKU-00058,45,2024-11-11,170,0,0.0,450.5,1,1
SKU-00058,46,2024-11-18,184,100,265.0,222.6,1,5
SKU-00058,47,2024-11-25,119,119,315.34999999999997,0.0,0,0
SKU-00058,48,2024-12-02,173,141,373.65,84.8,0,0
SKU-00058,49,2024-12-09,139,44,116.6,251.75,0,0
SKU-00058,50,2024-12-16,133,133,352.45,0.0,0,0
SKU-00058,51,2024-12-23,135,135,357.75,0.0,0,0
SKU-00058,52,2024-12-30,146,146,386.9,0.0,0,0
SKU-00058,53,2025-01-06,142,44,116.6,259.7,0,0
SKU-00058,54,2025-01-13,149,0,0.0,394.84999999999997,0,0
SKU-00058,55,2025-01-20,157,41,108.64999999999999,307.4,0,0
SKU-00058,56,2025-01-27,146,146,386.9,0.0,0,0
SKU-00058,57,2025-02-03,173,152,402.8,55.65,0,0
SKU-00058,58,2025-02-10,147,86,227.9,161.65,0,0
SKU-00058,59,2025-02-17,164,164,434.59999999999997,0.0,0,0
SKU-00058,60,2025-02-24,136,136,360.4,0.0,1,3
SKU-00058,61,2025-03-03,179,116,307.4,166.95,1,4
SKU-00058,62,2025-03-10,129,0,0.0,341.84999999999997,0,0
SKU-00058,63,2025-03-17,100,60,159.0,106.0,0,0
SKU-00058,64,2025-03-24,137,137,363.05,0.0,0,0
SKU-00058,65,2025-03-31,120,120,318.0,0.0,0,0
SKU-00058,66,2025-04-07,132,132,349.8,0.0,0,0
SKU-00058,67,2025-04-14,101,53,140.45,127.19999999999999,0,0
SKU-00058,68,2025-04-21,146,128,339.2,47.699999999999996,0,0
SKU-00058,69,2025-04-28,99,99,262.34999999999997,0.0,0,0
SKU-00058,70,2025-05-05,90,90,238.5,0.0,1,4
SKU-00058,71,2025-05-12,102,102,270.3,0.0,0,0
SKU-00058,72,2025-05-19,112,112,296.8,0.0,0,0
SKU-00058,73,2025-05-26,135,135,357.75,0.0,0,0
SKU-00058,74,2025-06-02,134,134,355.09999999999997,0.0,0,0
SKU-00058,75,2025-06-09,118,118,312.7,0.0,0,0
SKU-00058,76,2025-06-16,116,116,307.4,0.0,0,0
SKU-00058,77,2025-06-23,142,142,376.3,0.0,0,0
SKU-00058,78,2025-06-30,115,45,119.25,185.5,0,0
SKU-00058,79,2025-07-07,114,114,302.09999999999997,0.0,0,0
SKU-00058,80,2025-07-14,109,109,288.84999999999997,0.0,0,0
SKU-00058,81,2025-07-21,122,122,323.3,0.0,0,0
SKU-00058,82,2025-07-28,107,107,283.55,0.0,0,0
SKU-00058,83,2025-08-04,150,19,50.35,347.15,0,0
SKU-00058,84,2025-08-11,143,86,227.9,151.04999999999998,0,0
SKU-00058,85,2025-08-18,138,138,365.7,0.0,0,0
SKU-00058,86,2025-08-25,152,152,402.8,0.0,0,0
SKU-00058,87,2025-09-01,139,126,333.9,34.449999999999996,0,0
SKU-00058,88,2025-09-08,159,0,0.0,421.34999999999997,0,0
SKU-00058,89,2025-09-15,151,151,400.15,0.0,0,0
SKU-00058,90,2025-09-22,142,102,270.3,106.0,0,0
SKU-00058,91,2025-09-29,178,113,299.45,172.25,0,0
SKU-00058,92,2025-10-06,192,192,508.79999999999995,0.0,1,4
SKU-00058,93,2025-10-13,210,197,522.05,34.449999999999996,0,0
SKU-00058,94,2025-10-20,177,42,111.3,357.75,0,0
SKU-00058,95,2025-10-27,174,174,461.09999999999997,0.0,0,0
SKU-00058,96,2025-11-03,149,149,394.84999999999997,0.0,0,0
SKU-00058,97,2025-11-10,233,216,572.4,45.05,0,0
SKU-00058,98,2025-11-17,194,95,251.75,262.34999999999997,0,0
SKU-00058,99,2025-11-24,204,204,540.6,0.0,0,0
SKU-00058,100,2025-12-01,219,31,82.14999999999999,498.2,0,0
SKU-00058,101,2025-12-08,152,0,0.0,402.8,0,0
SKU-00058,102,2025-12-15,192,74,196.1,312.7,0,0
SKU-00058,103,2025-12-22,168,168,445.2,0.0,0,0
SKU-00059,0,2024-01-01,74,74,750.36,0.0,0,0
SKU-00059,1,2024-01-08,70,70,709.8000000000001,0.0,0,0
SKU-00059,2,2024-01-15,70,70,709.8000000000001,0.0,0,0
SKU-00059,3,2024-01-22,64,64,648.96,0.0,0,0
SKU-00059,4,2024-01-29,71,71,719.94,0.0,0,0
SKU-00059,5,2024-02-05,68,65,659.1,30.42,0,0
SKU-00059,6,2024-02-12,69,69,699.6600000000001,0.0,0,0
SKU-00059,7,2024-02-19,71,71,719.94,0.0,0,0
SKU-00059,8,2024-02-26,62,52,527.28,101.4,0,0
SKU-00059,9,2024-03-04,67,60,608.4000000000001,70.98,0,0
SKU-00059,10,2024-03-11,64,64,648.96,0.0,0,0
SKU-00059,11,2024-03-18,67,67,679.38,0.0,0,0
SKU-00059,12,2024-03-25,63,63,638.82,0.0,0,0
SKU-00059,13,2024-04-01,69,56,567.84,131.82,0,0
SKU-00059,14,2024-04-08,71,71,719.94,0.0,0,0
SKU-00059,15,2024-04-15,66,66,669.24,0.0,0,0
SKU-00059,16,2024-04-22,75,74,750.36,10.14,0,0
SKU-00059,17,2024-04-29,56,36,365.04,202.8,0,0
SKU-00059,18,2024-05-06,75,75,760.5,0.0,0,0
SKU-00059,19,2024-05-13,66,66,669.24,0.0,0,0
SKU-00059,20,2024-05-20,73,69,699.6600000000001,40.56,0,0
SKU-00059,21,2024-05-27,66,61,618.5400000000001,50.7,0,0
SKU-00059,22,2024-06-03,69,60,608.4000000000001,91.26,0,0
SKU-00059,23,2024-06-10,61,61,618.5400000000001,0.0,0,0
SKU-00059,24,2024-06-17,84,84,851.76,0.0,0,0
SKU-00059,25,2024-06-24,60,49,496.86,111.54,0,0
SKU-00059,26,2024-07-01,84,71,719.94,131.82,0,0
SKU-00059,27,2024-07-08,87,77,780.7800000000001,101.4,0,0
SKU-00059,28,2024-07-15,86,84,851.76,20.28,0,0
SKU-00059,29,2024-07-22,67,67,679.38,0.0,0,0
SKU-00059,30,2024-07-29,67,67,679.38,0.0,0,0
SKU-00059,31,2024-08-05,120,112,1135.68,81.12,1,7
SKU-00059,32,2024-08-12,83,59,598.26,243.36,1,2
SKU-00059,33,2024-08-19,77,42,425.88,354.90000000000003,1,1
SKU-00059,34,2024-08-26,67,59,598.26,81.12,0,0
SKU-00059,35,2024-09-02,118,118,1196.52,0.0,1,3
SKU-00059,36,2024-09-09,82,82,831.48,0.0,0,0
SKU-00059,37,2024-09-16,76,76,770.6400000000001,0.0,0,0
SKU-00059,38,2024-09-23,74,58,588.12,162.24,0,0
SKU-00059,39,2024-09-30,77,41,415.74,365.04,0,0
SKU-00059,40,2024-10-07,82,69,699.6600000000001,131.82,0,0
SKU-00059,41,2024-10-14,85,85,861.9000000000001,0.0,0,0
SKU-00059,42,2024-10-21,82,72,730.08,101.4,0,0
SKU-00059,43,2024-10-28,82,52,527.28,304.20000000000005,0,0
SKU-00059,44,2024-11-04,92,67,679.38,253.5,0,0
SKU-00059,45,2024-11-11,82,79,801.0600000000001,30.42,0,0
SKU-00059,46,2024-11-18,83,68,689.52,152.10000000000002,0,0
SKU-00059,47,2024-11-25,86,56,567.84,304.20000000000005,0,0
SKU-00059,48,2024-12-02,77,55,557.7,223.08,0,0
SKU-00059,49,2024-12-09,97,90,912.6,70.98,0,0
SKU-00059,50,2024-12-16,98,79,801.0600000000001,192.66000000000003,0,0
SKU-00059,51,2024-12-23,107,70,709.8000000000001,375.18,0,0
SKU-00059,52,2024-12-30,92,63,638.82,294.06,0,0
SKU-00059,53,2025-01-06,92,74,750.36,182.52,0,0
SKU-00059,54,2025-01-13,90,90,912.6,0.0,0,0
SKU-00059,55,2025-01-20,82,82,831.48,0.0,0,0
SKU-00059,56,2025-01-27,75,75,760.5,0.0,0,0
SKU-00059,57,2025-02-03,83,81,821.34,20.28,0,0
SKU-00059,58,2025-02-10,92,70,709.8000000000001,223.08,0,0
SKU-00059,59,2025-02-17,73,61,618.5400000000001,121.68,0,0
SKU-00059,60,2025-02-24,88,88,892.32,0.0,0,0
SKU-00059,61,2025-03-03,86,86,872.0400000000001,0.0,0,0
SKU-00059,62,2025-03-10,81,81,821.34,0.0,0,0
SKU-00059,63,2025-03-17,89,89,902.46,0.0,0,0
SKU-00059,64,2025-03-24,77,76,770.6400000000001,10.14,0,0
SKU-00059,65,2025-03-31,88,61,618.5400000000001,273.78000000000003,0,0
SKU-00059,66,2025-04-07,81,63,638.82,182.52,0,0
SKU-00059,67,2025-04-14,78,67,679.38,111.54,0,0
SKU-00059,68,2025-04-21,77,77,780.7800000000001,0.0,0,0
SKU-00059,69,2025-04-28,105,104,1054.56,10.14,1,3
SKU-00059,70,2025-05-05,109,50,507.0,598.26,0,0
SKU-00059,71,2025-05-12,97,66,669.24,314.34000000000003,0,0
SKU-00059,72,2025-05-19,90,66,669.24,243.36,1,2
SKU-00059,73,2025-05-26,100,88,892.32,121.68,1,2
SKU-00059,74,2025-06-02,94,94,953.1600000000001,0.0,0,0
SKU-00059,75,2025-06-09,72,70,709.8000000000001,20.28,0,0
SKU-00059,76,2025-06-16,92,92,932.8800000000001,0.0,0,0
SKU-00059,77,2025-06-23,87,87,882.1800000000001,0.0,0,0
SKU-00059,78,2025-06-30,91,57,577.98,344.76,0,0
SKU-00059,79,2025-07-07,99,57,577.98,425.88,0,0
SKU-00059,80,2025-07-14,127,97,983.58,304.20000000000005,1,4
SKU-00059,81,2025-07-21,89,44,446.16,456.3,0,0
SKU-00059,82,2025-07-28,88,51,517.14,375.18,0,0
SKU-00059,83,2025-08-04,71,71,719.94,0.0,0,0
SKU-00059,84,2025-08-11,75,70,709.8000000000001,50.7,0,0
SKU-00059,85,2025-08-18,91,76,770.6400000000001,152.10000000000002,0,0
SKU-00059,86,2025-08-25,114,98,993.72,162.24,1,6
SKU-00059,87,2025-09-01,93,72,730.08,212.94,0,0
SKU-00059,88,2025-09-08,86,42,425.88,446.16,0,0
SKU-00059,89,2025-09-15,106,64,648.96,425.88,0,0
SKU-00059,90,2025-09-22,82,78,790.9200000000001,40.56,0,0
SKU-00059,91,2025-09-29,95,95,963.3000000000001,0.0,0,0
SKU-00059,92,2025-10-06,108,91,922.74,172.38,0,0
SKU-00059,93,2025-10-13,90,90,912.6,0.0,0,0
SKU-00059,94,2025-10-20,103,103,1044.42,0.0,0,0
SKU-00059,95,2025-10-27,103,103,1044.42,0.0,0,0
SKU-00059,96,2025-11-03,117,52,527.28,659.1,0,0
SKU-00059,97,2025-11-10,135,67,679.38,689.52,0,0
SKU-00059,98,2025-11-17,99,83,841.62,162.24,0,0
SKU-00059,99,2025-11-24,129,129,1308.0600000000002,0.0,1,2
SKU-00059,100,2025-12-01,182,147,1490.5800000000002,354.90000000000003,1,4
SKU-00059,101,2025-12-08,100,52,527.28,486.72,0,0
SKU-00059,102,2025-12-15,112,52,527.28,608.4000000000001,0,0
SKU-00059,103,2025-12-22,95,95,963.3000000000001,0.0,0,0
SKU-00060,0,2024-01-01,49,49,353.29,0.0,0,0
SKU-00060,1,2024-01-08,31,31,223.51,0.0,0,0
SKU-00060,2,2024-01-15,38,38,273.98,0.0,0,0
SKU-00060,3,2024-01-22,38,38,273.98,0.0,0,0
SKU-00060,4,2024-01-29,32,32,230.72,0.0,0,0
SKU-00060,5,2024-02-05,42,42,302.82,0.0,0,0
SKU-00060,6,2024-02-12,33,5,36.05,201.88,0,0
SKU-00060,7,2024-02-19,43,28,201.88,108.15,0,0
SKU-00060,8,2024-02-26,36,36,259.56,0.0,0,0
SKU-00060,9,2024-03-04,28,28,201.88,0.0,1,1
SKU-00060,10,2024-03-11,45,45,324.45,0.0,1,5
SKU-00060,11,2024-03-18,31,31,223.51,0.0,0,0
SKU-00060,12,2024-03-25,32,32,230.72,0.0,0,0
SKU-00060,13,2024-04-01,30,30,216.3,0.0,0,0
SKU-00060,14,2024-04-08,30,30,216.3,0.0,0,0
SKU-00060,15,2024-04-15,30,20,144.2,72.1,0,0
SKU-00060,16,2024-04-22,27,22,158.62,36.05,0,0
SKU-00060,17,2024-04-29,25,25,180.25,0.0,0,0
SKU-00060,18,2024-05-06,27,27,194.67,0.0,0,0
SKU-00060,19,2024-05-13,27,27,194.67,0.0,0,0
SKU-00060,20,2024-05-20,30,30,216.3,0.0,1,3
SKU-00060,21,2024-05-27,24,24,173.04,0.0,1,1
SKU-00060,22,2024-06-03,18,18,129.78,0.0,0,0
SKU-00060,23,2024-06-10,16,16,115.36,0.0,0,0
SKU-00060,24,2024-06-17,19,19,136.99,0.0,0,0
SKU-00060,25,2024-06-24,19,19,136.99,0.0,0,0
SKU-00060,26,2024-07-01,24,24,173.04,0.0,0,0
SKU-00060,27,2024-07-08,25,25,180.25,0.0,0,0
SKU-00060,28,2024-07-15,20,20,144.2,0.0,0,0
SKU-00060,29,2024-07-22,26,26,187.46,0.0,0,0
SKU-00060,30,2024-07-29,20,20,144.2,0.0,0,0
SKU-00060,31,2024-08-05,30,30,216.3,0.0,0,0
SKU-00060,32,2024-08-12,26,26,187.46,0.0,0,0
SKU-00060,33,2024-08-19,29,29,209.09,0.0,0,0
SKU-00060,34,2024-08-26,29,29,209.09,0.0,0,0
SKU-00060,35,2024-09-02,24,24,173.04,0.0,0,0
SKU-00060,36,2024-09-09,27,27,194.67,0.0,0,0
SKU-00060,37,2024-09-16,41,41,295.61,0.0,1,5
SKU-00060,38,2024-09-23,38,38,273.98,0.0,0,0
SKU-00060,39,2024-09-30,32,32,230.72,0.0,0,0
SKU-00060,40,2024-10-07,34,34,245.14,0.0,0,0
SKU-00060,41,2024-10-14,31,13,93.73,129.78,0,0
SKU-00060,42,2024-10-21,40,35,252.35,36.05,0,0
SKU-00060,43,2024-10-28,36,36,259.56,0.0,0,0
SKU-00060,44,2024-11-04,45,45,324.45,0.0,0,0
SKU-00060,45,2024-11-11,46,40,288.4,43.26,0,0
SKU-00060,46,2024-11-18,45,45,324.45,0.0,0,0
SKU-00060,47,2024-11-25,52,51,367.71,7.21,0,0
SKU-00060,48,2024-12-02,46,46,331.66,0.0,0,0
SKU-00060,49,2024-12-09,39,39,281.19,0.0,0,0
SKU-00060,50,2024-12-16,41,41,295.61,0.0,0,0
SKU-00060,51,2024-12-23,54,54,389.34,0.0,0,0
SKU-00060,52,2024-12-30,51,51,367.71,0.0,0,0
SKU-00060,53,2025-01-06,44,44,317.24,0.0,0,0
SKU-00060,54,2025-01-13,41,29,209.09,86.52,0,0
SKU-00060,55,2025-01-20,41,23,165.83,129.78,0,0
SKU-00060,56,2025-01-27,44,38,273.98,43.26,0,0
SKU-00060,57,2025-02-03,39,39,281.19,0.0,0,0
SKU-00060,58,2025-02-10,50,50,360.5,0.0,0,0
SKU-00060,59,2025-02-17,45,45,324.45,0.0,0,0
SKU-00060,60,2025-02-24,48,43,310.03,36.05,0,0
SKU-00060,61,2025-03-03,40,23,165.83,122.57,0,0
SKU-00060,62,2025-03-10,48,33,237.93,108.15,0,0
SKU-00060,63,2025-03-17,36,36,259.56,0.0,0,0
SKU-00060,64,2025-03-24,40,37,266.77,21.63,0,0
SKU-00060,65,2025-03-31,29,24,173.04,36.05,0,0
SKU-00060,66,2025-04-07,34,34,245.14,0.0,0,0
SKU-00060,67,2025-04-14,42,42,302.82,0.0,1,4
SKU-00060,68,2025-04-21,44,44,317.24,0.0,1,5
SKU-00060,69,2025-04-28,50,42,302.82,57.68,1,3
SKU-00060,70,2025-05-05,43,43,310.03,0.0,0,0
SKU-00060,71,2025-05-12,30,30,216.3,0.0,0,0
SKU-00060,72,2025-05-19,27,22,158.62,36.05,0,0
SKU-00060,73,2025-05-26,25,15,108.15,72.1,0,0
SKU-00060,74,2025-06-02,30,30,216.3,0.0,0,0
SKU-00060,75,2025-06-09,24,24,173.04,0.0,0,0
SKU-00060,76,2025-06-16,25,25,180.25,0.0,0,0
SKU-00060,77,2025-06-23,31,31,223.51,0.0,0,0
SKU-00060,78,2025-06-30,24,24,173.04,0.0,0,0
SKU-00060,79,2025-07-07,27,27,194.67,0.0,0,0
SKU-00060,80,2025-07-14,25,25,180.25,0.0,0,0
SKU-00060,81,2025-07-21,28,28,201.88,0.0,0,0
SKU-00060,82,2025-07-28,24,24,173.04,0.0,0,0
SKU-00060,83,2025-08-04,34,26,187.46,57.68,0,0
SKU-00060,84,2025-08-11,33,30,216.3,21.63,0,0
SKU-00060,85,2025-08-18,26,26,187.46,0.0,0,0
SKU-00060,86,2025-08-25,32,32,230.72,0.0,0,0
SKU-00060,87,2025-09-01,29,29,209.09,0.0,0,0
SKU-00060,88,2025-09-08,57,57,410.96999999999997,0.0,1,4
SKU-00060,89,2025-09-15,54,54,389.34,0.0,1,5
SKU-00060,90,2025-09-22,47,47,338.87,0.0,0,0
SKU-00060,91,2025-09-29,41,31,223.51,72.1,0,0
SKU-00060,92,2025-10-06,44,30,216.3,100.94,0,0
SKU-00060,93,2025-10-13,45,45,324.45,0.0,0,0
SKU-00060,94,2025-10-20,43,43,310.03,0.0,0,0
SKU-00060,95,2025-10-27,52,52,374.92,0.0,0,0
SKU-00060,96,2025-11-03,45,40,288.4,36.05,0,0
SKU-00060,97,2025-11-10,44,22,158.62,158.62,0,0
SKU-00060,98,2025-11-17,55,24,173.04,223.51,0,0
SKU-00060,99,2025-11-24,51,32,230.72,136.99,1,1
SKU-00060,100,2025-12-01,74,63,454.23,79.31,1,4
SKU-00060,101,2025-12-08,56,53,382.13,21.63,0,0
SKU-00060,102,2025-12-15,54,24,173.04,216.3,0,0
SKU-00060,103,2025-12-22,36,0,0.0,259.56,0,0
SKU-00061,0,2024-01-01,165,165,1917.3,0.0,0,0
SKU-00061,1,2024-01-08,143,143,1661.6599999999999,0.0,0,0
SKU-00061,2,2024-01-15,141,141,1638.4199999999998,0.0,0,0
SKU-00061,3,2024-01-22,133,133,1545.4599999999998,0.0,0,0
SKU-00061,4,2024-01-29,132,132,1533.84,0.0,0,0
SKU-00061,5,2024-02-05,134,134,1557.08,0.0,0,0
SKU-00061,6,2024-02-12,128,128,1487.36,0.0,0,0
SKU-00061,7,2024-02-19,130,130,1510.6,0.0,0,0
SKU-00061,8,2024-02-26,127,127,1475.74,0.0,0,0
SKU-00061,9,2024-03-04,146,146,1696.52,0.0,0,0
SKU-00061,10,2024-03-11,154,154,1789.4799999999998,0.0,0,0
SKU-00061,11,2024-03-18,136,103,1196.86,383.46,0,0
SKU-00061,12,2024-03-25,123,81,941.2199999999999,488.03999999999996,0,0
SKU-00061,13,2024-04-01,146,109,1266.58,429.94,0,0
SKU-00061,14,2024-04-08,185,136,1580.32,569.38,1,3
SKU-00061,15,2024-04-15,165,165,1917.3,0.0,1,2
SKU-00061,16,2024-04-22,172,169,1963.78,34.86,0,0
SKU-00061,17,2024-04-29,151,116,1347.9199999999998,406.7,0,0
SKU-00061,18,2024-05-06,129,129,1498.9799999999998,0.0,0,0
SKU-00061,19,2024-05-13,165,165,1917.3,0.0,0,0
SKU-00061,20,2024-05-20,123,123,1429.26,0.0,0,0
SKU-00061,21,2024-05-27,168,168,1952.1599999999999,0.0,0,0
SKU-00061,22,2024-06-03,127,117,1359.54,116.19999999999999,0,0
SKU-00061,23,2024-06-10,167,167,1940.54,0.0,0,0
SKU-00061,24,2024-06-17,149,149,1731.3799999999999,0.0,0,0
SKU-00061,25,2024-06-24,144,144,1673.28,0.0,0,0
SKU-00061,26,2024-07-01,150,150,1742.9999999999998,0.0,0,0
SKU-00061,27,2024-07-08,165,165,1917.3,0.0,0,0
SKU-00061,28,2024-07-15,167,145,1684.8999999999999,255.64,1,1
SKU-00061,29,2024-07-22,214,214,2486.68,0.0,1,2
SKU-00061,30,2024-07-29,177,177,2056.74,0.0,0,0
SKU-00061,31,2024-08-05,172,101,1173.62,825.02,0,0
SKU-00061,32,2024-08-12,145,33,383.46,1301.4399999999998,0,0
SKU-00061,33,2024-08-19,189,115,1336.3,859.88,0,0
SKU-00061,34,2024-08-26,166,123,1429.26,499.65999999999997,0,0
SKU-00061,35,2024-09-02,164,164,1905.6799999999998,0.0,0,0
SKU-00061,36,2024-09-09,170,117,1359.54,615.86,0,0
SKU-00061,37,2024-09-16,192,141,1638.4199999999998,592.62,0,0
SKU-00061,38,2024-09-23,141,141,1638.4199999999998,0.0,0,0
SKU-00061,39,2024-09-30,172,172,1998.6399999999999,0.0,0,0
SKU-00061,40,2024-10-07,197,113,1313.06,976.0799999999999,0,0
SKU-00061,41,2024-10-14,169,126,1464.12,499.65999999999997,0,0
SKU-00061,42,2024-10-21,215,152,1766.2399999999998,732.06,0,0
SKU-00061,43,2024-10-28,209,102,1185.24,1243.34,0,0
SKU-00061,44,2024-11-04,216,213,2475.06,34.86,1,2
SKU-00061,45,2024-11-11,292,187,2172.94,1220.1,1,3
SKU-00061,46,2024-11-18,205,153,1777.86,604.24,0,0
SKU-00061,47,2024-11-25,207,183,2126.46,278.88,0,0
SKU-00061,48,2024-12-02,201,164,1905.6799999999998,429.94,0,0
SKU-00061,49,2024-12-09,159,74,859.88,987.6999999999999,0,0
SKU-00061,50,2024-12-16,151,138,1603.56,151.06,0,0
SKU-00061,51,2024-12-23,185,184,2138.08,11.62,0,0
SKU-00061,52,2024-12-30,183,17,197.54,1928.9199999999998,0,0
SKU-00061,53,2025-01-06,133,82,952.8399999999999,592.62,0,0
SKU-00061,54,2025-01-13,139,139,1615.1799999999998,0.0,0,0
SKU-00061,55,2025-01-20,182,182,2114.8399999999997,0.0,0,0
SKU-00061,56,2025-01-27,194,194,2254.2799999999997,0.0,1,1
SKU-00061,57,2025-02-03,290,290,3369.7999999999997,0.0,1,6
SKU-00061,58,2025-02-10,171,65,755.3,1231.72,0,0
SKU-00061,59,2025-02-17,217,84,976.0799999999999,1545.4599999999998,0,0
SKU-00061,60,2025-02-24,181,181,2103.22,0.0,0,0
SKU-00061,61,2025-03-03,152,152,1766.2399999999998,0.0,0,0
SKU-00061,62,2025-03-10,181,181,2103.22,0.0,0,0
SKU-00061,63,2025-03-17,184,184,2138.08,0.0,0,0
SKU-00061,64,2025-03-24,204,143,1661.6599999999999,708.8199999999999,0,0
SKU-00061,65,2025-03-31,174,94,1092.28,929.5999999999999,0,0
SKU-00061,66,2025-04-07,191,108,1254.9599999999998,964.4599999999999,0,0
SKU-00061,67,2025-04-14,182,154,1789.4799999999998,325.35999999999996,0,0
SKU-00061,68,2025-04-21,173,173,2010.2599999999998,0.0,0,0
SKU-00061,69,2025-04-28,183,183,2126.46,0.0,0,0
SKU-00061,70,2025-05-05,158,158,1835.9599999999998,0.0,0,0
SKU-00061,71,2025-05-12,177,138,1603.56,453.17999999999995,0,0
SKU-00061,72,2025-05-19,183,57,662.3399999999999,1464.12,0,0
SKU-00061,73,2025-05-26,215,215,2498.2999999999997,0.0,1,2
SKU-00061,74,2025-06-02,222,222,2579.64,0.0,1,2
SKU-00061,75,2025-06-09,183,163,1894.06,232.39999999999998,0,0
SKU-00061,76,2025-06-16,183,142,1650.04,476.41999999999996,0,0
SKU-00061,77,2025-06-23,178,178,2068.3599999999997,0.0,0,0
SKU-00061,78,2025-06-30,172,157,1824.34,174.29999999999998,0,0
SKU-00061,79,2025-07-07,204,182,2114.8399999999997,255.64,0,0
SKU-00061,80,2025-07-14,225,225,2614.5,0.0,0,0
SKU-00061,81,2025-07-21,267,267,3102.54,0.0,1,3
SKU-00061,82,2025-07-28,172,172,1998.6399999999999,0.0,0,0
SKU-00061,83,2025-08-04,195,106,1231.72,1034.1799999999998,1,3
SKU-00061,84,2025-08-11,237,178,2068.3599999999997,685.5799999999999,1,2
SKU-00061,85,2025-08-18,200,200,2324.0,0.0,1,1
SKU-00061,86,2025-08-25,264,203,2358.8599999999997,708.8199999999999,1,3
SKU-00061,87,2025-09-01,220,193,2242.66,313.73999999999995,0,0
SKU-00061,88,2025-09-08,184,135,1568.6999999999998,569.38,0,0
SKU-00061,89,2025-09-15,188,188,2184.56,0.0,0,0
SKU-00061,90,2025-09-22,198,146,1696.52,604.24,0,0
SKU-00061,91,2025-09-29,212,103,1196.86,1266.58,0,0
SKU-00061,92,2025-10-06,210,191,2219.42,220.77999999999997,0,0
SKU-00061,93,2025-10-13,228,228,2649.3599999999997,0.0,0,0
SKU-00061,94,2025-10-20,208,208,2416.96,0.0,0,0
SKU-00061,95,2025-10-27,208,143,1661.6599999999999,755.3,0,0
SKU-00061,96,2025-11-03,203,43,499.65999999999997,1859.1999999999998,0,0
SKU-00061,97,2025-11-10,192,132,1533.84,697.1999999999999,0,0
SKU-00061,98,2025-11-17,246,246,2858.52,0.0,0,0
SKU-00061,99,2025-11-24,188,188,2184.56,0.0,0,0
SKU-00061,100,2025-12-01,245,233,2707.46,139.44,0,0
SKU-00061,101,2025-12-08,196,6,69.72,2207.7999999999997,0,0
SKU-00061,102,2025-12-15,194,40,464.79999999999995,1789.4799999999998,0,0
SKU-00061,103,2025-12-22,205,205,2382.1,0.0,0,0
SKU-00062,0,2024-01-01,25,25,1171.5,0.0,0,0
SKU-00062,1,2024-01-08,25,25,1171.5,0.0,0,0
SKU-00062,2,2024-01-15,20,20,937.2,0.0,0,0
SKU-00062,3,2024-01-22,21,21,984.06,0.0,0,0
SKU-00062,4,2024-01-29,21,21,984.06,0.0,0,0
SKU-00062,5,2024-02-05,23,21,984.06,93.72,0,0
SKU-00062,6,2024-02-12,27,22,1030.92,234.3,0,0
SKU-00062,7,2024-02-19,25,11,515.46,656.04,0,0
SKU-00062,8,2024-02-26,23,17,796.62,281.15999999999997,0,0
SKU-00062,9,2024-03-04,22,22,1030.92,0.0,0,0
SKU-00062,10,2024-03-11,23,23,1077.78,0.0,0,0
SKU-00062,11,2024-03-18,21,21,984.06,0.0,0,0
SKU-00062,12,2024-03-25,24,22,1030.92,93.72,0,0
SKU-00062,13,2024-04-01,25,23,1077.78,93.72,0,0
SKU-00062,14,2024-04-08,24,24,1124.6399999999999,0.0,1,1
SKU-00062,15,2024-04-15,37,20,937.2,796.62,1,6
SKU-00062,16,2024-04-22,21,9,421.74,562.3199999999999,0,0
SKU-00062,17,2024-04-29,19,18,843.48,46.86,0,0
SKU-00062,18,2024-05-06,21,21,984.06,0.0,0,0
SKU-00062,19,2024-05-13,22,22,1030.92,0.0,0,0
SKU-00062,20,2024-05-20,20,20,937.2,0.0,0,0
SKU-00062,21,2024-05-27,24,24,1124.6399999999999,0.0,1,3
SKU-00062,22,2024-06-03,20,19,890.34,46.86,0,0
SKU-00062,23,2024-06-10,21,21,984.06,0.0,0,0
SKU-00062,24,2024-06-17,21,20,937.2,46.86,0,0
SKU-00062,25,2024-06-24,21,21,984.06,0.0,0,0
SKU-00062,26,2024-07-01,22,22,1030.92,0.0,0,0
SKU-00062,27,2024-07-08,17,15,702.9,93.72,0,0
SKU-00062,28,2024-07-15,20,18,843.48,93.72,0,0
SKU-00062,29,2024-07-22,20,20,937.2,0.0,0,0
SKU-00062,30,2024-07-29,21,17,796.62,187.44,0,0
SKU-00062,31,2024-08-05,22,19,890.34,140.57999999999998,0,0
SKU-00062,32,2024-08-12,21,21,984.06,0.0,0,0
SKU-00062,33,2024-08-19,26,24,1124.6399999999999,93.72,1,6
SKU-00062,34,2024-08-26,21,16,749.76,234.3,0,0
SKU-00062,35,2024-09-02,19,19,890.34,0.0,0,0
SKU-00062,36,2024-09-09,22,21,984.06,46.86,0,0
SKU-00062,37,2024-09-16,24,15,702.9,421.74,0,0
SKU-00062,38,2024-09-23,25,23,1077.78,93.72,0,0
SKU-00062,39,2024-09-30,24,24,1124.6399999999999,0.0,0,0
SKU-00062,40,2024-10-07,24,23,1077.78,46.86,0,0
SKU-00062,41,2024-10-14,26,23,1077.78,140.57999999999998,0,0
SKU-00062,42,2024-10-21,27,22,1030.92,234.3,0,0
SKU-00062,43,2024-10-28,25,25,1171.5,0.0,0,0
SKU-00062,44,2024-11-04,26,16,749.76,468.6,0,0
SKU-00062,45,2024-11-11,22,22,1030.92,0.0,0,0
SKU-00062,46,2024-11-18,27,27,1265.22,0.0,0,0
SKU-00062,47,2024-11-25,30,30,1405.8,0.0,0,0
SKU-00062,48,2024-12-02,30,14,656.04,749.76,0,0
SKU-00062,49,2024-12-09,26,23,1077.78,140.57999999999998,0,0
SKU-00062,50,2024-12-16,24,24,1124.6399999999999,0.0,0,0
SKU-00062,51,2024-12-23,30,25,1171.5,234.3,0,0
SKU-00062,52,2024-12-30,34,29,1358.94,234.3,0,0
SKU-00062,53,2025-01-06,26,15,702.9,515.46,0,0
SKU-00062,54,2025-01-13,29,27,1265.22,93.72,0,0
SKU-00062,55,2025-01-20,30,25,1171.5,234.3,0,0
SKU-00062,56,2025-01-27,28,25,1171.5,140.57999999999998,0,0
SKU-00062,57,2025-02-03,28,24,1124.6399999999999,187.44,0,0
SKU-00062,58,2025-02-10,30,30,1405.8,0.0,0,0
SKU-00062,59,2025-02-17,26,22,1030.92,187.44,0,0
SKU-00062,60,2025-02-24,30,30,1405.8,0.0,0,0
SKU-00062,61,2025-03-03,25,25,1171.5,0.0,0,0
SKU-00062,62,2025-03-10,30,27,1265.22,140.57999999999998,0,0
SKU-00062,63,2025-03-17,28,21,984.06,328.02,0,0
SKU-00062,64,2025-03-24,27,25,1171.5,93.72,0,0
SKU-00062,65,2025-03-31,25,23,1077.78,93.72,0,0
SKU-00062,66,2025-04-07,24,24,1124.6399999999999,0.0,0,0
SKU-00062,67,2025-04-14,32,27,1265.22,234.3,1,1
SKU-00062,68,2025-04-21,35,12,562.3199999999999,1077.78,1,3
SKU-00062,69,2025-04-28,24,21,984.06,140.57999999999998,0,0
SKU-00062,70,2025-05-05,24,24,1124.6399999999999,0.0,0,0
SKU-00062,71,2025-05-12,23,21,984.06,93.72,0,0
SKU-00062,72,2025-05-19,26,19,890.34,328.02,0,0
SKU-00062,73,2025-05-26,23,22,1030.92,46.86,0,0
SKU-00062,74,2025-06-02,25,23,1077.78,93.72,0,0
SKU-00062,75,2025-06-09,24,21,984.06,140.57999999999998,0,0
SKU-00062,76,2025-06-16,30,24,1124.6399999999999,281.15999999999997,1,3
SKU-00062,77,2025-06-23,26,26,1218.36,0.0,0,0
SKU-00062,78,2025-06-30,22,20,937.2,93.72,0,0
SKU-00062,79,2025-07-07,21,15,702.9,281.15999999999997,0,0
SKU-00062,80,2025-07-14,20,19,890.34,46.86,0,0
SKU-00062,81,2025-07-21,21,21,984.06,0.0,0,0
SKU-00062,82,2025-07-28,26,22,1030.92,187.44,0,0
SKU-00062,83,2025-08-04,24,17,796.62,328.02,0,0
SKU-00062,84,2025-08-11,21,21,984.06,0.0,0,0
SKU-00062,85,2025-08-18,25,24,1124.6399999999999,46.86,0,0
SKU-00062,86,2025-08-25,27,25,1171.5,93.72,0,0
SKU-00062,87,2025-09-01,20,15,702.9,234.3,0,0
SKU-00062,88,2025-09-08,31,31,1452.66,0.0,0,0
SKU-00062,89,2025-09-15,27,25,1171.5,93.72,0,0
SKU-00062,90,2025-09-22,26,10,468.6,749.76,1,1
SKU-00062,91,2025-09-29,34,34,1593.24,0.0,1,5
SKU-00062,92,2025-10-06,28,28,1312.08,0.0,0,0
SKU-00062,93,2025-10-13,28,26,1218.36,93.72,0,0
SKU-00062,94,2025-10-20,28,18,843.48,468.6,0,0
SKU-00062,95,2025-10-27,38,31,1452.66,328.02,1,1
SKU-00062,96,2025-11-03,66,32,1499.52,1593.24,1,7
SKU-00062,97,2025-11-10,33,23,1077.78,468.6,1,1
SKU-00062,98,2025-11-17,34,26,1218.36,374.88,0,0
SKU-00062,99,2025-11-24,38,30,1405.8,374.88,0,0
SKU-00062,100,2025-12-01,34,25,1171.5,421.74,0,0
SKU-00062,101,2025-12-08,37,25,1171.5,562.3199999999999,0,0
SKU-00062,102,2025-12-15,33,17,796.62,749.76,0,0
SKU-00062,103,2025-12-22,35,32,1499.52,140.57999999999998,0,0
SKU-00063,0,2024-01-01,258,258,2636.76,0.0,0,0
SKU-00063,1,2024-01-08,272,272,2779.84,0.0,0,0
SKU-00063,2,2024-01-15,310,310,3168.2000000000003,0.0,0,0
SKU-00063,3,2024-01-22,308,308,3147.76,0.0,0,0
SKU-00063,4,2024-01-29,305,305,3117.1000000000004,0.0,0,0
SKU-00063,5,2024-02-05,291,291,2974.02,0.0,0,0
SKU-00063,6,2024-02-12,330,330,3372.6000000000004,0.0,0,0
SKU-00063,7,2024-02-19,371,371,3791.6200000000003,0.0,1,2
SKU-00063,8,2024-02-26,446,424,4333.280000000001,224.84,1,3
SKU-00063,9,2024-03-04,383,165,1686.3000000000002,2227.96,0,0
SKU-00063,10,2024-03-11,351,181,1849.8200000000002,1737.4,0,0
SKU-00063,11,2024-03-18,313,232,2371.04,827.82,0,0
SKU-00063,12,2024-03-25,391,391,3996.0200000000004,0.0,0,0
SKU-00063,13,2024-04-01,375,375,3832.5000000000005,0.0,0,0
SKU-00063,14,2024-04-08,371,371,3791.6200000000003,0.0,0,0
SKU-00063,15,2024-04-15,343,311,3178.42,327.04,0,0
SKU-00063,16,2024-04-22,359,308,3147.76,521.22,0,0
SKU-00063,17,2024-04-29,299,299,3055.78,0.0,0,0
SKU-00063,18,2024-05-06,377,316,3229.52,623.4200000000001,0,0
SKU-00063,19,2024-05-13,344,264,2698.0800000000004,817.6,0,0
SKU-00063,20,2024-05-20,389,354,3617.88,357.70000000000005,0,0
SKU-00063,21,2024-05-27,388,388,3965.36,0.0,0,0
SKU-00063,22,2024-06-03,337,278,2841.1600000000003,602.98,0,0
SKU-00063,23,2024-06-10,343,287,2933.1400000000003,572.32,0,0
SKU-00063,24,2024-06-17,311,255,2606.1000000000004,572.32,0,0
SKU-00063,25,2024-06-24,305,305,3117.1000000000004,0.0,0,0
SKU-00063,26,2024-07-01,257,257,2626.54,0.0,0,0
SKU-00063,27,2024-07-08,287,287,2933.1400000000003,0.0,0,0
SKU-00063,28,2024-07-15,331,331,3382.82,0.0,1,3
SKU-00063,29,2024-07-22,306,306,3127.32,0.0,1,1
SKU-00063,30,2024-07-29,283,283,2892.26,0.0,0,0
SKU-00063,31,2024-08-05,230,226,2309.7200000000003,40.88,0,0
SKU-00063,32,2024-08-12,222,222,2268.84,0.0,0,0
SKU-00063,33,2024-08-19,218,218,2227.96,0.0,0,0
SKU-00063,34,2024-08-26,219,219,2238.1800000000003,0.0,0,0
SKU-00063,35,2024-09-02,216,216,2207.52,0.0,0,0
SKU-00063,36,2024-09-09,245,245,2503.9,0.0,1,2
SKU-00063,37,2024-09-16,252,252,2575.44,0.0,1,2
SKU-00063,38,2024-09-23,195,195,1992.9,0.0,0,0
SKU-00063,39,2024-09-30,206,206,2105.32,0.0,0,0
SKU-00063,40,2024-10-07,192,192,1962.2400000000002,0.0,0,0
SKU-00063,41,2024-10-14,197,197,2013.3400000000001,0.0,0,0
SKU-00063,42,2024-10-21,208,208,2125.76,0.0,0,0
SKU-00063,43,2024-10-28,224,224,2289.28,0.0,0,0
SKU-00063,44,2024-11-04,238,238,2432.36,0.0,0,0
SKU-00063,45,2024-11-11,244,222,2268.84,224.84,0,0
SKU-00063,46,2024-11-18,324,263,2687.86,623.4200000000001,1,3
SKU-00063,47,2024-11-25,275,275,2810.5,0.0,0,0
SKU-00063,48,2024-12-02,291,291,2974.02,0.0,0,0
SKU-00063,49,2024-12-09,294,294,3004.6800000000003,0.0,0,0
SKU-00063,50,2024-12-16,250,250,2555.0,0.0,0,0
SKU-00063,51,2024-12-23,318,292,2984.2400000000002,265.72,0,0
SKU-00063,52,2024-12-30,323,281,2871.82,429.24,0,0
SKU-00063,53,2025-01-06,314,197,2013.3400000000001,1195.74,0,0
SKU-00063,54,2025-01-13,315,285,2912.7000000000003,306.6,0,0
SKU-00063,55,2025-01-20,323,286,2922.92,378.14000000000004,0,0
SKU-00063,56,2025-01-27,394,318,3249.96,776.72,0,0
SKU-00063,57,2025-02-03,325,325,3321.5,0.0,0,0
SKU-00063,58,2025-02-10,428,428,4374.16,0.0,0,0
SKU-00063,59,2025-02-17,437,388,3965.36,500.78000000000003,0,0
SKU-00063,60,2025-02-24,430,430,4394.6,0.0,0,0
SKU-00063,61,2025-03-03,446,446,4558.12,0.0,0,0
SKU-00063,62,2025-03-10,394,394,4026.6800000000003,0.0,0,0
SKU-00063,63,2025-03-17,443,356,3638.32,889.1400000000001,0,0
SKU-00063,64,2025-03-24,404,276,2820.7200000000003,1308.16,0,0
SKU-00063,65,2025-03-31,444,189,1931.5800000000002,2606.1000000000004,0,0
SKU-00063,66,2025-04-07,456,456,4660.320000000001,0.0,0,0
SKU-00063,67,2025-04-14,390,390,3985.8,0.0,0,0
SKU-00063,68,2025-04-21,406,406,4149.320000000001,0.0,0,0
SKU-00063,69,2025-04-28,425,425,4343.5,0.0,0,0
SKU-00063,70,2025-05-05,636,462,4721.64,1778.2800000000002,1,5
SKU-00063,71,2025-05-12,553,190,1941.8000000000002,3709.86,1,4
SKU-00063,72,2025-05-19,565,333,3403.26,2371.04,1,3
SKU-00063,73,2025-05-26,358,114,1165.0800000000002,2493.6800000000003,0,0
SKU-00063,74,2025-06-02,404,137,1400.14,2728.7400000000002,0,0
SKU-00063,75,2025-06-09,427,264,2698.0800000000004,1665.8600000000001,0,0
SKU-00063,76,2025-06-16,395,179,1829.38,2207.52,0,0
SKU-00063,77,2025-06-23,357,244,2493.6800000000003,1154.8600000000001,0,0
SKU-00063,78,2025-06-30,336,280,2861.6000000000004,572.32,0,0
SKU-00063,79,2025-07-07,364,364,3720.0800000000004,0.0,0,0
SKU-00063,80,2025-07-14,323,323,3301.0600000000004,0.0,0,0
SKU-00063,81,2025-07-21,268,268,2738.96,0.0,0,0
SKU-00063,82,2025-07-28,283,283,2892.26,0.0,0,0
SKU-00063,83,2025-08-04,267,267,2728.7400000000002,0.0,0,0
SKU-00063,84,2025-08-11,266,266,2718.52,0.0,0,0
SKU-00063,85,2025-08-18,283,270,2759.4,132.86,1,1
SKU-00063,86,2025-08-25,308,241,2463.02,684.74,1,4
SKU-00063,87,2025-09-01,240,240,2452.8,0.0,0,0
SKU-00063,88,2025-09-08,258,258,2636.76,0.0,0,0
SKU-00063,89,2025-09-15,251,251,2565.2200000000003,0.0,0,0
SKU-00063,90,2025-09-22,240,240,2452.8,0.0,0,0
SKU-00063,91,2025-09-29,218,180,1839.6000000000001,388.36,0,0
SKU-00063,92,2025-10-06,248,161,1645.42,889.1400000000001,0,0
SKU-00063,93,2025-10-13,254,230,2350.6000000000004,245.28000000000003,0,0
SKU-00063,94,2025-10-20,334,334,3413.48,0.0,1,3
SKU-00063,95,2025-10-27,270,270,2759.4,0.0,0,0
SKU-00063,96,2025-11-03,255,255,2606.1000000000004,0.0,0,0
SKU-00063,97,2025-11-10,256,256,2616.32,0.0,0,0
SKU-00063,98,2025-11-17,317,317,3239.7400000000002,0.0,0,0
SKU-00063,99,2025-11-24,284,275,2810.5,91.98,0,0
SKU-00063,100,2025-12-01,311,289,2953.5800000000004,224.84,0,0
SKU-00063,101,2025-12-08,339,339,3464.5800000000004,0.0,0,0
SKU-00063,102,2025-12-15,388,388,3965.36,0.0,0,0
SKU-00063,103,2025-12-22,349,242,2473.2400000000002,1093.54,0,0
SKU-00064,0,2024-01-01,377,377,3536.26,0.0,0,0
SKU-00064,1,2024-01-08,308,308,2889.0400000000004,0.0,0,0
SKU-00064,2,2024-01-15,382,382,3583.1600000000003,0.0,0,0
SKU-00064,3,2024-01-22,393,357,3348.6600000000003,337.68,0,0
SKU-00064,4,2024-01-29,301,301,2823.38,0.0,0,0
SKU-00064,5,2024-02-05,245,245,2298.1000000000004,0.0,0,0
SKU-00064,6,2024-02-12,247,247,2316.86,0.0,0,0
SKU-00064,7,2024-02-19,301,301,2823.38,0.0,0,0
SKU-00064,8,2024-02-26,255,255,2391.9,0.0,0,0
SKU-00064,9,2024-03-04,317,105,984.9000000000001,1988.5600000000002,0,0
SKU-00064,10,2024-03-11,137,41,384.58000000000004,900.48,0,0
SKU-00064,11,2024-03-18,263,263,2466.94,0.0,0,0
SKU-00064,12,2024-03-25,246,246,2307.48,0.0,0,0
SKU-00064,13,2024-04-01,189,189,1772.8200000000002,0.0,0,0
SKU-00064,14,2024-04-08,311,311,2917.1800000000003,0.0,0,0
SKU-00064,15,2024-04-15,237,237,2223.0600000000004,0.0,0,0
SKU-00064,16,2024-04-22,220,220,2063.6000000000004,0.0,0,0
SKU-00064,17,2024-04-29,250,250,2345.0,0.0,0,0
SKU-00064,18,2024-05-06,298,256,2401.28,393.96000000000004,0,0
SKU-00064,19,2024-05-13,202,14,131.32000000000002,1763.44,0,0
SKU-00064,20,2024-05-20,346,346,3245.4800000000005,0.0,0,0
SKU-00064,21,2024-05-27,233,233,2185.54,0.0,0,0
SKU-00064,22,2024-06-03,281,281,2635.78,0.0,0,0
SKU-00064,23,2024-06-10,273,273,2560.7400000000002,0.0,0,0
SKU-00064,24,2024-06-17,228,228,2138.6400000000003,0.0,0,0
SKU-00064,25,2024-06-24,265,201,1885.38,600.32,0,0
SKU-00064,26,2024-07-01,276,276,2588.88,0.0,0,0
SKU-00064,27,2024-07-08,291,291,2729.5800000000004,0.0,0,0
SKU-00064,28,2024-07-15,434,434,4070.9200000000005,0.0,0,0
SKU-00064,29,2024-07-22,300,300,2814.0000000000005,0.0,0,0
SKU-00064,30,2024-07-29,393,393,3686.34,0.0,0,0
SKU-00064,31,2024-08-05,393,338,3170.44,515.9000000000001,0,0
SKU-00064,32,2024-08-12,547,218,2044.8400000000001,3086.0200000000004,0,0
SKU-00064,33,2024-08-19,340,340,3189.2000000000003,0.0,0,0
SKU-00064,34,2024-08-26,402,402,3770.76,0.0,0,0
SKU-00064,35,2024-09-02,307,307,2879.6600000000003,0.0,0,0
SKU-00064,36,2024-09-09,305,305,2860.9,0.0,0,0
SKU-00064,37,2024-09-16,449,449,4211.620000000001,0.0,0,0
SKU-00064,38,2024-09-23,413,413,3873.9400000000005,0.0,0,0
SKU-00064,39,2024-09-30,404,365,3423.7000000000003,365.82000000000005,1,1
SKU-00064,40,2024-10-07,657,162,1519.5600000000002,4643.1,1,6
SKU-00064,41,2024-10-14,485,485,4549.3,0.0,0,0
SKU-00064,42,2024-10-21,458,446,4183.4800000000005,112.56,0,0
SKU-00064,43,2024-10-28,384,384,3601.92,0.0,0,0
SKU-00064,44,2024-11-04,377,377,3536.26,0.0,0,0
SKU-00064,45,2024-11-11,563,266,2495.0800000000004,2785.86,0,0
SKU-00064,46,2024-11-18,561,0,0.0,5262.18,0,0
SKU-00064,47,2024-11-25,450,36,337.68,3883.32,0,0
SKU-00064,48,2024-12-02,433,433,4061.5400000000004,0.0,0,0
SKU-00064,49,2024-12-09,427,393,3686.34,318.92,0,0
SKU-00064,50,2024-12-16,386,83,778.5400000000001,2842.1400000000003,0,0
SKU-00064,51,2024-12-23,492,492,4614.96,0.0,1,3
SKU-00064,52,2024-12-30,391,391,3667.5800000000004,0.0,0,0
SKU-00064,53,2025-01-06,377,364,3414.32,121.94000000000001,0,0
SKU-00064,54,2025-01-13,413,272,2551.36,1322.5800000000002,0,0
SKU-00064,55,2025-01-20,256,256,2401.28,0.0,0,0
SKU-00064,56,2025-01-27,324,324,3039.1200000000003,0.0,0,0
SKU-00064,57,2025-02-03,316,316,2964.0800000000004,0.0,0,0
SKU-00064,58,2025-02-10,313,313,2935.94,0.0,0,0
SKU-00064,59,2025-02-17,259,259,2429.42,0.0,0,0
SKU-00064,60,2025-02-24,333,333,3123.5400000000004,0.0,0,0
SKU-00064,61,2025-03-03,317,317,2973.46,0.0,0,0
SKU-00064,62,2025-03-10,347,347,3254.86,0.0,0,0
SKU-00064,63,2025-03-17,300,300,2814.0000000000005,0.0,0,0
SKU-00064,64,2025-03-24,297,297,2785.86,0.0,0,0
SKU-00064,65,2025-03-31,244,244,2288.7200000000003,0.0,0,0
SKU-00064,66,2025-04-07,250,250,2345.0,0.0,0,0
SKU-00064,67,2025-04-14,259,259,2429.42,0.0,0,0
SKU-00064,68,2025-04-21,197,197,1847.8600000000001,0.0,0,0
SKU-00064,69,2025-04-28,286,286,2682.6800000000003,0.0,0,0
SKU-00064,70,2025-05-05,181,181,1697.7800000000002,0.0,0,0
SKU-00064,71,2025-05-12,241,241,2260.5800000000004,0.0,0,0
SKU-00064,72,2025-05-19,431,431,4042.78,0.0,0,0
SKU-00064,73,2025-05-26,339,339,3179.82,0.0,0,0
SKU-00064,74,2025-06-02,285,280,2626.4,46.900000000000006,0,0
SKU-00064,75,2025-06-09,233,51,478.38000000000005,1707.16,0,0
SKU-00064,76,2025-06-16,333,333,3123.5400000000004,0.0,0,0
SKU-00064,77,2025-06-23,370,370,3470.6000000000004,0.0,0,0
SKU-00064,78,2025-06-30,406,406,3808.28,0.0,0,0
SKU-00064,79,2025-07-07,330,330,3095.4,0.0,0,0
SKU-00064,80,2025-07-14,312,312,2926.5600000000004,0.0,0,0
SKU-00064,81,2025-07-21,378,378,3545.6400000000003,0.0,0,0
SKU-00064,82,2025-07-28,464,161,1510.18,2842.1400000000003,1,2
SKU-00064,83,2025-08-04,833,833,7813.540000000001,0.0,1,3
SKU-00064,84,2025-08-11,598,500,4690.0,919.2400000000001,0,0
SKU-00064,85,2025-08-18,627,0,0.0,5881.26,1,1
SKU-00064,86,2025-08-25,1092,465,4361.700000000001,5881.26,1,6
SKU-00064,87,2025-09-01,450,450,4221.0,0.0,1,1
SKU-00064,88,2025-09-08,760,760,7128.8,0.0,1,7
SKU-00064,89,2025-09-15,563,383,3592.5400000000004,1688.4,1,4
SKU-00064,90,2025-09-22,505,505,4736.900000000001,0.0,0,0
SKU-00064,91,2025-09-29,652,652,6115.76,0.0,0,0
SKU-00064,92,2025-10-06,599,376,3526.88,2091.7400000000002,0,0
SKU-00064,93,2025-10-13,655,564,5290.320000000001,853.58,1,4
SKU-00064,94,2025-10-20,1120,0,0.0,10505.6,1,4
SKU-00064,95,2025-10-27,392,0,0.0,3676.9600000000005,0,0
SKU-00064,96,2025-11-03,461,0,0.0,4324.18,0,0
SKU-00064,97,2025-11-10,518,461,4324.18,534.6600000000001,0,0
SKU-00064,98,2025-11-17,375,375,3517.5000000000005,0.0,0,0
SKU-00064,99,2025-11-24,412,137,1285.0600000000002,2579.5,0,0
SKU-00064,100,2025-12-01,534,0,0.0,5008.92,0,0
SKU-00064,101,2025-12-08,399,0,0.0,3742.6200000000003,0,0
SKU-00064,102,2025-12-15,331,294,2757.7200000000003,347.06,0,0
SKU-00064,103,2025-12-22,548,548,5140.240000000001,0.0,0,0
SKU-00065,0,2024-01-01,39,39,3101.2799999999997,0.0,0,0
SKU-00065,1,2024-01-08,42,42,3339.8399999999997,0.0,0,0
SKU-00065,2,2024-01-15,30,30,2385.6,0.0,0,0
SKU-00065,3,2024-01-22,39,39,3101.2799999999997,0.0,0,0
SKU-00065,4,2024-01-29,40,30,2385.6,795.1999999999999,0,0
SKU-00065,5,2024-02-05,31,20,1590.3999999999999,874.7199999999999,0,0
SKU-00065,6,2024-02-12,40,40,3180.7999999999997,0.0,0,0
SKU-00065,7,2024-02-19,34,34,2703.68,0.0,0,0
SKU-00065,8,2024-02-26,32,32,2544.64,0.0,0,0
SKU-00065,9,2024-03-04,36,36,2862.72,0.0,0,0
SKU-00065,10,2024-03-11,30,30,2385.6,0.0,0,0
SKU-00065,11,2024-03-18,29,29,2306.08,0.0,0,0
SKU-00065,12,2024-03-25,30,24,1908.48,477.12,0,0
SKU-00065,13,2024-04-01,29,0,0.0,2306.08,0,0
SKU-00065,14,2024-04-08,26,26,2067.52,0.0,0,0
SKU-00065,15,2024-04-15,25,25,1988.0,0.0,0,0
SKU-00065,16,2024-04-22,23,23,1828.9599999999998,0.0,0,0
SKU-00065,17,2024-04-29,24,24,1908.48,0.0,0,0
SKU-00065,18,2024-05-06,25,25,1988.0,0.0,0,0
SKU-00065,19,2024-05-13,26,26,2067.52,0.0,0,0
SKU-00065,20,2024-05-20,25,25,1988.0,0.0,0,0
SKU-00065,21,2024-05-27,27,27,2147.04,0.0,0,0
SKU-00065,22,2024-06-03,27,27,2147.04,0.0,0,0
SKU-00065,23,2024-06-10,29,29,2306.08,0.0,0,0
SKU-00065,24,2024-06-17,25,25,1988.0,0.0,0,0
SKU-00065,25,2024-06-24,27,27,2147.04,0.0,0,0
SKU-00065,26,2024-07-01,25,25,1988.0,0.0,0,0
SKU-00065,27,2024-07-08,28,28,2226.56,0.0,0,0
SKU-00065,28,2024-07-15,28,28,2226.56,0.0,0,0
SKU-00065,29,2024-07-22,30,30,2385.6,0.0,0,0
SKU-00065,30,2024-07-29,29,29,2306.08,0.0,0,0
SKU-00065,31,2024-08-05,30,30,2385.6,0.0,0,0
SKU-00065,32,2024-08-12,31,14,1113.28,1351.84,0,0
SKU-00065,33,2024-08-19,30,30,2385.6,0.0,0,0
SKU-00065,34,2024-08-26,54,54,4294.08,0.0,1,6
SKU-00065,35,2024-09-02,33,33,2624.16,0.0,0,0
SKU-00065,36,2024-09-09,36,36,2862.72,0.0,0,0
SKU-00065,37,2024-09-16,34,17,1351.84,1351.84,0,0
SKU-00065,38,2024-09-23,30,13,1033.76,1351.84,0,0
SKU-00065,39,2024-09-30,34,34,2703.68,0.0,0,0
SKU-00065,40,2024-10-07,38,38,3021.7599999999998,0.0,0,0
SKU-00065,41,2024-10-14,36,36,2862.72,0.0,0,0
SKU-00065,42,2024-10-21,31,31,2465.12,0.0,0,0
SKU-00065,43,2024-10-28,38,38,3021.7599999999998,0.0,0,0
SKU-00065,44,2024-11-04,37,37,2942.24,0.0,0,0
SKU-00065,45,2024-11-11,36,36,2862.72,0.0,0,0
SKU-00065,46,2024-11-18,32,32,2544.64,0.0,0,0
SKU-00065,47,2024-11-25,35,35,2783.2,0.0,0,0
SKU-00065,48,2024-12-02,39,39,3101.2799999999997,0.0,0,0
SKU-00065,49,2024-12-09,37,37,2942.24,0.0,0,0
SKU-00065,50,2024-12-16,29,29,2306.08,0.0,0,0
SKU-00065,51,2024-12-23,37,37,2942.24,0.0,0,0
SKU-00065,52,2024-12-30,35,35,2783.2,0.0,0,0
SKU-00065,53,2025-01-06,36,36,2862.72,0.0,0,0
SKU-00065,54,2025-01-13,35,11,874.7199999999999,1908.48,0,0
SKU-00065,55,2025-01-20,33,33,2624.16,0.0,0,0
SKU-00065,56,2025-01-27,24,24,1908.48,0.0,0,0
SKU-00065,57,2025-02-03,31,31,2465.12,0.0,0,0
SKU-00065,58,2025-02-10,27,27,2147.04,0.0,0,0
SKU-00065,59,2025-02-17,29,29,2306.08,0.0,0,0
SKU-00065,60,2025-02-24,27,27,2147.04,0.0,0,0
SKU-00065,61,2025-03-03,26,26,2067.52,0.0,0,0
SKU-00065,62,2025-03-10,26,26,2067.52,0.0,0,0
SKU-00065,63,2025-03-17,26,26,2067.52,0.0,0,0
SKU-00065,64,2025-03-24,27,27,2147.04,0.0,0,0
SKU-00065,65,2025-03-31,28,28,2226.56,0.0,0,0
SKU-00065,66,2025-04-07,21,21,1669.9199999999998,0.0,0,0
SKU-00065,67,2025-04-14,26,26,2067.52,0.0,0,0
SKU-00065,68,2025-04-21,25,25,1988.0,0.0,0,0
SKU-00065,69,2025-04-28,22,22,1749.4399999999998,0.0,0,0
SKU-00065,70,2025-05-05,32,32,2544.64,0.0,1,4
SKU-00065,71,2025-05-12,20,20,1590.3999999999999,0.0,0,0
SKU-00065,72,2025-05-19,21,21,1669.9199999999998,0.0,0,0
SKU-00065,73,2025-05-26,22,22,1749.4399999999998,0.0,0,0
SKU-00065,74,2025-06-02,22,22,1749.4399999999998,0.0,0,0
SKU-00065,75,2025-06-09,20,20,1590.3999999999999,0.0,0,0
SKU-00065,76,2025-06-16,22,22,1749.4399999999998,0.0,0,0
SKU-00065,77,2025-06-23,23,23,1828.9599999999998,0.0,0,0
SKU-00065,78,2025-06-30,21,21,1669.9199999999998,0.0,0,0
SKU-00065,79,2025-07-07,27,27,2147.04,0.0,0,0
SKU-00065,80,2025-07-14,25,25,1988.0,0.0,0,0
SKU-00065,81,2025-07-21,25,25,1988.0,0.0,0,0
SKU-00065,82,2025-07-28,38,38,3021.7599999999998,0.0,1,5
SKU-00065,83,2025-08-04,33,33,2624.16,0.0,1,2
SKU-00065,84,2025-08-11,25,25,1988.0,0.0,0,0
SKU-00065,85,2025-08-18,22,22,1749.4399999999998,0.0,0,0
SKU-00065,86,2025-08-25,26,26,2067.52,0.0,0,0
SKU-00065,87,2025-09-01,21,21,1669.9199999999998,0.0,0,0
SKU-00065,88,2025-09-08,27,27,2147.04,0.0,0,0
SKU-00065,89,2025-09-15,25,25,1988.0,0.0,0,0
SKU-00065,90,2025-09-22,30,30,2385.6,0.0,0,0
SKU-00065,91,2025-09-29,28,28,2226.56,0.0,1,1
SKU-00065,92,2025-10-06,50,50,3976.0,0.0,1,5
SKU-00065,93,2025-10-13,30,30,2385.6,0.0,1,3
SKU-00065,94,2025-10-20,42,21,1669.9199999999998,1669.9199999999998,1,5
SKU-00065,95,2025-10-27,34,34,2703.68,0.0,1,3
SKU-00065,96,2025-11-03,27,27,2147.04,0.0,0,0
SKU-00065,97,2025-11-10,25,25,1988.0,0.0,0,0
SKU-00065,98,2025-11-17,30,30,2385.6,0.0,0,0
SKU-00065,99,2025-11-24,33,33,2624.16,0.0,0,0
SKU-00065,100,2025-12-01,25,25,1988.0,0.0,0,0
SKU-00065,101,2025-12-08,40,40,3180.7999999999997,0.0,1,5
SKU-00065,102,2025-12-15,30,30,2385.6,0.0,0,0
SKU-00065,103,2025-12-22,26,18,1431.36,636.16,0,0
SKU-00066,0,2024-01-01,140,140,2221.7999999999997,0.0,0,0
SKU-00066,1,2024-01-08,153,153,2428.1099999999997,0.0,0,0
SKU-00066,2,2024-01-15,125,125,1983.75,0.0,0,0
SKU-00066,3,2024-01-22,136,136,2158.3199999999997,0.0,0,0
SKU-00066,4,2024-01-29,112,111,1761.57,15.87,0,0
SKU-00066,5,2024-02-05,94,45,714.15,777.63,0,0
SKU-00066,6,2024-02-12,102,65,1031.55,587.1899999999999,0,0
SKU-00066,7,2024-02-19,100,95,1507.6499999999999,79.35,0,0
SKU-00066,8,2024-02-26,96,96,1523.52,0.0,0,0
SKU-00066,9,2024-03-04,102,102,1618.74,0.0,0,0
SKU-00066,10,2024-03-11,103,103,1634.61,0.0,0,0
SKU-00066,11,2024-03-18,102,102,1618.74,0.0,0,0
SKU-00066,12,2024-03-25,80,80,1269.6,0.0,0,0
SKU-00066,13,2024-04-01,97,97,1539.3899999999999,0.0,0,0
SKU-00066,14,2024-04-08,78,78,1237.86,0.0,0,0
SKU-00066,15,2024-04-15,106,106,1682.22,0.0,1,4
SKU-00066,16,2024-04-22,96,96,1523.52,0.0,0,0
SKU-00066,17,2024-04-29,102,94,1491.78,126.96,0,0
SKU-00066,18,2024-05-06,93,93,1475.9099999999999,0.0,0,0
SKU-00066,19,2024-05-13,95,93,1475.9099999999999,31.74,0,0
SKU-00066,20,2024-05-20,100,100,1587.0,0.0,0,0
SKU-00066,21,2024-05-27,111,111,1761.57,0.0,0,0
SKU-00066,22,2024-06-03,107,107,1698.09,0.0,0,0
SKU-00066,23,2024-06-10,113,113,1793.31,0.0,0,0
SKU-00066,24,2024-06-17,135,76,1206.12,936.3299999999999,0,0
SKU-00066,25,2024-06-24,103,79,1253.73,380.88,0,0
SKU-00066,26,2024-07-01,145,145,2301.15,0.0,1,1
SKU-00066,27,2024-07-08,161,145,2301.15,253.92,1,2
SKU-00066,28,2024-07-15,126,85,1348.95,650.67,0,0
SKU-00066,29,2024-07-22,151,118,1872.6599999999999,523.7099999999999,0,0
SKU-00066,30,2024-07-29,162,157,2491.5899999999997,79.35,0,0
SKU-00066,31,2024-08-05,173,150,2380.5,365.01,0,0
SKU-00066,32,2024-08-12,180,33,523.7099999999999,2332.89,0,0
SKU-00066,33,2024-08-19,189,115,1825.05,1174.3799999999999,0,0
SKU-00066,34,2024-08-26,180,136,2158.3199999999997,698.28,0,0
SKU-00066,35,2024-09-02,196,148,2348.7599999999998,761.76,0,0
SKU-00066,36,2024-09-09,194,152,2412.24,666.54,0,0
SKU-00066,37,2024-09-16,184,139,2205.93,714.15,0,0
SKU-00066,38,2024-09-23,191,91,1444.1699999999998,1587.0,0,0
SKU-00066,39,2024-09-30,166,147,2332.89,301.53,0,0
SKU-00066,40,2024-10-07,155,81,1285.47,1174.3799999999999,0,0
SKU-00066,41,2024-10-14,164,161,2555.0699999999997,47.61,0,0
SKU-00066,42,2024-10-21,172,172,2729.64,0.0,0,0
SKU-00066,43,2024-10-28,188,69,1095.03,1888.53,0,0
SKU-00066,44,2024-11-04,158,158,2507.46,0.0,0,0
SKU-00066,45,2024-11-11,185,102,1618.74,1317.21,0,0
SKU-00066,46,2024-11-18,196,153,2428.1099999999997,682.41,0,0
SKU-00066,47,2024-11-25,182,153,2428.1099999999997,460.22999999999996,0,0
SKU-00066,48,2024-12-02,180,121,1920.27,936.3299999999999,0,0
SKU-00066,49,2024-12-09,177,77,1221.99,1587.0,0,0
SKU-00066,50,2024-12-16,142,142,2253.54,0.0,0,0
SKU-00066,51,2024-12-23,147,147,2332.89,0.0,0,0
SKU-00066,52,2024-12-30,143,143,2269.41,0.0,0,0
SKU-00066,53,2025-01-06,209,188,2983.56,333.27,1,4
SKU-00066,54,2025-01-13,130,76,1206.12,856.9799999999999,0,0
SKU-00066,55,2025-01-20,136,129,2047.2299999999998,111.08999999999999,0,0
SKU-00066,56,2025-01-27,124,104,1650.48,317.4,0,0
SKU-00066,57,2025-02-03,140,125,1983.75,238.04999999999998,0,0
SKU-00066,58,2025-02-10,125,104,1650.48,333.27,0,0
SKU-00066,59,2025-02-17,127,127,2015.49,0.0,1,4
SKU-00066,60,2025-02-24,94,94,1491.78,0.0,0,0
SKU-00066,61,2025-03-03,106,106,1682.22,0.0,0,0
SKU-00066,62,2025-03-10,85,85,1348.95,0.0,0,0
SKU-00066,63,2025-03-17,97,97,1539.3899999999999,0.0,0,0
SKU-00066,64,2025-03-24,89,89,1412.4299999999998,0.0,0,0
SKU-00066,65,2025-03-31,87,87,1380.6899999999998,0.0,0,0
SKU-00066,66,2025-04-07,85,85,1348.95,0.0,0,0
SKU-00066,67,2025-04-14,86,74,1174.3799999999999,190.44,0,0
SKU-00066,68,2025-04-21,89,75,1190.25,222.17999999999998,0,0
SKU-00066,69,2025-04-28,113,113,1793.31,0.0,0,0
SKU-00066,70,2025-05-05,97,97,1539.3899999999999,0.0,0,0
SKU-00066,71,2025-05-12,104,104,1650.48,0.0,0,0
SKU-00066,72,2025-05-19,99,99,1571.1299999999999,0.0,0,0
SKU-00066,73,2025-05-26,107,107,1698.09,0.0,0,0
SKU-00066,74,2025-06-02,99,99,1571.1299999999999,0.0,0,0
SKU-00066,75,2025-06-09,128,128,2031.36,0.0,0,0
SKU-00066,76,2025-06-16,120,120,1904.3999999999999,0.0,0,0
SKU-00066,77,2025-06-23,123,117,1856.79,95.22,0,0
SKU-00066,78,2025-06-30,134,126,1999.62,126.96,0,0
SKU-00066,79,2025-07-07,148,128,2031.36,317.4,0,0
SKU-00066,80,2025-07-14,131,131,2078.97,0.0,0,0
SKU-00066,81,2025-07-21,143,130,2063.1,206.31,0,0
SKU-00066,82,2025-07-28,133,133,2110.71,0.0,0,0
SKU-00066,83,2025-08-04,157,131,2078.97,412.62,0,0
SKU-00066,84,2025-08-11,177,92,1460.04,1348.95,0,0
SKU-00066,85,2025-08-18,153,70,1110.8999999999999,1317.21,0,0
SKU-00066,86,2025-08-25,182,143,2269.41,618.93,0,0
SKU-00066,87,2025-09-01,163,118,1872.6599999999999,714.15,0,0
SKU-00066,88,2025-09-08,162,162,2570.94,0.0,0,0
SKU-00066,89,2025-09-15,198,144,2285.2799999999997,856.9799999999999,0,0
SKU-00066,90,2025-09-22,184,171,2713.77,206.31,0,0
SKU-00066,91,2025-09-29,217,116,1840.9199999999998,1602.87,1,5
SKU-00066,92,2025-10-06,188,105,1666.35,1317.21,1,1
SKU-00066,93,2025-10-13,242,226,3586.62,253.92,1,4
SKU-00066,94,2025-10-20,174,119,1888.53,872.8499999999999,0,0
SKU-00066,95,2025-10-27,198,115,1825.05,1317.21,0,0
SKU-00066,96,2025-11-03,286,98,1555.26,2983.56,1,6
SKU-00066,97,2025-11-10,270,138,2190.06,2094.8399999999997,1,5
SKU-00066,98,2025-11-17,177,156,2475.72,333.27,0,0
SKU-00066,99,2025-11-24,165,131,2078.97,539.5799999999999,0,0
SKU-00066,100,2025-12-01,166,159,2523.33,111.08999999999999,0,0
SKU-00066,101,2025-12-08,179,139,2205.93,634.8,0,0
SKU-00066,102,2025-12-15,157,121,1920.27,571.3199999999999,0,0
SKU-00066,103,2025-12-22,151,102,1618.74,777.63,0,0
SKU-00067,0,2024-01-01,200,200,5860.0,0.0,0,0
SKU-00067,1,2024-01-08,253,253,7412.900000000001,0.0,0,0
SKU-00067,2,2024-01-15,330,330,9669.0,0.0,1,4
SKU-00067,3,2024-01-22,311,311,9112.300000000001,0.0,1,3
SKU-00067,4,2024-01-29,250,250,7325.0,0.0,0,0
SKU-00067,5,2024-02-05,221,197,5772.1,703.2,0,0
SKU-00067,6,2024-02-12,241,241,7061.3,0.0,0,0
SKU-00067,7,2024-02-19,271,271,7940.3,0.0,0,0
SKU-00067,8,2024-02-26,228,228,6680.400000000001,0.0,0,0
SKU-00067,9,2024-03-04,269,269,7881.7,0.0,1,1
SKU-00067,10,2024-03-11,352,352,10313.6,0.0,1,6
SKU-00067,11,2024-03-18,396,396,11602.800000000001,0.0,1,3
SKU-00067,12,2024-03-25,222,222,6504.6,0.0,0,0
SKU-00067,13,2024-04-01,319,285,8350.5,996.2,1,6
SKU-00067,14,2024-04-08,457,433,12686.9,703.2,1,3
SKU-00067,15,2024-04-15,435,435,12745.5,0.0,1,3
SKU-00067,16,2024-04-22,388,353,10342.9,1025.5,1,1
SKU-00067,17,2024-04-29,434,108,3164.4,9551.800000000001,1,6
SKU-00067,18,2024-05-06,281,281,8233.300000000001,0.0,0,0
SKU-00067,19,2024-05-13,212,212,6211.6,0.0,0,0
SKU-00067,20,2024-05-20,330,330,9669.0,0.0,0,0
SKU-00067,21,2024-05-27,299,299,8760.7,0.0,0,0
SKU-00067,22,2024-06-03,222,222,6504.6,0.0,0,0
SKU-00067,23,2024-06-10,282,28,820.4,7442.2,0,0
SKU-00067,24,2024-06-17,365,193,5654.900000000001,5039.6,0,0
SKU-00067,25,2024-06-24,299,299,8760.7,0.0,0,0
SKU-00067,26,2024-07-01,338,338,9903.4,0.0,0,0
SKU-00067,27,2024-07-08,319,319,9346.7,0.0,0,0
SKU-00067,28,2024-07-15,312,140,4102.0,5039.6,0,0
SKU-00067,29,2024-07-22,330,330,9669.0,0.0,0,0
SKU-00067,30,2024-07-29,257,257,7530.1,0.0,0,0
SKU-00067,31,2024-08-05,355,355,10401.5,0.0,0,0
SKU-00067,32,2024-08-12,324,324,9493.2,0.0,0,0
SKU-00067,33,2024-08-19,336,336,9844.800000000001,0.0,0,0
SKU-00067,34,2024-08-26,306,306,8965.800000000001,0.0,0,0
SKU-00067,35,2024-09-02,356,356,10430.800000000001,0.0,0,0
SKU-00067,36,2024-09-09,240,240,7032.0,0.0,0,0
SKU-00067,37,2024-09-16,379,379,11104.7,0.0,0,0
SKU-00067,38,2024-09-23,311,311,9112.300000000001,0.0,0,0
SKU-00067,39,2024-09-30,323,323,9463.9,0.0,0,0
SKU-00067,40,2024-10-07,300,300,8790.0,0.0,0,0
SKU-00067,41,2024-10-14,310,265,7764.5,1318.5,0,0
SKU-00067,42,2024-10-21,318,318,9317.4,0.0,0,0
SKU-00067,43,2024-10-28,272,272,7969.6,0.0,0,0
SKU-00067,44,2024-11-04,360,360,10548.0,0.0,0,0
SKU-00067,45,2024-11-11,333,316,9258.800000000001,498.1,0,0
SKU-00067,46,2024-11-18,284,99,2900.7000000000003,5420.5,0,0
SKU-00067,47,2024-11-25,325,325,9522.5,0.0,0,0
SKU-00067,48,2024-12-02,286,286,8379.800000000001,0.0,0,0
SKU-00067,49,2024-12-09,238,238,6973.400000000001,0.0,0,0
SKU-00067,50,2024-12-16,222,222,6504.6,0.0,0,0
SKU-00067,51,2024-12-23,278,169,4951.7,3193.7000000000003,0,0
SKU-00067,52,2024-12-30,168,168,4922.400000000001,0.0,0,0
SKU-00067,53,2025-01-06,238,238,6973.400000000001,0.0,0,0
SKU-00067,54,2025-01-13,314,314,9200.2,0.0,0,0
SKU-00067,55,2025-01-20,293,293,8584.9,0.0,1,1
SKU-00067,56,2025-01-27,286,286,8379.800000000001,0.0,1,3
SKU-00067,57,2025-02-03,241,241,7061.3,0.0,0,0
SKU-00067,58,2025-02-10,203,203,5947.900000000001,0.0,0,0
SKU-00067,59,2025-02-17,228,228,6680.400000000001,0.0,0,0
SKU-00067,60,2025-02-24,262,262,7676.6,0.0,0,0
SKU-00067,61,2025-03-03,255,255,7471.5,0.0,0,0
SKU-00067,62,2025-03-10,265,265,7764.5,0.0,0,0
SKU-00067,63,2025-03-17,227,227,6651.1,0.0,0,0
SKU-00067,64,2025-03-24,303,291,8526.300000000001,351.6,0,0
SKU-00067,65,2025-03-31,239,133,3896.9,3105.8,0,0
SKU-00067,66,2025-04-07,185,185,5420.5,0.0,0,0
SKU-00067,67,2025-04-14,309,309,9053.7,0.0,0,0
SKU-00067,68,2025-04-21,329,329,9639.7,0.0,0,0
SKU-00067,69,2025-04-28,346,346,10137.800000000001,0.0,0,0
SKU-00067,70,2025-05-05,289,289,8467.7,0.0,0,0
SKU-00067,71,2025-05-12,223,223,6533.900000000001,0.0,0,0
SKU-00067,72,2025-05-19,291,291,8526.300000000001,0.0,0,0
SKU-00067,73,2025-05-26,216,216,6328.8,0.0,0,0
SKU-00067,74,2025-06-02,303,303,8877.9,0.0,0,0
SKU-00067,75,2025-06-09,394,394,11544.2,0.0,0,0
SKU-00067,76,2025-06-16,393,393,11514.9,0.0,0,0
SKU-00067,77,2025-06-23,477,477,13976.1,0.0,1,5
SKU-00067,78,2025-06-30,280,280,8204.0,0.0,0,0
SKU-00067,79,2025-07-07,401,10,293.0,11456.300000000001,0,0
SKU-00067,80,2025-07-14,346,225,6592.5,3545.3,0,0
SKU-00067,81,2025-07-21,320,320,9376.0,0.0,0,0
SKU-00067,82,2025-07-28,269,269,7881.7,0.0,0,0
SKU-00067,83,2025-08-04,285,285,8350.5,0.0,0,0
SKU-00067,84,2025-08-11,259,259,7588.7,0.0,0,0
SKU-00067,85,2025-08-18,350,350,10255.0,0.0,0,0
SKU-00067,86,2025-08-25,328,328,9610.4,0.0,0,0
SKU-00067,87,2025-09-01,338,48,1406.4,8497.0,0,0
SKU-00067,88,2025-09-08,340,286,8379.800000000001,1582.2,0,0
SKU-00067,89,2025-09-15,313,313,9170.9,0.0,0,0
SKU-00067,90,2025-09-22,327,327,9581.1,0.0,0,0
SKU-00067,91,2025-09-29,377,377,11046.1,0.0,0,0
SKU-00067,92,2025-10-06,221,177,5186.1,1289.2,0,0
SKU-00067,93,2025-10-13,240,211,6182.3,849.7,0,0
SKU-00067,94,2025-10-20,279,279,8174.7,0.0,0,0
SKU-00067,95,2025-10-27,350,350,10255.0,0.0,0,0
SKU-00067,96,2025-11-03,344,344,10079.2,0.0,0,0
SKU-00067,97,2025-11-10,296,296,8672.800000000001,0.0,0,0
SKU-00067,98,2025-11-17,259,259,7588.7,0.0,0,0
SKU-00067,99,2025-11-24,278,278,8145.400000000001,0.0,0,0
SKU-00067,100,2025-12-01,288,288,8438.4,0.0,0,0
SKU-00067,101,2025-12-08,267,267,7823.1,0.0,0,0
SKU-00067,102,2025-12-15,243,243,7119.900000000001,0.0,0,0
SKU-00067,103,2025-12-22,247,247,7237.1,0.0,0,0
SKU-00068,0,2024-01-01,189,189,27603.45,0.0,0,0
SKU-00068,1,2024-01-08,199,199,29063.95,0.0,0,0
SKU-00068,2,2024-01-15,292,292,42646.600000000006,0.0,1,7
SKU-00068,3,2024-01-22,241,241,35198.05,0.0,1,1
SKU-00068,4,2024-01-29,213,213,31108.65,0.0,0,0
SKU-00068,5,2024-02-05,209,209,30524.45,0.0,0,0
SKU-00068,6,2024-02-12,194,194,28333.7,0.0,0,0
SKU-00068,7,2024-02-19,188,188,27457.4,0.0,0,0
SKU-00068,8,2024-02-26,202,202,29502.100000000002,0.0,0,0
SKU-00068,9,2024-03-04,236,236,34467.8,0.0,0,0
SKU-00068,10,2024-03-11,234,234,34175.700000000004,0.0,0,0
SKU-00068,11,2024-03-18,260,260,37973.0,0.0,1,1
SKU-00068,12,2024-03-25,293,293,42792.65,0.0,1,2
SKU-00068,13,2024-04-01,215,215,31400.750000000004,0.0,0,0
SKU-00068,14,2024-04-08,223,204,29794.2,2774.9500000000003,0,0
SKU-00068,15,2024-04-15,250,148,21615.4,14897.1,0,0
SKU-00068,16,2024-04-22,245,168,24536.4,11245.85,0,0
SKU-00068,17,2024-04-29,268,258,37680.9,1460.5,0,0
SKU-00068,18,2024-05-06,260,260,37973.0,0.0,0,0
SKU-00068,19,2024-05-13,254,210,30670.500000000004,6426.200000000001,0,0
SKU-00068,20,2024-05-20,289,227,33153.350000000006,9055.1,0,0
SKU-00068,21,2024-05-27,248,160,23368.0,12852.400000000001,0,0
SKU-00068,22,2024-06-03,248,220,32131.000000000004,4089.4000000000005,0,0
SKU-00068,23,2024-06-10,269,269,39287.450000000004,0.0,0,0
SKU-00068,24,2024-06-17,289,289,42208.450000000004,0.0,0,0
SKU-00068,25,2024-06-24,374,372,54330.600000000006,292.1,0,0
SKU-00068,26,2024-07-01,313,166,24244.300000000003,21469.350000000002,0,0
SKU-00068,27,2024-07-08,333,301,43961.05,4673.6,0,0
SKU-00068,28,2024-07-15,449,350,51117.50000000001,14458.95,1,3
SKU-00068,29,2024-07-22,280,240,35052.0,5842.0,0,0
SKU-00068,30,2024-07-29,328,328,47904.4,0.0,0,0
SKU-00068,31,2024-08-05,283,258,37680.9,3651.2500000000005,0,0
SKU-00068,32,2024-08-12,593,540,78867.0,7740.650000000001,1,6
SKU-00068,33,2024-08-19,249,122,17818.100000000002,18548.350000000002,0,0
SKU-00068,34,2024-08-26,333,234,34175.700000000004,14458.95,0,0
SKU-00068,35,2024-09-02,299,190,27749.500000000004,15919.45,0,0
SKU-00068,36,2024-09-09,318,191,27895.550000000003,18548.350000000002,0,0
SKU-00068,37,2024-09-16,290,197,28771.850000000002,13582.650000000001,0,0
SKU-00068,38,2024-09-23,286,286,41770.3,0.0,0,0
SKU-00068,39,2024-09-30,268,268,39141.4,0.0,0,0
SKU-00068,40,2024-10-07,409,409,59734.450000000004,0.0,1,3
SKU-00068,41,2024-10-14,416,321,46882.05,13874.750000000002,1,3
SKU-00068,42,2024-10-21,256,256,37388.8,0.0,0,0
SKU-00068,43,2024-10-28,288,251,36658.55,5403.85,0,0
SKU-00068,44,2024-11-04,236,176,25704.800000000003,8763.0,0,0
SKU-00068,45,2024-11-11,263,263,38411.15,0.0,0,0
SKU-00068,46,2024-11-18,249,249,36366.450000000004,0.0,0,0
SKU-00068,47,2024-11-25,278,234,34175.700000000004,6426.200000000001,0,0
SKU-00068,48,2024-12-02,255,208,30378.4,6864.35,0,0
SKU-00068,49,2024-12-09,240,235,34321.75,730.25,0,0
SKU-00068,50,2024-12-16,232,232,33883.600000000006,0.0,0,0
SKU-00068,51,2024-12-23,257,257,37534.850000000006,0.0,0,0
SKU-00068,52,2024-12-30,237,237,34613.850000000006,0.0,0,0
SKU-00068,53,2025-01-06,212,198,28917.9,2044.7000000000003,0,0
SKU-00068,54,2025-01-13,206,206,30086.300000000003,0.0,0,0
SKU-00068,55,2025-01-20,266,266,38849.3,0.0,0,0
SKU-00068,56,2025-01-27,189,189,27603.45,0.0,0,0
SKU-00068,57,2025-02-03,252,188,27457.4,9347.2,0,0
SKU-00068,58,2025-02-10,237,237,34613.850000000006,0.0,0,0
SKU-00068,59,2025-02-17,190,190,27749.500000000004,0.0,0,0
SKU-00068,60,2025-02-24,204,204,29794.2,0.0,0,0
SKU-00068,61,2025-03-03,242,242,35344.100000000006,0.0,0,0
SKU-00068,62,2025-03-10,229,229,33445.450000000004,0.0,0,0
SKU-00068,63,2025-03-17,207,207,30232.350000000002,0.0,0,0
SKU-00068,64,2025-03-24,269,269,39287.450000000004,0.0,0,0
SKU-00068,65,2025-03-31,240,129,18840.45,16211.550000000001,0,0
SKU-00068,66,2025-04-07,253,198,28917.9,8032.750000000001,0,0
SKU-00068,67,2025-04-14,288,288,42062.4,0.0,0,0
SKU-00068,68,2025-04-21,309,248,36220.4,8909.050000000001,0,0
SKU-00068,69,2025-04-28,355,327,47758.350000000006,4089.4000000000005,0,0
SKU-00068,70,2025-05-05,288,135,19716.75,22345.65,0,0
SKU-00068,71,2025-05-12,335,307,44837.350000000006,4089.4000000000005,0,0
SKU-00068,72,2025-05-19,271,226,33007.3,6572.250000000001,0,0
SKU-00068,73,2025-05-26,508,508,74193.40000000001,0.0,1,5
SKU-00068,74,2025-06-02,296,184,26873.2,16357.600000000002,0,0
SKU-00068,75,2025-06-09,347,312,45567.600000000006,5111.75,0,0
SKU-00068,76,2025-06-16,290,290,42354.5,0.0,0,0
SKU-00068,77,2025-06-23,298,288,42062.4,1460.5,0,0
SKU-00068,78,2025-06-30,371,351,51263.55,2921.0,0,0
SKU-00068,79,2025-07-07,323,141,20593.050000000003,26581.100000000002,0,0
SKU-00068,80,2025-07-14,325,249,36366.450000000004,11099.800000000001,0,0
SKU-00068,81,2025-07-21,347,347,50679.350000000006,0.0,0,0
SKU-00068,82,2025-07-28,343,343,50095.15,0.0,0,0
SKU-00068,83,2025-08-04,349,318,46443.9,4527.55,0,0
SKU-00068,84,2025-08-11,338,257,37534.850000000006,11830.050000000001,0,0
SKU-00068,85,2025-08-18,330,258,37680.9,10515.6,0,0
SKU-00068,86,2025-08-25,352,352,51409.600000000006,0.0,0,0
SKU-00068,87,2025-09-01,326,232,33883.600000000006,13728.7,0,0
SKU-00068,88,2025-09-08,329,217,31692.850000000002,16357.600000000002,0,0
SKU-00068,89,2025-09-15,355,241,35198.05,16649.7,0,0
SKU-00068,90,2025-09-22,391,391,57105.55,0.0,0,0
SKU-00068,91,2025-09-29,339,231,33737.55,15773.400000000001,0,0
SKU-00068,92,2025-10-06,260,174,25412.7,12560.300000000001,0,0
SKU-00068,93,2025-10-13,276,197,28771.850000000002,11537.95,0,0
SKU-00068,94,2025-10-20,283,220,32131.000000000004,9201.150000000001,0,0
SKU-00068,95,2025-10-27,314,296,43230.8,2628.9,0,0
SKU-00068,96,2025-11-03,220,220,32131.000000000004,0.0,0,0
SKU-00068,97,2025-11-10,279,279,40747.950000000004,0.0,0,0
SKU-00068,98,2025-11-17,255,216,31546.800000000003,5695.950000000001,0,0
SKU-00068,99,2025-11-24,264,244,35636.200000000004,2921.0,0,0
SKU-00068,100,2025-12-01,274,263,38411.15,1606.5500000000002,0,0
SKU-00068,101,2025-12-08,257,248,36220.4,1314.45,0,0
SKU-00068,102,2025-12-15,247,244,35636.200000000004,438.15000000000003,0,0
SKU-00068,103,2025-12-22,231,231,33737.55,0.0,0,0
SKU-00069,0,2024-01-01,659,659,7624.63,0.0,0,0
SKU-00069,1,2024-01-08,339,339,3922.23,0.0,0,0
SKU-00069,2,2024-01-15,639,639,7393.2300000000005,0.0,0,0
SKU-00069,3,2024-01-22,481,481,5565.17,0.0,0,0
SKU-00069,4,2024-01-29,694,694,8029.58,0.0,0,0
SKU-00069,5,2024-02-05,776,476,5507.32,3471.0,1,2
SKU-00069,6,2024-02-12,903,903,10447.710000000001,0.0,1,6
SKU-00069,7,2024-02-19,540,380,4396.6,1851.2,0,0
SKU-00069,8,2024-02-26,691,501,5796.57,2198.3,0,0
SKU-00069,9,2024-03-04,672,672,7775.04,0.0,0,0
SKU-00069,10,2024-03-11,682,682,7890.74,0.0,0,0
SKU-00069,11,2024-03-18,685,685,7925.45,0.0,0,0
SKU-00069,12,2024-03-25,433,433,5009.81,0.0,0,0
SKU-00069,13,2024-04-01,609,609,7046.13,0.0,0,0
SKU-00069,14,2024-04-08,563,563,6513.91,0.0,0,0
SKU-00069,15,2024-04-15,526,526,6085.82,0.0,0,0
SKU-00069,16,2024-04-22,498,217,2510.69,3251.17,0,0
SKU-00069,17,2024-04-29,460,460,5322.2,0.0,0,0
SKU-00069,18,2024-05-06,344,344,3980.08,0.0,0,0
SKU-00069,19,2024-05-13,445,445,5148.650000000001,0.0,0,0
SKU-00069,20,2024-05-20,564,404,4674.28,1851.2,0,0
SKU-00069,21,2024-05-27,475,414,4789.9800000000005,705.77,0,0
SKU-00069,22,2024-06-03,825,825,9545.25,0.0,1,7
SKU-00069,23,2024-06-10,511,511,5912.27,0.0,0,0
SKU-00069,24,2024-06-17,449,358,4142.06,1052.8700000000001,0,0
SKU-00069,25,2024-06-24,394,394,4558.58,0.0,0,0
SKU-00069,26,2024-07-01,407,407,4708.99,0.0,0,0
SKU-00069,27,2024-07-08,475,475,5495.75,0.0,0,0
SKU-00069,28,2024-07-15,430,430,4975.1,0.0,0,0
SKU-00069,29,2024-07-22,501,501,5796.57,0.0,0,0
SKU-00069,30,2024-07-29,464,464,5368.4800000000005,0.0,0,0
SKU-00069,31,2024-08-05,468,468,5414.76,0.0,0,0
SKU-00069,32,2024-08-12,600,600,6942.0,0.0,0,0
SKU-00069,33,2024-08-19,495,495,5727.150000000001,0.0,0,0
SKU-00069,34,2024-08-26,738,738,8538.66,0.0,0,0
SKU-00069,35,2024-09-02,685,668,7728.76,196.69,0,0
SKU-00069,36,2024-09-09,795,299,3459.4300000000003,5738.72,0,0
SKU-00069,37,2024-09-16,657,657,7601.49,0.0,0,0
SKU-00069,38,2024-09-23,723,723,8365.11,0.0,0,0
SKU-00069,39,2024-09-30,703,703,8133.71,0.0,0,0
SKU-00069,40,2024-10-07,599,514,5946.9800000000005,983.45,0,0
SKU-00069,41,2024-10-14,769,238,2753.66,6143.67,0,0
SKU-00069,42,2024-10-21,600,600,6942.0,0.0,0,0
SKU-00069,43,2024-10-28,774,774,8955.18,0.0,0,0
SKU-00069,44,2024-11-04,781,781,9036.17,0.0,0,0
SKU-00069,45,2024-11-11,673,673,7786.610000000001,0.0,0,0
SKU-00069,46,2024-11-18,767,437,5056.09,3818.1,0,0
SKU-00069,47,2024-11-25,843,843,9753.51,0.0,0,0
SKU-00069,48,2024-12-02,837,837,9684.09,0.0,0,0
SKU-00069,49,2024-12-09,980,980,11338.6,0.0,0,0
SKU-00069,50,2024-12-16,935,935,10817.95,0.0,0,0
SKU-00069,51,2024-12-23,921,206,2383.42,8272.550000000001,0,0
SKU-00069,52,2024-12-30,938,313,3621.4100000000003,7231.25,0,0
SKU-00069,53,2025-01-06,775,775,8966.75,0.0,0,0
SKU-00069,54,2025-01-13,914,781,9036.17,1538.81,0,0
SKU-00069,55,2025-01-20,1071,425,4917.25,7474.22,1,3
SKU-00069,56,2025-01-27,911,911,10540.27,0.0,1,1
SKU-00069,57,2025-02-03,819,819,9475.83,0.0,0,0
SKU-00069,58,2025-02-10,738,738,8538.66,0.0,0,0
SKU-00069,59,2025-02-17,833,833,9637.81,0.0,0,0
SKU-00069,60,2025-02-24,1095,649,7508.93,5160.22,0,0
SKU-00069,61,2025-03-03,881,881,10193.17,0.0,0,0
SKU-00069,62,2025-03-10,951,882,10204.74,798.33,0,0
SKU-00069,63,2025-03-17,692,692,8006.4400000000005,0.0,0,0
SKU-00069,64,2025-03-24,766,710,8214.7,647.9200000000001,0,0
SKU-00069,65,2025-03-31,664,664,7682.4800000000005,0.0,0,0
SKU-00069,66,2025-04-07,706,706,8168.42,0.0,0,0
SKU-00069,67,2025-04-14,566,566,6548.62,0.0,0,0
SKU-00069,68,2025-04-21,594,594,6872.58,0.0,0,0
SKU-00069,69,2025-04-28,759,642,7427.9400000000005,1353.69,0,0
SKU-00069,70,2025-05-05,830,830,9603.1,0.0,0,0
SKU-00069,71,2025-05-12,594,358,4142.06,2730.52,0,0
SKU-00069,72,2025-05-19,743,244,2823.08,5773.43,1,3
SKU-00069,73,2025-05-26,613,613,7092.41,0.0,1,2
SKU-00069,74,2025-06-02,651,651,7532.070000000001,0.0,0,0
SKU-00069,75,2025-06-09,703,703,8133.71,0.0,0,0
SKU-00069,76,2025-06-16,735,735,8503.95,0.0,0,0
SKU-00069,77,2025-06-23,504,277,3204.89,2626.39,0,0
SKU-00069,78,2025-06-30,501,0,0.0,5796.57,0,0
SKU-00069,79,2025-07-07,623,472,5461.04,1747.07,0,0
SKU-00069,80,2025-07-14,615,615,7115.55,0.0,0,0
SKU-00069,81,2025-07-21,583,583,6745.31,0.0,0,0
SKU-00069,82,2025-07-28,499,499,5773.43,0.0,0,0
SKU-00069,83,2025-08-04,787,787,9105.59,0.0,0,0
SKU-00069,84,2025-08-11,862,862,9973.34,0.0,1,5
SKU-00069,85,2025-08-18,564,564,6525.4800000000005,0.0,1,1
SKU-00069,86,2025-08-25,916,916,10598.12,0.0,1,4
SKU-00069,87,2025-09-01,683,683,7902.31,0.0,0,0
SKU-00069,88,2025-09-08,671,671,7763.47,0.0,0,0
SKU-00069,89,2025-09-15,836,319,3690.83,5981.6900000000005,0,0
SKU-00069,90,2025-09-22,605,605,6999.85,0.0,0,0
SKU-00069,91,2025-09-29,610,610,7057.7,0.0,0,0
SKU-00069,92,2025-10-06,806,806,9325.42,0.0,0,0
SKU-00069,93,2025-10-13,1059,1059,12252.630000000001,0.0,0,0
SKU-00069,94,2025-10-20,933,933,10794.81,0.0,0,0
SKU-00069,95,2025-10-27,883,883,10216.31,0.0,0,0
SKU-00069,96,2025-11-03,950,950,10991.5,0.0,0,0
SKU-00069,97,2025-11-10,847,311,3598.27,6201.52,0,0
SKU-00069,98,2025-11-17,1151,0,0.0,13317.07,0,0
SKU-00069,99,2025-11-24,874,745,8619.65,1492.53,0,0
SKU-00069,100,2025-12-01,873,873,10100.61,0.0,0,0
SKU-00069,101,2025-12-08,1148,103,1191.71,12090.65,0,0
SKU-00069,102,2025-12-15,1184,0,0.0,13698.880000000001,0,0
SKU-00069,103,2025-12-22,1109,518,5993.26,6837.87,0,0
SKU-00070,0,2024-01-01,76,76,155.79999999999998,0.0,1,3
SKU-00070,1,2024-01-08,60,60,122.99999999999999,0.0,0,0
SKU-00070,2,2024-01-15,62,62,127.1,0.0,0,0
SKU-00070,3,2024-01-22,67,67,137.35,0.0,0,0
SKU-00070,4,2024-01-29,63,63,129.14999999999998,0.0,0,0
SKU-00070,5,2024-02-05,69,69,141.45,0.0,0,0
SKU-00070,6,2024-02-12,69,69,141.45,0.0,0,0
SKU-00070,7,2024-02-19,68,62,127.1,12.299999999999999,0,0
SKU-00070,8,2024-02-26,53,53,108.64999999999999,0.0,0,0
SKU-00070,9,2024-03-04,65,65,133.25,0.0,0,0
SKU-00070,10,2024-03-11,74,45,92.24999999999999,59.449999999999996,0,0
SKU-00070,11,2024-03-18,65,32,65.6,67.64999999999999,0,0
SKU-00070,12,2024-03-25,67,67,137.35,0.0,0,0
SKU-00070,13,2024-04-01,80,80,164.0,0.0,0,0
SKU-00070,14,2024-04-08,68,63,129.14999999999998,10.25,0,0
SKU-00070,15,2024-04-15,71,66,135.29999999999998,10.25,0,0
SKU-00070,16,2024-04-22,66,66,135.29999999999998,0.0,0,0
SKU-00070,17,2024-04-29,61,37,75.85,49.199999999999996,0,0
SKU-00070,18,2024-05-06,70,64,131.2,12.299999999999999,0,0
SKU-00070,19,2024-05-13,89,74,151.7,30.749999999999996,1,3
SKU-00070,20,2024-05-20,72,54,110.69999999999999,36.9,1,1
SKU-00070,21,2024-05-27,60,44,90.19999999999999,32.8,0,0
SKU-00070,22,2024-06-03,55,54,110.69999999999999,2.05,0,0
SKU-00070,23,2024-06-10,59,59,120.94999999999999,0.0,0,0
SKU-00070,24,2024-06-17,58,58,118.89999999999999,0.0,0,0
SKU-00070,25,2024-06-24,54,54,110.69999999999999,0.0,0,0
SKU-00070,26,2024-07-01,57,57,116.85,0.0,0,0
SKU-00070,27,2024-07-08,58,58,118.89999999999999,0.0,0,0
SKU-00070,28,2024-07-15,56,48,98.39999999999999,16.4,0,0
SKU-00070,29,2024-07-22,45,39,79.94999999999999,12.299999999999999,0,0
SKU-00070,30,2024-07-29,50,50,102.49999999999999,0.0,0,0
SKU-00070,31,2024-08-05,50,50,102.49999999999999,0.0,1,1
SKU-00070,32,2024-08-12,64,45,92.24999999999999,38.949999999999996,1,6
SKU-00070,33,2024-08-19,43,43,88.14999999999999,0.0,0,0
SKU-00070,34,2024-08-26,46,46,94.3,0.0,0,0
SKU-00070,35,2024-09-02,45,45,92.24999999999999,0.0,0,0
SKU-00070,36,2024-09-09,44,44,90.19999999999999,0.0,0,0
SKU-00070,37,2024-09-16,43,43,88.14999999999999,0.0,0,0
SKU-00070,38,2024-09-23,43,43,88.14999999999999,0.0,0,0
SKU-00070,39,2024-09-30,43,43,88.14999999999999,0.0,0,0
SKU-00070,40,2024-10-07,39,39,79.94999999999999,0.0,0,0
SKU-00070,41,2024-10-14,44,44,90.19999999999999,0.0,0,0
SKU-00070,42,2024-10-21,42,42,86.1,0.0,0,0
SKU-00070,43,2024-10-28,67,59,120.94999999999999,16.4,1,5
SKU-00070,44,2024-11-04,49,49,100.44999999999999,0.0,1,1
SKU-00070,45,2024-11-11,43,43,88.14999999999999,0.0,0,0
SKU-00070,46,2024-11-18,46,46,94.3,0.0,0,0
SKU-00070,47,2024-11-25,44,38,77.89999999999999,12.299999999999999,0,0
SKU-00070,48,2024-12-02,48,28,57.39999999999999,41.0,0,0
SKU-00070,49,2024-12-09,44,44,90.19999999999999,0.0,0,0
SKU-00070,50,2024-12-16,48,48,98.39999999999999,0.0,0,0
SKU-00070,51,2024-12-23,55,55,112.74999999999999,0.0,0,0
SKU-00070,52,2024-12-30,50,47,96.35,6.1499999999999995,0,0
SKU-00070,53,2025-01-06,49,49,100.44999999999999,0.0,0,0
SKU-00070,54,2025-01-13,57,57,116.85,0.0,0,0
SKU-00070,55,2025-01-20,49,49,100.44999999999999,0.0,0,0
SKU-00070,56,2025-01-27,54,34,69.69999999999999,41.0,0,0
SKU-00070,57,2025-02-03,53,53,108.64999999999999,0.0,0,0
SKU-00070,58,2025-02-10,50,50,102.49999999999999,0.0,0,0
SKU-00070,59,2025-02-17,61,61,125.04999999999998,0.0,0,0
SKU-00070,60,2025-02-24,62,62,127.1,0.0,0,0
SKU-00070,61,2025-03-03,66,66,135.29999999999998,0.0,0,0
SKU-00070,62,2025-03-10,58,50,102.49999999999999,16.4,0,0
SKU-00070,63,2025-03-17,58,58,118.89999999999999,0.0,0,0
SKU-00070,64,2025-03-24,54,53,108.64999999999999,2.05,0,0
SKU-00070,65,2025-03-31,61,57,116.85,8.2,0,0
SKU-00070,66,2025-04-07,60,51,104.55,18.45,0,0
SKU-00070,67,2025-04-14,58,58,118.89999999999999,0.0,0,0
SKU-00070,68,2025-04-21,85,77,157.85,16.4,1,4
SKU-00070,69,2025-04-28,51,51,104.55,0.0,0,0
SKU-00070,70,2025-05-05,55,55,112.74999999999999,0.0,0,0
SKU-00070,71,2025-05-12,57,45,92.24999999999999,24.599999999999998,0,0
SKU-00070,72,2025-05-19,48,33,67.64999999999999,30.749999999999996,0,0
SKU-00070,73,2025-05-26,57,57,116.85,0.0,0,0
SKU-00070,74,2025-06-02,52,52,106.6,0.0,0,0
SKU-00070,75,2025-06-09,49,49,100.44999999999999,0.0,0,0
SKU-00070,76,2025-06-16,50,50,102.49999999999999,0.0,0,0
SKU-00070,77,2025-06-23,44,44,90.19999999999999,0.0,0,0
SKU-00070,78,2025-06-30,49,49,100.44999999999999,0.0,0,0
SKU-00070,79,2025-07-07,46,46,94.3,0.0,0,0
SKU-00070,80,2025-07-14,47,47,96.35,0.0,0,0
SKU-00070,81,2025-07-21,42,42,86.1,0.0,0,0
SKU-00070,82,2025-07-28,86,86,176.29999999999998,0.0,1,5
SKU-00070,83,2025-08-04,38,38,77.89999999999999,0.0,0,0
SKU-00070,84,2025-08-11,39,39,79.94999999999999,0.0,0,0
SKU-00070,85,2025-08-18,40,40,82.0,0.0,0,0
SKU-00070,86,2025-08-25,37,37,75.85,0.0,0,0
SKU-00070,87,2025-09-01,33,33,67.64999999999999,0.0,0,0
SKU-00070,88,2025-09-08,37,37,75.85,0.0,0,0
SKU-00070,89,2025-09-15,37,37,75.85,0.0,0,0
SKU-00070,90,2025-09-22,33,33,67.64999999999999,0.0,0,0
SKU-00070,91,2025-09-29,36,36,73.8,0.0,0,0
SKU-00070,92,2025-10-06,39,39,79.94999999999999,0.0,0,0
SKU-00070,93,2025-10-13,36,36,73.8,0.0,0,0
SKU-00070,94,2025-10-20,35,35,71.75,0.0,0,0
SKU-00070,95,2025-10-27,36,36,73.8,0.0,0,0
SKU-00070,96,2025-11-03,38,38,77.89999999999999,0.0,0,0
SKU-00070,97,2025-11-10,42,42,86.1,0.0,0,0
SKU-00070,98,2025-11-17,61,61,125.04999999999998,0.0,1,6
SKU-00070,99,2025-11-24,46,46,94.3,0.0,1,1
SKU-00070,100,2025-12-01,40,40,82.0,0.0,0,0
SKU-00070,101,2025-12-08,47,47,96.35,0.0,0,0
SKU-00070,102,2025-12-15,38,38,77.89999999999999,0.0,0,0
SKU-00070,103,2025-12-22,43,39,79.94999999999999,8.2,0,0
SKU-00071,0,2024-01-01,327,327,4005.75,0.0,0,0
SKU-00071,1,2024-01-08,365,365,4471.25,0.0,0,0
SKU-00071,2,2024-01-15,411,411,5034.75,0.0,0,0
SKU-00071,3,2024-01-22,331,331,4054.75,0.0,0,0
SKU-00071,4,2024-01-29,503,503,6161.75,0.0,0,0
SKU-00071,5,2024-02-05,480,475,5818.75,61.25,1,3
SKU-00071,6,2024-02-12,408,181,2217.25,2780.75,1,4
SKU-00071,7,2024-02-19,451,451,5524.75,0.0,0,0
SKU-00071,8,2024-02-26,535,535,6553.75,0.0,1,1
SKU-00071,9,2024-03-04,540,540,6615.0,0.0,1,4
SKU-00071,10,2024-03-11,355,297,3638.25,710.5,0,0
SKU-00071,11,2024-03-18,490,0,0.0,6002.5,0,0
SKU-00071,12,2024-03-25,425,258,3160.5,2045.75,0,0
SKU-00071,13,2024-04-01,515,515,6308.75,0.0,0,0
SKU-00071,14,2024-04-08,400,400,4900.0,0.0,0,0
SKU-00071,15,2024-04-15,475,475,5818.75,0.0,0,0
SKU-00071,16,2024-04-22,331,331,4054.75,0.0,0,0
SKU-00071,17,2024-04-29,531,531,6504.75,0.0,1,1
SKU-00071,18,2024-05-06,311,311,3809.75,0.0,1,3
SKU-00071,19,2024-05-13,283,283,3466.75,0.0,0,0
SKU-00071,20,2024-05-20,452,452,5537.0,0.0,0,0
SKU-00071,21,2024-05-27,421,421,5157.25,0.0,0,0
SKU-00071,22,2024-06-03,414,414,5071.5,0.0,0,0
SKU-00071,23,2024-06-10,498,498,6100.5,0.0,0,0
SKU-00071,24,2024-06-17,473,415,5083.75,710.5,0,0
SKU-00071,25,2024-06-24,510,510,6247.5,0.0,0,0
SKU-00071,26,2024-07-01,508,508,6223.0,0.0,0,0
SKU-00071,27,2024-07-08,390,390,4777.5,0.0,0,0
SKU-00071,28,2024-07-15,549,549,6725.25,0.0,0,0
SKU-00071,29,2024-07-22,421,421,5157.25,0.0,0,0
SKU-00071,30,2024-07-29,502,502,6149.5,0.0,0,0
SKU-00071,31,2024-08-05,539,539,6602.75,0.0,0,0
SKU-00071,32,2024-08-12,510,510,6247.5,0.0,0,0
SKU-00071,33,2024-08-19,380,214,2621.5,2033.5,0,0
SKU-00071,34,2024-08-26,569,569,6970.25,0.0,0,0
SKU-00071,35,2024-09-02,462,462,5659.5,0.0,0,0
SKU-00071,36,2024-09-09,595,595,7288.75,0.0,0,0
SKU-00071,37,2024-09-16,565,346,4238.5,2682.75,0,0
SKU-00071,38,2024-09-23,530,530,6492.5,0.0,0,0
SKU-00071,39,2024-09-30,400,400,4900.0,0.0,0,0
SKU-00071,40,2024-10-07,393,393,4814.25,0.0,0,0
SKU-00071,41,2024-10-14,583,583,7141.75,0.0,0,0
SKU-00071,42,2024-10-21,447,257,3148.25,2327.5,0,0
SKU-00071,43,2024-10-28,370,218,2670.5,1862.0,0,0
SKU-00071,44,2024-11-04,380,380,4655.0,0.0,0,0
SKU-00071,45,2024-11-11,337,337,4128.25,0.0,0,0
SKU-00071,46,2024-11-18,402,402,4924.5,0.0,0,0
SKU-00071,47,2024-11-25,535,535,6553.75,0.0,0,0
SKU-00071,48,2024-12-02,481,481,5892.25,0.0,0,0
SKU-00071,49,2024-12-09,330,330,4042.5,0.0,0,0
SKU-00071,50,2024-12-16,465,465,5696.25,0.0,0,0
SKU-00071,51,2024-12-23,340,340,4165.0,0.0,0,0
SKU-00071,52,2024-12-30,363,363,4446.75,0.0,0,0
SKU-00071,53,2025-01-06,394,394,4826.5,0.0,0,0
SKU-00071,54,2025-01-13,370,203,2486.75,2045.75,0,0
SKU-00071,55,2025-01-20,368,368,4508.0,0.0,0,0
SKU-00071,56,2025-01-27,318,318,3895.5,0.0,0,0
SKU-00071,57,2025-02-03,395,395,4838.75,0.0,0,0
SKU-00071,58,2025-02-10,327,327,4005.75,0.0,0,0
SKU-00071,59,2025-02-17,310,310,3797.5,0.0,0,0
SKU-00071,60,2025-02-24,331,331,4054.75,0.0,0,0
SKU-00071,61,2025-03-03,388,388,4753.0,0.0,0,0
SKU-00071,62,2025-03-10,302,302,3699.5,0.0,0,0
SKU-00071,63,2025-03-17,303,303,3711.75,0.0,0,0
SKU-00071,64,2025-03-24,440,440,5390.0,0.0,0,0
SKU-00071,65,2025-03-31,268,268,3283.0,0.0,0,0
SKU-00071,66,2025-04-07,431,431,5279.75,0.0,0,0
SKU-00071,67,2025-04-14,444,444,5439.0,0.0,0,0
SKU-00071,68,2025-04-21,310,310,3797.5,0.0,0,0
SKU-00071,69,2025-04-28,382,382,4679.5,0.0,0,0
SKU-00071,70,2025-05-05,521,521,6382.25,0.0,0,0
SKU-00071,71,2025-05-12,457,457,5598.25,0.0,0,0
SKU-00071,72,2025-05-19,454,454,5561.5,0.0,0,0
SKU-00071,73,2025-05-26,352,352,4312.0,0.0,0,0
SKU-00071,74,2025-06-02,435,435,5328.75,0.0,0,0
SKU-00071,75,2025-06-09,352,352,4312.0,0.0,0,0
SKU-00071,76,2025-06-16,539,539,6602.75,0.0,0,0
SKU-00071,77,2025-06-23,671,671,8219.75,0.0,1,4
SKU-00071,78,2025-06-30,494,365,4471.25,1580.25,0,0
SKU-00071,79,2025-07-07,669,669,8195.25,0.0,0,0
SKU-00071,80,2025-07-14,377,377,4618.25,0.0,1,4
SKU-00071,81,2025-07-21,427,427,5230.75,0.0,0,0
SKU-00071,82,2025-07-28,574,574,7031.5,0.0,0,0
SKU-00071,83,2025-08-04,635,635,7778.75,0.0,1,5
SKU-00071,84,2025-08-11,374,374,4581.5,0.0,0,0
SKU-00071,85,2025-08-18,468,468,5733.0,0.0,0,0
SKU-00071,86,2025-08-25,548,473,5794.25,918.75,0,0
SKU-00071,87,2025-09-01,553,0,0.0,6774.25,0,0
SKU-00071,88,2025-09-08,548,249,3050.25,3662.75,0,0
SKU-00071,89,2025-09-15,533,533,6529.25,0.0,0,0
SKU-00071,90,2025-09-22,523,523,6406.75,0.0,0,0
SKU-00071,91,2025-09-29,321,321,3932.25,0.0,0,0
SKU-00071,92,2025-10-06,449,449,5500.25,0.0,0,0
SKU-00071,93,2025-10-13,652,652,7987.0,0.0,1,6
SKU-00071,94,2025-10-20,296,296,3626.0,0.0,1,1
SKU-00071,95,2025-10-27,469,469,5745.25,0.0,0,0
SKU-00071,96,2025-11-03,418,418,5120.5,0.0,0,0
SKU-00071,97,2025-11-10,692,660,8085.0,392.0,1,3
SKU-00071,98,2025-11-17,300,0,0.0,3675.0,0,0
SKU-00071,99,2025-11-24,431,204,2499.0,2780.75,0,0
SKU-00071,100,2025-12-01,392,392,4802.0,0.0,0,0
SKU-00071,101,2025-12-08,267,267,3270.75,0.0,0,0
SKU-00071,102,2025-12-15,238,238,2915.5,0.0,0,0
SKU-00071,103,2025-12-22,392,392,4802.0,0.0,0,0
SKU-00072,0,2024-01-01,50,50,614.5,0.0,0,0
SKU-00072,1,2024-01-08,54,54,663.66,0.0,0,0
SKU-00072,2,2024-01-15,53,53,651.37,0.0,0,0
SKU-00072,3,2024-01-22,51,51,626.79,0.0,0,0
SKU-00072,4,2024-01-29,51,51,626.79,0.0,0,0
SKU-00072,5,2024-02-05,49,49,602.2099999999999,0.0,0,0
SKU-00072,6,2024-02-12,48,48,589.92,0.0,0,0
SKU-00072,7,2024-02-19,47,47,577.63,0.0,0,0
SKU-00072,8,2024-02-26,46,46,565.3399999999999,0.0,0,0
SKU-00072,9,2024-03-04,49,49,602.2099999999999,0.0,0,0
SKU-00072,10,2024-03-11,46,30,368.7,196.64,0,0
SKU-00072,11,2024-03-18,45,45,553.05,0.0,0,0
SKU-00072,12,2024-03-25,47,47,577.63,0.0,0,0
SKU-00072,13,2024-04-01,51,51,626.79,0.0,1,1
SKU-00072,14,2024-04-08,51,51,626.79,0.0,1,2
SKU-00072,15,2024-04-15,43,43,528.4699999999999,0.0,1,1
SKU-00072,16,2024-04-22,48,48,589.92,0.0,1,6
SKU-00072,17,2024-04-29,40,40,491.59999999999997,0.0,0,0
SKU-00072,18,2024-05-06,39,39,479.30999999999995,0.0,0,0
SKU-00072,19,2024-05-13,39,39,479.30999999999995,0.0,0,0
SKU-00072,20,2024-05-20,38,38,467.02,0.0,0,0
SKU-00072,21,2024-05-27,36,36,442.43999999999994,0.0,0,0
SKU-00072,22,2024-06-03,36,25,307.25,135.19,0,0
SKU-00072,23,2024-06-10,33,17,208.92999999999998,196.64,0,0
SKU-00072,24,2024-06-17,36,17,208.92999999999998,233.51,0,0
SKU-00072,25,2024-06-24,39,37,454.72999999999996,24.58,1,2
SKU-00072,26,2024-07-01,44,44,540.76,0.0,1,3
SKU-00072,27,2024-07-08,34,34,417.85999999999996,0.0,0,0
SKU-00072,28,2024-07-15,33,33,405.57,0.0,0,0
SKU-00072,29,2024-07-22,33,33,405.57,0.0,0,0
SKU-00072,30,2024-07-29,34,34,417.85999999999996,0.0,0,0
SKU-00072,31,2024-08-05,35,35,430.15,0.0,0,0
SKU-00072,32,2024-08-12,36,36,442.43999999999994,0.0,0,0
SKU-00072,33,2024-08-19,40,40,491.59999999999997,0.0,0,0
SKU-00072,34,2024-08-26,38,38,467.02,0.0,0,0
SKU-00072,35,2024-09-02,38,34,417.85999999999996,49.16,0,0
SKU-00072,36,2024-09-09,38,38,467.02,0.0,0,0
SKU-00072,37,2024-09-16,39,39,479.30999999999995,0.0,0,0
SKU-00072,38,2024-09-23,41,41,503.89,0.0,0,0
SKU-00072,39,2024-09-30,47,47,577.63,0.0,0,0
SKU-00072,40,2024-10-07,48,48,589.92,0.0,0,0
SKU-00072,41,2024-10-14,51,37,454.72999999999996,172.06,0,0
SKU-00072,42,2024-10-21,50,44,540.76,73.74,0,0
SKU-00072,43,2024-10-28,52,52,639.0799999999999,0.0,0,0
SKU-00072,44,2024-11-04,56,36,442.43999999999994,245.79999999999998,0,0
SKU-00072,45,2024-11-11,55,55,675.9499999999999,0.0,0,0
SKU-00072,46,2024-11-18,55,42,516.18,159.76999999999998,0,0
SKU-00072,47,2024-11-25,53,38,467.02,184.35,0,0
SKU-00072,48,2024-12-02,56,47,577.63,110.60999999999999,0,0
SKU-00072,49,2024-12-09,62,59,725.1099999999999,36.87,0,0
SKU-00072,50,2024-12-16,56,25,307.25,380.98999999999995,0,0
SKU-00072,51,2024-12-23,69,64,786.56,61.449999999999996,1,4
SKU-00072,52,2024-12-30,57,57,700.53,0.0,0,0
SKU-00072,53,2025-01-06,59,29,356.40999999999997,368.7,0,0
SKU-00072,54,2025-01-13,52,33,405.57,233.51,0,0
SKU-00072,55,2025-01-20,58,58,712.8199999999999,0.0,0,0
SKU-00072,56,2025-01-27,56,45,553.05,135.19,0,0
SKU-00072,57,2025-02-03,54,31,380.98999999999995,282.66999999999996,0,0
SKU-00072,58,2025-02-10,55,55,675.9499999999999,0.0,0,0
SKU-00072,59,2025-02-17,55,55,675.9499999999999,0.0,0,0
SKU-00072,60,2025-02-24,57,57,700.53,0.0,0,0
SKU-00072,61,2025-03-03,50,50,614.5,0.0,0,0
SKU-00072,62,2025-03-10,54,46,565.3399999999999,98.32,0,0
SKU-00072,63,2025-03-17,50,50,614.5,0.0,0,0
SKU-00072,64,2025-03-24,52,51,626.79,12.29,0,0
SKU-00072,65,2025-03-31,48,33,405.57,184.35,0,0
SKU-00072,66,2025-04-07,49,49,602.2099999999999,0.0,0,0
SKU-00072,67,2025-04-14,42,42,516.18,0.0,0,0
SKU-00072,68,2025-04-21,44,44,540.76,0.0,0,0
SKU-00072,69,2025-04-28,44,44,540.76,0.0,0,0
SKU-00072,70,2025-05-05,42,42,516.18,0.0,0,0
SKU-00072,71,2025-05-12,44,39,479.30999999999995,61.449999999999996,0,0
SKU-00072,72,2025-05-19,42,42,516.18,0.0,0,0
SKU-00072,73,2025-05-26,38,38,467.02,0.0,0,0
SKU-00072,74,2025-06-02,41,41,503.89,0.0,0,0
SKU-00072,75,2025-06-09,39,39,479.30999999999995,0.0,0,0
SKU-00072,76,2025-06-16,40,35,430.15,61.449999999999996,0,0
SKU-00072,77,2025-06-23,46,46,565.3399999999999,0.0,1,3
SKU-00072,78,2025-06-30,37,37,454.72999999999996,0.0,0,0
SKU-00072,79,2025-07-07,45,45,553.05,0.0,1,3
SKU-00072,80,2025-07-14,44,31,380.98999999999995,159.76999999999998,1,3
SKU-00072,81,2025-07-21,38,19,233.51,233.51,0,0
SKU-00072,82,2025-07-28,36,24,294.96,147.48,0,0
SKU-00072,83,2025-08-04,42,42,516.18,0.0,0,0
SKU-00072,84,2025-08-11,36,36,442.43999999999994,0.0,0,0
SKU-00072,85,2025-08-18,42,42,516.18,0.0,0,0
SKU-00072,86,2025-08-25,44,44,540.76,0.0,0,0
SKU-00072,87,2025-09-01,45,45,553.05,0.0,0,0
SKU-00072,88,2025-09-08,46,46,565.3399999999999,0.0,0,0
SKU-00072,89,2025-09-15,47,47,577.63,0.0,0,0
SKU-00072,90,2025-09-22,86,86,1056.9399999999998,0.0,1,6
SKU-00072,91,2025-09-29,59,59,725.1099999999999,0.0,1,1
SKU-00072,92,2025-10-06,51,35,430.15,196.64,0,0
SKU-00072,93,2025-10-13,54,41,503.89,159.76999999999998,0,0
SKU-00072,94,2025-10-20,53,53,651.37,0.0,0,0
SKU-00072,95,2025-10-27,55,55,675.9499999999999,0.0,0,0
SKU-00072,96,2025-11-03,52,52,639.0799999999999,0.0,0,0
SKU-00072,97,2025-11-10,59,55,675.9499999999999,49.16,0,0
SKU-00072,98,2025-11-17,57,54,663.66,36.87,0,0
SKU-00072,99,2025-11-24,62,31,380.98999999999995,380.98999999999995,0,0
SKU-00072,100,2025-12-01,59,33,405.57,319.53999999999996,0,0
SKU-00072,101,2025-12-08,61,61,749.6899999999999,0.0,0,0
SKU-00072,102,2025-12-15,87,71,872.5899999999999,196.64,1,4
SKU-00072,103,2025-12-22,61,61,749.6899999999999,0.0,0,0
SKU-00073,0,2024-01-01,507,507,5171.4,0.0,0,0
SKU-00073,1,2024-01-08,434,434,4426.799999999999,0.0,0,0
SKU-00073,2,2024-01-15,742,742,7568.4,0.0,1,5
SKU-00073,3,2024-01-22,503,503,5130.599999999999,0.0,1,2
SKU-00073,4,2024-01-29,429,429,4375.799999999999,0.0,0,0
SKU-00073,5,2024-02-05,414,321,3274.2,948.5999999999999,0,0
SKU-00073,6,2024-02-12,384,384,3916.7999999999997,0.0,0,0
SKU-00073,7,2024-02-19,418,418,4263.599999999999,0.0,0,0
SKU-00073,8,2024-02-26,350,133,1356.6,2213.3999999999996,0,0
SKU-00073,9,2024-03-04,378,327,3335.3999999999996,520.1999999999999,0,0
SKU-00073,10,2024-03-11,362,362,3692.3999999999996,0.0,0,0
SKU-00073,11,2024-03-18,385,385,3926.9999999999995,0.0,0,0
SKU-00073,12,2024-03-25,355,355,3620.9999999999995,0.0,0,0
SKU-00073,13,2024-04-01,368,368,3753.6,0.0,0,0
SKU-00073,14,2024-04-08,329,329,3355.7999999999997,0.0,0,0
SKU-00073,15,2024-04-15,365,365,3722.9999999999995,0.0,0,0
SKU-00073,16,2024-04-22,330,330,3365.9999999999995,0.0,0,0
SKU-00073,17,2024-04-29,349,349,3559.7999999999997,0.0,0,0
SKU-00073,18,2024-05-06,385,385,3926.9999999999995,0.0,0,0
SKU-00073,19,2024-05-13,431,431,4396.2,0.0,0,0
SKU-00073,20,2024-05-20,403,403,4110.599999999999,0.0,0,0
SKU-00073,21,2024-05-27,604,534,5446.799999999999,714.0,1,5
SKU-00073,22,2024-06-03,380,318,3243.6,632.4,0,0
SKU-00073,23,2024-06-10,415,340,3467.9999999999995,765.0,0,0
SKU-00073,24,2024-06-17,460,460,4692.0,0.0,0,0
SKU-00073,25,2024-06-24,476,476,4855.2,0.0,0,0
SKU-00073,26,2024-07-01,475,475,4845.0,0.0,0,0
SKU-00073,27,2024-07-08,609,609,6211.799999999999,0.0,1,2
SKU-00073,28,2024-07-15,636,420,4284.0,2203.2,1,4
SKU-00073,29,2024-07-22,584,584,5956.799999999999,0.0,0,0
SKU-00073,30,2024-07-29,598,598,6099.599999999999,0.0,0,0
SKU-00073,31,2024-08-05,613,613,6252.599999999999,0.0,0,0
SKU-00073,32,2024-08-12,553,227,2315.3999999999996,3325.2,0,0
SKU-00073,33,2024-08-19,605,199,2029.8,4141.2,0,0
SKU-00073,34,2024-08-26,567,221,2254.2,3529.2,0,0
SKU-00073,35,2024-09-02,680,680,6935.999999999999,0.0,0,0
SKU-00073,36,2024-09-09,633,563,5742.599999999999,714.0,0,0
SKU-00073,37,2024-09-16,690,374,3814.7999999999997,3223.2,0,0
SKU-00073,38,2024-09-23,699,466,4753.2,2376.6,0,0
SKU-00073,39,2024-09-30,625,625,6375.0,0.0,0,0
SKU-00073,40,2024-10-07,591,591,6028.2,0.0,0,0
SKU-00073,41,2024-10-14,551,427,4355.4,1264.8,0,0
SKU-00073,42,2024-10-21,677,256,2611.2,4294.2,0,0
SKU-00073,43,2024-10-28,633,62,632.4,5824.2,0,0
SKU-00073,44,2024-11-04,611,611,6232.2,0.0,0,0
SKU-00073,45,2024-11-11,629,549,5599.799999999999,816.0,0,0
SKU-00073,46,2024-11-18,567,567,5783.4,0.0,0,0
SKU-00073,47,2024-11-25,596,596,6079.2,0.0,0,0
SKU-00073,48,2024-12-02,596,596,6079.2,0.0,0,0
SKU-00073,49,2024-12-09,589,569,5803.799999999999,204.0,0,0
SKU-00073,50,2024-12-16,602,33,336.59999999999997,5803.799999999999,0,0
SKU-00073,51,2024-12-23,561,561,5722.2,0.0,0,0
SKU-00073,52,2024-12-30,613,562,5732.4,520.1999999999999,0,0
SKU-00073,53,2025-01-06,483,320,3264.0,1662.6,0,0
SKU-00073,54,2025-01-13,433,433,4416.599999999999,0.0,0,0
SKU-00073,55,2025-01-20,462,462,4712.4,0.0,0,0
SKU-00073,56,2025-01-27,478,428,4365.599999999999,509.99999999999994,0,0
SKU-00073,57,2025-02-03,479,479,4885.799999999999,0.0,0,0
SKU-00073,58,2025-02-10,501,501,5110.2,0.0,0,0
SKU-00073,59,2025-02-17,432,430,4386.0,20.4,0,0
SKU-00073,60,2025-02-24,429,429,4375.799999999999,0.0,0,0
SKU-00073,61,2025-03-03,398,354,3610.7999999999997,448.79999999999995,0,0
SKU-00073,62,2025-03-10,392,244,2488.7999999999997,1509.6,0,0
SKU-00073,63,2025-03-17,458,402,4100.4,571.1999999999999,1,1
SKU-00073,64,2025-03-24,465,465,4743.0,0.0,1,2
SKU-00073,65,2025-03-31,361,361,3682.2,0.0,0,0
SKU-00073,66,2025-04-07,381,381,3886.2,0.0,0,0
SKU-00073,67,2025-04-14,467,467,4763.4,0.0,1,4
SKU-00073,68,2025-04-21,413,413,4212.599999999999,0.0,1,3
SKU-00073,69,2025-04-28,413,413,4212.599999999999,0.0,0,0
SKU-00073,70,2025-05-05,348,348,3549.6,0.0,0,0
SKU-00073,71,2025-05-12,380,380,3875.9999999999995,0.0,0,0
SKU-00073,72,2025-05-19,422,422,4304.4,0.0,0,0
SKU-00073,73,2025-05-26,414,414,4222.799999999999,0.0,0,0
SKU-00073,74,2025-06-02,487,487,4967.4,0.0,0,0
SKU-00073,75,2025-06-09,478,460,4692.0,183.6,0,0
SKU-00073,76,2025-06-16,532,532,5426.4,0.0,0,0
SKU-00073,77,2025-06-23,527,489,4987.799999999999,387.59999999999997,0,0
SKU-00073,78,2025-06-30,517,181,1846.1999999999998,3427.2,0,0
SKU-00073,79,2025-07-07,592,431,4396.2,1642.1999999999998,0,0
SKU-00073,80,2025-07-14,531,531,5416.2,0.0,0,0
SKU-00073,81,2025-07-21,638,638,6507.599999999999,0.0,0,0
SKU-00073,82,2025-07-28,881,494,5038.799999999999,3947.3999999999996,1,5
SKU-00073,83,2025-08-04,732,79,805.8,6660.599999999999,0,0
SKU-00073,84,2025-08-11,585,457,4661.4,1305.6,0,0
SKU-00073,85,2025-08-18,545,545,5559.0,0.0,0,0
SKU-00073,86,2025-08-25,680,554,5650.799999999999,1285.1999999999998,0,0
SKU-00073,87,2025-09-01,697,697,7109.4,0.0,0,0
SKU-00073,88,2025-09-08,720,418,4263.599999999999,3080.3999999999996,0,0
SKU-00073,89,2025-09-15,784,731,7456.2,540.5999999999999,0,0
SKU-00073,90,2025-09-22,751,751,7660.2,0.0,0,0
SKU-00073,91,2025-09-29,832,832,8486.4,0.0,1,1
SKU-00073,92,2025-10-06,851,521,5314.2,3365.9999999999995,1,3
SKU-00073,93,2025-10-13,747,516,5263.2,2356.2,0,0
SKU-00073,94,2025-10-20,679,679,6925.799999999999,0.0,0,0
SKU-00073,95,2025-10-27,739,739,7537.799999999999,0.0,0,0
SKU-00073,96,2025-11-03,630,630,6426.0,0.0,0,0
SKU-00073,97,2025-11-10,684,633,6456.599999999999,520.1999999999999,0,0
SKU-00073,98,2025-11-17,702,96,979.1999999999999,6181.2,0,0
SKU-00073,99,2025-11-24,724,186,1897.1999999999998,5487.599999999999,0,0
SKU-00073,100,2025-12-01,614,427,4355.4,1907.3999999999999,0,0
SKU-00073,101,2025-12-08,565,565,5763.0,0.0,0,0
SKU-00073,102,2025-12-15,606,606,6181.2,0.0,0,0
SKU-00073,103,2025-12-22,639,639,6517.799999999999,0.0,0,0
SKU-00074,0,2024-01-01,50,50,1175.5,0.0,0,0
SKU-00074,1,2024-01-08,50,50,1175.5,0.0,0,0
SKU-00074,2,2024-01-15,58,58,1363.5800000000002,0.0,0,0
SKU-00074,3,2024-01-22,56,56,1316.5600000000002,0.0,0,0
SKU-00074,4,2024-01-29,67,67,1575.17,0.0,1,3
SKU-00074,5,2024-02-05,44,44,1034.44,0.0,0,0
SKU-00074,6,2024-02-12,47,35,822.85,282.12,0,0
SKU-00074,7,2024-02-19,37,26,611.26,258.61,0,0
SKU-00074,8,2024-02-26,45,45,1057.95,0.0,0,0
SKU-00074,9,2024-03-04,47,47,1104.97,0.0,0,0
SKU-00074,10,2024-03-11,45,45,1057.95,0.0,0,0
SKU-00074,11,2024-03-18,48,48,1128.48,0.0,0,0
SKU-00074,12,2024-03-25,47,47,1104.97,0.0,0,0
SKU-00074,13,2024-04-01,44,42,987.4200000000001,47.02,0,0
SKU-00074,14,2024-04-08,44,39,916.8900000000001,117.55000000000001,0,0
SKU-00074,15,2024-04-15,46,37,869.87,211.59,0,0
SKU-00074,16,2024-04-22,41,38,893.3800000000001,70.53,0,0
SKU-00074,17,2024-04-29,33,33,775.83,0.0,0,0
SKU-00074,18,2024-05-06,48,48,1128.48,0.0,0,0
SKU-00074,19,2024-05-13,40,40,940.4000000000001,0.0,0,0
SKU-00074,20,2024-05-20,35,35,822.85,0.0,0,0
SKU-00074,21,2024-05-27,31,31,728.8100000000001,0.0,0,0
SKU-00074,22,2024-06-03,43,43,1010.9300000000001,0.0,0,0
SKU-00074,23,2024-06-10,48,48,1128.48,0.0,0,0
SKU-00074,24,2024-06-17,36,36,846.36,0.0,0,0
SKU-00074,25,2024-06-24,44,44,1034.44,0.0,0,0
SKU-00074,26,2024-07-01,43,43,1010.9300000000001,0.0,0,0
SKU-00074,27,2024-07-08,44,44,1034.44,0.0,0,0
SKU-00074,28,2024-07-15,38,38,893.3800000000001,0.0,0,0
SKU-00074,29,2024-07-22,50,50,1175.5,0.0,0,0
SKU-00074,30,2024-07-29,47,47,1104.97,0.0,1,2
SKU-00074,31,2024-08-05,48,41,963.9100000000001,164.57000000000002,1,5
SKU-00074,32,2024-08-12,51,18,423.18,775.83,1,3
SKU-00074,33,2024-08-19,43,13,305.63,705.3000000000001,0,0
SKU-00074,34,2024-08-26,38,23,540.73,352.65000000000003,0,0
SKU-00074,35,2024-09-02,46,37,869.87,211.59,0,0
SKU-00074,36,2024-09-09,40,40,940.4000000000001,0.0,0,0
SKU-00074,37,2024-09-16,41,41,963.9100000000001,0.0,0,0
SKU-00074,38,2024-09-23,45,45,1057.95,0.0,0,0
SKU-00074,39,2024-09-30,40,37,869.87,70.53,1,1
SKU-00074,40,2024-10-07,58,49,1151.99,211.59,1,3
SKU-00074,41,2024-10-14,34,34,799.34,0.0,0,0
SKU-00074,42,2024-10-21,37,37,869.87,0.0,0,0
SKU-00074,43,2024-10-28,46,46,1081.46,0.0,0,0
SKU-00074,44,2024-11-04,38,38,893.3800000000001,0.0,0,0
SKU-00074,45,2024-11-11,47,47,1104.97,0.0,0,0
SKU-00074,46,2024-11-18,42,42,987.4200000000001,0.0,0,0
SKU-00074,47,2024-11-25,47,46,1081.46,23.51,0,0
SKU-00074,48,2024-12-02,41,41,963.9100000000001,0.0,0,0
SKU-00074,49,2024-12-09,80,54,1269.5400000000002,611.26,1,5
SKU-00074,50,2024-12-16,47,41,963.9100000000001,141.06,1,1
SKU-00074,51,2024-12-23,41,34,799.34,164.57000000000002,0,0
SKU-00074,52,2024-12-30,44,44,1034.44,0.0,0,0
SKU-00074,53,2025-01-06,44,44,1034.44,0.0,0,0
SKU-00074,54,2025-01-13,57,57,1340.0700000000002,0.0,1,3
SKU-00074,55,2025-01-20,68,54,1269.5400000000002,329.14000000000004,1,7
SKU-00074,56,2025-01-27,41,31,728.8100000000001,235.10000000000002,0,0
SKU-00074,57,2025-02-03,49,34,799.34,352.65000000000003,0,0
SKU-00074,58,2025-02-10,39,39,916.8900000000001,0.0,0,0
SKU-00074,59,2025-02-17,48,48,1128.48,0.0,0,0
SKU-00074,60,2025-02-24,43,43,1010.9300000000001,0.0,0,0
SKU-00074,61,2025-03-03,37,37,869.87,0.0,0,0
SKU-00074,62,2025-03-10,64,63,1481.13,23.51,1,4
SKU-00074,63,2025-03-17,55,36,846.36,446.69000000000005,1,2
SKU-00074,64,2025-03-24,39,27,634.7700000000001,282.12,0,0
SKU-00074,65,2025-03-31,42,42,987.4200000000001,0.0,0,0
SKU-00074,66,2025-04-07,54,54,1269.5400000000002,0.0,0,0
SKU-00074,67,2025-04-14,41,41,963.9100000000001,0.0,0,0
SKU-00074,68,2025-04-21,38,38,893.3800000000001,0.0,0,0
SKU-00074,69,2025-04-28,36,36,846.36,0.0,0,0
SKU-00074,70,2025-05-05,41,41,963.9100000000001,0.0,0,0
SKU-00074,71,2025-05-12,38,38,893.3800000000001,0.0,0,0
SKU-00074,72,2025-05-19,31,29,681.7900000000001,47.02,0,0
SKU-00074,73,2025-05-26,36,28,658.2800000000001,188.08,0,0
SKU-00074,74,2025-06-02,35,35,822.85,0.0,0,0
SKU-00074,75,2025-06-09,36,36,846.36,0.0,0,0
SKU-00074,76,2025-06-16,30,30,705.3000000000001,0.0,0,0
SKU-00074,77,2025-06-23,34,34,799.34,0.0,0,0
SKU-00074,78,2025-06-30,40,40,940.4000000000001,0.0,0,0
SKU-00074,79,2025-07-07,41,41,963.9100000000001,0.0,0,0
SKU-00074,80,2025-07-14,36,36,846.36,0.0,0,0
SKU-00074,81,2025-07-21,32,32,752.32,0.0,0,0
SKU-00074,82,2025-07-28,34,32,752.32,47.02,0,0
SKU-00074,83,2025-08-04,34,22,517.22,282.12,0,0
SKU-00074,84,2025-08-11,34,34,799.34,0.0,0,0
SKU-00074,85,2025-08-18,40,40,940.4000000000001,0.0,0,0
SKU-00074,86,2025-08-25,39,39,916.8900000000001,0.0,0,0
SKU-00074,87,2025-09-01,40,40,940.4000000000001,0.0,0,0
SKU-00074,88,2025-09-08,37,37,869.87,0.0,0,0
SKU-00074,89,2025-09-15,37,37,869.87,0.0,0,0
SKU-00074,90,2025-09-22,38,38,893.3800000000001,0.0,0,0
SKU-00074,91,2025-09-29,40,40,940.4000000000001,0.0,0,0
SKU-00074,92,2025-10-06,38,29,681.7900000000001,211.59,0,0
SKU-00074,93,2025-10-13,39,39,916.8900000000001,0.0,0,0
SKU-00074,94,2025-10-20,41,41,963.9100000000001,0.0,0,0
SKU-00074,95,2025-10-27,37,37,869.87,0.0,0,0
SKU-00074,96,2025-11-03,33,33,775.83,0.0,0,0
SKU-00074,97,2025-11-10,41,41,963.9100000000001,0.0,0,0
SKU-00074,98,2025-11-17,40,40,940.4000000000001,0.0,0,0
SKU-00074,99,2025-11-24,35,35,822.85,0.0,0,0
SKU-00074,100,2025-12-01,39,39,916.8900000000001,0.0,0,0
SKU-00074,101,2025-12-08,40,40,940.4000000000001,0.0,0,0
SKU-00074,102,2025-12-15,33,33,775.83,0.0,0,0
SKU-00074,103,2025-12-22,49,39,916.8900000000001,235.10000000000002,0,0
SKU-00075,0,2024-01-01,24,24,321.12,0.0,1,3
SKU-00075,1,2024-01-08,32,32,428.16,0.0,1,5
SKU-00075,2,2024-01-15,27,27,361.26000000000005,0.0,0,0
SKU-00075,3,2024-01-22,24,24,321.12,0.0,0,0
SKU-00075,4,2024-01-29,24,24,321.12,0.0,0,0
SKU-00075,5,2024-02-05,30,19,254.22000000000003,147.18,0,0
SKU-00075,6,2024-02-12,17,17,227.46,0.0,0,0
SKU-00075,7,2024-02-19,22,22,294.36,0.0,0,0
SKU-00075,8,2024-02-26,23,23,307.74,0.0,0,0
SKU-00075,9,2024-03-04,28,28,374.64000000000004,0.0,0,0
SKU-00075,10,2024-03-11,31,31,414.78000000000003,0.0,0,0
SKU-00075,11,2024-03-18,21,21,280.98,0.0,0,0
SKU-00075,12,2024-03-25,30,29,388.02000000000004,13.38,1,5
SKU-00075,13,2024-04-01,16,16,214.08,0.0,0,0
SKU-00075,14,2024-04-08,31,31,414.78000000000003,0.0,0,0
SKU-00075,15,2024-04-15,27,17,227.46,133.8,0,0
SKU-00075,16,2024-04-22,39,39,521.82,0.0,1,1
SKU-00075,17,2024-04-29,42,42,561.96,0.0,1,3
SKU-00075,18,2024-05-06,25,25,334.5,0.0,0,0
SKU-00075,19,2024-05-13,38,38,508.44000000000005,0.0,1,4
SKU-00075,20,2024-05-20,26,26,347.88,0.0,0,0
SKU-00075,21,2024-05-27,34,34,454.92,0.0,0,0
SKU-00075,22,2024-06-03,43,43,575.34,0.0,1,3
SKU-00075,23,2024-06-10,43,34,454.92,120.42,1,1
SKU-00075,24,2024-06-17,29,29,388.02000000000004,0.0,0,0
SKU-00075,25,2024-06-24,34,30,401.40000000000003,53.52,0,0
SKU-00075,26,2024-07-01,31,31,414.78000000000003,0.0,0,0
SKU-00075,27,2024-07-08,31,27,361.26000000000005,53.52,0,0
SKU-00075,28,2024-07-15,31,31,414.78000000000003,0.0,0,0
SKU-00075,29,2024-07-22,33,33,441.54,0.0,0,0
SKU-00075,30,2024-07-29,30,30,401.40000000000003,0.0,0,0
SKU-00075,31,2024-08-05,43,43,575.34,0.0,0,0
SKU-00075,32,2024-08-12,32,32,428.16,0.0,0,0
SKU-00075,33,2024-08-19,41,37,495.06,53.52,0,0
SKU-00075,34,2024-08-26,42,38,508.44000000000005,53.52,0,0
SKU-00075,35,2024-09-02,32,10,133.8,294.36,0,0
SKU-00075,36,2024-09-09,29,29,388.02000000000004,0.0,0,0
SKU-00075,37,2024-09-16,34,33,441.54,13.38,0,0
SKU-00075,38,2024-09-23,38,11,147.18,361.26000000000005,0,0
SKU-00075,39,2024-09-30,35,35,468.3,0.0,0,0
SKU-00075,40,2024-10-07,33,26,347.88,93.66000000000001,0,0
SKU-00075,41,2024-10-14,25,19,254.22000000000003,80.28,0,0
SKU-00075,42,2024-10-21,28,28,374.64000000000004,0.0,0,0
SKU-00075,43,2024-10-28,25,25,334.5,0.0,0,0
SKU-00075,44,2024-11-04,26,17,227.46,120.42,0,0
SKU-00075,45,2024-11-11,23,23,307.74,0.0,0,0
SKU-00075,46,2024-11-18,29,29,388.02000000000004,0.0,0,0
SKU-00075,47,2024-11-25,28,22,294.36,80.28,0,0
SKU-00075,48,2024-12-02,27,27,361.26000000000005,0.0,0,0
SKU-00075,49,2024-12-09,20,20,267.6,0.0,0,0
SKU-00075,50,2024-12-16,16,16,214.08,0.0,0,0
SKU-00075,51,2024-12-23,25,25,334.5,0.0,0,0
SKU-00075,52,2024-12-30,20,20,267.6,0.0,0,0
SKU-00075,53,2025-01-06,20,20,267.6,0.0,0,0
SKU-00075,54,2025-01-13,20,20,267.6,0.0,0,0
SKU-00075,55,2025-01-20,22,22,294.36,0.0,0,0
SKU-00075,56,2025-01-27,19,19,254.22000000000003,0.0,0,0
SKU-00075,57,2025-02-03,20,20,267.6,0.0,0,0
SKU-00075,58,2025-02-10,22,22,294.36,0.0,0,0
SKU-00075,59,2025-02-17,22,22,294.36,0.0,0,0
SKU-00075,60,2025-02-24,17,17,227.46,0.0,0,0
SKU-00075,61,2025-03-03,26,26,347.88,0.0,0,0
SKU-00075,62,2025-03-10,20,20,267.6,0.0,0,0
SKU-00075,63,2025-03-17,24,24,321.12,0.0,0,0
SKU-00075,64,2025-03-24,27,27,361.26000000000005,0.0,0,0
SKU-00075,65,2025-03-31,29,29,388.02000000000004,0.0,0,0
SKU-00075,66,2025-04-07,27,27,361.26000000000005,0.0,0,0
SKU-00075,67,2025-04-14,32,21,280.98,147.18,0,0
SKU-00075,68,2025-04-21,29,0,0.0,388.02000000000004,0,0
SKU-00075,69,2025-04-28,22,22,294.36,0.0,0,0
SKU-00075,70,2025-05-05,45,34,454.92,147.18,1,5
SKU-00075,71,2025-05-12,31,19,254.22000000000003,160.56,0,0
SKU-00075,72,2025-05-19,36,36,481.68,0.0,0,0
SKU-00075,73,2025-05-26,33,33,441.54,0.0,0,0
SKU-00075,74,2025-06-02,38,38,508.44000000000005,0.0,0,0
SKU-00075,75,2025-06-09,32,9,120.42,307.74,0,0
SKU-00075,76,2025-06-16,32,32,428.16,0.0,0,0
SKU-00075,77,2025-06-23,28,28,374.64000000000004,0.0,0,0
SKU-00075,78,2025-06-30,35,31,414.78000000000003,53.52,0,0
SKU-00075,79,2025-07-07,21,21,280.98,0.0,0,0
SKU-00075,80,2025-07-14,34,28,374.64000000000004,80.28,0,0
SKU-00075,81,2025-07-21,36,24,321.12,160.56,0,0
SKU-00075,82,2025-07-28,27,27,361.26000000000005,0.0,0,0
SKU-00075,83,2025-08-04,39,36,481.68,40.14,0,0
SKU-00075,84,2025-08-11,30,30,401.40000000000003,0.0,0,0
SKU-00075,85,2025-08-18,37,23,307.74,187.32000000000002,0,0
SKU-00075,86,2025-08-25,30,30,401.40000000000003,0.0,0,0
SKU-00075,87,2025-09-01,38,38,508.44000000000005,0.0,0,0
SKU-00075,88,2025-09-08,27,27,361.26000000000005,0.0,0,0
SKU-00075,89,2025-09-15,38,30,401.40000000000003,107.04,0,0
SKU-00075,90,2025-09-22,32,32,428.16,0.0,0,0
SKU-00075,91,2025-09-29,33,33,441.54,0.0,0,0
SKU-00075,92,2025-10-06,31,31,414.78000000000003,0.0,0,0
SKU-00075,93,2025-10-13,24,24,321.12,0.0,0,0
SKU-00075,94,2025-10-20,25,25,334.5,0.0,0,0
SKU-00075,95,2025-10-27,29,26,347.88,40.14,0,0
SKU-00075,96,2025-11-03,39,33,441.54,80.28,1,5
SKU-00075,97,2025-11-10,27,27,361.26000000000005,0.0,0,0
SKU-00075,98,2025-11-17,26,26,347.88,0.0,0,0
SKU-00075,99,2025-11-24,18,18,240.84,0.0,0,0
SKU-00075,100,2025-12-01,23,23,307.74,0.0,0,0
SKU-00075,101,2025-12-08,25,25,334.5,0.0,0,0
SKU-00075,102,2025-12-15,23,23,307.74,0.0,0,0
SKU-00075,103,2025-12-22,19,19,254.22000000000003,0.0,0,0
SKU-00076,0,2024-01-01,1068,1068,23517.36,0.0,0,0
SKU-00076,1,2024-01-08,1033,1033,22746.66,0.0,0,0
SKU-00076,2,2024-01-15,1097,1097,24155.94,0.0,0,0
SKU-00076,3,2024-01-22,1243,854,18805.079999999998,8565.78,0,0
SKU-00076,4,2024-01-29,1226,996,21931.92,5064.599999999999,0,0
SKU-00076,5,2024-02-05,1232,1232,27128.64,0.0,0,0
SKU-00076,6,2024-02-12,1270,992,21843.84,6121.5599999999995,0,0
SKU-00076,7,2024-02-19,1315,1307,28780.14,176.16,0,0
SKU-00076,8,2024-02-26,1346,1346,29638.92,0.0,0,0
SKU-00076,9,2024-03-04,1366,942,20742.84,9336.48,0,0
SKU-00076,10,2024-03-11,1345,1266,27877.32,1739.58,0,0
SKU-00076,11,2024-03-18,1339,1339,29484.78,0.0,0,0
SKU-00076,12,2024-03-25,1403,1126,24794.52,6099.54,0,0
SKU-00076,13,2024-04-01,1322,1322,29110.44,0.0,0,0
SKU-00076,14,2024-04-08,1456,1456,32061.12,0.0,0,0
SKU-00076,15,2024-04-15,1384,1382,30431.64,44.04,0,0
SKU-00076,16,2024-04-22,1481,1481,32611.62,0.0,0,0
SKU-00076,17,2024-04-29,1457,1457,32083.14,0.0,0,0
SKU-00076,18,2024-05-06,1417,1357,29881.14,1321.2,0,0
SKU-00076,19,2024-05-13,1404,1054,23209.079999999998,7707.0,0,0
SKU-00076,20,2024-05-20,1238,1068,23517.36,3743.4,0,0
SKU-00076,21,2024-05-27,1286,1231,27106.62,1211.1,0,0
SKU-00076,22,2024-06-03,1292,1221,26886.42,1563.42,0,0
SKU-00076,23,2024-06-10,1329,1329,29264.579999999998,0.0,0,0
SKU-00076,24,2024-06-17,1166,1047,23054.94,2620.38,0,0
SKU-00076,25,2024-06-24,997,921,20280.42,1673.52,0,0
SKU-00076,26,2024-07-01,1145,1145,25212.899999999998,0.0,0,0
SKU-00076,27,2024-07-08,1039,1039,22878.78,0.0,0,0
SKU-00076,28,2024-07-15,949,949,20896.98,0.0,0,0
SKU-00076,29,2024-07-22,988,975,21469.5,286.26,0,0
SKU-00076,30,2024-07-29,924,924,20346.48,0.0,0,0
SKU-00076,31,2024-08-05,1142,1119,24640.38,506.46,1,3
SKU-00076,32,2024-08-12,1194,985,21689.7,4602.18,1,4
SKU-00076,33,2024-08-19,824,744,16382.88,1761.6,0,0
SKU-00076,34,2024-08-26,786,786,17307.72,0.0,0,0
SKU-00076,35,2024-09-02,815,815,17946.3,0.0,0,0
SKU-00076,36,2024-09-09,724,724,15942.48,0.0,0,0
SKU-00076,37,2024-09-16,769,769,16933.38,0.0,0,0
SKU-00076,38,2024-09-23,725,725,15964.5,0.0,0,0
SKU-00076,39,2024-09-30,798,798,17571.96,0.0,0,0
SKU-00076,40,2024-10-07,782,782,17219.64,0.0,0,0
SKU-00076,41,2024-10-14,878,878,19333.56,0.0,0,0
SKU-00076,42,2024-10-21,833,833,18342.66,0.0,0,0
SKU-00076,43,2024-10-28,1308,969,21337.38,7464.78,1,5
SKU-00076,44,2024-11-04,822,464,10217.28,7883.16,0,0
SKU-00076,45,2024-11-11,946,946,20830.92,0.0,0,0
SKU-00076,46,2024-11-18,974,974,21447.48,0.0,0,0
SKU-00076,47,2024-11-25,1048,1048,23076.96,0.0,0,0
SKU-00076,48,2024-12-02,1123,1116,24574.32,154.14,0,0
SKU-00076,49,2024-12-09,1081,1081,23803.62,0.0,0,0
SKU-00076,50,2024-12-16,1193,888,19553.76,6716.099999999999,0,0
SKU-00076,51,2024-12-23,1559,1484,32677.68,1651.5,1,4
SKU-00076,52,2024-12-30,1210,1210,26644.2,0.0,0,0
SKU-00076,53,2025-01-06,1289,1052,23165.04,5218.74,0,0
SKU-00076,54,2025-01-13,1353,1353,29793.059999999998,0.0,0,0
SKU-00076,55,2025-01-20,1887,1780,39195.6,2356.14,1,4
SKU-00076,56,2025-01-27,1642,1642,36156.84,0.0,1,2
SKU-00076,57,2025-02-03,1404,1000,22020.0,8896.08,0,0
SKU-00076,58,2025-02-10,1434,1434,31576.68,0.0,0,0
SKU-00076,59,2025-02-17,1677,1515,33360.3,3567.24,0,0
SKU-00076,60,2025-02-24,1675,1300,28626.0,8257.5,0,0
SKU-00076,61,2025-03-03,1569,1569,34549.38,0.0,0,0
SKU-00076,62,2025-03-10,1760,1226,26996.52,11758.68,0,0
SKU-00076,63,2025-03-17,1741,1325,29176.5,9160.32,0,0
SKU-00076,64,2025-03-24,1945,1800,39636.0,3192.9,1,1
SKU-00076,65,2025-03-31,3277,1711,37676.22,34483.32,1,6
SKU-00076,66,2025-04-07,1658,1188,26159.76,10349.4,0,0
SKU-00076,67,2025-04-14,1770,1770,38975.4,0.0,0,0
SKU-00076,68,2025-04-21,1704,1270,27965.399999999998,9556.68,0,0
SKU-00076,69,2025-04-28,1673,1587,34945.74,1893.72,0,0
SKU-00076,70,2025-05-05,1650,1529,33668.58,2664.42,0,0
SKU-00076,71,2025-05-12,1756,1756,38667.12,0.0,0,0
SKU-00076,72,2025-05-19,1722,907,19972.14,17946.3,0,0
SKU-00076,73,2025-05-26,1593,1467,32303.34,2774.52,0,0
SKU-00076,74,2025-06-02,1544,1494,32897.88,1101.0,0,0
SKU-00076,75,2025-06-09,1497,1255,27635.1,5328.84,0,0
SKU-00076,76,2025-06-16,1463,1463,32215.26,0.0,0,0
SKU-00076,77,2025-06-23,1423,1303,28692.059999999998,2642.4,0,0
SKU-00076,78,2025-06-30,1316,998,21975.96,7002.36,0,0
SKU-00076,79,2025-07-07,1562,1562,34395.24,0.0,1,3
SKU-00076,80,2025-07-14,1615,1438,31664.76,3897.54,1,4
SKU-00076,81,2025-07-21,1122,806,17748.12,6958.32,0,0
SKU-00076,82,2025-07-28,1235,1075,23671.5,3523.2,0,0
SKU-00076,83,2025-08-04,1096,859,18915.18,5218.74,0,0
SKU-00076,84,2025-08-11,960,960,21139.2,0.0,0,0
SKU-00076,85,2025-08-18,1213,1213,26710.26,0.0,1,1
SKU-00076,86,2025-08-25,1647,1478,32545.559999999998,3721.38,1,6
SKU-00076,87,2025-09-01,1009,1009,22218.18,0.0,0,0
SKU-00076,88,2025-09-08,924,924,20346.48,0.0,0,0
SKU-00076,89,2025-09-15,852,852,18761.04,0.0,0,0
SKU-00076,90,2025-09-22,910,910,20038.2,0.0,0,0
SKU-00076,91,2025-09-29,920,920,20258.399999999998,0.0,0,0
SKU-00076,92,2025-10-06,887,887,19531.739999999998,0.0,0,0
SKU-00076,93,2025-10-13,1012,1012,22284.239999999998,0.0,0,0
SKU-00076,94,2025-10-20,950,756,16647.12,4271.88,0,0
SKU-00076,95,2025-10-27,972,931,20500.62,902.8199999999999,0,0
SKU-00076,96,2025-11-03,1037,1037,22834.739999999998,0.0,0,0
SKU-00076,97,2025-11-10,1050,1039,22878.78,242.22,0,0
SKU-00076,98,2025-11-17,1111,1111,24464.22,0.0,0,0
SKU-00076,99,2025-11-24,2261,2150,47343.0,2444.22,1,7
SKU-00076,100,2025-12-01,1251,1052,23165.04,4381.98,0,0
SKU-00076,101,2025-12-08,1260,1260,27745.2,0.0,0,0
SKU-00076,102,2025-12-15,1402,1402,30872.04,0.0,0,0
SKU-00076,103,2025-12-22,1395,504,11098.08,19619.82,0,0
SKU-00077,0,2024-01-01,616,616,5309.919999999999,0.0,0,0
SKU-00077,1,2024-01-08,603,603,5197.86,0.0,0,0
SKU-00077,2,2024-01-15,607,603,5197.86,34.48,0,0
SKU-00077,3,2024-01-22,671,671,5784.0199999999995,0.0,0,0
SKU-00077,4,2024-01-29,529,529,4559.98,0.0,0,0
SKU-00077,5,2024-02-05,521,387,3335.9399999999996,1155.08,0,0
SKU-00077,6,2024-02-12,456,378,3258.3599999999997,672.3599999999999,0,0
SKU-00077,7,2024-02-19,419,419,3611.7799999999997,0.0,0,0
SKU-00077,8,2024-02-26,416,336,2896.3199999999997,689.5999999999999,0,0
SKU-00077,9,2024-03-04,448,433,3732.4599999999996,129.29999999999998,0,0
SKU-00077,10,2024-03-11,473,473,4077.2599999999998,0.0,1,3
SKU-00077,11,2024-03-18,606,606,5223.719999999999,0.0,1,3
SKU-00077,12,2024-03-25,340,340,2930.7999999999997,0.0,0,0
SKU-00077,13,2024-04-01,380,380,3275.6,0.0,0,0
SKU-00077,14,2024-04-08,430,430,3706.5999999999995,0.0,1,3
SKU-00077,15,2024-04-15,471,471,4060.0199999999995,0.0,1,2
SKU-00077,16,2024-04-22,528,528,4551.36,0.0,1,6
SKU-00077,17,2024-04-29,378,378,3258.3599999999997,0.0,0,0
SKU-00077,18,2024-05-06,408,383,3301.4599999999996,215.49999999999997,1,2
SKU-00077,19,2024-05-13,505,505,4353.099999999999,0.0,1,4
SKU-00077,20,2024-05-20,368,368,3172.16,0.0,0,0
SKU-00077,21,2024-05-27,293,293,2525.66,0.0,0,0
SKU-00077,22,2024-06-03,308,308,2654.9599999999996,0.0,0,0
SKU-00077,23,2024-06-10,306,306,2637.72,0.0,0,0
SKU-00077,24,2024-06-17,325,325,2801.4999999999995,0.0,0,0
SKU-00077,25,2024-06-24,351,351,3025.62,0.0,0,0
SKU-00077,26,2024-07-01,375,375,3232.4999999999995,0.0,0,0
SKU-00077,27,2024-07-08,367,367,3163.5399999999995,0.0,0,0
SKU-00077,28,2024-07-15,464,453,3904.8599999999997,94.82,0,0
SKU-00077,29,2024-07-22,358,358,3085.9599999999996,0.0,0,0
SKU-00077,30,2024-07-29,432,432,3723.8399999999997,0.0,0,0
SKU-00077,31,2024-08-05,430,430,3706.5999999999995,0.0,0,0
SKU-00077,32,2024-08-12,504,504,4344.48,0.0,0,0
SKU-00077,33,2024-08-19,447,447,3853.14,0.0,0,0
SKU-00077,34,2024-08-26,449,449,3870.3799999999997,0.0,0,0
SKU-00077,35,2024-09-02,538,531,4577.219999999999,60.339999999999996,0,0
SKU-00077,36,2024-09-09,565,524,4516.879999999999,353.41999999999996,0,0
SKU-00077,37,2024-09-16,547,447,3853.14,861.9999999999999,0,0
SKU-00077,38,2024-09-23,532,532,4585.839999999999,0.0,0,0
SKU-00077,39,2024-09-30,619,515,4439.299999999999,896.4799999999999,0,0
SKU-00077,40,2024-10-07,434,299,2577.3799999999997,1163.6999999999998,0,0
SKU-00077,41,2024-10-14,677,677,5835.74,0.0,0,0
SKU-00077,42,2024-10-21,624,624,5378.879999999999,0.0,0,0
SKU-00077,43,2024-10-28,588,588,5068.5599999999995,0.0,0,0
SKU-00077,44,2024-11-04,763,578,4982.36,1594.6999999999998,1,2
SKU-00077,45,2024-11-11,652,514,4430.679999999999,1189.56,1,2
SKU-00077,46,2024-11-18,693,693,5973.66,0.0,0,0
SKU-00077,47,2024-11-25,856,856,7378.719999999999,0.0,1,3
SKU-00077,48,2024-12-02,603,501,4318.62,879.2399999999999,1,1
SKU-00077,49,2024-12-09,521,334,2879.08,1611.9399999999998,0,0
SKU-00077,50,2024-12-16,716,655,5646.099999999999,525.8199999999999,0,0
SKU-00077,51,2024-12-23,678,551,4749.62,1094.74,0,0
SKU-00077,52,2024-12-30,568,504,4344.48,551.68,0,0
SKU-00077,53,2025-01-06,646,646,5568.5199999999995,0.0,0,0
SKU-00077,54,2025-01-13,690,637,5490.94,456.85999999999996,0,0
SKU-00077,55,2025-01-20,587,488,4206.5599999999995,853.3799999999999,0,0
SKU-00077,56,2025-01-27,548,363,3129.0599999999995,1594.6999999999998,0,0
SKU-00077,57,2025-02-03,565,265,2284.2999999999997,2585.9999999999995,0,0
SKU-00077,58,2025-02-10,563,421,3629.0199999999995,1224.04,0,0
SKU-00077,59,2025-02-17,583,583,5025.459999999999,0.0,0,0
SKU-00077,60,2025-02-24,454,454,3913.4799999999996,0.0,0,0
SKU-00077,61,2025-03-03,412,412,3551.4399999999996,0.0,0,0
SKU-00077,62,2025-03-10,479,479,4128.98,0.0,0,0
SKU-00077,63,2025-03-17,434,434,3741.0799999999995,0.0,0,0
SKU-00077,64,2025-03-24,419,292,2517.04,1094.74,0,0
SKU-00077,65,2025-03-31,503,503,4335.86,0.0,1,3
SKU-00077,66,2025-04-07,370,370,3189.3999999999996,0.0,0,0
SKU-00077,67,2025-04-14,370,342,2948.0399999999995,241.35999999999999,0,0
SKU-00077,68,2025-04-21,344,344,2965.2799999999997,0.0,0,0
SKU-00077,69,2025-04-28,338,338,2913.56,0.0,0,0
SKU-00077,70,2025-05-05,340,340,2930.7999999999997,0.0,0,0
SKU-00077,71,2025-05-12,335,335,2887.7,0.0,0,0
SKU-00077,72,2025-05-19,320,320,2758.3999999999996,0.0,0,0
SKU-00077,73,2025-05-26,334,334,2879.08,0.0,0,0
SKU-00077,74,2025-06-02,331,331,2853.22,0.0,0,0
SKU-00077,75,2025-06-09,276,276,2379.12,0.0,0,0
SKU-00077,76,2025-06-16,353,353,3042.8599999999997,0.0,0,0
SKU-00077,77,2025-06-23,417,417,3594.5399999999995,0.0,0,0
SKU-00077,78,2025-06-30,387,387,3335.9399999999996,0.0,0,0
SKU-00077,79,2025-07-07,377,377,3249.74,0.0,0,0
SKU-00077,80,2025-07-14,430,430,3706.5999999999995,0.0,0,0
SKU-00077,81,2025-07-21,435,435,3749.7,0.0,0,0
SKU-00077,82,2025-07-28,438,438,3775.5599999999995,0.0,0,0
SKU-00077,83,2025-08-04,473,473,4077.2599999999998,0.0,0,0
SKU-00077,84,2025-08-11,467,467,4025.5399999999995,0.0,0,0
SKU-00077,85,2025-08-18,418,400,3447.9999999999995,155.16,0,0
SKU-00077,86,2025-08-25,458,364,3137.68,810.28,0,0
SKU-00077,87,2025-09-01,497,497,4284.139999999999,0.0,0,0
SKU-00077,88,2025-09-08,563,551,4749.62,103.44,0,0
SKU-00077,89,2025-09-15,570,570,4913.4,0.0,0,0
SKU-00077,90,2025-09-22,565,565,4870.299999999999,0.0,0,0
SKU-00077,91,2025-09-29,589,528,4551.36,525.8199999999999,0,0
SKU-00077,92,2025-10-06,477,477,4111.74,0.0,0,0
SKU-00077,93,2025-10-13,738,738,6361.5599999999995,0.0,0,0
SKU-00077,94,2025-10-20,674,674,5809.879999999999,0.0,1,3
SKU-00077,95,2025-10-27,673,415,3577.2999999999997,2223.9599999999996,0,0
SKU-00077,96,2025-11-03,634,480,4137.599999999999,1327.4799999999998,0,0
SKU-00077,97,2025-11-10,526,526,4534.12,0.0,0,0
SKU-00077,98,2025-11-17,624,624,5378.879999999999,0.0,0,0
SKU-00077,99,2025-11-24,692,692,5965.039999999999,0.0,0,0
SKU-00077,100,2025-12-01,627,521,4491.0199999999995,913.7199999999999,0,0
SKU-00077,101,2025-12-08,582,489,4215.179999999999,801.66,0,0
SKU-00077,102,2025-12-15,698,698,6016.759999999999,0.0,0,0
SKU-00077,103,2025-12-22,608,371,3198.0199999999995,2042.9399999999998,0,0
SKU-00078,0,2024-01-01,238,238,6145.16,0.0,0,0
SKU-00078,1,2024-01-08,222,222,5732.04,0.0,0,0
SKU-00078,2,2024-01-15,235,235,6067.7,0.0,0,0
SKU-00078,3,2024-01-22,237,237,6119.34,0.0,0,0
SKU-00078,4,2024-01-29,210,210,5422.2,0.0,0,0
SKU-00078,5,2024-02-05,237,237,6119.34,0.0,0,0
SKU-00078,6,2024-02-12,221,221,5706.22,0.0,0,0
SKU-00078,7,2024-02-19,248,248,6403.36,0.0,0,0
SKU-00078,8,2024-02-26,234,206,5318.92,722.96,0,0
SKU-00078,9,2024-03-04,208,208,5370.56,0.0,0,0
SKU-00078,10,2024-03-11,219,219,5654.58,0.0,0,0
SKU-00078,11,2024-03-18,277,205,5293.1,1859.04,1,3
SKU-00078,12,2024-03-25,324,0,0.0,8365.68,1,4
SKU-00078,13,2024-04-01,228,123,3175.86,2711.1,0,0
SKU-00078,14,2024-04-08,215,215,5551.3,0.0,0,0
SKU-00078,15,2024-04-15,204,204,5267.28,0.0,0,0
SKU-00078,16,2024-04-22,213,213,5499.66,0.0,0,0
SKU-00078,17,2024-04-29,209,209,5396.38,0.0,0,0
SKU-00078,18,2024-05-06,221,221,5706.22,0.0,0,0
SKU-00078,19,2024-05-13,219,219,5654.58,0.0,0,0
SKU-00078,20,2024-05-20,217,217,5602.9400000000005,0.0,0,0
SKU-00078,21,2024-05-27,207,207,5344.74,0.0,0,0
SKU-00078,22,2024-06-03,188,167,4311.94,542.22,0,0
SKU-00078,23,2024-06-10,218,218,5628.76,0.0,0,0
SKU-00078,24,2024-06-17,324,260,6713.2,1652.48,1,5
SKU-00078,25,2024-06-24,221,135,3485.7,2220.52,0,0
SKU-00078,26,2024-07-01,213,213,5499.66,0.0,0,0
SKU-00078,27,2024-07-08,219,219,5654.58,0.0,0,0
SKU-00078,28,2024-07-15,201,201,5189.82,0.0,0,0
SKU-00078,29,2024-07-22,213,213,5499.66,0.0,0,0
SKU-00078,30,2024-07-29,215,215,5551.3,0.0,0,0
SKU-00078,31,2024-08-05,214,192,4957.4400000000005,568.04,0,0
SKU-00078,32,2024-08-12,181,181,4673.42,0.0,0,0
SKU-00078,33,2024-08-19,210,210,5422.2,0.0,0,0
SKU-00078,34,2024-08-26,213,213,5499.66,0.0,0,0
SKU-00078,35,2024-09-02,207,207,5344.74,0.0,0,0
SKU-00078,36,2024-09-09,209,209,5396.38,0.0,0,0
SKU-00078,37,2024-09-16,243,243,6274.26,0.0,0,0
SKU-00078,38,2024-09-23,206,206,5318.92,0.0,0,0
SKU-00078,39,2024-09-30,227,227,5861.14,0.0,0,0
SKU-00078,40,2024-10-07,236,236,6093.52,0.0,0,0
SKU-00078,41,2024-10-14,237,237,6119.34,0.0,0,0
SKU-00078,42,2024-10-21,249,170,4389.4,2039.78,0,0
SKU-00078,43,2024-10-28,214,50,1291.0,4234.4800000000005,0,0
SKU-00078,44,2024-11-04,212,212,5473.84,0.0,0,0
SKU-00078,45,2024-11-11,225,225,5809.5,0.0,0,0
SKU-00078,46,2024-11-18,221,221,5706.22,0.0,0,0
SKU-00078,47,2024-11-25,217,217,5602.9400000000005,0.0,0,0
SKU-00078,48,2024-12-02,242,242,6248.4400000000005,0.0,0,0
SKU-00078,49,2024-12-09,235,232,5990.24,77.46000000000001,0,0
SKU-00078,50,2024-12-16,222,222,5732.04,0.0,0,0
SKU-00078,51,2024-12-23,245,245,6325.9,0.0,0,0
SKU-00078,52,2024-12-30,258,258,6661.56,0.0,0,0
SKU-00078,53,2025-01-06,254,254,6558.28,0.0,0,0
SKU-00078,54,2025-01-13,235,140,3614.8,2452.9,0,0
SKU-00078,55,2025-01-20,251,251,6480.82,0.0,0,0
SKU-00078,56,2025-01-27,242,242,6248.4400000000005,0.0,0,0
SKU-00078,57,2025-02-03,315,198,5112.36,3020.94,1,4
SKU-00078,58,2025-02-10,246,138,3563.16,2788.56,0,0
SKU-00078,59,2025-02-17,384,384,9914.880000000001,0.0,1,6
SKU-00078,60,2025-02-24,239,239,6170.9800000000005,0.0,0,0
SKU-00078,61,2025-03-03,234,234,6041.88,0.0,0,0
SKU-00078,62,2025-03-10,218,218,5628.76,0.0,0,0
SKU-00078,63,2025-03-17,248,248,6403.36,0.0,0,0
SKU-00078,64,2025-03-24,239,239,6170.9800000000005,0.0,0,0
SKU-00078,65,2025-03-31,216,142,3666.44,1910.68,0,0
SKU-00078,66,2025-04-07,223,82,2117.2400000000002,3640.62,0,0
SKU-00078,67,2025-04-14,231,231,5964.42,0.0,0,0
SKU-00078,68,2025-04-21,242,242,6248.4400000000005,0.0,0,0
SKU-00078,69,2025-04-28,218,152,3924.64,1704.1200000000001,0,0
SKU-00078,70,2025-05-05,326,269,6945.58,1471.74,1,3
SKU-00078,71,2025-05-12,226,226,5835.32,0.0,0,0
SKU-00078,72,2025-05-19,205,194,5009.08,284.02,0,0
SKU-00078,73,2025-05-26,197,143,3692.26,1394.28,0,0
SKU-00078,74,2025-06-02,197,197,5086.54,0.0,0,0
SKU-00078,75,2025-06-09,214,214,5525.4800000000005,0.0,0,0
SKU-00078,76,2025-06-16,201,201,5189.82,0.0,0,0
SKU-00078,77,2025-06-23,209,209,5396.38,0.0,0,0
SKU-00078,78,2025-06-30,235,235,6067.7,0.0,0,0
SKU-00078,79,2025-07-07,216,216,5577.12,0.0,0,0
SKU-00078,80,2025-07-14,283,283,7307.06,0.0,1,3
SKU-00078,81,2025-07-21,284,143,3692.26,3640.62,1,2
SKU-00078,82,2025-07-28,305,305,7875.1,0.0,1,5
SKU-00078,83,2025-08-04,261,261,6739.02,0.0,1,2
SKU-00078,84,2025-08-11,216,216,5577.12,0.0,0,0
SKU-00078,85,2025-08-18,221,221,5706.22,0.0,0,0
SKU-00078,86,2025-08-25,246,246,6351.72,0.0,0,0
SKU-00078,87,2025-09-01,206,146,3769.7200000000003,1549.2,0,0
SKU-00078,88,2025-09-08,228,163,4208.66,1678.3,0,0
SKU-00078,89,2025-09-15,234,234,6041.88,0.0,0,0
SKU-00078,90,2025-09-22,309,295,7616.9,361.48,1,4
SKU-00078,91,2025-09-29,207,143,3692.26,1652.48,0,0
SKU-00078,92,2025-10-06,219,219,5654.58,0.0,0,0
SKU-00078,93,2025-10-13,237,237,6119.34,0.0,0,0
SKU-00078,94,2025-10-20,244,244,6300.08,0.0,0,0
SKU-00078,95,2025-10-27,203,203,5241.46,0.0,0,0
SKU-00078,96,2025-11-03,261,261,6739.02,0.0,0,0
SKU-00078,97,2025-11-10,243,243,6274.26,0.0,0,0
SKU-00078,98,2025-11-17,235,141,3640.62,2427.08,0,0
SKU-00078,99,2025-11-24,246,207,5344.74,1006.98,0,0
SKU-00078,100,2025-12-01,232,232,5990.24,0.0,0,0
SKU-00078,101,2025-12-08,244,244,6300.08,0.0,0,0
SKU-00078,102,2025-12-15,246,246,6351.72,0.0,0,0
SKU-00078,103,2025-12-22,235,235,6067.7,0.0,0,0
SKU-00079,0,2024-01-01,229,229,15162.089999999998,0.0,1,3
SKU-00079,1,2024-01-08,175,175,11586.749999999998,0.0,0,0
SKU-00079,2,2024-01-15,199,199,13175.789999999999,0.0,0,0
SKU-00079,3,2024-01-22,165,165,10924.65,0.0,0,0
SKU-00079,4,2024-01-29,186,186,12315.06,0.0,0,0
SKU-00079,5,2024-02-05,190,190,12579.9,0.0,0,0
SKU-00079,6,2024-02-12,184,184,12182.64,0.0,0,0
SKU-00079,7,2024-02-19,175,156,10328.759999999998,1257.9899999999998,0,0
SKU-00079,8,2024-02-26,186,186,12315.06,0.0,0,0
SKU-00079,9,2024-03-04,175,175,11586.749999999998,0.0,0,0
SKU-00079,10,2024-03-11,153,153,10130.13,0.0,0,0
SKU-00079,11,2024-03-18,179,179,11851.589999999998,0.0,0,0
SKU-00079,12,2024-03-25,172,172,11388.119999999999,0.0,0,0
SKU-00079,13,2024-04-01,184,184,12182.64,0.0,0,0
SKU-00079,14,2024-04-08,157,157,10394.97,0.0,0,0
SKU-00079,15,2024-04-15,189,168,11123.279999999999,1390.4099999999999,0,0
SKU-00079,16,2024-04-22,153,126,8342.46,1787.6699999999998,0,0
SKU-00079,17,2024-04-29,190,190,12579.9,0.0,0,0
SKU-00079,18,2024-05-06,178,131,8673.509999999998,3111.87,0,0
SKU-00079,19,2024-05-13,171,171,11321.909999999998,0.0,0,0
SKU-00079,20,2024-05-20,183,183,12116.429999999998,0.0,0,0
SKU-00079,21,2024-05-27,200,200,13241.999999999998,0.0,0,0
SKU-00079,22,2024-06-03,160,160,10593.599999999999,0.0,0,0
SKU-00079,23,2024-06-10,194,181,11984.009999999998,860.7299999999999,0,0
SKU-00079,24,2024-06-17,202,123,8143.829999999999,5230.589999999999,0,0
SKU-00079,25,2024-06-24,135,135,8938.349999999999,0.0,0,0
SKU-00079,26,2024-07-01,174,174,11520.539999999999,0.0,0,0
SKU-00079,27,2024-07-08,180,180,11917.8,0.0,0,0
SKU-00079,28,2024-07-15,187,187,12381.269999999999,0.0,0,0
SKU-00079,29,2024-07-22,189,102,6753.419999999999,5760.2699999999995,0,0
SKU-00079,30,2024-07-29,185,91,6025.11,6223.74,0,0
SKU-00079,31,2024-08-05,259,232,15360.72,1787.6699999999998,1,4
SKU-00079,32,2024-08-12,205,205,13573.05,0.0,0,0
SKU-00079,33,2024-08-19,185,179,11851.589999999998,397.26,0,0
SKU-00079,34,2024-08-26,163,163,10792.23,0.0,0,0
SKU-00079,35,2024-09-02,192,192,12712.32,0.0,0,0
SKU-00079,36,2024-09-09,177,177,11719.169999999998,0.0,0,0
SKU-00079,37,2024-09-16,200,200,13241.999999999998,0.0,0,0
SKU-00079,38,2024-09-23,179,179,11851.589999999998,0.0,0,0
SKU-00079,39,2024-09-30,211,147,9732.869999999999,4237.44,0,0
SKU-00079,40,2024-10-07,182,182,12050.22,0.0,0,0
SKU-00079,41,2024-10-14,256,256,16949.76,0.0,0,0
SKU-00079,42,2024-10-21,199,199,13175.789999999999,0.0,0,0
SKU-00079,43,2024-10-28,242,242,16022.819999999998,0.0,1,5
SKU-00079,44,2024-11-04,209,209,13837.89,0.0,1,2
SKU-00079,45,2024-11-11,187,187,12381.269999999999,0.0,0,0
SKU-00079,46,2024-11-18,187,187,12381.269999999999,0.0,0,0
SKU-00079,47,2024-11-25,180,180,11917.8,0.0,0,0
SKU-00079,48,2024-12-02,188,139,9203.189999999999,3244.2899999999995,0,0
SKU-00079,49,2024-12-09,188,116,7680.36,4767.12,0,0
SKU-00079,50,2024-12-16,162,162,10726.019999999999,0.0,0,0
SKU-00079,51,2024-12-23,166,166,10990.859999999999,0.0,0,0
SKU-00079,52,2024-12-30,160,160,10593.599999999999,0.0,0,0
SKU-00079,53,2025-01-06,186,186,12315.06,0.0,0,0
SKU-00079,54,2025-01-13,172,172,11388.119999999999,0.0,0,0
SKU-00079,55,2025-01-20,200,129,8541.089999999998,4700.91,1,3
SKU-00079,56,2025-01-27,164,76,5031.959999999999,5826.48,0,0
SKU-00079,57,2025-02-03,169,169,11189.49,0.0,0,0
SKU-00079,58,2025-02-10,158,158,10461.179999999998,0.0,0,0
SKU-00079,59,2025-02-17,209,209,13837.89,0.0,1,1
SKU-00079,60,2025-02-24,270,270,17876.699999999997,0.0,1,6
SKU-00079,61,2025-03-03,154,138,9136.98,1059.36,0,0
SKU-00079,62,2025-03-10,149,149,9865.289999999999,0.0,0,0
SKU-00079,63,2025-03-17,185,185,12248.849999999999,0.0,0,0
SKU-00079,64,2025-03-24,161,161,10659.81,0.0,0,0
SKU-00079,65,2025-03-31,170,170,11255.699999999999,0.0,0,0
SKU-00079,66,2025-04-07,152,152,10063.919999999998,0.0,0,0
SKU-00079,67,2025-04-14,140,126,8342.46,926.9399999999999,0,0
SKU-00079,68,2025-04-21,166,145,9600.449999999999,1390.4099999999999,0,0
SKU-00079,69,2025-04-28,159,81,5363.009999999999,5164.379999999999,0,0
SKU-00079,70,2025-05-05,198,101,6687.209999999999,6422.369999999999,1,3
SKU-00079,71,2025-05-12,144,126,8342.46,1191.78,0,0
SKU-00079,72,2025-05-19,148,148,9799.08,0.0,0,0
SKU-00079,73,2025-05-26,145,138,9136.98,463.46999999999997,0,0
SKU-00079,74,2025-06-02,168,168,11123.279999999999,0.0,0,0
SKU-00079,75,2025-06-09,132,132,8739.72,0.0,0,0
SKU-00079,76,2025-06-16,295,295,19531.949999999997,0.0,1,4
SKU-00079,77,2025-06-23,179,179,11851.589999999998,0.0,0,0
SKU-00079,78,2025-06-30,133,133,8805.929999999998,0.0,0,0
SKU-00079,79,2025-07-07,188,126,8342.46,4105.0199999999995,0,0
SKU-00079,80,2025-07-14,155,155,10262.55,0.0,0,0
SKU-00079,81,2025-07-21,190,190,12579.9,0.0,0,0
SKU-00079,82,2025-07-28,162,162,10726.019999999999,0.0,1,1
SKU-00079,83,2025-08-04,185,106,7018.259999999999,5230.589999999999,1,2
SKU-00079,84,2025-08-11,167,136,9004.56,2052.5099999999998,0,0
SKU-00079,85,2025-08-18,184,184,12182.64,0.0,0,0
SKU-00079,86,2025-08-25,173,121,8011.409999999999,3442.9199999999996,0,0
SKU-00079,87,2025-09-01,173,173,11454.329999999998,0.0,0,0
SKU-00079,88,2025-09-08,171,171,11321.909999999998,0.0,0,0
SKU-00079,89,2025-09-15,173,173,11454.329999999998,0.0,0,0
SKU-00079,90,2025-09-22,145,145,9600.449999999999,0.0,0,0
SKU-00079,91,2025-09-29,193,193,12778.529999999999,0.0,0,0
SKU-00079,92,2025-10-06,178,107,7084.469999999999,4700.91,0,0
SKU-00079,93,2025-10-13,149,62,4105.0199999999995,5760.2699999999995,0,0
SKU-00079,94,2025-10-20,170,170,11255.699999999999,0.0,0,0
SKU-00079,95,2025-10-27,163,163,10792.23,0.0,0,0
SKU-00079,96,2025-11-03,179,179,11851.589999999998,0.0,0,0
SKU-00079,97,2025-11-10,196,196,12977.159999999998,0.0,0,0
SKU-00079,98,2025-11-17,170,170,11255.699999999999,0.0,0,0
SKU-00079,99,2025-11-24,154,154,10196.339999999998,0.0,0,0
SKU-00079,100,2025-12-01,145,145,9600.449999999999,0.0,0,0
SKU-00079,101,2025-12-08,163,163,10792.23,0.0,0,0
SKU-00079,102,2025-12-15,132,132,8739.72,0.0,0,0
SKU-00079,103,2025-12-22,138,138,9136.98,0.0,0,0
SKU-00080,0,2024-01-01,181,181,4123.18,0.0,0,0
SKU-00080,1,2024-01-08,197,197,4487.66,0.0,0,0
SKU-00080,2,2024-01-15,164,164,3735.92,0.0,0,0
SKU-00080,3,2024-01-22,159,159,3622.02,0.0,0,0
SKU-00080,4,2024-01-29,168,163,3713.1400000000003,113.9,0,0
SKU-00080,5,2024-02-05,160,23,523.94,3120.86,0,0
SKU-00080,6,2024-02-12,185,185,4214.3,0.0,1,1
SKU-00080,7,2024-02-19,240,240,5467.200000000001,0.0,1,5
SKU-00080,8,2024-02-26,145,145,3303.1000000000004,0.0,0,0
SKU-00080,9,2024-03-04,155,155,3530.9,0.0,0,0
SKU-00080,10,2024-03-11,217,217,4943.26,0.0,1,7
SKU-00080,11,2024-03-18,150,150,3417.0,0.0,0,0
SKU-00080,12,2024-03-25,131,131,2984.1800000000003,0.0,0,0
SKU-00080,13,2024-04-01,138,138,3143.6400000000003,0.0,0,0
SKU-00080,14,2024-04-08,123,123,2801.94,0.0,0,0
SKU-00080,15,2024-04-15,111,111,2528.58,0.0,0,0
SKU-00080,16,2024-04-22,118,118,2688.04,0.0,0,0
SKU-00080,17,2024-04-29,124,124,2824.7200000000003,0.0,0,0
SKU-00080,18,2024-05-06,126,126,2870.28,0.0,0,0
SKU-00080,19,2024-05-13,115,115,2619.7000000000003,0.0,0,0
SKU-00080,20,2024-05-20,124,124,2824.7200000000003,0.0,0,0
SKU-00080,21,2024-05-27,129,129,2938.6200000000003,0.0,0,0
SKU-00080,22,2024-06-03,112,112,2551.36,0.0,0,0
SKU-00080,23,2024-06-10,120,120,2733.6000000000004,0.0,0,0
SKU-00080,24,2024-06-17,126,126,2870.28,0.0,0,0
SKU-00080,25,2024-06-24,109,109,2483.02,0.0,0,0
SKU-00080,26,2024-07-01,140,140,3189.2000000000003,0.0,0,0
SKU-00080,27,2024-07-08,129,129,2938.6200000000003,0.0,0,0
SKU-00080,28,2024-07-15,136,136,3098.08,0.0,0,0
SKU-00080,29,2024-07-22,153,145,3303.1000000000004,182.24,0,0
SKU-00080,30,2024-07-29,160,160,3644.8,0.0,0,0
SKU-00080,31,2024-08-05,147,147,3348.6600000000003,0.0,0,0
SKU-00080,32,2024-08-12,149,149,3394.2200000000003,0.0,0,0
SKU-00080,33,2024-08-19,188,188,4282.64,0.0,0,0
SKU-00080,34,2024-08-26,184,184,4191.52,0.0,0,0
SKU-00080,35,2024-09-02,174,174,3963.7200000000003,0.0,0,0
SKU-00080,36,2024-09-09,199,192,4373.76,159.46,0,0
SKU-00080,37,2024-09-16,220,0,0.0,5011.6,0,0
SKU-00080,38,2024-09-23,197,168,3827.04,660.62,0,0
SKU-00080,39,2024-09-30,197,197,4487.66,0.0,0,0
SKU-00080,40,2024-10-07,218,218,4966.04,0.0,0,0
SKU-00080,41,2024-10-14,248,248,5649.4400000000005,0.0,0,0
SKU-00080,42,2024-10-21,221,221,5034.38,0.0,0,0
SKU-00080,43,2024-10-28,209,11,250.58,4510.4400000000005,0,0
SKU-00080,44,2024-11-04,209,175,3986.5,774.52,0,0
SKU-00080,45,2024-11-11,243,243,5535.54,0.0,0,0
SKU-00080,46,2024-11-18,222,222,5057.16,0.0,0,0
SKU-00080,47,2024-11-25,247,224,5102.72,523.94,0,0
SKU-00080,48,2024-12-02,248,171,3895.38,1754.0600000000002,0,0
SKU-00080,49,2024-12-09,225,225,5125.5,0.0,0,0
SKU-00080,50,2024-12-16,243,243,5535.54,0.0,0,0
SKU-00080,51,2024-12-23,285,225,5125.5,1366.8000000000002,1,3
SKU-00080,52,2024-12-30,303,85,1936.3000000000002,4966.04,1,4
SKU-00080,53,2025-01-06,220,220,5011.6,0.0,0,0
SKU-00080,54,2025-01-13,231,231,5262.18,0.0,0,0
SKU-00080,55,2025-01-20,201,201,4578.780000000001,0.0,0,0
SKU-00080,56,2025-01-27,207,207,4715.46,0.0,0,0
SKU-00080,57,2025-02-03,204,204,4647.12,0.0,0,0
SKU-00080,58,2025-02-10,205,205,4669.900000000001,0.0,0,0
SKU-00080,59,2025-02-17,193,78,1776.8400000000001,2619.7000000000003,0,0
SKU-00080,60,2025-02-24,199,162,3690.36,842.86,0,0
SKU-00080,61,2025-03-03,180,180,4100.400000000001,0.0,0,0
SKU-00080,62,2025-03-10,182,182,4145.96,0.0,0,0
SKU-00080,63,2025-03-17,186,186,4237.08,0.0,0,0
SKU-00080,64,2025-03-24,169,106,2414.6800000000003,1435.14,0,0
SKU-00080,65,2025-03-31,191,124,2824.7200000000003,1526.26,0,0
SKU-00080,66,2025-04-07,164,164,3735.92,0.0,0,0
SKU-00080,67,2025-04-14,152,152,3462.5600000000004,0.0,0,0
SKU-00080,68,2025-04-21,149,149,3394.2200000000003,0.0,0,0
SKU-00080,69,2025-04-28,150,150,3417.0,0.0,0,0
SKU-00080,70,2025-05-05,157,157,3576.46,0.0,0,0
SKU-00080,71,2025-05-12,162,162,3690.36,0.0,0,0
SKU-00080,72,2025-05-19,154,154,3508.1200000000003,0.0,0,0
SKU-00080,73,2025-05-26,190,190,4328.2,0.0,1,3
SKU-00080,74,2025-06-02,162,162,3690.36,0.0,0,0
SKU-00080,75,2025-06-09,165,108,2460.2400000000002,1298.46,0,0
SKU-00080,76,2025-06-16,164,164,3735.92,0.0,0,0
SKU-00080,77,2025-06-23,165,165,3758.7000000000003,0.0,0,0
SKU-00080,78,2025-06-30,196,196,4464.88,0.0,0,0
SKU-00080,79,2025-07-07,167,167,3804.26,0.0,0,0
SKU-00080,80,2025-07-14,174,85,1936.3000000000002,2027.42,0,0
SKU-00080,81,2025-07-21,197,134,3052.52,1435.14,0,0
SKU-00080,82,2025-07-28,200,200,4556.0,0.0,0,0
SKU-00080,83,2025-08-04,199,199,4533.22,0.0,0,0
SKU-00080,84,2025-08-11,192,192,4373.76,0.0,0,0
SKU-00080,85,2025-08-18,210,85,1936.3000000000002,2847.5,0,0
SKU-00080,86,2025-08-25,242,211,4806.58,706.1800000000001,0,0
SKU-00080,87,2025-09-01,245,208,4738.24,842.86,0,0
SKU-00080,88,2025-09-08,242,126,2870.28,2642.48,0,0
SKU-00080,89,2025-09-15,232,232,5284.96,0.0,0,0
SKU-00080,90,2025-09-22,264,132,3006.96,3006.96,0,0
SKU-00080,91,2025-09-29,313,313,7130.14,0.0,1,5
SKU-00080,92,2025-10-06,497,460,10478.800000000001,842.86,1,7
SKU-00080,93,2025-10-13,431,34,774.52,9043.66,1,4
SKU-00080,94,2025-10-20,298,298,6788.4400000000005,0.0,0,0
SKU-00080,95,2025-10-27,285,285,6492.3,0.0,0,0
SKU-00080,96,2025-11-03,270,247,5626.66,523.94,0,0
SKU-00080,97,2025-11-10,277,34,774.52,5535.54,0,0
SKU-00080,98,2025-11-17,273,273,6218.9400000000005,0.0,0,0
SKU-00080,99,2025-11-24,324,324,7380.72,0.0,0,0
SKU-00080,100,2025-12-01,295,295,6720.1,0.0,0,0
SKU-00080,101,2025-12-08,420,299,6811.22,2756.38,1,3
SKU-00080,102,2025-12-15,271,0,0.0,6173.38,0,0
SKU-00080,103,2025-12-22,302,0,0.0,6879.56,0,0
SKU-00081,0,2024-01-01,97,97,1789.6499999999999,0.0,0,0
SKU-00081,1,2024-01-08,95,95,1752.75,0.0,0,0
SKU-00081,2,2024-01-15,86,86,1586.7,0.0,0,0
SKU-00081,3,2024-01-22,94,94,1734.3,0.0,0,0
SKU-00081,4,2024-01-29,94,94,1734.3,0.0,0,0
SKU-00081,5,2024-02-05,91,83,1531.35,147.6,0,0
SKU-00081,6,2024-02-12,92,86,1586.7,110.69999999999999,0,0
SKU-00081,7,2024-02-19,93,83,1531.35,184.5,0,0
SKU-00081,8,2024-02-26,135,78,1439.1,1051.6499999999999,1,4
SKU-00081,9,2024-03-04,112,103,1900.35,166.04999999999998,1,2
SKU-00081,10,2024-03-11,97,97,1789.6499999999999,0.0,0,0
SKU-00081,11,2024-03-18,97,74,1365.3,424.34999999999997,0,0
SKU-00081,12,2024-03-25,124,113,2084.85,202.95,1,2
SKU-00081,13,2024-04-01,133,121,2232.45,221.39999999999998,1,3
SKU-00081,14,2024-04-08,105,84,1549.8,387.45,0,0
SKU-00081,15,2024-04-15,110,110,2029.5,0.0,0,0
SKU-00081,16,2024-04-22,103,103,1900.35,0.0,0,0
SKU-00081,17,2024-04-29,110,110,2029.5,0.0,0,0
SKU-00081,18,2024-05-06,109,109,2011.05,0.0,0,0
SKU-00081,19,2024-05-13,113,46,848.6999999999999,1236.1499999999999,0,0
SKU-00081,20,2024-05-20,117,112,2066.4,92.25,0,0
SKU-00081,21,2024-05-27,119,89,1642.05,553.5,0,0
SKU-00081,22,2024-06-03,172,155,2859.75,313.65,1,5
SKU-00081,23,2024-06-10,175,138,2546.1,682.65,1,6
SKU-00081,24,2024-06-17,122,75,1383.75,867.15,0,0
SKU-00081,25,2024-06-24,130,130,2398.5,0.0,0,0
SKU-00081,26,2024-07-01,119,119,2195.5499999999997,0.0,0,0
SKU-00081,27,2024-07-08,137,137,2527.65,0.0,0,0
SKU-00081,28,2024-07-15,126,76,1402.2,922.5,0,0
SKU-00081,29,2024-07-22,134,97,1789.6499999999999,682.65,0,0
SKU-00081,30,2024-07-29,139,108,1992.6,571.9499999999999,0,0
SKU-00081,31,2024-08-05,137,125,2306.25,221.39999999999998,0,0
SKU-00081,32,2024-08-12,127,127,2343.15,0.0,0,0
SKU-00081,33,2024-08-19,139,78,1439.1,1125.45,0,0
SKU-00081,34,2024-08-26,136,81,1494.45,1014.75,0,0
SKU-00081,35,2024-09-02,140,132,2435.4,147.6,0,0
SKU-00081,36,2024-09-09,134,129,2380.0499999999997,92.25,0,0
SKU-00081,37,2024-09-16,137,54,996.3,1531.35,0,0
SKU-00081,38,2024-09-23,131,119,2195.5499999999997,221.39999999999998,0,0
SKU-00081,39,2024-09-30,129,110,2029.5,350.55,0,0
SKU-00081,40,2024-10-07,123,123,2269.35,0.0,0,0
SKU-00081,41,2024-10-14,134,125,2306.25,166.04999999999998,0,0
SKU-00081,42,2024-10-21,126,87,1605.1499999999999,719.55,0,0
SKU-00081,43,2024-10-28,123,113,2084.85,184.5,0,0
SKU-00081,44,2024-11-04,130,59,1088.55,1309.95,0,0
SKU-00081,45,2024-11-11,127,94,1734.3,608.85,0,0
SKU-00081,46,2024-11-18,116,106,1955.6999999999998,184.5,0,0
SKU-00081,47,2024-11-25,116,64,1180.8,959.4,0,0
SKU-00081,48,2024-12-02,119,48,885.5999999999999,1309.95,0,0
SKU-00081,49,2024-12-09,117,77,1420.6499999999999,738.0,0,0
SKU-00081,50,2024-12-16,110,97,1789.6499999999999,239.85,0,0
SKU-00081,51,2024-12-23,115,100,1845.0,276.75,0,0
SKU-00081,52,2024-12-30,158,137,2527.65,387.45,1,5
SKU-00081,53,2025-01-06,128,104,1918.8,442.79999999999995,1,1
SKU-00081,54,2025-01-13,102,35,645.75,1236.1499999999999,0,0
SKU-00081,55,2025-01-20,110,106,1955.6999999999998,73.8,0,0
SKU-00081,56,2025-01-27,110,100,1845.0,184.5,0,0
SKU-00081,57,2025-02-03,104,104,1918.8,0.0,0,0
SKU-00081,58,2025-02-10,103,103,1900.35,0.0,0,0
SKU-00081,59,2025-02-17,109,105,1937.25,73.8,0,0
SKU-00081,60,2025-02-24,113,105,1937.25,147.6,0,0
SKU-00081,61,2025-03-03,111,107,1974.1499999999999,73.8,0,0
SKU-00081,62,2025-03-10,107,81,1494.45,479.7,0,0
SKU-00081,63,2025-03-17,111,111,2047.9499999999998,0.0,0,0
SKU-00081,64,2025-03-24,117,85,1568.25,590.4,0,0
SKU-00081,65,2025-03-31,115,84,1549.8,571.9499999999999,0,0
SKU-00081,66,2025-04-07,120,120,2214.0,0.0,0,0
SKU-00081,67,2025-04-14,122,93,1715.85,535.05,0,0
SKU-00081,68,2025-04-21,122,104,1918.8,332.09999999999997,0,0
SKU-00081,69,2025-04-28,132,80,1476.0,959.4,0,0
SKU-00081,70,2025-05-05,139,139,2564.5499999999997,0.0,0,0
SKU-00081,71,2025-05-12,121,93,1715.85,516.6,0,0
SKU-00081,72,2025-05-19,144,116,2140.2,516.6,0,0
SKU-00081,73,2025-05-26,135,126,2324.7,166.04999999999998,0,0
SKU-00081,74,2025-06-02,144,101,1863.4499999999998,793.35,0,0
SKU-00081,75,2025-06-09,139,119,2195.5499999999997,369.0,0,0
SKU-00081,76,2025-06-16,217,143,2638.35,1365.3,1,5
SKU-00081,77,2025-06-23,145,120,2214.0,461.25,0,0
SKU-00081,78,2025-06-30,140,131,2416.95,166.04999999999998,0,0
SKU-00081,79,2025-07-07,162,142,2619.9,369.0,0,0
SKU-00081,80,2025-07-14,147,133,2453.85,258.3,0,0
SKU-00081,81,2025-07-21,162,96,1771.1999999999998,1217.7,0,0
SKU-00081,82,2025-07-28,154,65,1199.25,1642.05,0,0
SKU-00081,83,2025-08-04,153,146,2693.7,129.15,0,0
SKU-00081,84,2025-08-11,155,106,1955.6999999999998,904.05,0,0
SKU-00081,85,2025-08-18,152,121,2232.45,571.9499999999999,0,0
SKU-00081,86,2025-08-25,151,134,2472.2999999999997,313.65,0,0
SKU-00081,87,2025-09-01,248,123,2269.35,2306.25,1,6
SKU-00081,88,2025-09-08,161,65,1199.25,1771.1999999999998,1,1
SKU-00081,89,2025-09-15,155,61,1125.45,1734.3,0,0
SKU-00081,90,2025-09-22,154,154,2841.2999999999997,0.0,0,0
SKU-00081,91,2025-09-29,202,165,3044.25,682.65,1,4
SKU-00081,92,2025-10-06,190,139,2564.5499999999997,940.9499999999999,1,3
SKU-00081,93,2025-10-13,146,48,885.5999999999999,1808.1,0,0
SKU-00081,94,2025-10-20,146,79,1457.55,1236.1499999999999,0,0
SKU-00081,95,2025-10-27,142,125,2306.25,313.65,0,0
SKU-00081,96,2025-11-03,136,91,1678.95,830.25,0,0
SKU-00081,97,2025-11-10,136,136,2509.2,0.0,0,0
SKU-00081,98,2025-11-17,138,138,2546.1,0.0,0,0
SKU-00081,99,2025-11-24,136,125,2306.25,202.95,0,0
SKU-00081,100,2025-12-01,136,49,904.05,1605.1499999999999,0,0
SKU-00081,101,2025-12-08,130,80,1476.0,922.5,0,0
SKU-00081,102,2025-12-15,121,98,1808.1,424.34999999999997,0,0
SKU-00081,103,2025-12-22,121,121,2232.45,0.0,0,0
SKU-00082,0,2024-01-01,219,219,3425.1600000000003,0.0,0,0
SKU-00082,1,2024-01-08,292,292,4566.88,0.0,0,0
SKU-00082,2,2024-01-15,294,294,4598.16,0.0,1,2
SKU-00082,3,2024-01-22,293,293,4582.52,0.0,1,4
SKU-00082,4,2024-01-29,236,236,3691.04,0.0,1,1
SKU-00082,5,2024-02-05,274,254,3972.56,312.8,0,0
SKU-00082,6,2024-02-12,265,265,4144.6,0.0,0,0
SKU-00082,7,2024-02-19,214,214,3346.96,0.0,0,0
SKU-00082,8,2024-02-26,231,231,3612.84,0.0,0,0
SKU-00082,9,2024-03-04,248,248,3878.7200000000003,0.0,0,0
SKU-00082,10,2024-03-11,188,188,2940.32,0.0,0,0
SKU-00082,11,2024-03-18,251,251,3925.6400000000003,0.0,0,0
SKU-00082,12,2024-03-25,214,214,3346.96,0.0,0,0
SKU-00082,13,2024-04-01,233,233,3644.1200000000003,0.0,0,0
SKU-00082,14,2024-04-08,302,302,4723.28,0.0,0,0
SKU-00082,15,2024-04-15,265,265,4144.6,0.0,0,0
SKU-00082,16,2024-04-22,274,274,4285.360000000001,0.0,0,0
SKU-00082,17,2024-04-29,266,266,4160.24,0.0,0,0
SKU-00082,18,2024-05-06,398,40,625.6,5599.12,0,0
SKU-00082,19,2024-05-13,388,280,4379.2,1689.1200000000001,0,0
SKU-00082,20,2024-05-20,408,408,6381.12,0.0,0,0
SKU-00082,21,2024-05-27,209,209,3268.76,0.0,0,0
SKU-00082,22,2024-06-03,379,286,4473.04,1454.52,0,0
SKU-00082,23,2024-06-10,427,427,6678.280000000001,0.0,0,0
SKU-00082,24,2024-06-17,481,481,7522.84,0.0,0,0
SKU-00082,25,2024-06-24,295,295,4613.8,0.0,0,0
SKU-00082,26,2024-07-01,333,333,5208.12,0.0,0,0
SKU-00082,27,2024-07-08,357,285,4457.400000000001,1126.08,0,0
SKU-00082,28,2024-07-15,304,58,907.12,3847.44,0,0
SKU-00082,29,2024-07-22,373,373,5833.72,0.0,0,0
SKU-00082,30,2024-07-29,354,296,4629.4400000000005,907.12,0,0
SKU-00082,31,2024-08-05,471,29,453.56,6912.88,0,0
SKU-00082,32,2024-08-12,462,462,7225.68,0.0,0,0
SKU-00082,33,2024-08-19,410,200,3128.0,3284.4,0,0
SKU-00082,34,2024-08-26,469,469,7335.16,0.0,0,0
SKU-00082,35,2024-09-02,272,272,4254.08,0.0,0,0
SKU-00082,36,2024-09-09,400,400,6256.0,0.0,0,0
SKU-00082,37,2024-09-16,291,291,4551.24,0.0,0,0
SKU-00082,38,2024-09-23,473,409,6396.76,1000.96,1,7
SKU-00082,39,2024-09-30,514,56,875.84,7163.12,1,7
SKU-00082,40,2024-10-07,366,366,5724.24,0.0,1,4
SKU-00082,41,2024-10-14,291,291,4551.24,0.0,0,0
SKU-00082,42,2024-10-21,239,239,3737.96,0.0,0,0
SKU-00082,43,2024-10-28,241,241,3769.2400000000002,0.0,0,0
SKU-00082,44,2024-11-04,330,167,2611.88,2549.32,1,4
SKU-00082,45,2024-11-11,347,347,5427.08,0.0,0,0
SKU-00082,46,2024-11-18,307,307,4801.4800000000005,0.0,0,0
SKU-00082,47,2024-11-25,283,283,4426.12,0.0,0,0
SKU-00082,48,2024-12-02,291,291,4551.24,0.0,0,0
SKU-00082,49,2024-12-09,217,217,3393.88,0.0,0,0
SKU-00082,50,2024-12-16,210,210,3284.4,0.0,0,0
SKU-00082,51,2024-12-23,185,185,2893.4,0.0,0,0
SKU-00082,52,2024-12-30,270,270,4222.8,0.0,0,0
SKU-00082,53,2025-01-06,239,239,3737.96,0.0,0,0
SKU-00082,54,2025-01-13,274,236,3691.04,594.32,0,0
SKU-00082,55,2025-01-20,226,151,2361.64,1173.0,0,0
SKU-00082,56,2025-01-27,218,218,3409.52,0.0,0,0
SKU-00082,57,2025-02-03,190,190,2971.6,0.0,0,0
SKU-00082,58,2025-02-10,196,196,3065.44,0.0,0,0
SKU-00082,59,2025-02-17,253,253,3956.92,0.0,0,0
SKU-00082,60,2025-02-24,253,253,3956.92,0.0,1,1
SKU-00082,61,2025-03-03,374,271,4238.4400000000005,1610.92,1,5
SKU-00082,62,2025-03-10,258,258,4035.1200000000003,0.0,0,0
SKU-00082,63,2025-03-17,301,301,4707.64,0.0,0,0
SKU-00082,64,2025-03-24,320,320,5004.8,0.0,0,0
SKU-00082,65,2025-03-31,228,37,578.6800000000001,2987.2400000000002,0,0
SKU-00082,66,2025-04-07,318,318,4973.52,0.0,0,0
SKU-00082,67,2025-04-14,266,266,4160.24,0.0,0,0
SKU-00082,68,2025-04-21,322,322,5036.08,0.0,0,0
SKU-00082,69,2025-04-28,370,370,5786.8,0.0,0,0
SKU-00082,70,2025-05-05,318,86,1345.04,3628.48,0,0
SKU-00082,71,2025-05-12,416,416,6506.24,0.0,0,0
SKU-00082,72,2025-05-19,397,397,6209.08,0.0,0,0
SKU-00082,73,2025-05-26,277,277,4332.28,0.0,0,0
SKU-00082,74,2025-06-02,343,276,4316.64,1047.88,0,0
SKU-00082,75,2025-06-09,343,343,5364.52,0.0,0,0
SKU-00082,76,2025-06-16,412,412,6443.68,0.0,0,0
SKU-00082,77,2025-06-23,327,327,5114.28,0.0,0,0
SKU-00082,78,2025-06-30,382,134,2095.76,3878.7200000000003,0,0
SKU-00082,79,2025-07-07,487,487,7616.68,0.0,0,0
SKU-00082,80,2025-07-14,262,262,4097.68,0.0,0,0
SKU-00082,81,2025-07-21,407,407,6365.4800000000005,0.0,0,0
SKU-00082,82,2025-07-28,416,416,6506.24,0.0,0,0
SKU-00082,83,2025-08-04,292,292,4566.88,0.0,0,0
SKU-00082,84,2025-08-11,360,360,5630.400000000001,0.0,0,0
SKU-00082,85,2025-08-18,465,336,5255.04,2017.5600000000002,0,0
SKU-00082,86,2025-08-25,322,10,156.4,4879.68,0,0
SKU-00082,87,2025-09-01,432,432,6756.4800000000005,0.0,0,0
SKU-00082,88,2025-09-08,492,492,7694.88,0.0,1,4
SKU-00082,89,2025-09-15,376,376,5880.64,0.0,1,2
SKU-00082,90,2025-09-22,260,33,516.12,3550.28,0,0
SKU-00082,91,2025-09-29,310,0,0.0,4848.400000000001,0,0
SKU-00082,92,2025-10-06,314,314,4910.96,0.0,0,0
SKU-00082,93,2025-10-13,290,290,4535.6,0.0,0,0
SKU-00082,94,2025-10-20,365,365,5708.6,0.0,0,0
SKU-00082,95,2025-10-27,286,28,437.92,4035.1200000000003,0,0
SKU-00082,96,2025-11-03,233,39,609.96,3034.1600000000003,0,0
SKU-00082,97,2025-11-10,287,287,4488.68,0.0,0,0
SKU-00082,98,2025-11-17,263,263,4113.32,0.0,0,0
SKU-00082,99,2025-11-24,302,302,4723.28,0.0,0,0
SKU-00082,100,2025-12-01,245,245,3831.8,0.0,0,0
SKU-00082,101,2025-12-08,276,207,3237.48,1079.16,0,0
SKU-00082,102,2025-12-15,279,0,0.0,4363.56,0,0
SKU-00082,103,2025-12-22,274,274,4285.360000000001,0.0,0,0
SKU-00083,0,2024-01-01,47,47,1135.05,0.0,0,0
SKU-00083,1,2024-01-08,101,101,2439.1499999999996,0.0,0,0
SKU-00083,2,2024-01-15,96,96,2318.3999999999996,0.0,0,0
SKU-00083,3,2024-01-22,72,72,1738.8,0.0,0,0
SKU-00083,4,2024-01-29,89,89,2149.35,0.0,0,0
SKU-00083,5,2024-02-05,75,75,1811.25,0.0,0,0
SKU-00083,6,2024-02-12,81,81,1956.1499999999999,0.0,0,0
SKU-00083,7,2024-02-19,97,97,2342.5499999999997,0.0,0,0
SKU-00083,8,2024-02-26,76,76,1835.3999999999999,0.0,0,0
SKU-00083,9,2024-03-04,101,101,2439.1499999999996,0.0,0,0
SKU-00083,10,2024-03-11,74,74,1787.1,0.0,0,0
SKU-00083,11,2024-03-18,80,80,1932.0,0.0,0,0
SKU-00083,12,2024-03-25,62,62,1497.3,0.0,0,0
SKU-00083,13,2024-04-01,106,106,2559.8999999999996,0.0,0,0
SKU-00083,14,2024-04-08,99,99,2390.85,0.0,0,0
SKU-00083,15,2024-04-15,93,93,2245.95,0.0,0,0
SKU-00083,16,2024-04-22,115,115,2777.25,0.0,0,0
SKU-00083,17,2024-04-29,139,139,3356.85,0.0,0,0
SKU-00083,18,2024-05-06,143,143,3453.45,0.0,1,3
SKU-00083,19,2024-05-13,133,133,3211.95,0.0,0,0
SKU-00083,20,2024-05-20,147,49,1183.35,2366.7,0,0
SKU-00083,21,2024-05-27,136,0,0.0,3284.3999999999996,0,0
SKU-00083,22,2024-06-03,105,90,2173.5,362.25,0,0
SKU-00083,23,2024-06-10,157,157,3791.5499999999997,0.0,0,0
SKU-00083,24,2024-06-17,155,155,3743.25,0.0,0,0
SKU-00083,25,2024-06-24,139,75,1811.25,1545.6,0,0
SKU-00083,26,2024-07-01,136,125,3018.75,265.65,0,0
SKU-00083,27,2024-07-08,173,0,0.0,4177.95,0,0
SKU-00083,28,2024-07-15,114,114,2753.1,0.0,0,0
SKU-00083,29,2024-07-22,184,184,4443.599999999999,0.0,1,7
SKU-00083,30,2024-07-29,104,104,2511.6,0.0,0,0
SKU-00083,31,2024-08-05,61,61,1473.1499999999999,0.0,0,0
SKU-00083,32,2024-08-12,85,85,2052.75,0.0,0,0
SKU-00083,33,2024-08-19,125,125,3018.75,0.0,0,0
SKU-00083,34,2024-08-26,165,165,3984.7499999999995,0.0,0,0
SKU-00083,35,2024-09-02,137,11,265.65,3042.8999999999996,0,0
SKU-00083,36,2024-09-09,150,0,0.0,3622.5,0,0
SKU-00083,37,2024-09-16,126,61,1473.1499999999999,1569.75,0,0
SKU-00083,38,2024-09-23,103,103,2487.45,0.0,0,0
SKU-00083,39,2024-09-30,106,106,2559.8999999999996,0.0,0,0
SKU-00083,40,2024-10-07,153,70,1690.5,2004.4499999999998,0,0
SKU-00083,41,2024-10-14,233,192,4636.799999999999,990.15,0,0
SKU-00083,42,2024-10-21,260,64,1545.6,4733.4,0,0
SKU-00083,43,2024-10-28,173,173,4177.95,0.0,0,0
SKU-00083,44,2024-11-04,129,129,3115.35,0.0,0,0
SKU-00083,45,2024-11-11,112,73,1762.9499999999998,941.8499999999999,0,0
SKU-00083,46,2024-11-18,101,76,1835.3999999999999,603.75,0,0
SKU-00083,47,2024-11-25,125,125,3018.75,0.0,1,1
SKU-00083,48,2024-12-02,100,100,2415.0,0.0,1,4
SKU-00083,49,2024-12-09,105,105,2535.75,0.0,0,0
SKU-00083,50,2024-12-16,91,33,796.9499999999999,1400.6999999999998,0,0
SKU-00083,51,2024-12-23,100,0,0.0,2415.0,0,0
SKU-00083,52,2024-12-30,85,75,1811.25,241.5,0,0
SKU-00083,53,2025-01-06,82,82,1980.3,0.0,0,0
SKU-00083,54,2025-01-13,95,95,2294.25,0.0,0,0
SKU-00083,55,2025-01-20,55,55,1328.25,0.0,0,0
SKU-00083,56,2025-01-27,71,71,1714.6499999999999,0.0,0,0
SKU-00083,57,2025-02-03,102,102,2463.2999999999997,0.0,0,0
SKU-00083,58,2025-02-10,77,77,1859.55,0.0,0,0
SKU-00083,59,2025-02-17,71,71,1714.6499999999999,0.0,0,0
SKU-00083,60,2025-02-24,72,72,1738.8,0.0,0,0
SKU-00083,61,2025-03-03,78,78,1883.6999999999998,0.0,0,0
SKU-00083,62,2025-03-10,87,87,2101.0499999999997,0.0,0,0
SKU-00083,63,2025-03-17,147,147,3550.0499999999997,0.0,1,5
SKU-00083,64,2025-03-24,84,84,2028.6,0.0,0,0
SKU-00083,65,2025-03-31,109,109,2632.35,0.0,0,0
SKU-00083,66,2025-04-07,115,115,2777.25,0.0,0,0
SKU-00083,67,2025-04-14,96,96,2318.3999999999996,0.0,0,0
SKU-00083,68,2025-04-21,71,50,1207.5,507.15,0,0
SKU-00083,69,2025-04-28,169,137,3308.5499999999997,772.8,1,1
SKU-00083,70,2025-05-05,193,193,4660.95,0.0,1,3
SKU-00083,71,2025-05-12,174,77,1859.55,2342.5499999999997,1,5
SKU-00083,72,2025-05-19,117,96,2318.3999999999996,507.15,0,0
SKU-00083,73,2025-05-26,96,96,2318.3999999999996,0.0,0,0
SKU-00083,74,2025-06-02,189,188,4540.2,24.15,0,0
SKU-00083,75,2025-06-09,187,0,0.0,4516.05,0,0
SKU-00083,76,2025-06-16,88,0,0.0,2125.2,0,0
SKU-00083,77,2025-06-23,141,0,0.0,3405.1499999999996,0,0
SKU-00083,78,2025-06-30,147,0,0.0,3550.0499999999997,0,0
SKU-00083,79,2025-07-07,107,71,1714.6499999999999,869.4,0,0
SKU-00083,80,2025-07-14,126,126,3042.8999999999996,0.0,0,0
SKU-00083,81,2025-07-21,83,83,2004.4499999999998,0.0,0,0
SKU-00083,82,2025-07-28,148,2,48.3,3525.8999999999996,0,0
SKU-00083,83,2025-08-04,174,89,2149.35,2052.75,0,0
SKU-00083,84,2025-08-11,136,136,3284.3999999999996,0.0,0,0
SKU-00083,85,2025-08-18,200,200,4830.0,0.0,1,4
SKU-00083,86,2025-08-25,164,86,2076.9,1883.6999999999998,0,0
SKU-00083,87,2025-09-01,134,134,3236.1,0.0,0,0
SKU-00083,88,2025-09-08,140,39,941.8499999999999,2439.1499999999996,0,0
SKU-00083,89,2025-09-15,187,56,1352.3999999999999,3163.6499999999996,0,0
SKU-00083,90,2025-09-22,144,144,3477.6,0.0,0,0
SKU-00083,91,2025-09-29,136,136,3284.3999999999996,0.0,0,0
SKU-00083,92,2025-10-06,128,97,2342.5499999999997,748.65,0,0
SKU-00083,93,2025-10-13,104,0,0.0,2511.6,0,0
SKU-00083,94,2025-10-20,96,58,1400.6999999999998,917.6999999999999,0,0
SKU-00083,95,2025-10-27,63,63,1521.4499999999998,0.0,0,0
SKU-00083,96,2025-11-03,149,149,3598.35,0.0,0,0
SKU-00083,97,2025-11-10,111,111,2680.6499999999996,0.0,0,0
SKU-00083,98,2025-11-17,89,84,2028.6,120.75,0,0
SKU-00083,99,2025-11-24,140,140,3381.0,0.0,0,0
SKU-00083,100,2025-12-01,82,82,1980.3,0.0,0,0
SKU-00083,101,2025-12-08,86,77,1859.55,217.35,0,0
SKU-00083,102,2025-12-15,109,109,2632.35,0.0,0,0
SKU-00083,103,2025-12-22,97,97,2342.5499999999997,0.0,1,4
SKU-00084,0,2024-01-01,73,73,1422.04,0.0,0,0
SKU-00084,1,2024-01-08,97,97,1889.56,0.0,1,1
SKU-00084,2,2024-01-15,94,94,1831.1200000000001,0.0,1,2
SKU-00084,3,2024-01-22,83,83,1616.8400000000001,0.0,0,0
SKU-00084,4,2024-01-29,81,81,1577.88,0.0,0,0
SKU-00084,5,2024-02-05,82,82,1597.3600000000001,0.0,0,0
SKU-00084,6,2024-02-12,76,76,1480.48,0.0,0,0
SKU-00084,7,2024-02-19,78,56,1090.88,428.56,0,0
SKU-00084,8,2024-02-26,57,55,1071.4,38.96,0,0
SKU-00084,9,2024-03-04,89,79,1538.92,194.8,1,4
SKU-00084,10,2024-03-11,64,42,818.16,428.56,0,0
SKU-00084,11,2024-03-18,59,59,1149.32,0.0,0,0
SKU-00084,12,2024-03-25,81,81,1577.88,0.0,1,1
SKU-00084,13,2024-04-01,49,49,954.52,0.0,1,2
SKU-00084,14,2024-04-08,61,61,1188.28,0.0,0,0
SKU-00084,15,2024-04-15,58,58,1129.84,0.0,0,0
SKU-00084,16,2024-04-22,65,65,1266.2,0.0,0,0
SKU-00084,17,2024-04-29,45,45,876.6,0.0,0,0
SKU-00084,18,2024-05-06,46,28,545.44,350.64,0,0
SKU-00084,19,2024-05-13,50,50,974.0,0.0,0,0
SKU-00084,20,2024-05-20,50,50,974.0,0.0,0,0
SKU-00084,21,2024-05-27,58,58,1129.84,0.0,0,0
SKU-00084,22,2024-06-03,46,46,896.08,0.0,0,0
SKU-00084,23,2024-06-10,64,64,1246.72,0.0,0,0
SKU-00084,24,2024-06-17,66,66,1285.68,0.0,0,0
SKU-00084,25,2024-06-24,62,62,1207.76,0.0,0,0
SKU-00084,26,2024-07-01,54,54,1051.92,0.0,0,0
SKU-00084,27,2024-07-08,62,62,1207.76,0.0,0,0
SKU-00084,28,2024-07-15,53,53,1032.44,0.0,0,0
SKU-00084,29,2024-07-22,65,65,1266.2,0.0,0,0
SKU-00084,30,2024-07-29,102,87,1694.76,292.2,1,2
SKU-00084,31,2024-08-05,77,77,1499.96,0.0,1,2
SKU-00084,32,2024-08-12,82,82,1597.3600000000001,0.0,1,2
SKU-00084,33,2024-08-19,109,76,1480.48,642.84,1,3
SKU-00084,34,2024-08-26,65,65,1266.2,0.0,0,0
SKU-00084,35,2024-09-02,65,65,1266.2,0.0,0,0
SKU-00084,36,2024-09-09,71,71,1383.08,0.0,0,0
SKU-00084,37,2024-09-16,92,92,1792.16,0.0,0,0
SKU-00084,38,2024-09-23,89,89,1733.72,0.0,0,0
SKU-00084,39,2024-09-30,108,92,1792.16,311.68,1,5
SKU-00084,40,2024-10-07,82,82,1597.3600000000001,0.0,0,0
SKU-00084,41,2024-10-14,109,109,2123.32,0.0,0,0
SKU-00084,42,2024-10-21,97,97,1889.56,0.0,0,0
SKU-00084,43,2024-10-28,90,59,1149.32,603.88,0,0
SKU-00084,44,2024-11-04,99,72,1402.56,525.96,0,0
SKU-00084,45,2024-11-11,90,90,1753.2,0.0,0,0
SKU-00084,46,2024-11-18,122,122,2376.56,0.0,0,0
SKU-00084,47,2024-11-25,84,84,1636.32,0.0,0,0
SKU-00084,48,2024-12-02,79,71,1383.08,155.84,0,0
SKU-00084,49,2024-12-09,100,100,1948.0,0.0,0,0
SKU-00084,50,2024-12-16,91,91,1772.68,0.0,0,0
SKU-00084,51,2024-12-23,97,97,1889.56,0.0,0,0
SKU-00084,52,2024-12-30,67,67,1305.16,0.0,0,0
SKU-00084,53,2025-01-06,73,73,1422.04,0.0,0,0
SKU-00084,54,2025-01-13,84,84,1636.32,0.0,0,0
SKU-00084,55,2025-01-20,89,89,1733.72,0.0,0,0
SKU-00084,56,2025-01-27,79,79,1538.92,0.0,0,0
SKU-00084,57,2025-02-03,95,95,1850.6000000000001,0.0,0,0
SKU-00084,58,2025-02-10,78,78,1519.44,0.0,1,2
SKU-00084,59,2025-02-17,84,84,1636.32,0.0,1,1
SKU-00084,60,2025-02-24,86,86,1675.28,0.0,0,0
SKU-00084,61,2025-03-03,75,75,1461.0,0.0,0,0
SKU-00084,62,2025-03-10,55,55,1071.4,0.0,0,0
SKU-00084,63,2025-03-17,114,104,2025.92,194.8,1,4
SKU-00084,64,2025-03-24,77,77,1499.96,0.0,1,2
SKU-00084,65,2025-03-31,64,64,1246.72,0.0,0,0
SKU-00084,66,2025-04-07,66,66,1285.68,0.0,0,0
SKU-00084,67,2025-04-14,52,52,1012.96,0.0,0,0
SKU-00084,68,2025-04-21,57,46,896.08,214.28,0,0
SKU-00084,69,2025-04-28,66,66,1285.68,0.0,0,0
SKU-00084,70,2025-05-05,62,62,1207.76,0.0,0,0
SKU-00084,71,2025-05-12,46,46,896.08,0.0,0,0
SKU-00084,72,2025-05-19,51,51,993.48,0.0,0,0
SKU-00084,73,2025-05-26,53,53,1032.44,0.0,0,0
SKU-00084,74,2025-06-02,38,38,740.24,0.0,0,0
SKU-00084,75,2025-06-09,62,62,1207.76,0.0,0,0
SKU-00084,76,2025-06-16,49,49,954.52,0.0,0,0
SKU-00084,77,2025-06-23,53,53,1032.44,0.0,0,0
SKU-00084,78,2025-06-30,55,55,1071.4,0.0,0,0
SKU-00084,79,2025-07-07,72,72,1402.56,0.0,0,0
SKU-00084,80,2025-07-14,56,56,1090.88,0.0,0,0
SKU-00084,81,2025-07-21,50,50,974.0,0.0,0,0
SKU-00084,82,2025-07-28,81,81,1577.88,0.0,0,0
SKU-00084,83,2025-08-04,70,70,1363.6000000000001,0.0,0,0
SKU-00084,84,2025-08-11,84,49,954.52,681.8000000000001,0,0
SKU-00084,85,2025-08-18,97,96,1870.08,19.48,0,0
SKU-00084,86,2025-08-25,73,57,1110.3600000000001,311.68,0,0
SKU-00084,87,2025-09-01,73,73,1422.04,0.0,0,0
SKU-00084,88,2025-09-08,75,75,1461.0,0.0,0,0
SKU-00084,89,2025-09-15,74,67,1305.16,136.36,0,0
SKU-00084,90,2025-09-22,92,71,1383.08,409.08,0,0
SKU-00084,91,2025-09-29,92,92,1792.16,0.0,0,0
SKU-00084,92,2025-10-06,83,83,1616.8400000000001,0.0,0,0
SKU-00084,93,2025-10-13,110,104,2025.92,116.88,0,0
SKU-00084,94,2025-10-20,89,89,1733.72,0.0,0,0
SKU-00084,95,2025-10-27,90,36,701.28,1051.92,0,0
SKU-00084,96,2025-11-03,81,42,818.16,759.72,0,0
SKU-00084,97,2025-11-10,118,118,2298.64,0.0,0,0
SKU-00084,98,2025-11-17,97,97,1889.56,0.0,0,0
SKU-00084,99,2025-11-24,118,108,2103.84,194.8,0,0
SKU-00084,100,2025-12-01,105,61,1188.28,857.12,0,0
SKU-00084,101,2025-12-08,105,105,2045.4,0.0,0,0
SKU-00084,102,2025-12-15,84,84,1636.32,0.0,0,0
SKU-00084,103,2025-12-22,99,99,1928.52,0.0,0,0
SKU-00085,0,2024-01-01,300,300,3930.0,0.0,0,0
SKU-00085,1,2024-01-08,361,361,4729.099999999999,0.0,0,0
SKU-00085,2,2024-01-15,287,287,3759.7,0.0,0,0
SKU-00085,3,2024-01-22,257,257,3366.7,0.0,0,0
SKU-00085,4,2024-01-29,259,259,3392.9,0.0,0,0
SKU-00085,5,2024-02-05,270,270,3537.0,0.0,0,0
SKU-00085,6,2024-02-12,312,312,4087.2,0.0,0,0
SKU-00085,7,2024-02-19,280,280,3668.0,0.0,0,0
SKU-00085,8,2024-02-26,436,436,5711.599999999999,0.0,1,5
SKU-00085,9,2024-03-04,311,311,4074.1,0.0,1,1
SKU-00085,10,2024-03-11,263,263,3445.2999999999997,0.0,0,0
SKU-00085,11,2024-03-18,234,234,3065.4,0.0,0,0
SKU-00085,12,2024-03-25,237,237,3104.7,0.0,0,0
SKU-00085,13,2024-04-01,219,219,2868.9,0.0,0,0
SKU-00085,14,2024-04-08,230,230,3013.0,0.0,0,0
SKU-00085,15,2024-04-15,207,207,2711.7,0.0,0,0
SKU-00085,16,2024-04-22,211,211,2764.1,0.0,0,0
SKU-00085,17,2024-04-29,204,182,2384.2,288.2,0,0
SKU-00085,18,2024-05-06,191,0,0.0,2502.1,0,0
SKU-00085,19,2024-05-13,170,170,2227.0,0.0,0,0
SKU-00085,20,2024-05-20,156,156,2043.6,0.0,0,0
SKU-00085,21,2024-05-27,176,176,2305.6,0.0,0,0
SKU-00085,22,2024-06-03,171,171,2240.1,0.0,0,0
SKU-00085,23,2024-06-10,255,255,3340.5,0.0,1,7
SKU-00085,24,2024-06-17,159,159,2082.9,0.0,0,0
SKU-00085,25,2024-06-24,166,166,2174.6,0.0,0,0
SKU-00085,26,2024-07-01,166,160,2096.0,78.6,0,0
SKU-00085,27,2024-07-08,162,162,2122.2,0.0,0,0
SKU-00085,28,2024-07-15,148,148,1938.8,0.0,0,0
SKU-00085,29,2024-07-22,158,158,2069.7999999999997,0.0,0,0
SKU-00085,30,2024-07-29,182,182,2384.2,0.0,0,0
SKU-00085,31,2024-08-05,178,178,2331.7999999999997,0.0,0,0
SKU-00085,32,2024-08-12,151,151,1978.1,0.0,0,0
SKU-00085,33,2024-08-19,181,181,2371.1,0.0,0,0
SKU-00085,34,2024-08-26,232,232,3039.2,0.0,1,4
SKU-00085,35,2024-09-02,173,173,2266.2999999999997,0.0,0,0
SKU-00085,36,2024-09-09,219,219,2868.9,0.0,0,0
SKU-00085,37,2024-09-16,234,234,3065.4,0.0,0,0
SKU-00085,38,2024-09-23,256,256,3353.6,0.0,0,0
SKU-00085,39,2024-09-30,233,233,3052.2999999999997,0.0,0,0
SKU-00085,40,2024-10-07,252,139,1820.8999999999999,1480.3,0,0
SKU-00085,41,2024-10-14,268,268,3510.7999999999997,0.0,0,0
SKU-00085,42,2024-10-21,286,286,3746.6,0.0,0,0
SKU-00085,43,2024-10-28,284,132,1729.2,1991.2,0,0
SKU-00085,44,2024-11-04,266,178,2331.7999999999997,1152.8,0,0
SKU-00085,45,2024-11-11,345,345,4519.5,0.0,0,0
SKU-00085,46,2024-11-18,317,317,4152.7,0.0,0,0
SKU-00085,47,2024-11-25,314,314,4113.4,0.0,0,0
SKU-00085,48,2024-12-02,339,339,4440.9,0.0,0,0
SKU-00085,49,2024-12-09,334,334,4375.4,0.0,0,0
SKU-00085,50,2024-12-16,299,299,3916.9,0.0,0,0
SKU-00085,51,2024-12-23,337,337,4414.7,0.0,0,0
SKU-00085,52,2024-12-30,295,194,2541.4,1323.1,0,0
SKU-00085,53,2025-01-06,298,298,3903.7999999999997,0.0,0,0
SKU-00085,54,2025-01-13,344,344,4506.4,0.0,0,0
SKU-00085,55,2025-01-20,287,287,3759.7,0.0,0,0
SKU-00085,56,2025-01-27,299,299,3916.9,0.0,0,0
SKU-00085,57,2025-02-03,313,313,4100.3,0.0,0,0
SKU-00085,58,2025-02-10,271,271,3550.1,0.0,0,0
SKU-00085,59,2025-02-17,301,301,3943.1,0.0,0,0
SKU-00085,60,2025-02-24,305,305,3995.5,0.0,0,0
SKU-00085,61,2025-03-03,271,271,3550.1,0.0,0,0
SKU-00085,62,2025-03-10,263,18,235.79999999999998,3209.5,0,0
SKU-00085,63,2025-03-17,291,0,0.0,3812.1,0,0
SKU-00085,64,2025-03-24,249,114,1493.3999999999999,1768.5,0,0
SKU-00085,65,2025-03-31,227,227,2973.7,0.0,0,0
SKU-00085,66,2025-04-07,255,255,3340.5,0.0,0,0
SKU-00085,67,2025-04-14,270,270,3537.0,0.0,0,0
SKU-00085,68,2025-04-21,219,219,2868.9,0.0,0,0
SKU-00085,69,2025-04-28,221,221,2895.1,0.0,1,2
SKU-00085,70,2025-05-05,263,263,3445.2999999999997,0.0,1,4
SKU-00085,71,2025-05-12,238,238,3117.7999999999997,0.0,0,0
SKU-00085,72,2025-05-19,181,181,2371.1,0.0,0,0
SKU-00085,73,2025-05-26,205,205,2685.5,0.0,0,0
SKU-00085,74,2025-06-02,154,154,2017.3999999999999,0.0,0,0
SKU-00085,75,2025-06-09,172,172,2253.2,0.0,0,0
SKU-00085,76,2025-06-16,176,176,2305.6,0.0,0,0
SKU-00085,77,2025-06-23,134,134,1755.3999999999999,0.0,0,0
SKU-00085,78,2025-06-30,227,227,2973.7,0.0,1,5
SKU-00085,79,2025-07-07,273,273,3576.2999999999997,0.0,1,5
SKU-00085,80,2025-07-14,273,273,3576.2999999999997,0.0,1,4
SKU-00085,81,2025-07-21,175,175,2292.5,0.0,0,0
SKU-00085,82,2025-07-28,245,245,3209.5,0.0,1,2
SKU-00085,83,2025-08-04,242,242,3170.2,0.0,1,2
SKU-00085,84,2025-08-11,172,172,2253.2,0.0,0,0
SKU-00085,85,2025-08-18,179,179,2344.9,0.0,0,0
SKU-00085,86,2025-08-25,184,184,2410.4,0.0,0,0
SKU-00085,87,2025-09-01,204,204,2672.4,0.0,0,0
SKU-00085,88,2025-09-08,222,222,2908.2,0.0,0,0
SKU-00085,89,2025-09-15,257,257,3366.7,0.0,0,0
SKU-00085,90,2025-09-22,237,237,3104.7,0.0,0,0
SKU-00085,91,2025-09-29,275,275,3602.5,0.0,0,0
SKU-00085,92,2025-10-06,300,300,3930.0,0.0,0,0
SKU-00085,93,2025-10-13,360,360,4716.0,0.0,1,3
SKU-00085,94,2025-10-20,271,271,3550.1,0.0,0,0
SKU-00085,95,2025-10-27,280,280,3668.0,0.0,0,0
SKU-00085,96,2025-11-03,303,303,3969.2999999999997,0.0,0,0
SKU-00085,97,2025-11-10,304,304,3982.4,0.0,0,0
SKU-00085,98,2025-11-17,338,338,4427.8,0.0,0,0
SKU-00085,99,2025-11-24,378,378,4951.8,0.0,0,0
SKU-00085,100,2025-12-01,304,180,2358.0,1624.3999999999999,0,0
SKU-00085,101,2025-12-08,241,92,1205.2,1951.8999999999999,0,0
SKU-00085,102,2025-12-15,319,319,4178.9,0.0,0,0
SKU-00085,103,2025-12-22,374,241,3157.1,1742.3,0,0
SKU-00086,0,2024-01-01,25,25,426.75,0.0,0,0
SKU-00086,1,2024-01-08,26,26,443.82,0.0,0,0
SKU-00086,2,2024-01-15,22,22,375.54,0.0,0,0
SKU-00086,3,2024-01-22,36,36,614.52,0.0,1,5
SKU-00086,4,2024-01-29,18,18,307.26,0.0,0,0
SKU-00086,5,2024-02-05,23,23,392.61,0.0,0,0
SKU-00086,6,2024-02-12,26,26,443.82,0.0,0,0
SKU-00086,7,2024-02-19,25,20,341.4,85.35,0,0
SKU-00086,8,2024-02-26,22,20,341.4,34.14,0,0
SKU-00086,9,2024-03-04,21,21,358.47,0.0,0,0
SKU-00086,10,2024-03-11,23,23,392.61,0.0,0,0
SKU-00086,11,2024-03-18,28,28,477.96000000000004,0.0,0,0
SKU-00086,12,2024-03-25,20,18,307.26,34.14,0,0
SKU-00086,13,2024-04-01,28,27,460.89,17.07,0,0
SKU-00086,14,2024-04-08,23,16,273.12,119.49000000000001,0,0
SKU-00086,15,2024-04-15,28,17,290.19,187.77,0,0
SKU-00086,16,2024-04-22,24,21,358.47,51.21,0,0
SKU-00086,17,2024-04-29,27,27,460.89,0.0,0,0
SKU-00086,18,2024-05-06,27,27,460.89,0.0,0,0
SKU-00086,19,2024-05-13,33,30,512.1,51.21,1,5
SKU-00086,20,2024-05-20,29,29,495.03000000000003,0.0,0,0
SKU-00086,21,2024-05-27,22,18,307.26,68.28,0,0
SKU-00086,22,2024-06-03,23,22,375.54,17.07,1,1
SKU-00086,23,2024-06-10,33,31,529.17,34.14,1,6
SKU-00086,24,2024-06-17,26,26,443.82,0.0,0,0
SKU-00086,25,2024-06-24,23,23,392.61,0.0,0,0
SKU-00086,26,2024-07-01,23,23,392.61,0.0,0,0
SKU-00086,27,2024-07-08,24,24,409.68,0.0,0,0
SKU-00086,28,2024-07-15,22,20,341.4,34.14,0,0
SKU-00086,29,2024-07-22,27,27,460.89,0.0,0,0
SKU-00086,30,2024-07-29,23,23,392.61,0.0,0,0
SKU-00086,31,2024-08-05,21,21,358.47,0.0,0,0
SKU-00086,32,2024-08-12,24,24,409.68,0.0,0,0
SKU-00086,33,2024-08-19,26,26,443.82,0.0,0,0
SKU-00086,34,2024-08-26,20,17,290.19,51.21,0,0
SKU-00086,35,2024-09-02,21,21,358.47,0.0,0,0
SKU-00086,36,2024-09-09,21,21,358.47,0.0,0,0
SKU-00086,37,2024-09-16,21,21,358.47,0.0,0,0
SKU-00086,38,2024-09-23,23,20,341.4,51.21,0,0
SKU-00086,39,2024-09-30,20,20,341.4,0.0,0,0
SKU-00086,40,2024-10-07,21,16,273.12,85.35,0,0
SKU-00086,41,2024-10-14,21,20,341.4,17.07,0,0
SKU-00086,42,2024-10-21,23,23,392.61,0.0,0,0
SKU-00086,43,2024-10-28,23,23,392.61,0.0,0,0
SKU-00086,44,2024-11-04,23,23,392.61,0.0,0,0
SKU-00086,45,2024-11-11,18,11,187.77,119.49000000000001,0,0
SKU-00086,46,2024-11-18,30,28,477.96000000000004,34.14,0,0
SKU-00086,47,2024-11-25,26,21,358.47,85.35,0,0
SKU-00086,48,2024-12-02,25,25,426.75,0.0,0,0
SKU-00086,49,2024-12-09,20,20,341.4,0.0,0,0
SKU-00086,50,2024-12-16,21,20,341.4,17.07,0,0
SKU-00086,51,2024-12-23,26,26,443.82,0.0,0,0
SKU-00086,52,2024-12-30,26,23,392.61,51.21,0,0
SKU-00086,53,2025-01-06,28,19,324.33,153.63,1,1
SKU-00086,54,2025-01-13,36,36,614.52,0.0,1,6
SKU-00086,55,2025-01-20,34,30,512.1,68.28,1,2
SKU-00086,56,2025-01-27,24,24,409.68,0.0,1,1
SKU-00086,57,2025-02-03,30,30,512.1,0.0,0,0
SKU-00086,58,2025-02-10,30,30,512.1,0.0,0,0
SKU-00086,59,2025-02-17,27,27,460.89,0.0,0,0
SKU-00086,60,2025-02-24,33,33,563.3100000000001,0.0,0,0
SKU-00086,61,2025-03-03,27,25,426.75,34.14,0,0
SKU-00086,62,2025-03-10,27,27,460.89,0.0,0,0
SKU-00086,63,2025-03-17,29,26,443.82,51.21,0,0
SKU-00086,64,2025-03-24,27,23,392.61,68.28,0,0
SKU-00086,65,2025-03-31,31,30,512.1,17.07,0,0
SKU-00086,66,2025-04-07,28,24,409.68,68.28,0,0
SKU-00086,67,2025-04-14,29,23,392.61,102.42,0,0
SKU-00086,68,2025-04-21,23,22,375.54,17.07,0,0
SKU-00086,69,2025-04-28,29,29,495.03000000000003,0.0,0,0
SKU-00086,70,2025-05-05,36,36,614.52,0.0,1,3
SKU-00086,71,2025-05-12,27,23,392.61,68.28,0,0
SKU-00086,72,2025-05-19,32,32,546.24,0.0,0,0
SKU-00086,73,2025-05-26,27,27,460.89,0.0,0,0
SKU-00086,74,2025-06-02,28,20,341.4,136.56,0,0
SKU-00086,75,2025-06-09,28,14,238.98000000000002,238.98000000000002,0,0
SKU-00086,76,2025-06-16,23,22,375.54,17.07,0,0
SKU-00086,77,2025-06-23,27,27,460.89,0.0,0,0
SKU-00086,78,2025-06-30,21,18,307.26,51.21,0,0
SKU-00086,79,2025-07-07,45,42,716.94,51.21,1,7
SKU-00086,80,2025-07-14,25,25,426.75,0.0,0,0
SKU-00086,81,2025-07-21,26,20,341.4,102.42,0,0
SKU-00086,82,2025-07-28,29,18,307.26,187.77,0,0
SKU-00086,83,2025-08-04,28,24,409.68,68.28,0,0
SKU-00086,84,2025-08-11,28,28,477.96000000000004,0.0,0,0
SKU-00086,85,2025-08-18,22,21,358.47,17.07,0,0
SKU-00086,86,2025-08-25,22,22,375.54,0.0,0,0
SKU-00086,87,2025-09-01,26,26,443.82,0.0,0,0
SKU-00086,88,2025-09-08,24,22,375.54,34.14,0,0
SKU-00086,89,2025-09-15,22,22,375.54,0.0,0,0
SKU-00086,90,2025-09-22,28,28,477.96000000000004,0.0,0,0
SKU-00086,91,2025-09-29,31,24,409.68,119.49000000000001,1,4
SKU-00086,92,2025-10-06,30,30,512.1,0.0,0,0
SKU-00086,93,2025-10-13,23,21,358.47,34.14,0,0
SKU-00086,94,2025-10-20,27,25,426.75,34.14,0,0
SKU-00086,95,2025-10-27,25,25,426.75,0.0,0,0
SKU-00086,96,2025-11-03,31,26,443.82,85.35,0,0
SKU-00086,97,2025-11-10,28,28,477.96000000000004,0.0,0,0
SKU-00086,98,2025-11-17,25,25,426.75,0.0,0,0
SKU-00086,99,2025-11-24,32,28,477.96000000000004,68.28,0,0
SKU-00086,100,2025-12-01,24,24,409.68,0.0,0,0
SKU-00086,101,2025-12-08,27,27,460.89,0.0,0,0
SKU-00086,102,2025-12-15,25,25,426.75,0.0,0,0
SKU-00086,103,2025-12-22,36,32,546.24,68.28,0,0
SKU-00087,0,2024-01-01,980,980,5870.2,0.0,0,0
SKU-00087,1,2024-01-08,1011,1011,6055.89,0.0,0,0
SKU-00087,2,2024-01-15,1044,1044,6253.56,0.0,0,0
SKU-00087,3,2024-01-22,1006,1006,6025.9400000000005,0.0,0,0
SKU-00087,4,2024-01-29,1080,1080,6469.2,0.0,0,0
SKU-00087,5,2024-02-05,1133,807,4833.93,1952.74,0,0
SKU-00087,6,2024-02-12,1040,1040,6229.6,0.0,0,0
SKU-00087,7,2024-02-19,1140,1140,6828.6,0.0,0,0
SKU-00087,8,2024-02-26,1193,1060,6349.400000000001,796.6700000000001,0,0
SKU-00087,9,2024-03-04,1199,1006,6025.9400000000005,1156.07,0,0
SKU-00087,10,2024-03-11,1236,1156,6924.4400000000005,479.20000000000005,0,0
SKU-00087,11,2024-03-18,1304,1091,6535.09,1275.8700000000001,0,0
SKU-00087,12,2024-03-25,1216,1008,6037.92,1245.92,0,0
SKU-00087,13,2024-04-01,1373,988,5918.12,2306.15,1,3
SKU-00087,14,2024-04-08,1618,1280,7667.200000000001,2024.6200000000001,1,4
SKU-00087,15,2024-04-15,1234,1234,7391.66,0.0,0,0
SKU-00087,16,2024-04-22,1315,1210,7247.900000000001,628.95,0,0
SKU-00087,17,2024-04-29,1252,1077,6451.2300000000005,1048.25,0,0
SKU-00087,18,2024-05-06,1236,1236,7403.64,0.0,0,0
SKU-00087,19,2024-05-13,1337,1030,6169.7,1838.93,0,0
SKU-00087,20,2024-05-20,1200,1143,6846.570000000001,341.43,0,0
SKU-00087,21,2024-05-27,1292,858,5139.42,2599.6600000000003,0,0
SKU-00087,22,2024-06-03,1205,834,4995.66,2222.29,0,0
SKU-00087,23,2024-06-10,1164,908,5438.92,1533.44,0,0
SKU-00087,24,2024-06-17,1507,932,5582.68,3444.25,1,3
SKU-00087,25,2024-06-24,1808,1578,9452.220000000001,1377.7,1,4
SKU-00087,26,2024-07-01,1115,761,4558.39,2120.46,0,0
SKU-00087,27,2024-07-08,1079,824,4935.76,1527.45,0,0
SKU-00087,28,2024-07-15,1078,911,5456.89,1000.33,0,0
SKU-00087,29,2024-07-22,1040,1040,6229.6,0.0,0,0
SKU-00087,30,2024-07-29,967,967,5792.33,0.0,0,0
SKU-00087,31,2024-08-05,1072,840,5031.6,1389.68,0,0
SKU-00087,32,2024-08-12,1065,1065,6379.35,0.0,0,0
SKU-00087,33,2024-08-19,935,935,5600.650000000001,0.0,0,0
SKU-00087,34,2024-08-26,965,965,5780.35,0.0,0,0
SKU-00087,35,2024-09-02,994,826,4947.74,1006.32,0,0
SKU-00087,36,2024-09-09,989,989,5924.110000000001,0.0,0,0
SKU-00087,37,2024-09-16,1012,1012,6061.88,0.0,0,0
SKU-00087,38,2024-09-23,954,892,5343.08,371.38,0,0
SKU-00087,39,2024-09-30,1050,1050,6289.5,0.0,0,0
SKU-00087,40,2024-10-07,1030,1030,6169.7,0.0,0,0
SKU-00087,41,2024-10-14,1008,1008,6037.92,0.0,0,0
SKU-00087,42,2024-10-21,1047,1047,6271.530000000001,0.0,0,0
SKU-00087,43,2024-10-28,1068,991,5936.09,461.23,0,0
SKU-00087,44,2024-11-04,1058,1058,6337.42,0.0,0,0
SKU-00087,45,2024-11-11,1064,1064,6373.360000000001,0.0,0,0
SKU-00087,46,2024-11-18,1071,1071,6415.29,0.0,0,0
SKU-00087,47,2024-11-25,1098,650,3893.5,2683.52,0,0
SKU-00087,48,2024-12-02,1195,1195,7158.05,0.0,0,0
SKU-00087,49,2024-12-09,1690,1690,10123.1,0.0,1,4
SKU-00087,50,2024-12-16,1595,864,5175.360000000001,4378.6900000000005,1,3
SKU-00087,51,2024-12-23,1357,1357,8128.43,0.0,0,0
SKU-00087,52,2024-12-30,1263,1263,7565.37,0.0,0,0
SKU-00087,53,2025-01-06,1361,1361,8152.39,0.0,0,0
SKU-00087,54,2025-01-13,1299,1154,6912.46,868.5500000000001,0,0
SKU-00087,55,2025-01-20,1364,464,2779.36,5391.0,0,0
SKU-00087,56,2025-01-27,1372,1372,8218.28,0.0,0,0
SKU-00087,57,2025-02-03,1430,1430,8565.7,0.0,0,0
SKU-00087,58,2025-02-10,1471,958,5738.42,3072.87,0,0
SKU-00087,59,2025-02-17,1588,1275,7637.25,1874.8700000000001,0,0
SKU-00087,60,2025-02-24,1452,967,5792.33,2905.15,0,0
SKU-00087,61,2025-03-03,1611,1174,7032.26,2617.63,0,0
SKU-00087,62,2025-03-10,1568,1216,7283.84,2108.48,0,0
SKU-00087,63,2025-03-17,1508,1410,8445.9,587.02,0,0
SKU-00087,64,2025-03-24,1662,1227,7349.7300000000005,2605.65,0,0
SKU-00087,65,2025-03-31,1565,1565,9374.35,0.0,0,0
SKU-00087,66,2025-04-07,1654,1028,6157.72,3749.7400000000002,0,0
SKU-00087,67,2025-04-14,2660,2017,12081.83,3851.57,1,5
SKU-00087,68,2025-04-21,1722,947,5672.530000000001,4642.25,0,0
SKU-00087,69,2025-04-28,1547,487,2917.13,6349.400000000001,0,0
SKU-00087,70,2025-05-05,1635,963,5768.37,4025.28,0,0
SKU-00087,71,2025-05-12,1853,1773,10620.27,479.20000000000005,1,3
SKU-00087,72,2025-05-19,1503,851,5097.49,3905.48,0,0
SKU-00087,73,2025-05-26,1544,1096,6565.04,2683.52,0,0
SKU-00087,74,2025-06-02,1497,714,4276.860000000001,4690.17,0,0
SKU-00087,75,2025-06-09,1532,943,5648.570000000001,3528.11,0,0
SKU-00087,76,2025-06-16,1472,1472,8817.28,0.0,0,0
SKU-00087,77,2025-06-23,1535,1072,6421.280000000001,2773.37,0,0
SKU-00087,78,2025-06-30,1486,679,4067.21,4833.93,0,0
SKU-00087,79,2025-07-07,1419,1324,7930.76,569.0500000000001,0,0
SKU-00087,80,2025-07-14,1322,1194,7152.06,766.72,0,0
SKU-00087,81,2025-07-21,1402,1131,6774.6900000000005,1623.29,0,0
SKU-00087,82,2025-07-28,1760,1412,8457.880000000001,2084.52,1,3
SKU-00087,83,2025-08-04,1797,1797,10764.03,0.0,1,4
SKU-00087,84,2025-08-11,1750,992,5942.08,4540.42,1,3
SKU-00087,85,2025-08-18,1283,338,2024.6200000000001,5660.55,0,0
SKU-00087,86,2025-08-25,1271,1074,6433.26,1180.03,0,0
SKU-00087,87,2025-09-01,1230,1230,7367.7,0.0,0,0
SKU-00087,88,2025-09-08,1912,1703,10200.970000000001,1251.91,1,5
SKU-00087,89,2025-09-15,1242,841,5037.59,2401.9900000000002,0,0
SKU-00087,90,2025-09-22,1277,768,4600.32,3048.9100000000003,0,0
SKU-00087,91,2025-09-29,1236,1153,6906.47,497.17,0,0
SKU-00087,92,2025-10-06,1327,1249,7481.51,467.22,0,0
SKU-00087,93,2025-10-13,1323,1323,7924.77,0.0,0,0
SKU-00087,94,2025-10-20,1202,1202,7199.9800000000005,0.0,0,0
SKU-00087,95,2025-10-27,1335,1335,7996.650000000001,0.0,0,0
SKU-00087,96,2025-11-03,1326,1110,6648.900000000001,1293.8400000000001,0,0
SKU-00087,97,2025-11-10,1364,1124,6732.76,1437.6000000000001,0,0
SKU-00087,98,2025-11-17,1425,1425,8535.75,0.0,0,0
SKU-00087,99,2025-11-24,1507,1365,8176.35,850.58,0,0
SKU-00087,100,2025-12-01,1411,997,5972.030000000001,2479.86,0,0
SKU-00087,101,2025-12-08,1554,1092,6541.08,2767.38,0,0
SKU-00087,102,2025-12-15,1583,1245,7457.55,2024.6200000000001,0,0
SKU-00087,103,2025-12-22,1636,1472,8817.28,982.36,0,0
SKU-00088,0,2024-01-01,6113,6113,100375.46,0.0,0,0
SKU-00088,1,2024-01-08,6159,6159,101130.78000000001,0.0,0,0
SKU-00088,2,2024-01-15,5594,5594,91853.48000000001,0.0,0,0
SKU-00088,3,2024-01-22,6928,6928,113757.76000000001,0.0,1,2
SKU-00088,4,2024-01-29,8083,8083,132722.86000000002,0.0,1,4
SKU-00088,5,2024-02-05,6434,6434,105646.28000000001,0.0,0,0
SKU-00088,6,2024-02-12,5797,4816,79078.72,16108.020000000002,0,0
SKU-00088,7,2024-02-19,6392,4025,66090.5,38866.14000000001,0,0
SKU-00088,8,2024-02-26,6467,3865,63463.30000000001,42724.840000000004,0,0
SKU-00088,9,2024-03-04,5452,3274,53759.08000000001,35762.76,0,0
SKU-00088,10,2024-03-11,7675,7675,126023.50000000001,0.0,1,3
SKU-00088,11,2024-03-18,6475,6475,106319.50000000001,0.0,1,3
SKU-00088,12,2024-03-25,6081,6081,99850.02,0.0,1,3
SKU-00088,13,2024-04-01,5427,5427,89111.34000000001,0.0,0,0
SKU-00088,14,2024-04-08,5503,5503,90359.26000000001,0.0,0,0
SKU-00088,15,2024-04-15,5539,5539,90950.38,0.0,0,0
SKU-00088,16,2024-04-22,4746,3272,53726.240000000005,24203.08,0,0
SKU-00088,17,2024-04-29,4491,3004,49325.68000000001,24416.54,0,0
SKU-00088,18,2024-05-06,4578,2892,47486.64000000001,27684.120000000003,0,0
SKU-00088,19,2024-05-13,4250,4250,69785.0,0.0,0,0
SKU-00088,20,2024-05-20,4413,4413,72461.46,0.0,0,0
SKU-00088,21,2024-05-27,4266,4266,70047.72,0.0,0,0
SKU-00088,22,2024-06-03,3921,3921,64382.82000000001,0.0,0,0
SKU-00088,23,2024-06-10,3580,3580,58783.600000000006,0.0,0,0
SKU-00088,24,2024-06-17,3577,3577,58734.340000000004,0.0,0,0
SKU-00088,25,2024-06-24,3784,3784,62133.280000000006,0.0,0,0
SKU-00088,26,2024-07-01,4001,4001,65696.42000000001,0.0,0,0
SKU-00088,27,2024-07-08,3765,3765,61821.3,0.0,0,0
SKU-00088,28,2024-07-15,4174,4174,68537.08,0.0,0,0
SKU-00088,29,2024-07-22,3510,3510,57634.200000000004,0.0,0,0
SKU-00088,30,2024-07-29,4185,4185,68717.70000000001,0.0,0,0
SKU-00088,31,2024-08-05,4154,4154,68208.68000000001,0.0,0,0
SKU-00088,32,2024-08-12,3841,3841,63069.22000000001,0.0,0,0
SKU-00088,33,2024-08-19,4129,4129,67798.18000000001,0.0,0,0
SKU-00088,34,2024-08-26,5132,5132,84267.44,0.0,0,0
SKU-00088,35,2024-09-02,5123,5123,84119.66,0.0,0,0
SKU-00088,36,2024-09-09,4385,4385,72001.70000000001,0.0,0,0
SKU-00088,37,2024-09-16,5231,5231,85893.02,0.0,0,0
SKU-00088,38,2024-09-23,5230,5230,85876.6,0.0,0,0
SKU-00088,39,2024-09-30,5184,5184,85121.28000000001,0.0,0,0
SKU-00088,40,2024-10-07,4832,4832,79341.44,0.0,0,0
SKU-00088,41,2024-10-14,5210,4606,75630.52,9917.68,0,0
SKU-00088,42,2024-10-21,6167,6167,101262.14000000001,0.0,0,0
SKU-00088,43,2024-10-28,5651,5651,92789.42000000001,0.0,0,0
SKU-00088,44,2024-11-04,6741,6741,110687.22000000002,0.0,0,0
SKU-00088,45,2024-11-11,6288,6288,103248.96,0.0,0,0
SKU-00088,46,2024-11-18,5668,4154,68208.68000000001,24859.88,0,0
SKU-00088,47,2024-11-25,6471,6471,106253.82,0.0,0,0
SKU-00088,48,2024-12-02,6610,6610,108536.20000000001,0.0,0,0
SKU-00088,49,2024-12-09,7262,7262,119242.04000000001,0.0,0,0
SKU-00088,50,2024-12-16,8789,8789,144315.38,0.0,1,4
SKU-00088,51,2024-12-23,7500,7500,123150.00000000001,0.0,1,1
SKU-00088,52,2024-12-30,6887,4441,72921.22,40163.32000000001,0,0
SKU-00088,53,2025-01-06,7114,5826,95662.92000000001,21148.960000000003,0,0
SKU-00088,54,2025-01-13,6504,5802,95268.84000000001,11526.840000000002,0,0
SKU-00088,55,2025-01-20,7314,5349,87830.58000000002,32265.300000000003,0,0
SKU-00088,56,2025-01-27,6603,4637,76139.54000000001,32281.720000000005,0,0
SKU-00088,57,2025-02-03,6474,6474,106303.08000000002,0.0,0,0
SKU-00088,58,2025-02-10,7049,7049,115744.58000000002,0.0,0,0
SKU-00088,59,2025-02-17,6037,6037,99127.54000000001,0.0,0,0
SKU-00088,60,2025-02-24,6482,5641,92625.22000000002,13809.220000000001,0,0
SKU-00088,61,2025-03-03,6279,3432,56353.44,46747.740000000005,0,0
SKU-00088,62,2025-03-10,7255,6418,105383.56000000001,13743.54,1,3
SKU-00088,63,2025-03-17,7086,7086,116352.12000000001,0.0,1,3
SKU-00088,64,2025-03-24,6078,6078,99800.76000000001,0.0,0,0
SKU-00088,65,2025-03-31,4136,4136,67913.12000000001,0.0,0,0
SKU-00088,66,2025-04-07,5976,5976,98125.92000000001,0.0,0,0
SKU-00088,67,2025-04-14,5123,5002,82132.84000000001,1986.8200000000002,0,0
SKU-00088,68,2025-04-21,4854,4181,68652.02,11050.660000000002,0,0
SKU-00088,69,2025-04-28,4783,3445,56566.90000000001,21969.960000000003,0,0
SKU-00088,70,2025-05-05,5184,4743,77880.06000000001,7241.220000000001,0,0
SKU-00088,71,2025-05-12,4168,4168,68438.56000000001,0.0,0,0
SKU-00088,72,2025-05-19,4586,4586,75302.12000000001,0.0,0,0
SKU-00088,73,2025-05-26,3989,3989,65499.380000000005,0.0,0,0
SKU-00088,74,2025-06-02,4615,4615,75778.3,0.0,0,0
SKU-00088,75,2025-06-09,4118,4118,67617.56000000001,0.0,0,0
SKU-00088,76,2025-06-16,4149,4149,68126.58,0.0,0,0
SKU-00088,77,2025-06-23,4321,4321,70950.82,0.0,0,0
SKU-00088,78,2025-06-30,4089,4089,67141.38,0.0,0,0
SKU-00088,79,2025-07-07,5358,5358,87978.36000000002,0.0,1,7
SKU-00088,80,2025-07-14,4068,4068,66796.56000000001,0.0,0,0
SKU-00088,81,2025-07-21,4650,4650,76353.00000000001,0.0,0,0
SKU-00088,82,2025-07-28,3799,3799,62379.58000000001,0.0,0,0
SKU-00088,83,2025-08-04,4672,4672,76714.24,0.0,0,0
SKU-00088,84,2025-08-11,6045,6045,99258.90000000001,0.0,1,2
SKU-00088,85,2025-08-18,8644,8644,141934.48,0.0,1,5
SKU-00088,86,2025-08-25,4057,4057,66615.94,0.0,0,0
SKU-00088,87,2025-09-01,4981,4766,78257.72,3530.3,0,0
SKU-00088,88,2025-09-08,5321,4139,67962.38,19408.440000000002,0,0
SKU-00088,89,2025-09-15,5409,2783,45696.86000000001,43118.920000000006,0,0
SKU-00088,90,2025-09-22,4671,3696,60688.32000000001,16009.500000000002,0,0
SKU-00088,91,2025-09-29,5498,4140,67978.8,22298.36,0,0
SKU-00088,92,2025-10-06,6077,3916,64300.72000000001,35483.62,0,0
SKU-00088,93,2025-10-13,5658,5658,92904.36000000002,0.0,0,0
SKU-00088,94,2025-10-20,6344,6344,104168.48000000001,0.0,0,0
SKU-00088,95,2025-10-27,6522,6522,107091.24,0.0,0,0
SKU-00088,96,2025-11-03,6901,6901,113314.42000000001,0.0,0,0
SKU-00088,97,2025-11-10,6694,6694,109915.48000000001,0.0,0,0
SKU-00088,98,2025-11-17,7280,6667,109472.14000000001,10065.460000000001,0,0
SKU-00088,99,2025-11-24,6274,2496,40984.32000000001,62034.76000000001,0,0
SKU-00088,100,2025-12-01,6944,5337,87633.54000000001,26386.940000000002,0,0
SKU-00088,101,2025-12-08,7557,7557,124085.94000000002,0.0,0,0
SKU-00088,102,2025-12-15,7794,7794,127977.48000000001,0.0,1,2
SKU-00088,103,2025-12-22,6879,6879,112953.18000000001,0.0,1,1
SKU-00089,0,2024-01-01,90,90,3133.8,0.0,0,0
SKU-00089,1,2024-01-08,117,117,4073.94,0.0,1,5
SKU-00089,2,2024-01-15,82,82,2855.2400000000002,0.0,0,0
SKU-00089,3,2024-01-22,85,85,2959.7,0.0,0,0
SKU-00089,4,2024-01-29,104,104,3621.28,0.0,0,0
SKU-00089,5,2024-02-05,83,83,2890.06,0.0,0,0
SKU-00089,6,2024-02-12,120,120,4178.4,0.0,1,4
SKU-00089,7,2024-02-19,119,76,2646.32,1497.26,1,2
SKU-00089,8,2024-02-26,100,18,626.76,2855.2400000000002,0,0
SKU-00089,9,2024-03-04,84,84,2924.88,0.0,0,0
SKU-00089,10,2024-03-11,95,95,3307.9,0.0,0,0
SKU-00089,11,2024-03-18,113,113,3934.66,0.0,0,0
SKU-00089,12,2024-03-25,164,164,5710.4800000000005,0.0,1,7
SKU-00089,13,2024-04-01,104,104,3621.28,0.0,0,0
SKU-00089,14,2024-04-08,123,123,4282.86,0.0,0,0
SKU-00089,15,2024-04-15,111,111,3865.02,0.0,0,0
SKU-00089,16,2024-04-22,120,120,4178.4,0.0,0,0
SKU-00089,17,2024-04-29,118,118,4108.76,0.0,0,0
SKU-00089,18,2024-05-06,108,108,3760.56,0.0,0,0
SKU-00089,19,2024-05-13,138,104,3621.28,1183.88,0,0
SKU-00089,20,2024-05-20,117,36,1253.52,2820.42,0,0
SKU-00089,21,2024-05-27,126,126,4387.32,0.0,0,0
SKU-00089,22,2024-06-03,119,94,3273.08,870.5,0,0
SKU-00089,23,2024-06-10,120,120,4178.4,0.0,0,0
SKU-00089,24,2024-06-17,128,128,4456.96,0.0,0,0
SKU-00089,25,2024-06-24,123,123,4282.86,0.0,0,0
SKU-00089,26,2024-07-01,143,143,4979.26,0.0,0,0
SKU-00089,27,2024-07-08,140,140,4874.8,0.0,0,0
SKU-00089,28,2024-07-15,143,143,4979.26,0.0,0,0
SKU-00089,29,2024-07-22,173,173,6023.86,0.0,0,0
SKU-00089,30,2024-07-29,126,105,3656.1,731.22,0,0
SKU-00089,31,2024-08-05,161,161,5606.02,0.0,0,0
SKU-00089,32,2024-08-12,142,142,4944.44,0.0,0,0
SKU-00089,33,2024-08-19,130,130,4526.6,0.0,0,0
SKU-00089,34,2024-08-26,126,126,4387.32,0.0,0,0
SKU-00089,35,2024-09-02,135,77,2681.14,2019.56,0,0
SKU-00089,36,2024-09-09,151,151,5257.82,0.0,0,0
SKU-00089,37,2024-09-16,121,121,4213.22,0.0,0,0
SKU-00089,38,2024-09-23,137,137,4770.34,0.0,0,0
SKU-00089,39,2024-09-30,135,64,2228.48,2472.22,0,0
SKU-00089,40,2024-10-07,140,140,4874.8,0.0,0,0
SKU-00089,41,2024-10-14,148,148,5153.36,0.0,0,0
SKU-00089,42,2024-10-21,133,133,4631.06,0.0,0,0
SKU-00089,43,2024-10-28,127,83,2890.06,1532.08,0,0
SKU-00089,44,2024-11-04,108,108,3760.56,0.0,0,0
SKU-00089,45,2024-11-11,141,141,4909.62,0.0,0,0
SKU-00089,46,2024-11-18,123,123,4282.86,0.0,0,0
SKU-00089,47,2024-11-25,110,110,3830.2,0.0,0,0
SKU-00089,48,2024-12-02,109,109,3795.38,0.0,0,0
SKU-00089,49,2024-12-09,118,85,2959.7,1149.06,0,0
SKU-00089,50,2024-12-16,111,0,0.0,3865.02,0,0
SKU-00089,51,2024-12-23,114,85,2959.7,1009.78,0,0
SKU-00089,52,2024-12-30,123,123,4282.86,0.0,0,0
SKU-00089,53,2025-01-06,114,114,3969.48,0.0,0,0
SKU-00089,54,2025-01-13,124,124,4317.68,0.0,0,0
SKU-00089,55,2025-01-20,113,113,3934.66,0.0,0,0
SKU-00089,56,2025-01-27,124,124,4317.68,0.0,0,0
SKU-00089,57,2025-02-03,113,83,2890.06,1044.6,0,0
SKU-00089,58,2025-02-10,107,19,661.58,3064.16,0,0
SKU-00089,59,2025-02-17,107,107,3725.7400000000002,0.0,0,0
SKU-00089,60,2025-02-24,129,129,4491.78,0.0,0,0
SKU-00089,61,2025-03-03,114,114,3969.48,0.0,0,0
SKU-00089,62,2025-03-10,117,107,3725.7400000000002,348.2,0,0
SKU-00089,63,2025-03-17,113,0,0.0,3934.66,0,0
SKU-00089,64,2025-03-24,172,172,5989.04,0.0,1,4
SKU-00089,65,2025-03-31,140,140,4874.8,0.0,0,0
SKU-00089,66,2025-04-07,214,183,6372.06,1079.42,1,6
SKU-00089,67,2025-04-14,158,158,5501.56,0.0,0,0
SKU-00089,68,2025-04-21,150,150,5223.0,0.0,0,0
SKU-00089,69,2025-04-28,146,70,2437.4,2646.32,0,0
SKU-00089,70,2025-05-05,138,0,0.0,4805.16,0,0
SKU-00089,71,2025-05-12,145,0,0.0,5048.9,0,0
SKU-00089,72,2025-05-19,152,0,0.0,5292.64,0,0
SKU-00089,73,2025-05-26,147,147,5118.54,0.0,0,0
SKU-00089,74,2025-06-02,160,160,5571.2,0.0,0,0
SKU-00089,75,2025-06-09,150,78,2715.96,2507.04,0,0
SKU-00089,76,2025-06-16,141,141,4909.62,0.0,0,0
SKU-00089,77,2025-06-23,153,57,1984.74,3342.7200000000003,0,0
SKU-00089,78,2025-06-30,171,0,0.0,5954.22,0,0
SKU-00089,79,2025-07-07,249,225,7834.5,835.6800000000001,1,6
SKU-00089,80,2025-07-14,179,33,1149.06,5083.72,1,1
SKU-00089,81,2025-07-21,131,131,4561.42,0.0,0,0
SKU-00089,82,2025-07-28,169,169,5884.58,0.0,0,0
SKU-00089,83,2025-08-04,171,171,5954.22,0.0,0,0
SKU-00089,84,2025-08-11,167,40,1392.8,4422.14,0,0
SKU-00089,85,2025-08-18,167,0,0.0,5814.94,0,0
SKU-00089,86,2025-08-25,146,65,2263.3,2820.42,0,0
SKU-00089,87,2025-09-01,156,156,5431.92,0.0,0,0
SKU-00089,88,2025-09-08,132,132,4596.24,0.0,0,0
SKU-00089,89,2025-09-15,223,223,7764.86,0.0,1,5
SKU-00089,90,2025-09-22,154,52,1810.64,3551.64,0,0
SKU-00089,91,2025-09-29,155,155,5397.1,0.0,0,0
SKU-00089,92,2025-10-06,140,140,4874.8,0.0,0,0
SKU-00089,93,2025-10-13,158,158,5501.56,0.0,0,0
SKU-00089,94,2025-10-20,115,68,2367.76,1636.54,0,0
SKU-00089,95,2025-10-27,158,0,0.0,5501.56,0,0
SKU-00089,96,2025-11-03,146,0,0.0,5083.72,0,0
SKU-00089,97,2025-11-10,130,117,4073.94,452.66,0,0
SKU-00089,98,2025-11-17,150,150,5223.0,0.0,0,0
SKU-00089,99,2025-11-24,156,90,3133.8,2298.12,0,0
SKU-00089,100,2025-12-01,142,142,4944.44,0.0,0,0
SKU-00089,101,2025-12-08,143,143,4979.26,0.0,0,0
SKU-00089,102,2025-12-15,138,40,1392.8,3412.36,0,0
SKU-00089,103,2025-12-22,137,92,3203.44,1566.9,0,0
SKU-00090,0,2024-01-01,126,126,657.7199999999999,0.0,0,0
SKU-00090,1,2024-01-08,203,203,1059.6599999999999,0.0,1,5
SKU-00090,2,2024-01-15,176,176,918.7199999999999,0.0,1,2
SKU-00090,3,2024-01-22,142,142,741.24,0.0,1,2
SKU-00090,4,2024-01-29,156,156,814.3199999999999,0.0,1,3
SKU-00090,5,2024-02-05,123,104,542.88,99.17999999999999,0,0
SKU-00090,6,2024-02-12,128,89,464.58,203.57999999999998,0,0
SKU-00090,7,2024-02-19,132,127,662.9399999999999,26.099999999999998,0,0
SKU-00090,8,2024-02-26,121,121,631.62,0.0,0,0
SKU-00090,9,2024-03-04,119,119,621.18,0.0,0,0
SKU-00090,10,2024-03-11,122,122,636.8399999999999,0.0,0,0
SKU-00090,11,2024-03-18,109,109,568.98,0.0,0,0
SKU-00090,12,2024-03-25,113,113,589.86,0.0,0,0
SKU-00090,13,2024-04-01,123,123,642.06,0.0,0,0
SKU-00090,14,2024-04-08,110,110,574.1999999999999,0.0,0,0
SKU-00090,15,2024-04-15,133,112,584.64,109.61999999999999,1,3
SKU-00090,16,2024-04-22,119,119,621.18,0.0,1,2
SKU-00090,17,2024-04-29,119,119,621.18,0.0,0,0
SKU-00090,18,2024-05-06,122,122,636.8399999999999,0.0,0,0
SKU-00090,19,2024-05-13,116,81,422.82,182.7,0,0
SKU-00090,20,2024-05-20,116,96,501.12,104.39999999999999,0,0
SKU-00090,21,2024-05-27,128,128,668.16,0.0,0,0
SKU-00090,22,2024-06-03,123,123,642.06,0.0,0,0
SKU-00090,23,2024-06-10,156,156,814.3199999999999,0.0,1,4
SKU-00090,24,2024-06-17,123,123,642.06,0.0,1,2
SKU-00090,25,2024-06-24,126,123,642.06,15.66,0,0
SKU-00090,26,2024-07-01,131,102,532.4399999999999,151.38,0,0
SKU-00090,27,2024-07-08,117,117,610.74,0.0,0,0
SKU-00090,28,2024-07-15,131,131,683.8199999999999,0.0,0,0
SKU-00090,29,2024-07-22,140,112,584.64,146.16,0,0
SKU-00090,30,2024-07-29,134,114,595.0799999999999,104.39999999999999,0,0
SKU-00090,31,2024-08-05,135,94,490.67999999999995,214.01999999999998,0,0
SKU-00090,32,2024-08-12,142,122,636.8399999999999,104.39999999999999,0,0
SKU-00090,33,2024-08-19,143,143,746.4599999999999,0.0,0,0
SKU-00090,34,2024-08-26,141,141,736.02,0.0,0,0
SKU-00090,35,2024-09-02,143,143,746.4599999999999,0.0,0,0
SKU-00090,36,2024-09-09,141,141,736.02,0.0,0,0
SKU-00090,37,2024-09-16,140,112,584.64,146.16,0,0
SKU-00090,38,2024-09-23,145,85,443.7,313.2,0,0
SKU-00090,39,2024-09-30,143,114,595.0799999999999,151.38,0,0
SKU-00090,40,2024-10-07,126,126,657.7199999999999,0.0,0,0
SKU-00090,41,2024-10-14,153,153,798.66,0.0,0,0
SKU-00090,42,2024-10-21,144,144,751.68,0.0,0,0
SKU-00090,43,2024-10-28,136,136,709.92,0.0,0,0
SKU-00090,44,2024-11-04,137,119,621.18,93.96,0,0
SKU-00090,45,2024-11-11,136,134,699.48,10.44,0,0
SKU-00090,46,2024-11-18,138,107,558.54,161.82,0,0
SKU-00090,47,2024-11-25,150,107,558.54,224.45999999999998,0,0
SKU-00090,48,2024-12-02,131,105,548.1,135.72,0,0
SKU-00090,49,2024-12-09,134,134,699.48,0.0,0,0
SKU-00090,50,2024-12-16,134,134,699.48,0.0,0,0
SKU-00090,51,2024-12-23,142,142,741.24,0.0,0,0
SKU-00090,52,2024-12-30,131,104,542.88,140.94,0,0
SKU-00090,53,2025-01-06,123,109,568.98,73.08,0,0
SKU-00090,54,2025-01-13,109,109,568.98,0.0,0,0
SKU-00090,55,2025-01-20,117,117,610.74,0.0,0,0
SKU-00090,56,2025-01-27,118,118,615.9599999999999,0.0,0,0
SKU-00090,57,2025-02-03,136,136,709.92,0.0,1,2
SKU-00090,58,2025-02-10,181,159,829.9799999999999,114.83999999999999,1,5
SKU-00090,59,2025-02-17,111,74,386.28,193.14,0,0
SKU-00090,60,2025-02-24,121,113,589.86,41.76,0,0
SKU-00090,61,2025-03-03,107,107,558.54,0.0,0,0
SKU-00090,62,2025-03-10,113,113,589.86,0.0,0,0
SKU-00090,63,2025-03-17,111,98,511.56,67.86,0,0
SKU-00090,64,2025-03-24,120,120,626.4,0.0,0,0
SKU-00090,65,2025-03-31,110,110,574.1999999999999,0.0,0,0
SKU-00090,66,2025-04-07,166,166,866.52,0.0,1,5
SKU-00090,67,2025-04-14,119,119,621.18,0.0,1,2
SKU-00090,68,2025-04-21,101,101,527.22,0.0,0,0
SKU-00090,69,2025-04-28,100,95,495.9,26.099999999999998,0,0
SKU-00090,70,2025-05-05,105,105,548.1,0.0,0,0
SKU-00090,71,2025-05-12,110,110,574.1999999999999,0.0,0,0
SKU-00090,72,2025-05-19,111,111,579.42,0.0,0,0
SKU-00090,73,2025-05-26,113,113,589.86,0.0,0,0
SKU-00090,74,2025-06-02,123,123,642.06,0.0,0,0
SKU-00090,75,2025-06-09,129,129,673.38,0.0,0,0
SKU-00090,76,2025-06-16,128,128,668.16,0.0,0,0
SKU-00090,77,2025-06-23,117,117,610.74,0.0,0,0
SKU-00090,78,2025-06-30,117,117,610.74,0.0,0,0
SKU-00090,79,2025-07-07,110,110,574.1999999999999,0.0,0,0
SKU-00090,80,2025-07-14,110,110,574.1999999999999,0.0,0,0
SKU-00090,81,2025-07-21,122,122,636.8399999999999,0.0,0,0
SKU-00090,82,2025-07-28,126,126,657.7199999999999,0.0,0,0
SKU-00090,83,2025-08-04,127,124,647.28,15.66,0,0
SKU-00090,84,2025-08-11,120,120,626.4,0.0,0,0
SKU-00090,85,2025-08-18,131,131,683.8199999999999,0.0,0,0
SKU-00090,86,2025-08-25,146,118,615.9599999999999,146.16,0,0
SKU-00090,87,2025-09-01,125,125,652.5,0.0,0,0
SKU-00090,88,2025-09-08,136,135,704.6999999999999,5.22,0,0
SKU-00090,89,2025-09-15,140,51,266.21999999999997,464.58,0,0
SKU-00090,90,2025-09-22,138,110,574.1999999999999,146.16,0,0
SKU-00090,91,2025-09-29,151,151,788.2199999999999,0.0,0,0
SKU-00090,92,2025-10-06,137,137,715.14,0.0,0,0
SKU-00090,93,2025-10-13,145,145,756.9,0.0,0,0
SKU-00090,94,2025-10-20,142,142,741.24,0.0,0,0
SKU-00090,95,2025-10-27,223,223,1164.06,0.0,1,5
SKU-00090,96,2025-11-03,166,166,866.52,0.0,1,2
SKU-00090,97,2025-11-10,132,79,412.38,276.65999999999997,0,0
SKU-00090,98,2025-11-17,122,102,532.4399999999999,104.39999999999999,0,0
SKU-00090,99,2025-11-24,168,168,876.9599999999999,0.0,1,4
SKU-00090,100,2025-12-01,119,108,563.76,57.419999999999995,0,0
SKU-00090,101,2025-12-08,123,123,642.06,0.0,0,0
SKU-00090,102,2025-12-15,118,118,615.9599999999999,0.0,0,0
SKU-00090,103,2025-12-22,131,131,683.8199999999999,0.0,0,0
