po_number,supplier_code,sku,warehouse_code,order_date,promised_delivery_date,actual_delivery_date,quantity,unit_cost,ship_mode,freight_cost,status,delivery_date_invalid,po_value,promised_lead_days,actual_lead_days,delay_days,on_time_flag
PO-000001,SUP-016,SKU-00001,WH-EU,2024-01-15,2024-02-01,2024-02-05,545,10.12,rail,314.01,delivered,0,5515.4,17,21.0,4.0,0.0
PO-000002,SUP-016,SKU-00001,WH-EU,2024-01-29,2024-02-19,2024-02-13,524,10.12,ocean,223.93,delivered,0,5302.88,21,15.0,-6.0,1.0
PO-000003,SUP-016,SKU-00001,WH-EU,2024-02-19,2024-03-06,2024-03-13,676,10.12,road,468.1,delivered,0,6841.12,16,23.0,7.0,0.0
PO-000004,SUP-016,SKU-00001,WH-EU,2024-03-11,2024-03-18,2024-03-19,535,10.12,air,599.24,delivered,0,5414.2,7,8.0,1.0,0.0
PO-000005,SUP-016,SKU-00001,WH-EU,2024-04-01,2024-04-08,2024-04-09,664,10.12,air,896.94,delivered,0,6719.68,7,8.0,1.0,0.0
PO-000006,SUP-016,SKU-00001,WH-EU,2024-04-22,2024-05-09,2024-04-28,631,10.12,rail,367.39,delivered,0,6385.72,17,6.0,-11.0,1.0
PO-000007,SUP-016,SKU-00001,WH-EU,2024-05-13,2024-06-03,2024-05-22,602,10.12,ocean,268.0,delivered,0,6092.24,21,9.0,-12.0,1.0
PO-000008,SUP-016,SKU-00001,WH-EU,2024-06-03,2024-06-24,2024-06-30,647,10.12,ocean,262.21,delivered,0,6547.64,21,27.0,6.0,0.0
PO-000009,SUP-016,SKU-00001,WH-EU,2024-06-24,2024-07-01,2024-07-01,564,10.12,air,798.11,delivered,0,5707.68,7,7.0,0.0,1.0
PO-000010,SUP-016,SKU-00001,WH-EU,2024-07-15,2024-08-05,2024-08-10,697,10.12,ocean,284.75,delivered,0,7053.64,21,26.0,5.0,0.0
PO-000011,SUP-016,SKU-00001,WH-EU,2024-07-29,2024-08-19,2024-08-05,514,10.12,ocean,242.84,delivered,0,5201.68,21,7.0,-14.0,1.0
PO-000012,SUP-016,SKU-00001,WH-EU,2024-08-19,2024-09-05,2024-08-29,646,10.12,rail,323.47,delivered,0,6537.52,17,10.0,-7.0,1.0
PO-000013,SUP-016,SKU-00001,WH-EU,2024-09-02,2024-09-19,2024-09-15,582,10.12,rail,338.73,delivered,0,5889.84,17,13.0,-4.0,1.0
PO-000014,SUP-016,SKU-00001,WH-EU,2024-09-16,2024-10-07,2024-10-02,627,10.12,ocean,302.54,delivered,0,6345.24,21,16.0,-5.0,1.0
PO-000015,SUP-016,SKU-00001,WH-EU,2024-09-30,2024-10-07,2024-10-07,584,10.12,air,739.38,delivered,0,5910.08,7,7.0,0.0,1.0
PO-000016,SUP-016,SKU-00001,WH-EU,2024-10-14,2024-10-21,2024-10-19,554,10.12,air,597.47,delivered,0,5606.48,7,5.0,-2.0,1.0
PO-000017,SUP-016,SKU-00001,WH-EU,2024-10-28,2024-11-04,2024-11-03,601,10.12,air,600.0,delivered,0,6082.12,7,6.0,-1.0,1.0
PO-000018,SUP-016,SKU-00001,WH-EU,2024-11-11,2024-12-02,2024-11-28,658,10.12,ocean,255.32,delivered,0,6658.96,21,17.0,-4.0,1.0
PO-000019,SUP-016,SKU-00001,WH-EU,2024-11-25,2024-12-02,2024-11-28,553,10.12,air,737.66,delivered,0,5596.36,7,3.0,-4.0,1.0
PO-000020,SUP-016,SKU-00001,WH-EU,2024-12-09,2024-12-26,2024-12-18,516,10.12,rail,290.26,delivered,0,5221.92,17,9.0,-8.0,1.0
PO-000021,SUP-016,SKU-00001,WH-EU,2024-12-23,2025-01-13,2024-12-30,677,10.12,ocean,324.31,delivered,0,6851.24,21,7.0,-14.0,1.0
PO-000022,SUP-016,SKU-00001,WH-EU,2025-01-06,2025-01-13,2025-01-14,510,10.12,air,627.18,delivered,0,5161.2,7,8.0,1.0,0.0
PO-000023,SUP-016,SKU-00001,WH-EU,2025-01-20,2025-02-10,2025-02-07,531,10.12,ocean,189.29,delivered,0,5373.72,21,18.0,-3.0,1.0
PO-000024,SUP-016,SKU-00001,WH-EU,2025-02-10,2025-02-27,2025-02-24,663,10.12,rail,346.03,delivered,0,6709.56,17,14.0,-3.0,1.0
PO-000025,SUP-016,SKU-00001,WH-EU,2025-03-03,2025-03-24,2025-03-16,531,10.12,ocean,251.22,delivered,0,5373.72,21,13.0,-8.0,1.0
PO-000026,SUP-016,SKU-00001,WH-EU,2025-03-24,2025-04-14,2025-04-19,557,10.12,ocean,188.5,delivered,0,5636.84,21,26.0,5.0,0.0
PO-000027,SUP-016,SKU-00001,WH-EU,2025-04-14,2025-04-21,2025-04-26,588,10.12,air,609.11,delivered,0,5950.56,7,12.0,5.0,0.0
PO-000028,SUP-016,SKU-00001,WH-EU,2025-05-05,2025-05-21,2025-05-18,548,10.12,road,350.17,delivered,0,5545.76,16,13.0,-3.0,1.0
PO-000029,SUP-016,SKU-00001,WH-EU,2025-05-26,2025-06-12,2025-06-12,561,10.12,rail,308.02,delivered,0,5677.32,17,17.0,0.0,1.0
PO-000030,SUP-016,SKU-00001,WH-EU,2025-06-16,2025-07-07,2025-07-15,657,10.12,ocean,230.82,delivered,0,6648.84,21,29.0,8.0,0.0
PO-000031,SUP-016,SKU-00001,WH-EU,2025-07-07,2025-07-14,2025-07-13,554,10.12,air,764.83,delivered,0,5606.48,7,6.0,-1.0,1.0
PO-000032,SUP-016,SKU-00001,WH-EU,2025-07-28,2025-08-18,2025-08-24,635,10.12,ocean,213.63,delivered,0,6426.2,21,27.0,6.0,0.0
PO-000033,SUP-016,SKU-00001,WH-EU,2025-08-18,2025-08-25,2025-08-28,576,10.12,air,814.15,delivered,0,5829.12,7,10.0,3.0,0.0
PO-000034,SUP-016,SKU-00001,WH-EU,2025-09-08,2025-09-29,2025-09-25,592,10.12,ocean,244.85,delivered,0,5991.04,21,17.0,-4.0,1.0
PO-000035,SUP-016,SKU-00001,WH-EU,2025-09-22,2025-09-29,2025-09-26,555,10.12,air,726.17,delivered,0,5616.6,7,4.0,-3.0,1.0
PO-000036,SUP-016,SKU-00001,WH-EU,2025-10-06,2025-10-13,2025-10-11,622,10.12,air,739.29,delivered,0,6294.64,7,5.0,-2.0,1.0
PO-000037,SUP-016,SKU-00001,WH-EU,2025-10-20,2025-11-10,2025-10-31,593,10.12,ocean,234.38,delivered,0,6001.16,21,11.0,-10.0,1.0
PO-000038,SUP-016,SKU-00001,WH-EU,2025-11-03,2025-11-10,2025-11-09,512,10.12,air,614.95,delivered,0,5181.44,7,6.0,-1.0,1.0
PO-000039,SUP-016,SKU-00001,WH-EU,2025-11-17,2025-12-08,2025-12-18,502,10.12,ocean,202.54,delivered,0,5080.24,21,31.0,10.0,0.0
PO-000040,SUP-016,SKU-00001,WH-EU,2025-12-01,2025-12-22,2025-12-13,519,10.12,ocean,174.11,delivered,0,5252.28,21,12.0,-9.0,1.0
PO-000041,SUP-016,SKU-00001,WH-EU,2025-12-22,2026-01-12,2025-12-23,674,10.12,ocean,272.13,delivered,0,6820.88,21,1.0,-20.0,1.0
PO-000042,SUP-001,SKU-00002,WH-WEST,2024-01-15,2024-01-18,2024-01-18,271,4.49,rail,51.7,delivered,0,1216.79,3,3.0,0.0,1.0
PO-000043,SUP-001,SKU-00002,WH-WEST,2024-01-29,2024-02-01,2024-01-31,280,4.49,road,72.62,delivered,0,1257.2,3,2.0,-1.0,1.0
PO-000044,SUP-001,SKU-00002,WH-WEST,2024-02-19,2024-02-20,2024-02-21,315,4.49,air,166.79,delivered,0,1414.35,1,2.0,1.0,0.0
PO-000045,SUP-001,SKU-00002,WH-WEST,2024-03-11,2024-03-12,2024-03-12,322,4.49,air,154.93,delivered,0,1445.78,1,1.0,0.0,1.0
PO-000046,SUP-001,SKU-00002,WH-WEST,2024-03-25,2024-03-28,2024-03-26,239,4.49,rail,60.51,delivered,0,1073.11,3,1.0,-2.0,1.0
PO-000047,SUP-001,SKU-00002,WH-WEST,2024-04-08,2024-04-11,2024-04-11,247,4.49,road,66.39,delivered,0,1109.03,3,3.0,0.0,1.0
PO-000048,SUP-001,SKU-00002,WH-WEST,2024-04-22,2024-04-25,2024-04-27,287,4.49,road,89.76,delivered,0,1288.63,3,5.0,2.0,0.0
PO-000049,SUP-001,SKU-00002,WH-WEST,2024-05-06,2024-05-09,2024-05-12,322,4.49,rail,74.35,delivered,0,1445.78,3,6.0,3.0,0.0
PO-000050,SUP-001,SKU-00002,WH-WEST,2024-05-27,2024-05-28,2024-05-28,322,4.49,air,155.54,delivered,0,1445.78,1,1.0,0.0,1.0
PO-000051,SUP-001,SKU-00002,WH-WEST,2024-06-10,2024-06-11,2024-06-11,322,4.49,air,174.95,delivered,0,1445.78,1,1.0,0.0,1.0
PO-000052,SUP-001,SKU-00002,WH-WEST,2024-06-24,2024-06-25,2024-06-26,322,4.49,air,152.56,delivered,0,1445.78,1,2.0,1.0,0.0
PO-000053,SUP-001,SKU-00002,WH-WEST,2024-07-08,2024-07-11,2024-07-12,322,4.49,rail,66.25,delivered,0,1445.78,3,4.0,1.0,0.0
PO-000054,SUP-001,SKU-00002,WH-WEST,2024-07-22,2024-07-25,2024-07-27,297,4.49,rail,71.07,delivered,0,1333.53,3,5.0,2.0,0.0
PO-000055,SUP-001,SKU-00002,WH-WEST,2024-08-05,2024-08-08,2024-08-09,312,4.49,rail,76.9,delivered,0,1400.88,3,4.0,1.0,0.0
PO-000056,SUP-001,SKU-00002,WH-WEST,2024-08-19,2024-08-22,2024-08-22,308,4.49,road,69.9,delivered,0,1382.92,3,3.0,0.0,1.0
PO-000057,SUP-001,SKU-00002,WH-WEST,2024-09-02,2024-09-05,2024-09-05,322,4.49,road,77.93,delivered,0,1445.78,3,3.0,0.0,1.0
PO-000058,SUP-001,SKU-00002,WH-WEST,2024-09-16,2024-09-19,2024-09-19,322,4.49,road,89.34,delivered,0,1445.78,3,3.0,0.0,1.0
PO-000059,SUP-001,SKU-00002,WH-WEST,2024-09-30,2024-10-03,2024-10-04,299,4.49,road,77.28,delivered,0,1342.51,3,4.0,1.0,0.0
PO-000060,SUP-001,SKU-00002,WH-WEST,2024-10-14,2024-10-15,2024-10-15,312,4.49,air,189.48,delivered,0,1400.88,1,1.0,0.0,1.0
PO-000061,SUP-001,SKU-00002,WH-WEST,2024-10-28,2024-10-29,2024-10-29,322,4.49,air,149.45,delivered,0,1445.78,1,1.0,0.0,1.0
PO-000062,SUP-001,SKU-00002,WH-WEST,2024-11-11,2024-11-12,2024-11-13,322,4.49,air,185.39,delivered,0,1445.78,1,2.0,1.0,0.0
PO-000063,SUP-001,SKU-00002,WH-WEST,2024-11-25,2024-11-26,2024-11-26,322,4.49,air,199.57,delivered,0,1445.78,1,1.0,0.0,1.0
PO-000064,SUP-001,SKU-00002,WH-WEST,2024-12-09,2024-12-10,2024-12-11,319,4.49,air,139.71,delivered,0,1432.31,1,2.0,1.0,0.0
PO-000065,SUP-001,SKU-00002,WH-WEST,2024-12-23,2024-12-26,2024-12-27,269,4.49,road,73.42,delivered,0,1207.81,3,4.0,1.0,0.0
PO-000066,SUP-001,SKU-00002,WH-WEST,2025-01-06,2025-01-09,2025-01-08,269,4.49,road,71.55,delivered,0,1207.81,3,2.0,-1.0,1.0
PO-000067,SUP-001,SKU-00002,WH-WEST,2025-01-20,2025-01-23,2025-01-26,285,4.49,rail,67.64,delivered,0,1279.65,3,6.0,3.0,0.0
PO-000068,SUP-001,SKU-00002,WH-WEST,2025-02-10,2025-02-11,2025-02-11,322,4.49,air,154.51,delivered,0,1445.78,1,1.0,0.0,1.0
PO-000069,SUP-001,SKU-00002,WH-WEST,2025-02-24,2025-02-27,2025-02-26,287,4.49,road,79.06,delivered,0,1288.63,3,2.0,-1.0,1.0
PO-000070,SUP-001,SKU-00002,WH-WEST,2025-03-10,2025-03-13,2025-03-12,300,4.49,road,70.09,delivered,0,1347.0,3,2.0,-1.0,1.0
PO-000071,SUP-001,SKU-00002,WH-WEST,2025-03-24,2025-03-27,2025-03-27,308,4.49,rail,80.01,delivered,0,1382.92,3,3.0,0.0,1.0
PO-000072,SUP-001,SKU-00002,WH-WEST,2025-04-07,2025-04-10,2025-04-09,299,4.49,road,75.21,delivered,0,1342.51,3,2.0,-1.0,1.0
PO-000073,SUP-001,SKU-00002,WH-WEST,2025-04-21,2025-04-22,2025-04-22,322,4.49,air,187.84,delivered,0,1445.78,1,1.0,0.0,1.0
PO-000074,SUP-001,SKU-00002,WH-WEST,2025-05-05,2025-05-06,2025-05-07,322,4.49,air,191.87,delivered,0,1445.78,1,2.0,1.0,0.0
PO-000075,SUP-001,SKU-00002,WH-WEST,2025-05-19,2025-05-22,2025-05-20,322,4.49,road,86.64,delivered,0,1445.78,3,1.0,-2.0,1.0
PO-000076,SUP-001,SKU-00002,WH-WEST,2025-06-02,2025-06-03,2025-06-03,322,4.49,air,144.4,delivered,0,1445.78,1,1.0,0.0,1.0
PO-000077,SUP-001,SKU-00002,WH-WEST,2025-06-16,2025-06-19,2025-06-21,322,4.49,rail,77.32,delivered,0,1445.78,3,5.0,2.0,0.0
PO-000078,SUP-001,SKU-00002,WH-WEST,2025-06-30,2025-07-01,2025-07-01,322,4.49,air,160.71,delivered,0,1445.78,1,1.0,0.0,1.0
PO-000079,SUP-001,SKU-00002,WH-WEST,2025-07-14,2025-07-17,2025-07-17,322,4.49,road,98.58,delivered,0,1445.78,3,3.0,0.0,1.0
PO-000080,SUP-001,SKU-00002,WH-WEST,2025-07-28,2025-07-29,2025-07-29,322,4.49,air,142.19,delivered,0,1445.78,1,1.0,0.0,1.0
PO-000081,SUP-001,SKU-00002,WH-WEST,2025-08-04,2025-08-07,2025-08-06,240,4.49,rail,54.18,delivered,0,1077.6,3,2.0,-1.0,1.0
PO-000082,SUP-001,SKU-00002,WH-WEST,2025-08-18,2025-08-19,2025-08-20,322,4.49,air,183.06,delivered,0,1445.78,1,2.0,1.0,0.0
PO-000083,SUP-001,SKU-00002,WH-WEST,2025-09-01,2025-09-02,2025-09-02,322,4.49,air,176.21,delivered,0,1445.78,1,1.0,0.0,1.0
PO-000084,SUP-001,SKU-00002,WH-WEST,2025-09-15,2025-09-16,2025-09-17,322,4.49,air,190.14,delivered,0,1445.78,1,2.0,1.0,0.0
PO-000085,SUP-001,SKU-00002,WH-WEST,2025-09-29,2025-09-30,2025-09-30,322,4.49,air,163.31,delivered,0,1445.78,1,1.0,0.0,1.0
PO-000086,SUP-001,SKU-00002,WH-WEST,2025-10-06,2025-10-09,2025-10-11,246,4.49,rail,45.54,delivered,0,1104.54,3,5.0,2.0,0.0
PO-000087,SUP-001,SKU-00002,WH-WEST,2025-10-20,2025-10-21,2025-10-21,322,4.49,air,189.53,delivered,0,1445.78,1,1.0,0.0,1.0
PO-000088,SUP-001,SKU-00002,WH-WEST,2025-11-03,2025-11-04,2025-11-04,322,4.49,air,186.92,delivered,0,1445.78,1,1.0,0.0,1.0
PO-000089,SUP-001,SKU-00002,WH-WEST,2025-11-17,2025-11-18,2025-11-18,322,4.49,air,180.21,delivered,0,1445.78,1,1.0,0.0,1.0
PO-000090,SUP-001,SKU-00002,WH-WEST,2025-12-01,2025-12-04,2025-12-04,322,4.49,road,71.27,delivered,0,1445.78,3,3.0,0.0,1.0
PO-000091,SUP-001,SKU-00002,WH-WEST,2025-12-15,2025-12-16,2025-12-16,322,4.49,air,154.06,delivered,0,1445.78,1,1.0,0.0,1.0
PO-000092,SUP-001,SKU-00002,WH-SOUTH,2024-01-15,2024-01-18,2024-01-18,373,4.49,rail,69.46,delivered,0,1674.77,3,3.0,0.0,1.0
PO-000093,SUP-001,SKU-00002,WH-SOUTH,2024-01-29,2024-02-01,2024-02-02,352,4.49,rail,86.06,delivered,0,1580.48,3,4.0,1.0,0.0
PO-000094,SUP-001,SKU-00002,WH-SOUTH,2024-02-19,2024-02-20,2024-02-20,401,4.49,air,240.2,delivered,0,1800.49,1,1.0,0.0,1.0
PO-000095,SUP-001,SKU-00002,WH-SOUTH,2024-03-11,2024-03-14,2024-03-13,424,4.49,road,95.35,delivered,0,1903.76,3,2.0,-1.0,1.0
PO-000096,SUP-001,SKU-00002,WH-SOUTH,2024-04-01,2024-04-04,2024-04-04,424,4.49,road,104.49,delivered,0,1903.76,3,3.0,0.0,1.0
PO-000097,SUP-001,SKU-00002,WH-SOUTH,2024-04-22,2024-04-23,2024-04-24,424,4.49,air,183.13,delivered,0,1903.76,1,2.0,1.0,0.0
PO-000098,SUP-001,SKU-00002,WH-SOUTH,2024-05-06,2024-05-07,2024-05-07,424,4.49,air,242.71,delivered,0,1903.76,1,1.0,0.0,1.0
PO-000099,SUP-001,SKU-00002,WH-SOUTH,2024-05-20,2024-05-23,2024-05-21,385,4.49,road,107.97,delivered,0,1728.65,3,1.0,-2.0,1.0
PO-000100,SUP-001,SKU-00002,WH-SOUTH,2024-06-03,2024-06-04,2024-06-05,424,4.49,air,270.88,delivered,0,1903.76,1,2.0,1.0,0.0
PO-000101,SUP-001,SKU-00002,WH-SOUTH,2024-06-17,2024-06-18,2024-06-19,424,4.49,air,243.84,delivered,0,1903.76,1,2.0,1.0,0.0
PO-000102,SUP-001,SKU-00002,WH-SOUTH,2024-07-01,2024-07-04,2024-07-04,424,4.49,road,100.05,delivered,0,1903.76,3,3.0,0.0,1.0
PO-000103,SUP-001,SKU-00002,WH-SOUTH,2024-07-15,2024-07-18,2024-07-19,382,4.49,road,99.44,delivered,0,1715.18,3,4.0,1.0,0.0
PO-000104,SUP-001,SKU-00002,WH-SOUTH,2024-07-29,2024-07-30,2024-07-31,424,4.49,air,256.28,delivered,0,1903.76,1,2.0,1.0,0.0
PO-000105,SUP-001,SKU-00002,WH-SOUTH,2024-08-12,2024-08-13,2024-08-14,424,4.49,air,198.89,delivered,0,1903.76,1,2.0,1.0,0.0
PO-000106,SUP-001,SKU-00002,WH-SOUTH,2024-08-26,2024-08-29,2024-08-27,424,4.49,road,102.67,delivered,0,1903.76,3,1.0,-2.0,1.0
PO-000107,SUP-001,SKU-00002,WH-SOUTH,2024-09-09,2024-09-10,2024-09-10,424,4.49,air,201.32,delivered,0,1903.76,1,1.0,0.0,1.0
PO-000108,SUP-001,SKU-00002,WH-SOUTH,2024-09-23,2024-09-24,2024-09-25,424,4.49,air,263.13,delivered,0,1903.76,1,2.0,1.0,0.0
PO-000109,SUP-001,SKU-00002,WH-SOUTH,2024-10-07,2024-10-08,2024-10-09,424,4.49,air,244.85,delivered,0,1903.76,1,2.0,1.0,0.0
PO-000110,SUP-001,SKU-00002,WH-SOUTH,2024-10-21,2024-10-22,2024-10-23,408,4.49,air,209.28,delivered,0,1831.92,1,2.0,1.0,0.0
PO-000111,SUP-001,SKU-00002,WH-SOUTH,2024-11-04,2024-11-05,2024-11-05,424,4.49,air,214.36,delivered,0,1903.76,1,1.0,0.0,1.0
PO-000112,SUP-001,SKU-00002,WH-SOUTH,2024-11-18,2024-11-21,2024-11-21,384,4.49,rail,88.67,delivered,0,1724.16,3,3.0,0.0,1.0
PO-000113,SUP-001,SKU-00002,WH-SOUTH,2024-12-02,2024-12-03,2024-12-05,424,4.49,air,221.66,delivered,0,1903.76,1,3.0,2.0,0.0
PO-000114,SUP-001,SKU-00002,WH-SOUTH,2024-12-16,2024-12-19,2024-12-21,331,4.49,road,83.75,delivered,0,1486.19,3,5.0,2.0,0.0
PO-000115,SUP-001,SKU-00002,WH-SOUTH,2024-12-30,2024-12-31,2025-01-01,366,4.49,air,160.83,delivered,0,1643.34,1,2.0,1.0,0.0
PO-000116,SUP-001,SKU-00002,WH-SOUTH,2025-01-13,2025-01-16,2025-01-18,376,4.49,rail,92.92,delivered,0,1688.24,3,5.0,2.0,0.0
PO-000117,SUP-001,SKU-00002,WH-SOUTH,2025-02-03,2025-02-04,2025-02-04,424,4.49,air,222.06,delivered,0,1903.76,1,1.0,0.0,1.0
PO-000118,SUP-001,SKU-00002,WH-SOUTH,2025-02-17,2025-02-20,2025-02-18,360,4.49,rail,86.78,delivered,0,1616.4,3,1.0,-2.0,1.0
PO-000119,SUP-001,SKU-00002,WH-SOUTH,2025-03-03,2025-03-06,2025-03-06,329,4.49,road,94.66,delivered,0,1477.21,3,3.0,0.0,1.0
PO-000120,SUP-001,SKU-00002,WH-SOUTH,2025-03-17,2025-03-20,2025-03-21,399,4.49,road,128.66,delivered,0,1791.51,3,4.0,1.0,0.0
PO-000121,SUP-001,SKU-00002,WH-SOUTH,2025-03-31,2025-04-03,2025-04-02,371,4.49,rail,90.96,delivered,0,1665.79,3,2.0,-1.0,1.0
PO-000122,SUP-001,SKU-00002,WH-SOUTH,2025-04-14,2025-04-17,2025-04-16,411,4.49,rail,92.82,delivered,0,1845.39,3,2.0,-1.0,1.0
PO-000123,SUP-001,SKU-00002,WH-SOUTH,2025-04-28,2025-04-29,2025-04-30,424,4.49,air,270.66,delivered,0,1903.76,1,2.0,1.0,0.0
PO-000124,SUP-001,SKU-00002,WH-SOUTH,2025-05-12,2025-05-15,2025-05-15,424,4.49,road,132.82,delivered,0,1903.76,3,3.0,0.0,1.0
PO-000125,SUP-001,SKU-00002,WH-SOUTH,2025-05-26,2025-05-27,2025-05-27,397,4.49,air,192.94,delivered,0,1782.53,1,1.0,0.0,1.0
PO-000126,SUP-001,SKU-00002,WH-SOUTH,2025-06-09,2025-06-12,2025-06-13,424,4.49,rail,83.35,delivered,0,1903.76,3,4.0,1.0,0.0
PO-000127,SUP-001,SKU-00002,WH-SOUTH,2025-06-23,2025-06-24,2025-06-25,424,4.49,air,205.62,delivered,0,1903.76,1,2.0,1.0,0.0
PO-000128,SUP-001,SKU-00002,WH-SOUTH,2025-07-07,2025-07-08,2025-07-08,424,4.49,air,229.5,delivered,0,1903.76,1,1.0,0.0,1.0
PO-000129,SUP-001,SKU-00002,WH-SOUTH,2025-07-14,2025-07-17,2025-07-16,424,4.49,road,103.34,delivered,0,1903.76,3,2.0,-1.0,1.0
PO-000130,SUP-001,SKU-00002,WH-SOUTH,2025-07-28,2025-07-31,2025-08-07,424,4.49,road,106.32,delivered,0,1903.76,3,10.0,7.0,0.0
PO-000131,SUP-001,SKU-00002,WH-SOUTH,2025-08-18,2025-08-19,2025-08-20,424,4.49,air,229.6,delivered,0,1903.76,1,2.0,1.0,0.0
PO-000132,SUP-001,SKU-00002,WH-SOUTH,2025-09-01,2025-09-02,2025-09-02,424,4.49,air,270.6,delivered,0,1903.76,1,1.0,0.0,1.0
PO-000133,SUP-001,SKU-00002,WH-SOUTH,2025-09-08,2025-09-11,2025-09-10,322,4.49,rail,72.04,delivered,0,1445.78,3,2.0,-1.0,1.0
PO-000134,SUP-001,SKU-00002,WH-SOUTH,2025-09-22,2025-09-23,2025-09-23,424,4.49,air,190.53,delivered,0,1903.76,1,1.0,0.0,1.0
PO-000135,SUP-001,SKU-00002,WH-SOUTH,2025-10-06,2025-10-09,2025-10-08,424,4.49,rail,111.48,delivered,0,1903.76,3,2.0,-1.0,1.0
PO-000136,SUP-001,SKU-00002,WH-SOUTH,2025-10-20,2025-10-21,2025-10-21,424,4.49,air,203.01,delivered,0,1903.76,1,1.0,0.0,1.0
PO-000137,SUP-001,SKU-00002,WH-SOUTH,2025-11-03,2025-11-04,2025-11-04,424,4.49,air,242.44,delivered,0,1903.76,1,1.0,0.0,1.0
PO-000138,SUP-001,SKU-00002,WH-SOUTH,2025-11-17,2025-11-20,2025-11-21,424,4.49,rail,76.74,delivered,0,1903.76,3,4.0,1.0,0.0
PO-000139,SUP-001,SKU-00002,WH-SOUTH,2025-12-01,2025-12-04,2025-12-03,386,4.49,road,84.03,delivered,0,1733.14,3,2.0,-1.0,1.0
PO-000140,SUP-001,SKU-00002,WH-SOUTH,2025-12-15,2025-12-16,2025-12-16,424,4.49,air,255.7,delivered,0,1903.76,1,1.0,0.0,1.0
PO-000141,SUP-002,SKU-00003,WH-WEST,2024-01-15,2024-02-03,2024-02-15,32,47.47,road,75.66,delivered,0,1519.04,19,31.0,12.0,0.0
PO-000142,SUP-002,SKU-00003,WH-WEST,2024-01-29,2024-02-06,2024-02-07,40,47.47,air,271.72,delivered,0,1898.8,8,9.0,1.0,0.0
PO-000143,SUP-002,SKU-00003,WH-WEST,2024-02-19,2024-02-27,2024-02-28,45,47.47,air,298.66,delivered,0,2136.15,8,9.0,1.0,0.0
PO-000144,SUP-002,SKU-00003,WH-WEST,2024-03-11,2024-03-19,2024-03-20,39,47.47,air,221.87,delivered,0,1851.33,8,9.0,1.0,0.0
PO-000145,SUP-002,SKU-00003,WH-WEST,2024-03-25,2024-04-02,2024-04-04,34,47.47,air,230.71,delivered,0,1613.98,8,10.0,2.0,0.0
PO-000146,SUP-002,SKU-00003,WH-WEST,2024-04-15,2024-05-10,2024-05-03,49,47.47,ocean,89.22,delivered,0,2326.03,25,18.0,-7.0,1.0
PO-000147,SUP-002,SKU-00003,WH-WEST,2024-05-06,2024-05-14,2024-05-18,44,47.47,air,270.69,delivered,0,2088.68,8,12.0,4.0,0.0
PO-000148,SUP-002,SKU-00003,WH-WEST,2024-05-20,2024-06-14,2024-06-25,33,47.47,ocean,52.79,delivered,0,1566.51,25,36.0,11.0,0.0
PO-000149,SUP-002,SKU-00003,WH-WEST,2024-06-10,2024-07-01,2024-07-13,44,47.47,rail,111.75,delivered,0,2088.68,21,33.0,12.0,0.0
PO-000150,SUP-002,SKU-00003,WH-WEST,2024-07-01,2024-07-26,2024-08-01,32,47.47,ocean,51.92,delivered,0,1519.04,25,31.0,6.0,0.0
PO-000151,SUP-002,SKU-00003,WH-WEST,2024-07-22,2024-07-30,2024-07-31,53,47.47,air,354.88,delivered,0,2515.91,8,9.0,1.0,0.0
PO-000152,SUP-002,SKU-00003,WH-WEST,2024-08-12,2024-08-20,2024-08-19,37,47.47,air,221.12,delivered,0,1756.39,8,7.0,-1.0,1.0
PO-000153,SUP-002,SKU-00003,WH-WEST,2024-08-26,2024-09-14,2024-09-06,42,47.47,road,108.38,delivered,0,1993.74,19,11.0,-8.0,1.0
PO-000154,SUP-002,SKU-00003,WH-WEST,2024-09-09,2024-10-04,2024-10-14,36,47.47,ocean,68.05,delivered,0,1708.92,25,35.0,10.0,0.0
PO-000155,SUP-002,SKU-00003,WH-WEST,2024-09-23,2024-10-01,2024-09-29,42,47.47,air,257.41,delivered,0,1993.74,8,6.0,-2.0,1.0
PO-000156,SUP-002,SKU-00003,WH-WEST,2024-10-07,2024-11-01,2024-11-19,34,47.47,ocean,51.67,delivered,0,1613.98,25,43.0,18.0,0.0
PO-000157,SUP-002,SKU-00003,WH-WEST,2024-10-21,2024-11-15,2024-11-06,40,47.47,ocean,90.98,delivered,0,1898.8,25,16.0,-9.0,1.0
PO-000158,SUP-002,SKU-00003,WH-WEST,2024-11-11,2024-12-02,2024-12-10,32,47.47,rail,74.85,delivered,0,1519.04,21,29.0,8.0,0.0
PO-000159,SUP-002,SKU-00003,WH-WEST,2024-11-25,2024-12-14,2024-12-18,32,47.47,road,77.45,delivered,0,1519.04,19,23.0,4.0,0.0
PO-000160,SUP-002,SKU-00003,WH-WEST,2024-12-16,2025-01-10,2025-01-22,40,47.47,ocean,64.02,delivered,0,1898.8,25,37.0,12.0,0.0
PO-000161,SUP-002,SKU-00003,WH-WEST,2025-01-06,2025-01-14,2025-01-19,43,47.47,air,240.51,delivered,0,2041.21,8,13.0,5.0,0.0
PO-000162,SUP-002,SKU-00003,WH-WEST,2025-02-03,2025-02-28,2025-03-04,43,47.47,ocean,91.8,delivered,0,2041.21,25,29.0,4.0,0.0
PO-000163,SUP-002,SKU-00003,WH-WEST,2025-02-24,2025-03-21,2025-03-18,40,47.47,ocean,70.07,delivered,0,1898.8,25,22.0,-3.0,1.0
PO-000164,SUP-002,SKU-00003,WH-WEST,2025-03-17,2025-04-11,2025-04-09,35,47.47,ocean,56.95,delivered,0,1661.45,25,23.0,-2.0,1.0
PO-000165,SUP-002,SKU-00003,WH-WEST,2025-03-31,2025-04-25,2025-04-27,32,47.47,ocean,69.87,delivered,0,1519.04,25,27.0,2.0,0.0
PO-000166,SUP-002,SKU-00003,WH-WEST,2025-04-14,2025-05-05,2025-05-08,35,47.47,rail,90.95,delivered,0,1661.45,21,24.0,3.0,0.0
PO-000167,SUP-002,SKU-00003,WH-WEST,2025-05-05,2025-05-13,2025-05-14,50,47.47,air,325.44,delivered,0,2373.5,8,9.0,1.0,0.0
PO-000168,SUP-002,SKU-00003,WH-WEST,2025-05-19,2025-05-27,2025-05-24,33,47.47,air,187.45,delivered,0,1566.51,8,5.0,-3.0,1.0
PO-000169,SUP-002,SKU-00003,WH-WEST,2025-06-02,2025-06-23,2025-06-20,36,47.47,rail,82.04,delivered,0,1708.92,21,18.0,-3.0,1.0
PO-000170,SUP-002,SKU-00003,WH-WEST,2025-06-16,2025-07-11,2025-07-08,37,47.47,ocean,83.67,delivered,0,1756.39,25,22.0,-3.0,1.0
PO-000171,SUP-002,SKU-00003,WH-WEST,2025-06-30,2025-07-25,2025-07-09,36,47.47,ocean,58.35,delivered,0,1708.92,25,9.0,-16.0,1.0
PO-000172,SUP-002,SKU-00003,WH-WEST,2025-07-14,2025-08-08,2025-08-23,34,47.47,ocean,55.97,delivered,0,1613.98,25,40.0,15.0,0.0
PO-000173,SUP-002,SKU-00003,WH-WEST,2025-07-28,2025-08-22,2025-08-26,38,47.47,ocean,75.38,delivered,0,1803.86,25,29.0,4.0,0.0
PO-000174,SUP-002,SKU-00003,WH-WEST,2025-09-01,2025-09-22,2025-09-24,49,47.47,rail,109.08,delivered,0,2326.03,21,23.0,2.0,0.0
PO-000175,SUP-002,SKU-00003,WH-WEST,2025-09-15,2025-09-23,2025-09-23,39,47.47,air,225.99,delivered,0,1851.33,8,8.0,0.0,1.0
PO-000176,SUP-002,SKU-00003,WH-WEST,2025-10-06,2025-10-31,2025-10-21,36,47.47,ocean,63.89,delivered,0,1708.92,25,15.0,-10.0,1.0
PO-000177,SUP-002,SKU-00003,WH-WEST,2025-10-27,2025-11-15,2025-11-15,49,47.47,road,134.54,delivered,0,2326.03,19,19.0,0.0,1.0
PO-000178,SUP-002,SKU-00003,WH-WEST,2025-11-10,2025-12-05,2025-12-21,36,47.47,ocean,79.55,delivered,0,1708.92,25,41.0,16.0,0.0
PO-000179,SUP-002,SKU-00003,WH-WEST,2025-12-01,2025-12-09,2025-12-11,38,47.47,air,184.53,delivered,0,1803.86,8,10.0,2.0,0.0
PO-000180,SUP-002,SKU-00003,WH-WEST,2025-12-22,2025-12-30,,44,47.47,air,278.63,open,0,2088.68,8,,,
PO-000181,SUP-002,SKU-00003,WH-APAC,2024-01-22,2024-02-16,2024-01-28,29,47.47,ocean,54.82,delivered,0,1376.63,25,6.0,-19.0,1.0
PO-000182,SUP-002,SKU-00003,WH-APAC,2024-02-05,2024-02-26,2024-02-22,27,47.47,rail,70.39,delivered,0,1281.69,21,17.0,-4.0,1.0
PO-000183,SUP-002,SKU-00003,WH-APAC,2024-02-19,2024-03-15,2024-03-18,28,47.47,ocean,52.93,delivered,0,1329.16,25,28.0,3.0,0.0
PO-000184,SUP-002,SKU-00003,WH-APAC,2024-03-11,2024-04-01,2024-04-05,31,47.47,rail,59.56,delivered,0,1471.57,21,25.0,4.0,0.0
PO-000185,SUP-002,SKU-00003,WH-APAC,2024-04-01,2024-04-09,2024-04-10,35,47.47,air,209.43,delivered,0,1661.45,8,9.0,1.0,0.0
PO-000186,SUP-002,SKU-00003,WH-APAC,2024-04-22,2024-05-13,2024-05-23,34,47.47,rail,77.47,delivered,0,1613.98,21,31.0,10.0,0.0
PO-000187,SUP-002,SKU-00003,WH-APAC,2024-05-06,2024-05-25,2024-06-02,25,47.47,road,72.26,delivered,0,1186.75,19,27.0,8.0,0.0
PO-000188,SUP-002,SKU-00003,WH-APAC,2024-06-03,2024-06-28,2024-07-13,32,47.47,ocean,72.45,delivered,0,1519.04,25,40.0,15.0,0.0
PO-000189,SUP-002,SKU-00003,WH-APAC,2024-06-17,2024-07-12,2024-07-03,27,47.47,ocean,52.71,delivered,0,1281.69,25,16.0,-9.0,1.0
PO-000190,SUP-002,SKU-00003,WH-APAC,2024-07-15,2024-08-09,2024-07-24,35,47.47,ocean,60.65,delivered,0,1661.45,25,9.0,-16.0,1.0
PO-000191,SUP-002,SKU-00003,WH-APAC,2024-07-29,2024-08-19,2024-08-22,26,47.47,rail,72.93,delivered,0,1234.22,21,24.0,3.0,0.0
PO-000192,SUP-002,SKU-00003,WH-APAC,2024-08-12,2024-08-31,2024-08-18,30,47.47,road,86.09,delivered,0,1424.1,19,6.0,-13.0,1.0
PO-000193,SUP-002,SKU-00003,WH-APAC,2024-08-26,2024-09-20,2024-09-07,33,47.47,ocean,57.59,delivered,0,1566.51,25,12.0,-13.0,1.0
PO-000194,SUP-002,SKU-00003,WH-APAC,2024-09-09,2024-09-17,2024-09-12,30,47.47,air,202.46,delivered,0,1424.1,8,3.0,-5.0,1.0
PO-000195,SUP-002,SKU-00003,WH-APAC,2024-09-23,2024-10-18,2024-10-26,31,47.47,ocean,60.06,delivered,0,1471.57,25,33.0,8.0,0.0
PO-000196,SUP-002,SKU-00003,WH-APAC,2024-10-07,2024-11-01,2024-10-16,31,47.47,ocean,57.8,delivered,0,1471.57,25,9.0,-16.0,1.0
PO-000197,SUP-002,SKU-00003,WH-APAC,2024-10-28,2024-11-22,2024-11-10,32,47.47,ocean,52.89,delivered,0,1519.04,25,13.0,-12.0,1.0
PO-000198,SUP-002,SKU-00003,WH-APAC,2024-11-11,2024-11-19,2024-11-19,28,47.47,air,148.84,delivered,0,1329.16,8,8.0,0.0,1.0
PO-000199,SUP-002,SKU-00003,WH-APAC,2024-11-25,2024-12-03,2024-12-08,30,47.47,air,161.59,delivered,0,1424.1,8,13.0,5.0,0.0
PO-000200,SUP-002,SKU-00003,WH-APAC,2024-12-16,2025-01-10,2025-01-21,31,47.47,ocean,62.68,delivered,0,1471.57,25,36.0,11.0,0.0
PO-000201,SUP-002,SKU-00003,WH-APAC,2024-12-30,2025-01-24,2025-01-18,25,47.47,ocean,47.26,delivered,0,1186.75,25,19.0,-6.0,1.0
PO-000202,SUP-002,SKU-00003,WH-APAC,2025-01-27,2025-02-21,2025-02-21,26,47.47,ocean,45.93,delivered,0,1234.22,25,25.0,0.0,1.0
PO-000203,SUP-002,SKU-00003,WH-APAC,2025-02-10,2025-03-07,2025-03-18,24,47.47,ocean,51.96,delivered,0,1139.28,25,36.0,11.0,0.0
PO-000204,SUP-002,SKU-00003,WH-APAC,2025-03-03,2025-03-22,2025-03-31,32,47.47,road,84.74,delivered,0,1519.04,19,28.0,9.0,0.0
PO-000205,SUP-002,SKU-00003,WH-APAC,2025-03-24,2025-04-01,2025-04-11,24,47.47,air,140.47,delivered,0,1139.28,8,18.0,10.0,0.0
PO-000206,SUP-002,SKU-00003,WH-APAC,2025-04-07,2025-05-02,2025-04-14,29,47.47,ocean,53.45,delivered,0,1376.63,25,7.0,-18.0,1.0
PO-000207,SUP-002,SKU-00003,WH-APAC,2025-04-21,2025-05-10,2025-05-14,28,47.47,road,81.98,delivered,0,1329.16,19,23.0,4.0,0.0
PO-000208,SUP-002,SKU-00003,WH-APAC,2025-05-05,2025-05-13,2025-05-10,27,47.47,air,158.38,delivered,0,1281.69,8,5.0,-3.0,1.0
PO-000209,SUP-002,SKU-00003,WH-APAC,2025-05-19,2025-06-13,2025-06-17,28,47.47,ocean,61.62,delivered,0,1329.16,25,29.0,4.0,0.0
PO-000210,SUP-002,SKU-00003,WH-APAC,2025-06-02,2025-06-23,2025-06-26,25,47.47,rail,48.84,delivered,0,1186.75,21,24.0,3.0,0.0
PO-000211,SUP-002,SKU-00003,WH-APAC,2025-06-23,2025-07-01,2025-06-29,26,47.47,air,121.28,delivered,0,1234.22,8,6.0,-2.0,1.0
PO-000212,SUP-002,SKU-00003,WH-APAC,2025-07-07,2025-07-15,2025-07-18,33,47.47,air,197.54,delivered,0,1566.51,8,11.0,3.0,0.0
PO-000213,SUP-002,SKU-00003,WH-APAC,2025-07-21,2025-08-15,2025-08-23,33,47.47,ocean,65.31,delivered,0,1566.51,25,33.0,8.0,0.0
PO-000214,SUP-002,SKU-00003,WH-APAC,2025-08-04,2025-08-29,2025-08-20,24,47.47,ocean,48.15,delivered,0,1139.28,25,16.0,-9.0,1.0
PO-000215,SUP-002,SKU-00003,WH-APAC,2025-08-25,2025-09-02,2025-09-02,24,47.47,air,149.56,delivered,0,1139.28,8,8.0,0.0,1.0
PO-000216,SUP-002,SKU-00003,WH-APAC,2025-09-08,2025-09-27,2025-09-22,44,47.47,road,121.37,delivered,0,2088.68,19,14.0,-5.0,1.0
PO-000217,SUP-002,SKU-00003,WH-APAC,2025-09-22,2025-10-17,2025-10-12,24,47.47,ocean,38.52,delivered,0,1139.28,25,20.0,-5.0,1.0
PO-000218,SUP-002,SKU-00003,WH-APAC,2025-10-06,2025-10-14,2025-10-15,27,47.47,air,126.0,delivered,0,1281.69,8,9.0,1.0,0.0
PO-000219,SUP-002,SKU-00003,WH-APAC,2025-10-20,2025-10-28,2025-10-29,29,47.47,air,183.96,delivered,0,1376.63,8,9.0,1.0,0.0
PO-000220,SUP-002,SKU-00003,WH-APAC,2025-11-03,2025-11-28,2025-11-13,30,47.47,ocean,55.47,delivered,0,1424.1,25,10.0,-15.0,1.0
PO-000221,SUP-002,SKU-00003,WH-APAC,2025-11-17,2025-12-12,2025-12-13,28,47.47,ocean,55.1,delivered,0,1329.16,25,26.0,1.0,0.0
PO-000222,SUP-002,SKU-00003,WH-APAC,2025-12-01,2025-12-26,,26,47.47,ocean,57.5,open,0,1234.22,25,,,
PO-000223,SUP-002,SKU-00003,WH-APAC,2025-12-22,2026-01-10,,31,47.47,road,85.42,open,0,1471.57,19,,,
PO-000224,SUP-002,SKU-00003,WH-EAST,2024-01-22,2024-02-16,2024-02-16,31,47.47,ocean,55.12,delivered,0,1471.57,25,25.0,0.0,1.0
PO-000225,SUP-002,SKU-00003,WH-EAST,2024-02-05,2024-02-13,2024-02-12,26,47.47,air,119.82,delivered,0,1234.22,8,7.0,-1.0,1.0
PO-000226,SUP-002,SKU-00003,WH-EAST,2024-02-26,2024-03-22,2024-03-26,24,47.47,ocean,38.94,delivered,0,1139.28,25,29.0,4.0,0.0
PO-000227,SUP-002,SKU-00003,WH-EAST,2024-03-18,2024-04-12,2024-04-16,29,47.47,ocean,64.24,delivered,0,1376.63,25,29.0,4.0,0.0
PO-000228,SUP-002,SKU-00003,WH-EAST,2024-04-08,2024-04-16,2024-04-16,28,47.47,air,182.11,delivered,0,1329.16,8,8.0,0.0,1.0
PO-000229,SUP-002,SKU-00003,WH-EAST,2024-04-29,2024-05-07,2024-05-07,21,47.47,air,134.59,delivered,0,996.87,8,8.0,0.0,1.0
PO-000230,SUP-002,SKU-00003,WH-EAST,2024-05-13,2024-06-07,2024-06-10,22,47.47,ocean,41.25,delivered,0,1044.34,25,28.0,3.0,0.0
PO-000231,SUP-002,SKU-00003,WH-EAST,2024-05-27,2024-06-04,2024-06-05,22,47.47,air,114.53,delivered,0,1044.34,8,9.0,1.0,0.0
PO-000232,SUP-002,SKU-00003,WH-EAST,2024-06-10,2024-07-05,2024-07-06,23,47.47,ocean,47.98,delivered,0,1091.81,25,26.0,1.0,0.0
PO-000233,SUP-002,SKU-00003,WH-EAST,2024-06-24,2024-07-19,2024-07-07,26,47.47,ocean,53.57,delivered,0,1234.22,25,13.0,-12.0,1.0
PO-000234,SUP-002,SKU-00003,WH-EAST,2024-07-15,2024-08-09,2024-08-24,32,47.47,ocean,55.09,delivered,0,1519.04,25,40.0,15.0,0.0
PO-000235,SUP-002,SKU-00003,WH-EAST,2024-07-29,2024-08-06,2024-08-13,26,47.47,air,142.27,delivered,0,1234.22,8,15.0,7.0,0.0
PO-000236,SUP-002,SKU-00003,WH-EAST,2024-08-26,2024-09-03,2024-08-30,29,47.47,air,139.76,delivered,0,1376.63,8,4.0,-4.0,1.0
PO-000237,SUP-002,SKU-00003,WH-EAST,2024-09-09,2024-10-04,2024-10-07,34,47.47,ocean,58.02,delivered,0,1613.98,25,28.0,3.0,0.0
PO-000238,SUP-002,SKU-00003,WH-EAST,2024-09-23,2024-10-18,2024-10-13,24,47.47,ocean,49.85,delivered,0,1139.28,25,20.0,-5.0,1.0
PO-000239,SUP-002,SKU-00003,WH-EAST,2024-10-14,2024-11-04,2024-11-02,21,47.47,rail,53.01,delivered,0,996.87,21,19.0,-2.0,1.0
PO-000240,SUP-002,SKU-00003,WH-EAST,2024-10-28,2024-11-22,2024-12-17,24,47.47,ocean,48.58,delivered,0,1139.28,25,50.0,25.0,0.0
PO-000241,SUP-002,SKU-00003,WH-EAST,2024-11-18,2024-11-26,2024-12-01,34,47.47,air,189.18,delivered,0,1613.98,8,13.0,5.0,0.0
PO-000242,SUP-002,SKU-00003,WH-EAST,2024-12-16,2025-01-10,2024-12-25,26,47.47,ocean,57.56,delivered,0,1234.22,25,9.0,-16.0,1.0
PO-000243,SUP-002,SKU-00003,WH-EAST,2024-12-30,2025-01-24,2025-02-05,25,47.47,ocean,52.65,delivered,0,1186.75,25,37.0,12.0,0.0
PO-000244,SUP-002,SKU-00003,WH-EAST,2025-01-13,2025-02-07,2025-02-13,21,47.47,ocean,41.29,delivered,0,996.87,25,31.0,6.0,0.0
PO-000245,SUP-002,SKU-00003,WH-EAST,2025-02-17,2025-02-25,2025-02-27,25,47.47,air,124.15,delivered,0,1186.75,8,10.0,2.0,0.0
PO-000246,SUP-002,SKU-00003,WH-EAST,2025-03-10,2025-03-29,2025-03-31,28,47.47,road,87.14,delivered,0,1329.16,19,21.0,2.0,0.0
PO-000247,SUP-002,SKU-00003,WH-EAST,2025-03-31,2025-04-08,2025-04-13,31,47.47,air,209.71,delivered,0,1471.57,8,13.0,5.0,0.0
PO-000248,SUP-002,SKU-00003,WH-EAST,2025-04-21,2025-05-16,2025-05-27,27,47.47,ocean,48.04,delivered,0,1281.69,25,36.0,11.0,0.0
PO-000249,SUP-002,SKU-00003,WH-EAST,2025-05-05,2025-05-26,2025-05-28,21,47.47,rail,50.1,delivered,0,996.87,21,23.0,2.0,0.0
PO-000250,SUP-002,SKU-00003,WH-EAST,2025-06-02,2025-06-27,2025-07-03,23,47.47,ocean,47.25,delivered,0,1091.81,25,31.0,6.0,0.0
PO-000251,SUP-002,SKU-00003,WH-EAST,2025-06-16,2025-07-11,2025-07-27,22,47.47,ocean,35.47,delivered,0,1044.34,25,41.0,16.0,0.0
PO-000252,SUP-002,SKU-00003,WH-EAST,2025-07-14,2025-07-22,2025-07-23,31,47.47,air,204.3,delivered,0,1471.57,8,9.0,1.0,0.0
PO-000253,SUP-002,SKU-00003,WH-EAST,2025-08-04,2025-08-29,2025-09-05,30,47.47,ocean,51.47,delivered,0,1424.1,25,32.0,7.0,0.0
PO-000254,SUP-002,SKU-00003,WH-EAST,2025-08-18,2025-08-26,2025-08-29,26,47.47,air,135.07,delivered,0,1234.22,8,11.0,3.0,0.0
PO-000255,SUP-002,SKU-00003,WH-EAST,2025-09-08,2025-09-29,2025-10-10,36,47.47,rail,71.04,delivered,0,1708.92,21,32.0,11.0,0.0
PO-000256,SUP-002,SKU-00003,WH-EAST,2025-09-22,2025-09-30,2025-09-26,22,47.47,air,144.14,delivered,0,1044.34,8,4.0,-4.0,1.0
PO-000257,SUP-002,SKU-00003,WH-EAST,2025-10-13,2025-11-07,2025-11-05,26,47.47,ocean,41.83,delivered,0,1234.22,25,23.0,-2.0,1.0
PO-000258,SUP-002,SKU-00003,WH-EAST,2025-10-27,2025-11-17,2025-11-22,23,47.47,rail,56.23,delivered,0,1091.81,21,26.0,5.0,0.0
PO-000259,SUP-002,SKU-00003,WH-EAST,2025-11-17,2025-12-12,2025-11-29,29,47.47,ocean,59.46,delivered,0,1376.63,25,12.0,-13.0,1.0
PO-000260,SUP-002,SKU-00003,WH-EAST,2025-12-08,2026-01-02,,31,47.47,ocean,57.29,open,0,1471.57,25,,,
PO-000261,SUP-012,SKU-00004,WH-APAC,2024-01-15,2024-01-22,2024-01-26,516,9.1,air,560.82,delivered,0,4695.6,7,11.0,4.0,0.0
PO-000262,SUP-012,SKU-00004,WH-APAC,2024-01-29,2024-02-20,2024-02-21,368,9.1,ocean,122.43,delivered,0,3348.8,22,23.0,1.0,0.0
PO-000263,SUP-012,SKU-00004,WH-APAC,2024-02-12,2024-03-01,2024-03-04,371,9.1,rail,171.29,delivered,0,3376.1,18,21.0,3.0,0.0
PO-000264,SUP-012,SKU-00004,WH-APAC,2024-03-04,2024-03-26,2024-04-03,469,9.1,ocean,145.46,delivered,0,4267.9,22,30.0,8.0,0.0
PO-000265,SUP-012,SKU-00004,WH-APAC,2024-03-25,2024-04-01,2024-04-04,470,9.1,air,510.97,delivered,0,4277.0,7,10.0,3.0,0.0
PO-000266,SUP-012,SKU-00004,WH-APAC,2024-04-22,2024-05-14,2024-05-17,464,9.1,ocean,153.77,delivered,0,4222.4,22,25.0,3.0,0.0
PO-000267,SUP-012,SKU-00004,WH-APAC,2024-05-13,2024-05-20,2024-05-28,443,9.1,air,546.33,delivered,0,4031.3,7,15.0,8.0,0.0
PO-000268,SUP-012,SKU-00004,WH-APAC,2024-06-03,2024-06-25,2024-06-28,406,9.1,ocean,164.54,delivered,0,3694.6,22,25.0,3.0,0.0
PO-000269,SUP-012,SKU-00004,WH-APAC,2024-06-24,2024-07-12,2024-07-25,487,9.1,rail,250.2,delivered,0,4431.7,18,31.0,13.0,0.0
PO-000270,SUP-012,SKU-00004,WH-APAC,2024-07-08,2024-07-30,2024-07-30,384,9.1,ocean,165.34,delivered,0,3494.4,22,22.0,0.0,1.0
PO-000271,SUP-012,SKU-00004,WH-APAC,2024-08-12,2024-09-03,2024-09-07,495,9.1,ocean,171.45,delivered,0,4504.5,22,26.0,4.0,0.0
PO-000272,SUP-012,SKU-00004,WH-APAC,2024-09-02,2024-09-09,2024-09-11,444,9.1,air,494.43,delivered,0,4040.4,7,9.0,2.0,0.0
PO-000273,SUP-012,SKU-00004,WH-APAC,2024-09-23,2024-10-15,2024-10-14,438,9.1,ocean,144.18,delivered,0,3985.8,22,21.0,-1.0,1.0
PO-000274,SUP-012,SKU-00004,WH-APAC,2024-10-14,2024-11-05,2024-11-02,525,9.1,ocean,218.27,delivered,0,4777.5,22,19.0,-3.0,1.0
PO-000275,SUP-012,SKU-00004,WH-APAC,2024-10-28,2024-11-04,2024-11-09,374,9.1,air,452.41,delivered,0,3403.4,7,12.0,5.0,0.0
PO-000276,SUP-012,SKU-00004,WH-APAC,2024-11-18,2024-12-10,2024-12-10,577,9.1,ocean,211.32,delivered,0,5250.7,22,22.0,0.0,1.0
PO-000277,SUP-012,SKU-00004,WH-APAC,2024-12-02,2024-12-09,2024-12-08,362,9.1,air,409.4,delivered,0,3294.2,7,6.0,-1.0,1.0
PO-000278,SUP-012,SKU-00004,WH-APAC,2024-12-23,2025-01-14,2025-01-13,504,9.1,ocean,153.75,delivered,0,4586.4,22,21.0,-1.0,1.0
PO-000279,SUP-012,SKU-00004,WH-APAC,2025-01-13,2025-01-20,2025-01-27,462,9.1,air,580.71,delivered,0,4204.2,7,14.0,7.0,0.0
PO-000280,SUP-012,SKU-00004,WH-APAC,2025-01-27,2025-02-18,2025-02-17,375,9.1,ocean,120.0,delivered,0,3412.5,22,21.0,-1.0,1.0
PO-000281,SUP-012,SKU-00004,WH-APAC,2025-02-17,2025-03-11,2025-03-02,562,9.1,ocean,203.65,delivered,0,5114.2,22,13.0,-9.0,1.0
PO-000282,SUP-012,SKU-00004,WH-APAC,2025-03-10,2025-03-28,2025-03-30,534,9.1,rail,284.66,delivered,0,4859.4,18,20.0,2.0,0.0
PO-000283,SUP-012,SKU-00004,WH-APAC,2025-03-24,2025-03-31,2025-03-30,368,9.1,air,323.04,delivered,0,3348.8,7,6.0,-1.0,1.0
PO-000284,SUP-012,SKU-00004,WH-APAC,2025-04-14,2025-05-06,2025-05-13,426,9.1,ocean,137.93,delivered,0,3876.6,22,29.0,7.0,0.0
PO-000285,SUP-012,SKU-00004,WH-APAC,2025-05-05,2025-05-23,2025-05-27,506,9.1,rail,198.37,delivered,0,4604.6,18,22.0,4.0,0.0
PO-000286,SUP-012,SKU-00004,WH-APAC,2025-06-02,2025-06-24,2025-06-26,496,9.1,ocean,171.11,delivered,0,4513.6,22,24.0,2.0,0.0
PO-000287,SUP-012,SKU-00004,WH-APAC,2025-06-16,2025-06-23,2025-06-26,396,9.1,air,418.32,delivered,0,3603.6,7,10.0,3.0,0.0
PO-000288,SUP-012,SKU-00004,WH-APAC,2025-07-07,2025-07-14,2025-07-12,421,9.1,air,502.24,delivered,0,3831.1,7,5.0,-2.0,1.0
PO-000289,SUP-012,SKU-00004,WH-APAC,2025-07-28,2025-08-14,2025-08-20,508,9.1,road,275.38,delivered,0,4622.8,17,23.0,6.0,0.0
PO-000290,SUP-012,SKU-00004,WH-APAC,2025-08-18,2025-08-25,2025-08-28,431,9.1,air,377.18,delivered,0,3922.1,7,10.0,3.0,0.0
PO-000291,SUP-012,SKU-00004,WH-APAC,2025-09-01,2025-09-23,2025-09-26,399,9.1,ocean,150.93,delivered,0,3630.9,22,25.0,3.0,0.0
PO-000292,SUP-012,SKU-00004,WH-APAC,2025-09-15,2025-10-07,2025-10-12,462,9.1,ocean,165.53,delivered,0,4204.2,22,27.0,5.0,0.0
PO-000293,SUP-012,SKU-00004,WH-APAC,2025-10-06,2025-10-13,2025-10-12,414,9.1,air,438.45,delivered,0,3767.4,7,6.0,-1.0,1.0
PO-000294,SUP-012,SKU-00004,WH-APAC,2025-10-27,2025-11-14,2025-11-16,552,9.1,rail,278.17,delivered,0,5023.2,18,20.0,2.0,0.0
PO-000295,SUP-012,SKU-00004,WH-APAC,2025-11-10,2025-12-02,2025-12-02,387,9.1,ocean,121.75,delivered,0,3521.7,22,22.0,0.0,1.0
PO-000296,SUP-012,SKU-00004,WH-APAC,2025-12-01,2025-12-23,2025-12-26,497,9.1,ocean,198.55,delivered,0,4522.7,22,25.0,3.0,0.0
PO-000297,SUP-012,SKU-00004,WH-APAC,2025-12-15,2025-12-22,2025-12-23,442,9.1,air,482.96,delivered,0,4022.2,7,8.0,1.0,0.0
PO-000298,SUP-003,SKU-00005,WH-SOUTH,2024-01-15,2024-02-14,2024-02-17,352,12.43,ocean,186.63,delivered,0,4375.36,30,33.0,3.0,0.0
PO-000299,SUP-003,SKU-00005,WH-SOUTH,2024-01-29,2024-02-22,2024-02-27,287,12.43,rail,194.87,delivered,0,3567.41,24,29.0,5.0,0.0
PO-000300,SUP-003,SKU-00005,WH-SOUTH,2024-02-19,2024-03-20,2024-03-06,340,12.43,ocean,201.15,delivered,0,4226.2,30,16.0,-14.0,1.0
PO-000301,SUP-003,SKU-00005,WH-SOUTH,2024-03-11,2024-03-21,2024-03-21,442,12.43,air,638.84,delivered,0,5494.06,10,10.0,0.0,1.0
PO-000302,SUP-003,SKU-00005,WH-SOUTH,2024-04-01,2024-04-11,2024-04-08,338,12.43,air,498.62,delivered,0,4201.34,10,7.0,-3.0,1.0
PO-000303,SUP-003,SKU-00005,WH-SOUTH,2024-04-15,2024-04-25,2024-04-24,301,12.43,air,378.16,delivered,0,3741.43,10,9.0,-1.0,1.0
PO-000304,SUP-003,SKU-00005,WH-SOUTH,2024-05-06,2024-06-05,2024-06-09,424,12.43,ocean,198.11,delivered,0,5270.32,30,34.0,4.0,0.0
PO-000305,SUP-003,SKU-00005,WH-SOUTH,2024-05-20,2024-06-19,2024-06-29,319,12.43,ocean,156.01,delivered,0,3965.17,30,40.0,10.0,0.0
PO-000306,SUP-003,SKU-00005,WH-SOUTH,2024-06-17,2024-07-17,2024-07-03,315,12.43,ocean,167.5,delivered,0,3915.45,30,16.0,-14.0,1.0
PO-000307,SUP-003,SKU-00005,WH-SOUTH,2024-07-08,2024-08-07,2024-08-06,357,12.43,ocean,192.04,delivered,0,4437.51,30,29.0,-1.0,1.0
PO-000308,SUP-003,SKU-00005,WH-SOUTH,2024-07-22,2024-08-21,2024-08-08,320,12.43,ocean,175.16,delivered,0,3977.6,30,17.0,-13.0,1.0
PO-000309,SUP-003,SKU-00005,WH-SOUTH,2024-08-12,2024-09-11,2024-09-18,391,12.43,ocean,184.35,delivered,0,4860.13,30,37.0,7.0,0.0
PO-000310,SUP-003,SKU-00005,WH-SOUTH,2024-09-02,2024-09-26,2024-09-25,406,12.43,rail,205.0,delivered,0,5046.58,24,23.0,-1.0,1.0
PO-000311,SUP-003,SKU-00005,WH-SOUTH,2024-09-30,2024-10-30,2024-11-06,366,12.43,ocean,212.46,delivered,0,4549.38,30,37.0,7.0,0.0
PO-000312,SUP-003,SKU-00005,WH-SOUTH,2024-10-14,2024-11-07,2024-10-27,303,12.43,rail,153.4,delivered,0,3766.29,24,13.0,-11.0,1.0
PO-000313,SUP-003,SKU-00005,WH-SOUTH,2024-10-28,2024-11-27,2024-11-21,280,12.43,ocean,159.65,delivered,0,3480.4,30,24.0,-6.0,1.0
PO-000314,SUP-003,SKU-00005,WH-SOUTH,2024-11-18,2024-12-18,2024-12-30,380,12.43,ocean,211.71,delivered,0,4723.4,30,42.0,12.0,0.0
PO-000315,SUP-003,SKU-00005,WH-SOUTH,2024-12-02,2025-01-01,2024-12-23,367,12.43,ocean,151.84,delivered,0,4561.81,30,21.0,-9.0,1.0
PO-000316,SUP-003,SKU-00005,WH-SOUTH,2024-12-30,2025-01-09,2025-01-11,354,12.43,air,597.31,delivered,0,4400.22,10,12.0,2.0,0.0
PO-000317,SUP-003,SKU-00005,WH-SOUTH,2025-01-13,2025-02-12,2025-02-16,374,12.43,ocean,160.94,delivered,0,4648.82,30,34.0,4.0,0.0
PO-000318,SUP-003,SKU-00005,WH-SOUTH,2025-01-27,2025-02-06,2025-02-07,289,12.43,air,488.32,delivered,0,3592.27,10,11.0,1.0,0.0
PO-000319,SUP-003,SKU-00005,WH-SOUTH,2025-02-10,2025-03-12,2025-03-11,324,12.43,ocean,130.37,delivered,0,4027.32,30,29.0,-1.0,1.0
PO-000320,SUP-003,SKU-00005,WH-SOUTH,2025-03-03,2025-04-02,,357,12.43,ocean,199.34,delivered,1,4437.51,30,,,
PO-000321,SUP-003,SKU-00005,WH-SOUTH,2025-03-17,2025-04-16,2025-04-19,340,12.43,ocean,180.86,delivered,0,4226.2,30,33.0,3.0,0.0
PO-000322,SUP-003,SKU-00005,WH-SOUTH,2025-04-14,2025-05-14,2025-05-14,362,12.43,ocean,208.86,delivered,0,4499.66,30,30.0,0.0,1.0
PO-000323,SUP-003,SKU-00005,WH-SOUTH,2025-05-05,2025-05-15,2025-05-17,477,12.43,air,603.24,delivered,0,5929.11,10,12.0,2.0,0.0
PO-000324,SUP-003,SKU-00005,WH-SOUTH,2025-05-26,2025-06-17,2025-06-08,382,12.43,road,276.0,delivered,0,4748.26,22,13.0,-9.0,1.0
PO-000325,SUP-003,SKU-00005,WH-SOUTH,2025-06-16,2025-07-16,2025-07-08,379,12.43,ocean,198.67,delivered,0,4710.97,30,22.0,-8.0,1.0
PO-000326,SUP-003,SKU-00005,WH-SOUTH,2025-06-30,2025-07-10,2025-07-06,374,12.43,air,537.58,delivered,0,4648.82,10,6.0,-4.0,1.0
PO-000327,SUP-003,SKU-00005,WH-SOUTH,2025-07-21,2025-08-20,2025-09-07,378,12.43,ocean,158.5,delivered,0,4698.54,30,48.0,18.0,0.0
PO-000328,SUP-003,SKU-00005,WH-SOUTH,2025-08-11,2025-09-10,2025-09-15,324,12.43,ocean,191.59,delivered,0,4027.32,30,35.0,5.0,0.0
PO-000329,SUP-003,SKU-00005,WH-SOUTH,2025-09-08,2025-09-18,2025-09-14,278,12.43,air,442.71,delivered,0,3455.54,10,6.0,-4.0,1.0
PO-000330,SUP-003,SKU-00005,WH-SOUTH,2025-09-29,2025-10-29,2025-11-15,407,12.43,ocean,201.45,delivered,0,5059.01,30,47.0,17.0,0.0
PO-000331,SUP-003,SKU-00005,WH-SOUTH,2025-10-13,2025-11-12,2025-11-05,310,12.43,ocean,183.89,delivered,0,3853.3,30,23.0,-7.0,1.0
PO-000332,SUP-003,SKU-00005,WH-SOUTH,2025-11-17,2025-12-09,2025-12-09,436,12.43,road,336.65,delivered,0,5419.48,22,22.0,0.0,1.0
PO-000333,SUP-003,SKU-00005,WH-SOUTH,2025-12-01,2025-12-23,2025-12-17,318,12.43,road,207.66,delivered,0,3952.74,22,16.0,-6.0,1.0
PO-000334,SUP-003,SKU-00005,WH-SOUTH,2025-12-22,2026-01-01,,424,12.43,air,679.43,open,0,5270.32,10,,,
PO-000335,SUP-003,SKU-00005,WH-EU,2024-01-15,2024-02-14,2024-01-19,435,12.43,ocean,257.15,delivered,0,5407.05,30,4.0,-26.0,1.0
PO-000336,SUP-003,SKU-00005,WH-EU,2024-02-05,2024-03-06,2024-02-26,634,12.43,ocean,265.74,delivered,0,7880.62,30,21.0,-9.0,1.0
PO-000337,SUP-003,SKU-00005,WH-EU,2024-02-26,2024-03-27,2024-03-22,645,12.43,ocean,367.62,delivered,0,8017.35,30,25.0,-5.0,1.0
PO-000338,SUP-003,SKU-00005,WH-EU,2024-03-11,2024-03-21,2024-03-16,504,12.43,air,720.88,delivered,0,6264.72,10,5.0,-5.0,1.0
PO-000339,SUP-003,SKU-00005,WH-EU,2024-03-25,2024-04-04,2024-03-28,438,12.43,air,567.39,delivered,0,5444.34,10,3.0,-7.0,1.0
PO-000340,SUP-003,SKU-00005,WH-EU,2024-04-15,2024-04-25,2024-04-24,575,12.43,air,995.79,delivered,0,7147.25,10,9.0,-1.0,1.0
PO-000341,SUP-003,SKU-00005,WH-EU,2024-05-06,2024-05-30,2024-06-15,706,12.43,rail,486.76,delivered,0,8775.58,24,40.0,16.0,0.0
PO-000342,SUP-003,SKU-00005,WH-EU,2024-05-27,2024-06-26,2024-06-29,503,12.43,ocean,240.18,delivered,0,6252.29,30,33.0,3.0,0.0
PO-000343,SUP-003,SKU-00005,WH-EU,2024-06-24,2024-07-18,2024-07-17,436,12.43,rail,297.64,delivered,0,5419.48,24,23.0,-1.0,1.0
PO-000344,SUP-003,SKU-00005,WH-EU,2024-07-15,2024-07-25,2024-07-25,582,12.43,air,855.63,delivered,0,7234.26,10,10.0,0.0,1.0
PO-000345,SUP-003,SKU-00005,WH-EU,2024-08-05,2024-09-04,2024-09-08,675,12.43,ocean,333.82,delivered,0,8390.25,30,34.0,4.0,0.0
PO-000346,SUP-003,SKU-00005,WH-EU,2024-08-19,2024-09-18,2024-09-21,451,12.43,ocean,205.72,delivered,0,5605.93,30,33.0,3.0,0.0
PO-000347,SUP-003,SKU-00005,WH-EU,2024-09-16,2024-10-16,2024-10-05,483,12.43,ocean,235.05,delivered,0,6003.69,30,19.0,-11.0,1.0
PO-000348,SUP-003,SKU-00005,WH-EU,2024-10-07,2024-11-06,2024-11-01,652,12.43,ocean,340.49,delivered,0,8104.36,30,25.0,-5.0,1.0
PO-000349,SUP-003,SKU-00005,WH-EU,2024-10-21,2024-11-20,2024-11-03,456,12.43,ocean,267.12,delivered,0,5668.08,30,13.0,-17.0,1.0
PO-000350,SUP-003,SKU-00005,WH-EU,2024-11-11,2024-12-11,2024-12-12,504,12.43,ocean,201.11,delivered,0,6264.72,30,31.0,1.0,0.0
PO-000351,SUP-003,SKU-00005,WH-EU,2024-11-25,2024-12-05,2024-12-11,643,12.43,air,829.5,delivered,0,7992.49,10,16.0,6.0,0.0
PO-000352,SUP-003,SKU-00005,WH-EU,2024-12-23,2025-01-16,2025-01-02,595,12.43,rail,397.5,delivered,0,7395.85,24,10.0,-14.0,1.0
PO-000353,SUP-003,SKU-00005,WH-EU,2025-01-13,2025-02-12,2025-02-27,660,12.43,ocean,364.26,delivered,0,8203.8,30,45.0,15.0,0.0
PO-000354,SUP-003,SKU-00005,WH-EU,2025-02-03,2025-02-13,2025-02-11,702,12.43,air,1087.8,delivered,0,8725.86,10,8.0,-2.0,1.0
PO-000355,SUP-003,SKU-00005,WH-EU,2025-02-24,2025-03-20,2025-04-07,478,12.43,rail,280.52,delivered,0,5941.54,24,42.0,18.0,0.0
PO-000356,SUP-003,SKU-00005,WH-EU,2025-03-10,2025-03-20,2025-03-22,477,12.43,air,653.27,delivered,0,5929.11,10,12.0,2.0,0.0
PO-000357,SUP-003,SKU-00005,WH-EU,2025-03-31,2025-04-30,2025-04-30,554,12.43,ocean,285.78,delivered,0,6886.22,30,30.0,0.0,1.0
PO-000358,SUP-003,SKU-00005,WH-EU,2025-04-21,2025-05-21,2025-05-28,632,12.43,ocean,355.53,delivered,0,7855.76,30,37.0,7.0,0.0
PO-000359,SUP-003,SKU-00005,WH-EU,2025-05-12,2025-06-11,2025-05-31,554,12.43,ocean,306.07,delivered,0,6886.22,30,19.0,-11.0,1.0
PO-000360,SUP-003,SKU-00005,WH-EU,2025-06-09,2025-07-01,2025-06-22,547,12.43,road,473.23,delivered,0,6799.21,22,13.0,-9.0,1.0
PO-000361,SUP-003,SKU-00005,WH-EU,2025-06-30,2025-07-30,2025-08-07,613,12.43,ocean,257.61,delivered,0,7619.59,30,38.0,8.0,0.0
PO-000362,SUP-003,SKU-00005,WH-EU,2025-07-21,2025-07-31,2025-07-26,525,12.43,air,850.26,delivered,0,6525.75,10,5.0,-5.0,1.0
PO-000363,SUP-003,SKU-00005,WH-EU,2025-08-11,2025-09-10,2025-09-14,638,12.43,ocean,364.48,delivered,0,7930.34,30,34.0,4.0,0.0
PO-000364,SUP-003,SKU-00005,WH-EU,2025-08-25,2025-09-24,2025-09-22,454,12.43,ocean,236.69,delivered,0,5643.22,30,28.0,-2.0,1.0
PO-000365,SUP-003,SKU-00005,WH-EU,2025-09-22,2025-10-02,2025-10-03,438,12.43,air,534.78,delivered,0,5444.34,10,11.0,1.0,0.0
PO-000366,SUP-003,SKU-00005,WH-EU,2025-10-13,2025-11-12,2025-11-21,618,12.43,ocean,367.73,delivered,0,7681.74,30,39.0,9.0,0.0
PO-000367,SUP-003,SKU-00005,WH-EU,2025-10-27,2025-11-26,2025-12-04,436,12.43,ocean,182.3,delivered,0,5419.48,30,38.0,8.0,0.0
PO-000368,SUP-003,SKU-00005,WH-EU,2025-12-01,2025-12-25,2025-12-20,568,12.43,rail,293.64,delivered,0,7060.24,24,19.0,-5.0,1.0
PO-000369,SUP-003,SKU-00005,WH-EU,2025-12-22,2026-01-21,,589,12.43,ocean,243.94,open,0,7321.27,30,,,
PO-000370,SUP-018,SKU-00006,WH-EAST,2024-01-15,2024-02-01,2024-01-25,145,4.6,rail,27.62,delivered,0,667.0,17,10.0,-7.0,1.0
PO-000371,SUP-018,SKU-00006,WH-EAST,2024-02-05,2024-02-12,2024-02-11,149,4.6,air,97.38,delivered,0,685.4,7,6.0,-1.0,1.0
PO-000372,SUP-018,SKU-00006,WH-EAST,2024-02-26,2024-03-18,2024-03-14,155,4.6,ocean,33.17,delivered,0,713.0,21,17.0,-4.0,1.0
PO-000373,SUP-018,SKU-00006,WH-EAST,2024-03-11,2024-04-01,2024-03-31,156,4.6,ocean,29.36,delivered,0,717.6,21,20.0,-1.0,1.0
PO-000374,SUP-018,SKU-00006,WH-EAST,2024-04-01,2024-04-22,2024-04-27,142,4.6,ocean,26.29,delivered,0,653.2,21,26.0,5.0,0.0
PO-000375,SUP-018,SKU-00006,WH-EAST,2024-04-29,2024-05-20,2024-05-23,163,4.6,ocean,33.7,delivered,0,749.8,21,24.0,3.0,0.0
PO-000376,SUP-018,SKU-00006,WH-EAST,2024-05-27,2024-06-03,2024-06-04,147,4.6,air,81.05,delivered,0,676.2,7,8.0,1.0,0.0
PO-000377,SUP-018,SKU-00006,WH-EAST,2024-06-17,2024-06-24,2024-06-22,131,4.6,air,76.19,delivered,0,602.6,7,5.0,-2.0,1.0
PO-000378,SUP-018,SKU-00006,WH-EAST,2024-07-15,2024-08-01,2024-08-02,142,4.6,rail,38.81,delivered,0,653.2,17,18.0,1.0,0.0
PO-000379,SUP-018,SKU-00006,WH-EAST,2024-08-05,2024-08-26,2024-08-21,127,4.6,ocean,25.9,delivered,0,584.2,21,16.0,-5.0,1.0
PO-000380,SUP-018,SKU-00006,WH-EAST,2024-08-26,2024-09-12,2024-09-08,139,4.6,rail,29.21,delivered,0,639.4,17,13.0,-4.0,1.0
PO-000381,SUP-018,SKU-00006,WH-EAST,2024-09-16,2024-10-07,2024-10-12,149,4.6,ocean,25.88,delivered,0,685.4,21,26.0,5.0,0.0
PO-000382,SUP-018,SKU-00006,WH-EAST,2024-09-30,2024-10-07,2024-10-10,147,4.6,air,65.26,delivered,0,676.2,7,10.0,3.0,0.0
PO-000383,SUP-018,SKU-00006,WH-EAST,2024-10-21,2024-11-11,2024-11-10,158,4.6,ocean,28.5,delivered,0,726.8,21,20.0,-1.0,1.0
PO-000384,SUP-018,SKU-00006,WH-EAST,2024-11-11,2024-12-02,2024-12-11,171,4.6,ocean,26.31,delivered,0,786.6,21,30.0,9.0,0.0
PO-000385,SUP-018,SKU-00006,WH-EAST,2024-11-25,2024-12-02,2024-12-01,120,4.6,air,78.17,delivered,0,552.0,7,6.0,-1.0,1.0
PO-000386,SUP-018,SKU-00006,WH-EAST,2024-12-09,2024-12-16,2024-12-16,132,4.6,air,72.39,delivered,0,607.2,7,7.0,0.0,1.0
PO-000387,SUP-018,SKU-00006,WH-EAST,2024-12-23,2025-01-08,2025-01-09,139,4.6,road,41.98,delivered,0,639.4,16,17.0,1.0,0.0
PO-000388,SUP-018,SKU-00006,WH-EAST,2025-01-06,2025-01-13,2025-01-10,137,4.6,air,85.47,delivered,0,630.2,7,4.0,-3.0,1.0
PO-000389,SUP-018,SKU-00006,WH-EAST,2025-01-20,2025-02-10,2025-02-09,122,4.6,ocean,26.23,delivered,0,561.2,21,20.0,-1.0,1.0
PO-000390,SUP-018,SKU-00006,WH-EAST,2025-02-10,2025-03-03,2025-03-06,159,4.6,ocean,31.32,delivered,0,731.4,21,24.0,3.0,0.0
PO-000391,SUP-018,SKU-00006,WH-EAST,2025-02-24,2025-03-17,2025-03-14,124,4.6,ocean,21.46,delivered,0,570.4,21,18.0,-3.0,1.0
PO-000392,SUP-018,SKU-00006,WH-EAST,2025-03-24,2025-04-14,2025-04-08,147,4.6,ocean,25.08,delivered,0,676.2,21,15.0,-6.0,1.0
PO-000393,SUP-018,SKU-00006,WH-EAST,2025-04-14,2025-04-21,2025-04-20,146,4.6,air,76.57,delivered,0,671.6,7,6.0,-1.0,1.0
PO-000394,SUP-018,SKU-00006,WH-EAST,2025-05-05,2025-05-26,2025-05-25,135,4.6,ocean,28.08,delivered,0,621.0,21,20.0,-1.0,1.0
PO-000395,SUP-018,SKU-00006,WH-EAST,2025-05-26,2025-06-12,2025-06-13,134,4.6,rail,28.58,delivered,0,616.4,17,18.0,1.0,0.0
PO-000396,SUP-018,SKU-00006,WH-EAST,2025-06-16,2025-07-03,2025-06-26,159,4.6,rail,39.3,delivered,0,731.4,17,10.0,-7.0,1.0
PO-000397,SUP-018,SKU-00006,WH-EAST,2025-07-07,2025-07-28,2025-07-22,132,4.6,ocean,25.85,delivered,0,607.2,21,15.0,-6.0,1.0
PO-000398,SUP-018,SKU-00006,WH-EAST,2025-07-28,2025-08-14,2025-08-12,153,4.6,rail,28.84,delivered,0,703.8,17,15.0,-2.0,1.0
PO-000399,SUP-018,SKU-00006,WH-EAST,2025-08-18,2025-09-08,2025-09-15,164,4.6,ocean,28.34,delivered,0,754.4,21,28.0,7.0,0.0
PO-000400,SUP-018,SKU-00006,WH-EAST,2025-09-01,2025-09-08,2025-09-09,123,4.6,air,62.6,delivered,0,565.8,7,8.0,1.0,0.0
PO-000401,SUP-018,SKU-00006,WH-EAST,2025-09-22,2025-10-13,2025-10-13,132,4.6,ocean,20.39,delivered,0,607.2,21,21.0,0.0,1.0
PO-000402,SUP-018,SKU-00006,WH-EAST,2025-10-06,2025-10-13,2025-10-13,126,4.6,air,73.76,delivered,0,579.6,7,7.0,0.0,1.0
PO-000403,SUP-018,SKU-00006,WH-EAST,2025-10-20,2025-11-05,2025-11-03,131,4.6,road,39.07,delivered,0,602.6,16,14.0,-2.0,1.0
PO-000404,SUP-018,SKU-00006,WH-EAST,2025-11-03,2025-11-10,2025-11-10,155,4.6,air,77.28,delivered,0,713.0,7,7.0,0.0,1.0
PO-000405,SUP-018,SKU-00006,WH-EAST,2025-11-17,2025-12-08,2025-12-07,156,4.6,ocean,22.99,delivered,0,717.6,21,20.0,-1.0,1.0
PO-000406,SUP-018,SKU-00006,WH-EAST,2025-12-01,2025-12-08,2025-12-11,124,4.6,air,54.76,delivered,0,570.4,7,10.0,3.0,0.0
PO-000407,SUP-018,SKU-00006,WH-EAST,2025-12-22,2026-01-12,,150,4.6,ocean,30.0,open,0,690.0,21,,,
PO-000408,SUP-024,SKU-00007,WH-WEST,2024-01-15,2024-01-24,2024-01-21,20,13.0,air,35.53,delivered,0,260.0,9,6.0,-3.0,1.0
PO-000409,SUP-024,SKU-00007,WH-WEST,2024-01-29,2024-02-17,2024-02-09,21,13.0,road,16.66,delivered,0,273.0,19,11.0,-8.0,1.0
PO-000410,SUP-024,SKU-00007,WH-WEST,2024-02-12,2024-03-04,2024-03-09,18,13.0,rail,13.48,delivered,0,234.0,21,26.0,5.0,0.0
PO-000411,SUP-024,SKU-00007,WH-WEST,2024-03-04,2024-03-25,2024-03-15,25,13.0,rail,18.25,delivered,0,325.0,21,11.0,-10.0,1.0
PO-000412,SUP-024,SKU-00007,WH-WEST,2024-03-25,2024-04-03,2024-03-28,21,13.0,air,33.62,delivered,0,273.0,9,3.0,-6.0,1.0
PO-000413,SUP-024,SKU-00007,WH-WEST,2024-04-15,2024-05-06,2024-05-02,19,13.0,rail,14.7,delivered,0,247.0,21,17.0,-4.0,1.0
PO-000414,SUP-024,SKU-00007,WH-WEST,2024-05-13,2024-05-22,2024-05-22,20,13.0,air,26.66,delivered,0,260.0,9,9.0,0.0,1.0
PO-000415,SUP-024,SKU-00007,WH-WEST,2024-06-03,2024-06-12,2024-06-08,20,13.0,air,37.0,delivered,0,260.0,9,5.0,-4.0,1.0
PO-000416,SUP-024,SKU-00007,WH-WEST,2024-07-01,2024-07-20,2024-07-26,23,13.0,road,14.5,delivered,0,299.0,19,25.0,6.0,0.0
PO-000417,SUP-024,SKU-00007,WH-WEST,2024-07-22,2024-07-31,2024-08-04,23,13.0,air,32.48,delivered,0,299.0,9,13.0,4.0,0.0
PO-000418,SUP-024,SKU-00007,WH-WEST,2024-08-12,2024-09-02,2024-08-30,18,13.0,rail,13.62,delivered,0,234.0,21,18.0,-3.0,1.0
PO-000419,SUP-024,SKU-00007,WH-WEST,2024-08-26,2024-09-21,2024-09-10,20,13.0,ocean,11.85,delivered,0,260.0,26,15.0,-11.0,1.0
PO-000420,SUP-024,SKU-00007,WH-WEST,2024-09-09,2024-09-30,2024-10-07,20,13.0,rail,11.88,delivered,0,260.0,21,28.0,7.0,0.0
PO-000421,SUP-024,SKU-00007,WH-WEST,2024-09-30,2024-10-09,2024-10-09,31,13.0,air,45.84,delivered,0,403.0,9,9.0,0.0,1.0
PO-000422,SUP-024,SKU-00007,WH-WEST,2024-10-21,2024-11-16,2024-11-16,29,13.0,ocean,17.32,delivered,0,377.0,26,26.0,0.0,1.0
PO-000423,SUP-024,SKU-00007,WH-WEST,2024-11-04,2024-11-13,2024-11-10,22,13.0,air,30.97,delivered,0,286.0,9,6.0,-3.0,1.0
PO-000424,SUP-024,SKU-00007,WH-WEST,2024-11-18,2024-12-09,2024-12-05,22,13.0,rail,14.74,delivered,0,286.0,21,17.0,-4.0,1.0
PO-000425,SUP-024,SKU-00007,WH-WEST,2024-11-25,2024-12-21,2024-12-19,22,13.0,ocean,10.73,delivered,0,286.0,26,24.0,-2.0,1.0
PO-000426,SUP-024,SKU-00007,WH-WEST,2024-12-16,2025-01-06,2025-01-08,22,13.0,rail,13.65,delivered,0,286.0,21,23.0,2.0,0.0
PO-000427,SUP-024,SKU-00007,WH-WEST,2024-12-30,2025-01-08,2025-01-05,28,13.0,air,51.66,delivered,0,364.0,9,6.0,-3.0,1.0
PO-000428,SUP-024,SKU-00007,WH-WEST,2025-01-13,2025-02-08,2025-02-04,18,13.0,ocean,8.34,delivered,0,234.0,26,22.0,-4.0,1.0
PO-000429,SUP-024,SKU-00007,WH-WEST,2025-01-27,2025-02-15,2025-02-20,24,13.0,road,16.42,delivered,0,312.0,19,24.0,5.0,0.0
PO-000430,SUP-024,SKU-00007,WH-WEST,2025-02-10,2025-02-19,2025-02-21,21,13.0,air,35.8,delivered,0,273.0,9,11.0,2.0,0.0
PO-000431,SUP-024,SKU-00007,WH-WEST,2025-03-03,2025-03-12,2025-03-08,25,13.0,air,39.82,delivered,0,325.0,9,5.0,-4.0,1.0
PO-000432,SUP-024,SKU-00007,WH-WEST,2025-03-24,2025-04-19,2025-04-17,27,13.0,ocean,11.47,delivered,0,351.0,26,24.0,-2.0,1.0
PO-000433,SUP-024,SKU-00007,WH-WEST,2025-04-07,2025-04-16,2025-04-14,19,13.0,air,28.84,delivered,0,247.0,9,7.0,-2.0,1.0
PO-000434,SUP-024,SKU-00007,WH-WEST,2025-04-28,2025-05-19,2025-05-13,23,13.0,rail,15.62,delivered,0,299.0,21,15.0,-6.0,1.0
PO-000435,SUP-024,SKU-00007,WH-WEST,2025-05-19,2025-06-09,2025-06-11,22,13.0,rail,14.01,delivered,0,286.0,21,23.0,2.0,0.0
PO-000436,SUP-024,SKU-00007,WH-WEST,2025-06-09,2025-06-18,2025-06-17,25,13.0,air,32.87,delivered,0,325.0,9,8.0,-1.0,1.0
PO-000437,SUP-024,SKU-00007,WH-WEST,2025-06-30,2025-07-26,2025-07-27,21,13.0,ocean,9.46,delivered,0,273.0,26,27.0,1.0,0.0
PO-000438,SUP-024,SKU-00007,WH-WEST,2025-07-21,2025-08-16,2025-08-19,24,13.0,ocean,14.48,delivered,0,312.0,26,29.0,3.0,0.0
PO-000439,SUP-024,SKU-00007,WH-WEST,2025-08-04,2025-08-13,2025-08-16,19,13.0,air,35.03,delivered,0,247.0,9,12.0,3.0,0.0
PO-000440,SUP-024,SKU-00007,WH-WEST,2025-08-25,2025-09-20,2025-08-26,27,13.0,ocean,11.71,delivered,0,351.0,26,1.0,-25.0,1.0
PO-000441,SUP-024,SKU-00007,WH-WEST,2025-09-08,2025-09-27,2025-09-19,23,13.0,road,15.66,delivered,0,299.0,19,11.0,-8.0,1.0
PO-000442,SUP-024,SKU-00007,WH-WEST,2025-09-22,2025-10-13,2025-10-11,25,13.0,rail,18.6,delivered,0,325.0,21,19.0,-2.0,1.0
PO-000443,SUP-024,SKU-00007,WH-WEST,2025-09-29,2025-10-20,2025-10-12,18,13.0,rail,10.89,delivered,0,234.0,21,13.0,-8.0,1.0
PO-000444,SUP-024,SKU-00007,WH-WEST,2025-10-13,2025-11-08,2025-10-31,22,13.0,ocean,9.8,delivered,0,286.0,26,18.0,-8.0,1.0
PO-000445,SUP-024,SKU-00007,WH-WEST,2025-10-27,2025-11-05,2025-11-03,30,13.0,air,50.37,delivered,0,390.0,9,7.0,-2.0,1.0
PO-000446,SUP-024,SKU-00007,WH-WEST,2025-11-10,2025-12-06,2025-12-07,27,13.0,ocean,15.45,delivered,0,351.0,26,27.0,1.0,0.0
PO-000447,SUP-024,SKU-00007,WH-WEST,2025-11-24,2025-12-03,2025-12-02,25,13.0,air,34.08,delivered,0,325.0,9,8.0,-1.0,1.0
PO-000448,SUP-024,SKU-00007,WH-WEST,2025-12-15,2026-01-10,,35,13.0,ocean,16.38,open,0,455.0,26,,,
PO-000449,SUP-024,SKU-00007,WH-EU,2024-01-15,2024-02-05,2024-02-13,42,13.0,rail,24.78,delivered,0,546.0,21,29.0,8.0,0.0
PO-000450,SUP-024,SKU-00007,WH-EU,2024-01-29,2024-02-19,2024-02-24,36,13.0,rail,24.97,delivered,0,468.0,21,26.0,5.0,0.0
PO-000451,SUP-024,SKU-00007,WH-EU,2024-02-19,2024-03-11,2024-03-05,40,13.0,rail,28.07,delivered,0,520.0,21,15.0,-6.0,1.0
PO-000452,SUP-024,SKU-00007,WH-EU,2024-03-11,2024-03-20,2024-03-20,51,13.0,air,74.76,delivered,0,663.0,9,9.0,0.0,1.0
PO-000453,SUP-024,SKU-00007,WH-EU,2024-04-01,2024-04-27,2024-04-16,45,13.0,ocean,26.52,delivered,0,585.0,26,15.0,-11.0,1.0
PO-000454,SUP-024,SKU-00007,WH-EU,2024-04-22,2024-05-11,2024-05-06,37,13.0,road,30.42,delivered,0,481.0,19,14.0,-5.0,1.0
PO-000455,SUP-024,SKU-00007,WH-EU,2024-05-13,2024-06-03,2024-06-04,39,13.0,rail,30.41,delivered,0,507.0,21,22.0,1.0,0.0
PO-000456,SUP-024,SKU-00007,WH-EU,2024-06-10,2024-07-06,2024-06-27,43,13.0,ocean,21.96,delivered,0,559.0,26,17.0,-9.0,1.0
PO-000457,SUP-024,SKU-00007,WH-EU,2024-07-01,2024-07-27,2024-07-15,36,13.0,ocean,19.7,delivered,0,468.0,26,14.0,-12.0,1.0
PO-000458,SUP-024,SKU-00007,WH-EU,2024-07-22,2024-08-17,2024-08-26,40,13.0,ocean,20.29,delivered,0,520.0,26,35.0,9.0,0.0
PO-000459,SUP-024,SKU-00007,WH-EU,2024-08-12,2024-09-02,2024-09-15,38,13.0,rail,29.56,delivered,0,494.0,21,34.0,13.0,0.0
PO-000460,SUP-024,SKU-00007,WH-EU,2024-09-02,2024-09-21,2024-09-20,40,13.0,road,26.56,delivered,0,520.0,19,18.0,-1.0,1.0
PO-000461,SUP-024,SKU-00007,WH-EU,2024-09-23,2024-10-12,2024-10-07,47,13.0,road,31.94,delivered,0,611.0,19,14.0,-5.0,1.0
PO-000462,SUP-024,SKU-00007,WH-EU,2024-10-07,2024-10-26,2024-10-18,43,13.0,road,28.3,delivered,0,559.0,19,11.0,-8.0,1.0
PO-000463,SUP-024,SKU-00007,WH-EU,2024-10-21,2024-10-30,2024-10-28,37,13.0,air,53.85,delivered,0,481.0,9,7.0,-2.0,1.0
PO-000464,SUP-024,SKU-00007,WH-EU,2024-11-04,2024-11-23,2024-12-03,48,13.0,road,34.76,delivered,0,624.0,19,29.0,10.0,0.0
PO-000465,SUP-024,SKU-00007,WH-EU,2024-11-18,2024-11-27,2024-11-24,49,13.0,air,68.8,delivered,0,637.0,9,6.0,-3.0,1.0
PO-000466,SUP-024,SKU-00007,WH-EU,2024-12-09,2024-12-30,2024-12-28,44,13.0,rail,28.04,delivered,0,572.0,21,19.0,-2.0,1.0
PO-000467,SUP-024,SKU-00007,WH-EU,2024-12-23,2025-01-01,2025-01-02,48,13.0,air,65.55,delivered,0,624.0,9,10.0,1.0,0.0
PO-000468,SUP-024,SKU-00007,WH-EU,2025-01-06,2025-01-27,2025-01-31,46,13.0,rail,26.99,delivered,0,598.0,21,25.0,4.0,0.0
PO-000469,SUP-024,SKU-00007,WH-EU,2025-01-20,2025-01-29,2025-01-29,47,13.0,air,60.41,delivered,0,611.0,9,9.0,0.0,1.0
PO-000470,SUP-024,SKU-00007,WH-EU,2025-02-10,2025-03-08,2025-03-25,47,13.0,ocean,24.62,delivered,0,611.0,26,43.0,17.0,0.0
PO-000471,SUP-024,SKU-00007,WH-EU,2025-03-03,2025-03-12,2025-03-10,48,13.0,air,67.55,delivered,0,624.0,9,7.0,-2.0,1.0
PO-000472,SUP-024,SKU-00007,WH-EU,2025-03-24,2025-04-19,2025-04-18,46,13.0,ocean,28.28,delivered,0,598.0,26,25.0,-1.0,1.0
PO-000473,SUP-024,SKU-00007,WH-EU,2025-04-21,2025-05-17,2025-05-15,45,13.0,ocean,22.38,delivered,0,585.0,26,24.0,-2.0,1.0
PO-000474,SUP-024,SKU-00007,WH-EU,2025-05-12,2025-06-07,2025-06-29,41,13.0,ocean,22.04,delivered,0,533.0,26,48.0,22.0,0.0
PO-000475,SUP-024,SKU-00007,WH-EU,2025-06-02,2025-06-28,2025-06-30,41,13.0,ocean,19.81,delivered,0,533.0,26,28.0,2.0,0.0
PO-000476,SUP-024,SKU-00007,WH-EU,2025-07-07,2025-08-02,2025-08-05,39,13.0,ocean,23.56,delivered,0,507.0,26,29.0,3.0,0.0
PO-000477,SUP-024,SKU-00007,WH-EU,2025-07-28,2025-08-23,2025-08-09,38,13.0,ocean,17.35,delivered,0,494.0,26,12.0,-14.0,1.0
PO-000478,SUP-024,SKU-00007,WH-EU,2025-08-11,2025-08-20,2025-08-20,35,13.0,air,50.63,delivered,0,455.0,9,9.0,0.0,1.0
PO-000479,SUP-024,SKU-00007,WH-EU,2025-08-25,2025-09-15,2025-09-14,46,13.0,rail,32.56,delivered,0,598.0,21,20.0,-1.0,1.0
PO-000480,SUP-024,SKU-00007,WH-EU,2025-09-08,2025-09-17,2025-09-20,44,13.0,air,80.25,delivered,0,572.0,9,12.0,3.0,0.0
PO-000481,SUP-024,SKU-00007,WH-EU,2025-09-22,2025-10-18,2025-10-09,47,13.0,ocean,25.46,delivered,0,611.0,26,17.0,-9.0,1.0
PO-000482,SUP-024,SKU-00007,WH-EU,2025-10-06,2025-10-15,2025-10-12,55,13.0,air,73.45,delivered,0,715.0,9,6.0,-3.0,1.0
PO-000483,SUP-024,SKU-00007,WH-EU,2025-10-20,2025-11-15,2025-11-10,50,13.0,ocean,26.6,delivered,0,650.0,26,21.0,-5.0,1.0
PO-000484,SUP-024,SKU-00007,WH-EU,2025-11-03,2025-11-29,2025-11-28,52,13.0,ocean,22.89,delivered,0,676.0,26,25.0,-1.0,1.0
PO-000485,SUP-024,SKU-00007,WH-EU,2025-11-17,2025-11-26,2025-11-28,44,13.0,air,66.88,delivered,0,572.0,9,11.0,2.0,0.0
PO-000486,SUP-024,SKU-00007,WH-EU,2025-12-08,2026-01-03,2025-12-19,42,13.0,ocean,23.14,delivered,0,546.0,26,11.0,-15.0,1.0
PO-000487,SUP-024,SKU-00007,WH-EU,2025-12-22,2025-12-31,,56,13.0,air,71.4,open,0,728.0,9,,,
PO-000488,SUP-024,SKU-00007,WH-SOUTH,2024-01-15,2024-02-03,2024-02-08,30,13.0,road,20.52,delivered,0,390.0,19,24.0,5.0,0.0
PO-000489,SUP-024,SKU-00007,WH-SOUTH,2024-01-29,2024-02-24,2024-02-22,32,13.0,ocean,17.68,delivered,0,416.0,26,24.0,-2.0,1.0
PO-000490,SUP-024,SKU-00007,WH-SOUTH,2024-02-19,2024-03-09,2024-03-18,38,13.0,road,32.52,delivered,0,494.0,19,28.0,9.0,0.0
PO-000491,SUP-024,SKU-00007,WH-SOUTH,2024-03-11,2024-03-20,2024-03-21,38,13.0,air,51.14,delivered,0,494.0,9,10.0,1.0,0.0
PO-000492,SUP-024,SKU-00007,WH-SOUTH,2024-04-01,2024-04-27,2024-04-27,29,13.0,ocean,13.8,delivered,0,377.0,26,26.0,0.0,1.0
PO-000493,SUP-024,SKU-00007,WH-SOUTH,2024-04-22,2024-05-18,2024-04-23,31,13.0,ocean,15.55,delivered,0,403.0,26,1.0,-25.0,1.0
PO-000494,SUP-024,SKU-00007,WH-SOUTH,2024-05-27,2024-06-17,2024-06-09,37,13.0,rail,24.39,delivered,0,481.0,21,13.0,-8.0,1.0
PO-000495,SUP-024,SKU-00007,WH-SOUTH,2024-06-24,2024-07-20,2024-07-14,36,13.0,ocean,19.6,delivered,0,468.0,26,20.0,-6.0,1.0
PO-000496,SUP-024,SKU-00007,WH-SOUTH,2024-07-22,2024-07-31,2024-08-03,36,13.0,air,50.46,delivered,0,468.0,9,12.0,3.0,0.0
PO-000497,SUP-024,SKU-00007,WH-SOUTH,2024-08-19,2024-09-09,2024-09-10,39,13.0,rail,21.06,delivered,0,507.0,21,22.0,1.0,0.0
PO-000498,SUP-024,SKU-00007,WH-SOUTH,2024-09-02,2024-09-21,2024-09-27,32,13.0,road,28.75,delivered,0,416.0,19,25.0,6.0,0.0
PO-000499,SUP-024,SKU-00007,WH-SOUTH,2024-09-16,2024-10-12,2024-10-09,29,13.0,ocean,17.39,delivered,0,377.0,26,23.0,-3.0,1.0
PO-000500,SUP-024,SKU-00007,WH-SOUTH,2024-10-07,2024-10-16,2024-10-16,43,13.0,air,77.85,delivered,0,559.0,9,9.0,0.0,1.0
PO-000501,SUP-024,SKU-00007,WH-SOUTH,2024-10-21,2024-11-16,2024-11-14,35,13.0,ocean,17.2,delivered,0,455.0,26,24.0,-2.0,1.0
PO-000502,SUP-024,SKU-00007,WH-SOUTH,2024-11-04,2024-11-30,2024-12-05,35,13.0,ocean,18.12,delivered,0,455.0,26,31.0,5.0,0.0
PO-000503,SUP-024,SKU-00007,WH-SOUTH,2024-11-25,2024-12-04,2024-12-08,45,13.0,air,80.49,delivered,0,585.0,9,13.0,4.0,0.0
PO-000504,SUP-024,SKU-00007,WH-SOUTH,2024-12-16,2025-01-06,2025-01-21,28,13.0,rail,16.28,delivered,0,364.0,21,36.0,15.0,0.0
PO-000505,SUP-024,SKU-00007,WH-SOUTH,2024-12-30,2025-01-20,2025-01-26,31,13.0,rail,22.79,delivered,0,403.0,21,27.0,6.0,0.0
PO-000506,SUP-024,SKU-00007,WH-SOUTH,2025-01-27,2025-02-22,2025-02-03,37,13.0,ocean,19.93,delivered,0,481.0,26,7.0,-19.0,1.0
PO-000507,SUP-024,SKU-00007,WH-SOUTH,2025-02-10,2025-03-08,2025-03-01,36,13.0,ocean,17.6,delivered,0,468.0,26,19.0,-7.0,1.0
PO-000508,SUP-024,SKU-00007,WH-SOUTH,2025-03-03,2025-03-29,2025-03-16,37,13.0,ocean,22.74,delivered,0,481.0,26,13.0,-13.0,1.0
PO-000509,SUP-024,SKU-00007,WH-SOUTH,2025-03-24,2025-04-19,2025-04-20,42,13.0,ocean,23.6,delivered,0,546.0,26,27.0,1.0,0.0
PO-000510,SUP-024,SKU-00007,WH-SOUTH,2025-04-14,2025-04-23,2025-04-23,36,13.0,air,51.44,delivered,0,468.0,9,9.0,0.0,1.0
PO-000511,SUP-024,SKU-00007,WH-SOUTH,2025-05-05,2025-05-26,2025-05-24,28,13.0,rail,18.23,delivered,0,364.0,21,19.0,-2.0,1.0
PO-000512,SUP-024,SKU-00007,WH-SOUTH,2025-05-26,2025-06-14,2025-06-10,41,13.0,road,32.7,delivered,0,533.0,19,15.0,-4.0,1.0
PO-000513,SUP-024,SKU-00007,WH-SOUTH,2025-06-09,2025-06-30,2025-06-25,29,13.0,rail,22.24,delivered,0,377.0,21,16.0,-5.0,1.0
PO-000514,SUP-024,SKU-00007,WH-SOUTH,2025-06-30,2025-07-26,2025-07-27,38,13.0,ocean,16.42,delivered,0,494.0,26,27.0,1.0,0.0
PO-000515,SUP-024,SKU-00007,WH-SOUTH,2025-07-21,2025-07-30,2025-07-27,30,13.0,air,46.31,delivered,0,390.0,9,6.0,-3.0,1.0
PO-000516,SUP-024,SKU-00007,WH-SOUTH,2025-08-11,2025-08-20,2025-08-26,40,13.0,air,57.99,delivered,0,520.0,9,15.0,6.0,0.0
PO-000517,SUP-024,SKU-00007,WH-SOUTH,2025-09-01,2025-09-27,2025-09-25,42,13.0,ocean,23.38,delivered,0,546.0,26,24.0,-2.0,1.0
PO-000518,SUP-024,SKU-00007,WH-SOUTH,2025-09-15,2025-10-11,2025-10-01,29,13.0,ocean,15.16,delivered,0,377.0,26,16.0,-10.0,1.0
PO-000519,SUP-024,SKU-00007,WH-SOUTH,2025-10-06,2025-11-01,2025-10-29,41,13.0,ocean,19.29,delivered,0,533.0,26,23.0,-3.0,1.0
PO-000520,SUP-024,SKU-00007,WH-SOUTH,2025-10-20,2025-10-29,2025-10-28,39,13.0,air,61.68,delivered,0,507.0,9,8.0,-1.0,1.0
PO-000521,SUP-024,SKU-00007,WH-SOUTH,2025-11-10,2025-12-01,2025-12-05,49,13.0,rail,30.66,delivered,0,637.0,21,25.0,4.0,0.0
PO-000522,SUP-024,SKU-00007,WH-SOUTH,2025-11-24,2025-12-15,2025-12-13,31,13.0,rail,22.5,delivered,0,403.0,21,19.0,-2.0,1.0
PO-000523,SUP-024,SKU-00007,WH-SOUTH,2025-12-15,2026-01-03,,33,13.0,road,26.6,open,0,429.0,19,,,
PO-000524,SUP-002,SKU-00008,WH-WEST,2024-01-15,2024-02-03,2024-02-09,132,25.5,road,202.82,delivered,0,3366.0,19,25.0,6.0,0.0
PO-000525,SUP-002,SKU-00008,WH-WEST,2024-01-29,2024-02-23,2024-02-16,148,25.5,ocean,153.6,delivered,0,3774.0,25,18.0,-7.0,1.0
PO-000526,SUP-002,SKU-00008,WH-WEST,2024-02-19,2024-02-27,2024-02-28,232,25.5,air,725.02,delivered,0,5916.0,8,9.0,1.0,0.0
PO-000527,SUP-002,SKU-00008,WH-WEST,2024-03-11,2024-04-01,2024-03-21,158,25.5,rail,174.74,delivered,0,4029.0,21,10.0,-11.0,1.0
PO-000528,SUP-002,SKU-00008,WH-WEST,2024-04-01,2024-04-09,2024-04-14,189,25.5,air,668.69,delivered,0,4819.5,8,13.0,5.0,0.0
PO-000529,SUP-002,SKU-00008,WH-WEST,2024-04-15,2024-05-10,2024-05-16,148,25.5,ocean,177.49,delivered,0,3774.0,25,31.0,6.0,0.0
PO-000530,SUP-002,SKU-00008,WH-WEST,2024-04-29,2024-05-24,2024-06-02,171,25.5,ocean,171.36,delivered,0,4360.5,25,34.0,9.0,0.0
PO-000531,SUP-002,SKU-00008,WH-WEST,2024-05-27,2024-06-04,2024-06-06,180,25.5,air,577.63,delivered,0,4590.0,8,10.0,2.0,0.0
PO-000532,SUP-002,SKU-00008,WH-WEST,2024-06-10,2024-06-18,2024-06-18,152,25.5,air,437.5,delivered,0,3876.0,8,8.0,0.0,1.0
PO-000533,SUP-002,SKU-00008,WH-WEST,2024-06-24,2024-07-15,2024-07-16,208,25.5,rail,267.62,delivered,0,5304.0,21,22.0,1.0,0.0
PO-000534,SUP-002,SKU-00008,WH-WEST,2024-07-08,2024-07-16,2024-07-14,167,25.5,air,441.72,delivered,0,4258.5,8,6.0,-2.0,1.0
PO-000535,SUP-002,SKU-00008,WH-WEST,2024-07-22,2024-07-30,2024-08-05,137,25.5,air,337.15,delivered,0,3493.5,8,14.0,6.0,0.0
PO-000536,SUP-002,SKU-00008,WH-WEST,2024-08-05,2024-08-24,2024-09-03,207,25.5,road,283.28,delivered,0,5278.5,19,29.0,10.0,0.0
PO-000537,SUP-002,SKU-00008,WH-WEST,2024-08-19,2024-08-27,2024-08-30,168,25.5,air,465.22,delivered,0,4284.0,8,11.0,3.0,0.0
PO-000538,SUP-002,SKU-00008,WH-WEST,2024-09-09,2024-09-17,2024-09-13,133,25.5,air,333.45,delivered,0,3391.5,8,4.0,-4.0,1.0
PO-000539,SUP-002,SKU-00008,WH-WEST,2024-09-23,2024-10-18,2024-10-22,169,25.5,ocean,159.74,delivered,0,4309.5,25,29.0,4.0,0.0
PO-000540,SUP-002,SKU-00008,WH-WEST,2024-10-07,2024-10-15,2024-10-13,173,25.5,air,428.18,delivered,0,4411.5,8,6.0,-2.0,1.0
PO-000541,SUP-002,SKU-00008,WH-WEST,2024-10-28,2024-11-22,2024-11-25,210,25.5,ocean,253.84,delivered,0,5355.0,25,28.0,3.0,0.0
PO-000542,SUP-002,SKU-00008,WH-WEST,2024-11-11,2024-12-06,2024-12-18,165,25.5,ocean,169.39,delivered,0,4207.5,25,37.0,12.0,0.0
PO-000543,SUP-002,SKU-00008,WH-WEST,2024-12-09,2024-12-30,2024-12-29,140,25.5,rail,161.54,delivered,0,3570.0,21,20.0,-1.0,1.0
PO-000544,SUP-002,SKU-00008,WH-WEST,2024-12-30,2025-01-18,2025-01-11,186,25.5,road,262.28,delivered,0,4743.0,19,12.0,-7.0,1.0
PO-000545,SUP-002,SKU-00008,WH-WEST,2025-01-20,2025-02-08,2025-02-11,156,25.5,road,223.61,delivered,0,3978.0,19,22.0,3.0,0.0
PO-000546,SUP-002,SKU-00008,WH-WEST,2025-02-10,2025-02-18,2025-02-19,163,25.5,air,445.17,delivered,0,4156.5,8,9.0,1.0,0.0
PO-000547,SUP-002,SKU-00008,WH-WEST,2025-03-03,2025-03-28,2025-03-25,160,25.5,ocean,178.74,delivered,0,4080.0,25,22.0,-3.0,1.0
PO-000548,SUP-002,SKU-00008,WH-WEST,2025-03-24,2025-04-12,2025-04-08,149,25.5,road,228.52,delivered,0,3799.5,19,15.0,-4.0,1.0
PO-000549,SUP-002,SKU-00008,WH-WEST,2025-04-14,2025-05-09,2025-04-27,190,25.5,ocean,210.87,delivered,0,4845.0,25,13.0,-12.0,1.0
PO-000550,SUP-002,SKU-00008,WH-WEST,2025-04-28,2025-05-06,2025-05-09,153,25.5,air,517.13,delivered,0,3901.5,8,11.0,3.0,0.0
PO-000551,SUP-002,SKU-00008,WH-WEST,2025-05-12,2025-06-06,2025-06-06,174,25.5,ocean,176.91,delivered,0,4437.0,25,25.0,0.0,1.0
PO-000552,SUP-002,SKU-00008,WH-WEST,2025-05-26,2025-06-20,2025-06-19,147,25.5,ocean,131.08,delivered,0,3748.5,25,24.0,-1.0,1.0
PO-000553,SUP-002,SKU-00008,WH-WEST,2025-06-16,2025-06-24,2025-06-25,192,25.5,air,589.41,delivered,0,4896.0,8,9.0,1.0,0.0
PO-000554,SUP-002,SKU-00008,WH-WEST,2025-06-30,2025-07-21,2025-07-16,212,25.5,rail,264.5,delivered,0,5406.0,21,16.0,-5.0,1.0
PO-000555,SUP-002,SKU-00008,WH-WEST,2025-07-14,2025-07-22,2025-07-26,163,25.5,air,580.6,delivered,0,4156.5,8,12.0,4.0,0.0
PO-000556,SUP-002,SKU-00008,WH-WEST,2025-07-28,2025-08-22,2025-08-29,170,25.5,ocean,200.89,delivered,0,4335.0,25,32.0,7.0,0.0
PO-000557,SUP-002,SKU-00008,WH-WEST,2025-08-11,2025-08-19,2025-08-17,171,25.5,air,582.0,delivered,0,4360.5,8,6.0,-2.0,1.0
PO-000558,SUP-002,SKU-00008,WH-WEST,2025-08-25,2025-09-19,2025-09-28,160,25.5,ocean,161.8,delivered,0,4080.0,25,34.0,9.0,0.0
PO-000559,SUP-002,SKU-00008,WH-WEST,2025-09-08,2025-09-16,2025-09-25,183,25.5,air,603.85,delivered,0,4666.5,8,17.0,9.0,0.0
PO-000560,SUP-002,SKU-00008,WH-WEST,2025-10-06,2025-10-31,2025-11-04,168,25.5,ocean,197.87,delivered,0,4284.0,25,29.0,4.0,0.0
PO-000561,SUP-002,SKU-00008,WH-WEST,2025-10-20,2025-11-14,2025-11-17,151,25.5,ocean,147.15,delivered,0,3850.5,25,28.0,3.0,0.0
PO-000562,SUP-002,SKU-00008,WH-WEST,2025-11-17,2025-12-12,2025-12-14,178,25.5,ocean,169.47,delivered,0,4539.0,25,27.0,2.0,0.0
PO-000563,SUP-002,SKU-00008,WH-WEST,2025-12-01,2025-12-09,2025-12-08,139,25.5,air,349.45,delivered,0,3544.5,8,7.0,-1.0,1.0
PO-000564,SUP-002,SKU-00008,WH-WEST,2025-12-22,2026-01-12,,147,25.5,rail,184.13,open,0,3748.5,21,,,
PO-000565,SUP-001,SKU-00009,WH-WEST,2024-01-15,2024-01-18,2024-01-18,66,1.86,rail,7.03,delivered,0,122.76,3,3.0,0.0,1.0
PO-000566,SUP-001,SKU-00009,WH-WEST,2024-02-05,2024-02-08,2024-02-09,81,1.86,rail,8.8,delivered,0,150.66,3,4.0,1.0,0.0
PO-000567,SUP-001,SKU-00009,WH-WEST,2024-02-26,2024-02-29,2024-02-28,76,1.86,road,9.74,delivered,0,141.36,3,2.0,-1.0,1.0
PO-000568,SUP-001,SKU-00009,WH-WEST,2024-03-11,2024-03-12,2024-03-13,63,1.86,air,12.4,delivered,0,117.18,1,2.0,1.0,0.0
PO-000569,SUP-001,SKU-00009,WH-WEST,2024-03-25,2024-03-28,2024-03-29,70,1.86,rail,7.38,delivered,0,130.2,3,4.0,1.0,0.0
PO-000570,SUP-001,SKU-00009,WH-WEST,2024-04-08,2024-04-11,2024-04-11,71,1.86,road,8.42,delivered,0,132.06,3,3.0,0.0,1.0
PO-000571,SUP-001,SKU-00009,WH-WEST,2024-04-22,2024-04-23,2024-04-24,82,1.86,air,17.08,delivered,0,152.52,1,2.0,1.0,0.0
PO-000572,SUP-001,SKU-00009,WH-WEST,2024-05-06,2024-05-07,2024-05-08,84,1.86,air,19.51,delivered,0,156.24,1,2.0,1.0,0.0
PO-000573,SUP-001,SKU-00009,WH-WEST,2024-05-20,2024-05-21,2024-05-22,84,1.86,air,18.98,delivered,0,156.24,1,2.0,1.0,0.0
PO-000574,SUP-001,SKU-00009,WH-WEST,2024-06-03,2024-06-04,2024-06-05,84,1.86,air,16.69,delivered,0,156.24,1,2.0,1.0,0.0
PO-000575,SUP-001,SKU-00009,WH-WEST,2024-06-17,2024-06-18,2024-06-19,84,1.86,air,18.99,delivered,0,156.24,1,2.0,1.0,0.0
PO-000576,SUP-001,SKU-00009,WH-WEST,2024-07-01,2024-07-04,2024-07-02,84,1.86,road,8.32,delivered,0,156.24,3,1.0,-2.0,1.0
PO-000577,SUP-001,SKU-00009,WH-WEST,2024-07-15,2024-07-18,2024-07-17,84,1.86,road,10.3,delivered,0,156.24,3,2.0,-1.0,1.0
PO-000578,SUP-001,SKU-00009,WH-WEST,2024-07-29,2024-07-30,2024-07-30,84,1.86,air,18.8,delivered,0,156.24,1,1.0,0.0,1.0
PO-000579,SUP-001,SKU-00009,WH-WEST,2024-08-12,2024-08-13,2024-08-13,84,1.86,air,17.69,delivered,0,156.24,1,1.0,0.0,1.0
PO-000580,SUP-001,SKU-00009,WH-WEST,2024-08-26,2024-08-29,2024-08-29,84,1.86,road,8.53,delivered,0,156.24,3,3.0,0.0,1.0
PO-000581,SUP-001,SKU-00009,WH-WEST,2024-09-09,2024-09-12,2024-09-11,84,1.86,road,8.53,delivered,0,156.24,3,2.0,-1.0,1.0
PO-000582,SUP-001,SKU-00009,WH-WEST,2024-09-23,2024-09-24,2024-09-25,84,1.86,air,19.01,delivered,0,156.24,1,2.0,1.0,0.0
PO-000583,SUP-001,SKU-00009,WH-WEST,2024-10-07,2024-10-08,2024-10-09,84,1.86,air,15.57,delivered,0,156.24,1,2.0,1.0,0.0
PO-000584,SUP-001,SKU-00009,WH-WEST,2024-10-21,2024-10-22,2024-10-23,84,1.86,air,20.31,delivered,0,156.24,1,2.0,1.0,0.0
PO-000585,SUP-001,SKU-00009,WH-WEST,2024-11-04,2024-11-05,2024-11-06,84,1.86,air,20.75,delivered,0,156.24,1,2.0,1.0,0.0
PO-000586,SUP-001,SKU-00009,WH-WEST,2024-11-18,2024-11-21,2024-11-21,84,1.86,road,9.83,delivered,0,156.24,3,3.0,0.0,1.0
PO-000587,SUP-001,SKU-00009,WH-WEST,2024-12-02,2024-12-05,2024-12-04,78,1.86,road,8.41,delivered,0,145.08,3,2.0,-1.0,1.0
PO-000588,SUP-001,SKU-00009,WH-WEST,2024-12-16,2024-12-19,2024-12-19,75,1.86,rail,7.14,delivered,0,139.5,3,3.0,0.0,1.0
PO-000589,SUP-001,SKU-00009,WH-WEST,2024-12-30,2025-01-02,2025-01-02,71,1.86,rail,6.38,delivered,0,132.06,3,3.0,0.0,1.0
PO-000590,SUP-001,SKU-00009,WH-WEST,2025-01-13,2025-01-16,2025-01-14,64,1.86,rail,6.72,delivered,0,119.04,3,1.0,-2.0,1.0
PO-000591,SUP-001,SKU-00009,WH-WEST,2025-01-27,2025-01-30,2025-02-01,63,1.86,rail,5.35,delivered,0,117.18,3,5.0,2.0,0.0
PO-000592,SUP-001,SKU-00009,WH-WEST,2025-02-10,2025-02-11,2025-02-12,83,1.86,air,14.86,delivered,0,154.38,1,2.0,1.0,0.0
PO-000593,SUP-001,SKU-00009,WH-WEST,2025-02-24,2025-02-27,2025-02-27,64,1.86,road,6.48,delivered,0,119.04,3,3.0,0.0,1.0
PO-000594,SUP-001,SKU-00009,WH-WEST,2025-03-10,2025-03-13,2025-03-13,73,1.86,rail,6.66,delivered,0,135.78,3,3.0,0.0,1.0
PO-000595,SUP-001,SKU-00009,WH-WEST,2025-03-24,2025-03-27,2025-03-28,80,1.86,rail,6.08,delivered,0,148.8,3,4.0,1.0,0.0
PO-000596,SUP-001,SKU-00009,WH-WEST,2025-04-07,2025-04-10,2025-04-10,74,1.86,road,8.19,delivered,0,137.64,3,3.0,0.0,1.0
PO-000597,SUP-001,SKU-00009,WH-WEST,2025-04-21,2025-04-24,2025-04-25,84,1.86,rail,9.04,delivered,0,156.24,3,4.0,1.0,0.0
PO-000598,SUP-001,SKU-00009,WH-WEST,2025-05-05,2025-05-06,2025-05-07,84,1.86,air,21.71,delivered,0,156.24,1,2.0,1.0,0.0
PO-000599,SUP-001,SKU-00009,WH-WEST,2025-05-19,2025-05-20,2025-05-21,84,1.86,air,15.37,delivered,0,156.24,1,2.0,1.0,0.0
PO-000600,SUP-001,SKU-00009,WH-WEST,2025-06-02,2025-06-03,2025-06-03,84,1.86,air,15.28,delivered,0,156.24,1,1.0,0.0,1.0
PO-000601,SUP-001,SKU-00009,WH-WEST,2025-06-09,2025-06-12,2025-06-14,63,1.86,road,6.32,delivered,0,117.18,3,5.0,2.0,0.0
PO-000602,SUP-001,SKU-00009,WH-WEST,2025-06-23,2025-06-24,2025-06-25,84,1.86,air,17.07,delivered,0,156.24,1,2.0,1.0,0.0
PO-000603,SUP-001,SKU-00009,WH-WEST,2025-06-30,2025-07-03,2025-07-01,75,1.86,rail,6.17,delivered,0,139.5,3,1.0,-2.0,1.0
PO-000604,SUP-001,SKU-00009,WH-WEST,2025-07-07,2025-07-10,2025-07-10,69,1.86,road,8.28,delivered,0,128.34,3,3.0,0.0,1.0
PO-000605,SUP-001,SKU-00009,WH-WEST,2025-07-14,2025-07-17,2025-07-18,69,1.86,road,6.55,delivered,0,128.34,3,4.0,1.0,0.0
PO-000606,SUP-001,SKU-00009,WH-WEST,2025-07-21,2025-07-24,2025-07-24,76,1.86,road,7.8,delivered,0,141.36,3,3.0,0.0,1.0
PO-000607,SUP-001,SKU-00009,WH-WEST,2025-08-04,2025-08-07,2025-08-08,84,1.86,road,9.07,delivered,0,156.24,3,4.0,1.0,0.0
PO-000608,SUP-001,SKU-00009,WH-WEST,2025-08-18,2025-08-21,2025-08-24,84,1.86,rail,8.64,delivered,0,156.24,3,6.0,3.0,0.0
PO-000609,SUP-001,SKU-00009,WH-WEST,2025-09-01,2025-09-04,2025-09-03,82,1.86,road,10.18,delivered,0,152.52,3,2.0,-1.0,1.0
PO-000610,SUP-001,SKU-00009,WH-WEST,2025-09-15,2025-09-16,2025-09-17,84,1.86,air,18.43,delivered,0,156.24,1,2.0,1.0,0.0
PO-000611,SUP-001,SKU-00009,WH-WEST,2025-09-29,2025-09-30,2025-09-30,84,1.86,air,18.12,delivered,0,156.24,1,1.0,0.0,1.0
PO-000612,SUP-001,SKU-00009,WH-WEST,2025-10-13,2025-10-14,2025-10-14,84,1.86,air,19.51,delivered,0,156.24,1,1.0,0.0,1.0
PO-000613,SUP-001,SKU-00009,WH-WEST,2025-10-27,2025-10-28,2025-10-29,84,1.86,air,17.61,delivered,0,156.24,1,2.0,1.0,0.0
PO-000614,SUP-001,SKU-00009,WH-WEST,2025-11-10,2025-11-11,2025-11-12,84,1.86,air,19.82,delivered,0,156.24,1,2.0,1.0,0.0
PO-000615,SUP-001,SKU-00009,WH-WEST,2025-11-24,2025-11-25,2025-11-27,84,1.86,air,15.23,delivered,0,156.24,1,3.0,2.0,0.0
PO-000616,SUP-001,SKU-00009,WH-WEST,2025-12-08,2025-12-11,2025-12-11,71,1.86,road,8.93,delivered,0,132.06,3,3.0,0.0,1.0
PO-000617,SUP-001,SKU-00009,WH-WEST,2025-12-22,2025-12-23,2025-12-23,84,1.86,air,16.79,delivered,0,156.24,1,1.0,0.0,1.0
PO-000618,SUP-001,SKU-00009,WH-EU,2024-01-15,2024-01-18,2024-01-17,46,1.86,road,5.64,delivered,0,85.56,3,2.0,-1.0,1.0
PO-000619,SUP-001,SKU-00009,WH-EU,2024-02-05,2024-02-06,2024-02-07,57,1.86,air,14.26,delivered,0,106.02,1,2.0,1.0,0.0
PO-000620,SUP-001,SKU-00009,WH-EU,2024-02-26,2024-02-27,2024-02-27,55,1.86,air,11.07,delivered,0,102.3,1,1.0,0.0,1.0
PO-000621,SUP-001,SKU-00009,WH-EU,2024-03-11,2024-03-12,2024-03-13,44,1.86,air,9.58,delivered,0,81.84,1,2.0,1.0,0.0
PO-000622,SUP-001,SKU-00009,WH-EU,2024-03-25,2024-03-28,2024-03-28,48,1.86,rail,5.31,delivered,0,89.28,3,3.0,0.0,1.0
PO-000623,SUP-001,SKU-00009,WH-EU,2024-04-08,2024-04-11,2024-04-09,50,1.86,road,6.5,delivered,0,93.0,3,1.0,-2.0,1.0
PO-000624,SUP-001,SKU-00009,WH-EU,2024-04-22,2024-04-23,2024-04-23,53,1.86,air,12.45,delivered,0,98.58,1,1.0,0.0,1.0
PO-000625,SUP-001,SKU-00009,WH-EU,2024-05-06,2024-05-07,2024-05-08,57,1.86,air,10.18,delivered,0,106.02,1,2.0,1.0,0.0
PO-000626,SUP-001,SKU-00009,WH-EU,2024-05-20,2024-05-21,2024-05-22,57,1.86,air,13.25,delivered,0,106.02,1,2.0,1.0,0.0
PO-000627,SUP-001,SKU-00009,WH-EU,2024-06-03,2024-06-04,2024-06-04,57,1.86,air,13.6,delivered,0,106.02,1,1.0,0.0,1.0
PO-000628,SUP-001,SKU-00009,WH-EU,2024-06-17,2024-06-18,2024-06-18,57,1.86,air,15.0,delivered,0,106.02,1,1.0,0.0,1.0
PO-000629,SUP-001,SKU-00009,WH-EU,2024-07-01,2024-07-02,2024-07-02,57,1.86,air,15.23,delivered,0,106.02,1,1.0,0.0,1.0
PO-000630,SUP-001,SKU-00009,WH-EU,2024-07-15,2024-07-16,2024-07-16,57,1.86,air,14.44,delivered,0,106.02,1,1.0,0.0,1.0
PO-000631,SUP-001,SKU-00009,WH-EU,2024-07-22,2024-07-25,2024-07-28,43,1.86,rail,3.39,delivered,0,79.98,3,6.0,3.0,0.0
PO-000632,SUP-001,SKU-00009,WH-EU,2024-08-05,2024-08-06,2024-08-06,57,1.86,air,13.28,delivered,0,106.02,1,1.0,0.0,1.0
PO-000633,SUP-001,SKU-00009,WH-EU,2024-08-12,2024-08-15,2024-08-16,52,1.86,road,6.25,delivered,0,96.72,3,4.0,1.0,0.0
PO-000634,SUP-001,SKU-00009,WH-EU,2024-08-26,2024-08-27,2024-08-27,57,1.86,air,12.71,delivered,0,106.02,1,1.0,0.0,1.0
PO-000635,SUP-001,SKU-00009,WH-EU,2024-09-09,2024-09-10,2024-09-10,57,1.86,air,10.5,delivered,0,106.02,1,1.0,0.0,1.0
PO-000636,SUP-001,SKU-00009,WH-EU,2024-09-23,2024-09-24,2024-09-29,57,1.86,air,12.14,delivered,0,106.02,1,6.0,5.0,0.0
PO-000637,SUP-001,SKU-00009,WH-EU,2024-10-07,2024-10-10,2024-10-10,48,1.86,road,4.3,delivered,0,89.28,3,3.0,0.0,1.0
PO-000638,SUP-001,SKU-00009,WH-EU,2024-10-21,2024-10-22,2024-10-23,57,1.86,air,10.19,delivered,0,106.02,1,2.0,1.0,0.0
PO-000639,SUP-001,SKU-00009,WH-EU,2024-11-04,2024-11-05,2024-11-06,57,1.86,air,10.54,delivered,0,106.02,1,2.0,1.0,0.0
PO-000640,SUP-001,SKU-00009,WH-EU,2024-11-18,2024-11-19,2024-11-19,57,1.86,air,13.16,delivered,0,106.02,1,1.0,0.0,1.0
PO-000641,SUP-001,SKU-00009,WH-EU,2024-11-25,2024-11-28,2024-11-30,47,1.86,road,4.22,delivered,0,87.42,3,5.0,2.0,0.0
PO-000642,SUP-001,SKU-00009,WH-EU,2024-12-09,2024-12-10,2024-12-11,48,1.86,air,11.93,delivered,0,89.28,1,2.0,1.0,0.0
PO-000643,SUP-001,SKU-00009,WH-EU,2024-12-23,2024-12-26,2024-12-27,53,1.86,rail,4.32,delivered,0,98.58,3,4.0,1.0,0.0
PO-000644,SUP-001,SKU-00009,WH-EU,2025-01-13,2025-01-14,2025-01-14,57,1.86,air,10.2,delivered,0,106.02,1,1.0,0.0,1.0
PO-000645,SUP-001,SKU-00009,WH-EU,2025-02-03,2025-02-04,2025-02-04,57,1.86,air,15.21,delivered,0,106.02,1,1.0,0.0,1.0
PO-000646,SUP-001,SKU-00009,WH-EU,2025-02-17,2025-02-20,2025-02-19,43,1.86,rail,3.23,delivered,0,79.98,3,2.0,-1.0,1.0
PO-000647,SUP-001,SKU-00009,WH-EU,2025-03-03,2025-03-06,2025-03-05,50,1.86,road,5.86,delivered,0,93.0,3,2.0,-1.0,1.0
PO-000648,SUP-001,SKU-00009,WH-EU,2025-03-17,2025-03-20,2025-03-22,51,1.86,road,6.32,delivered,0,94.86,3,5.0,2.0,0.0
PO-000649,SUP-001,SKU-00009,WH-EU,2025-03-31,2025-04-03,2025-04-03,53,1.86,road,6.45,delivered,0,98.58,3,3.0,0.0,1.0
PO-000650,SUP-001,SKU-00009,WH-EU,2025-04-14,2025-04-17,2025-04-18,49,1.86,rail,4.75,delivered,0,91.14,3,4.0,1.0,0.0
PO-000651,SUP-001,SKU-00009,WH-EU,2025-04-28,2025-04-29,2025-04-29,57,1.86,air,13.83,delivered,0,106.02,1,1.0,0.0,1.0
PO-000652,SUP-001,SKU-00009,WH-EU,2025-05-12,2025-05-15,2025-05-17,57,1.86,road,6.62,delivered,0,106.02,3,5.0,2.0,0.0
PO-000653,SUP-001,SKU-00009,WH-EU,2025-05-26,2025-05-29,2025-05-29,57,1.86,road,7.5,delivered,0,106.02,3,3.0,0.0,1.0
PO-000654,SUP-001,SKU-00009,WH-EU,2025-06-09,2025-06-10,2025-06-10,57,1.86,air,10.6,delivered,0,106.02,1,1.0,0.0,1.0
PO-000655,SUP-001,SKU-00009,WH-EU,2025-06-23,2025-06-24,2025-06-25,57,1.86,air,15.23,delivered,0,106.02,1,2.0,1.0,0.0
PO-000656,SUP-001,SKU-00009,WH-EU,2025-06-30,2025-07-01,2025-07-01,52,1.86,air,13.02,delivered,0,96.72,1,1.0,0.0,1.0
PO-000657,SUP-001,SKU-00009,WH-EU,2025-07-07,2025-07-10,2025-07-10,57,1.86,road,5.32,delivered,0,106.02,3,3.0,0.0,1.0
PO-000658,SUP-001,SKU-00009,WH-EU,2025-07-21,2025-07-24,2025-07-22,57,1.86,rail,5.11,delivered,0,106.02,3,1.0,-2.0,1.0
PO-000659,SUP-001,SKU-00009,WH-EU,2025-07-28,2025-07-29,2025-07-29,49,1.86,air,10.85,delivered,0,91.14,1,1.0,0.0,1.0
PO-000660,SUP-001,SKU-00009,WH-EU,2025-08-04,2025-08-07,2025-08-07,51,1.86,road,5.08,delivered,0,94.86,3,3.0,0.0,1.0
PO-000661,SUP-001,SKU-00009,WH-EU,2025-08-18,2025-08-19,2025-08-19,57,1.86,air,13.51,delivered,0,106.02,1,1.0,0.0,1.0
PO-000662,SUP-001,SKU-00009,WH-EU,2025-08-25,2025-08-28,2025-08-27,48,1.86,rail,4.97,delivered,0,89.28,3,2.0,-1.0,1.0
PO-000663,SUP-001,SKU-00009,WH-EU,2025-09-01,2025-09-04,2025-09-04,46,1.86,road,5.8,delivered,0,85.56,3,3.0,0.0,1.0
PO-000664,SUP-001,SKU-00009,WH-EU,2025-09-08,2025-09-11,2025-09-13,47,1.86,rail,3.65,delivered,0,87.42,3,5.0,2.0,0.0
PO-000665,SUP-001,SKU-00009,WH-EU,2025-09-22,2025-09-23,2025-09-24,57,1.86,air,11.92,delivered,0,106.02,1,2.0,1.0,0.0
PO-000666,SUP-001,SKU-00009,WH-EU,2025-10-06,2025-10-09,2025-10-10,57,1.86,rail,4.63,delivered,0,106.02,3,4.0,1.0,0.0
PO-000667,SUP-001,SKU-00009,WH-EU,2025-10-20,2025-10-21,2025-10-21,57,1.86,air,14.45,delivered,0,106.02,1,1.0,0.0,1.0
PO-000668,SUP-001,SKU-00009,WH-EU,2025-11-03,2025-11-04,2025-11-04,57,1.86,air,11.03,delivered,0,106.02,1,1.0,0.0,1.0
PO-000669,SUP-001,SKU-00009,WH-EU,2025-11-10,2025-11-13,2025-11-14,47,1.86,road,5.53,delivered,0,87.42,3,4.0,1.0,0.0
PO-000670,SUP-001,SKU-00009,WH-EU,2025-11-24,2025-11-25,2025-11-26,57,1.86,air,14.33,delivered,0,106.02,1,2.0,1.0,0.0
PO-000671,SUP-001,SKU-00009,WH-EU,2025-12-08,2025-12-09,2025-12-10,57,1.86,air,13.95,delivered,0,106.02,1,2.0,1.0,0.0
PO-000672,SUP-001,SKU-00009,WH-EU,2025-12-22,2025-12-25,2025-12-26,47,1.86,road,6.01,delivered,0,87.42,3,4.0,1.0,0.0
PO-000673,SUP-001,SKU-00009,WH-SOUTH,2024-01-15,2024-01-18,2024-01-17,66,1.86,road,6.22,delivered,0,122.76,3,2.0,-1.0,1.0
PO-000674,SUP-001,SKU-00009,WH-SOUTH,2024-02-05,2024-02-06,2024-02-06,88,1.86,air,18.75,delivered,0,163.68,1,1.0,0.0,1.0
PO-000675,SUP-001,SKU-00009,WH-SOUTH,2024-02-26,2024-02-27,2024-02-27,88,1.86,air,18.51,delivered,0,163.68,1,1.0,0.0,1.0
PO-000676,SUP-001,SKU-00009,WH-SOUTH,2024-03-11,2024-03-14,2024-03-15,67,1.86,rail,7.36,delivered,0,124.62,3,4.0,1.0,0.0
PO-000677,SUP-001,SKU-00009,WH-SOUTH,2024-03-25,2024-03-28,2024-03-28,71,1.86,road,6.84,delivered,0,132.06,3,3.0,0.0,1.0
PO-000678,SUP-001,SKU-00009,WH-SOUTH,2024-04-08,2024-04-11,2024-04-12,81,1.86,rail,8.64,delivered,0,150.66,3,4.0,1.0,0.0
PO-000679,SUP-001,SKU-00009,WH-SOUTH,2024-04-22,2024-04-25,2024-04-24,75,1.86,road,9.33,delivered,0,139.5,3,2.0,-1.0,1.0
PO-000680,SUP-001,SKU-00009,WH-SOUTH,2024-05-06,2024-05-07,2024-05-08,88,1.86,air,20.86,delivered,0,163.68,1,2.0,1.0,0.0
PO-000681,SUP-001,SKU-00009,WH-SOUTH,2024-05-20,2024-05-21,2024-05-21,88,1.86,air,20.77,delivered,0,163.68,1,1.0,0.0,1.0
PO-000682,SUP-001,SKU-00009,WH-SOUTH,2024-06-03,2024-06-04,2024-06-04,88,1.86,air,20.0,delivered,0,163.68,1,1.0,0.0,1.0
PO-000683,SUP-001,SKU-00009,WH-SOUTH,2024-06-17,2024-06-18,2024-06-18,88,1.86,air,20.66,delivered,0,163.68,1,1.0,0.0,1.0
PO-000684,SUP-001,SKU-00009,WH-SOUTH,2024-06-24,2024-06-27,2024-06-29,78,1.86,road,8.34,delivered,0,145.08,3,5.0,2.0,0.0
PO-000685,SUP-001,SKU-00009,WH-SOUTH,2024-07-08,2024-07-11,2024-07-10,88,1.86,road,8.62,delivered,0,163.68,3,2.0,-1.0,1.0
PO-000686,SUP-001,SKU-00009,WH-SOUTH,2024-07-22,2024-07-25,2024-07-28,88,1.86,rail,8.69,delivered,0,163.68,3,6.0,3.0,0.0
PO-000687,SUP-001,SKU-00009,WH-SOUTH,2024-08-05,2024-08-06,2024-08-06,88,1.86,air,23.3,delivered,0,163.68,1,1.0,0.0,1.0
PO-000688,SUP-001,SKU-00009,WH-SOUTH,2024-08-12,2024-08-15,2024-08-14,72,1.86,rail,7.09,delivered,0,133.92,3,2.0,-1.0,1.0
PO-000689,SUP-001,SKU-00009,WH-SOUTH,2024-08-26,2024-08-27,2024-08-27,88,1.86,air,16.52,delivered,0,163.68,1,1.0,0.0,1.0
PO-000690,SUP-001,SKU-00009,WH-SOUTH,2024-09-02,2024-09-03,2024-09-03,70,1.86,air,13.74,delivered,0,130.2,1,1.0,0.0,1.0
PO-000691,SUP-001,SKU-00009,WH-SOUTH,2024-09-16,2024-09-17,2024-09-17,88,1.86,air,19.64,delivered,0,163.68,1,1.0,0.0,1.0
PO-000692,SUP-001,SKU-00009,WH-SOUTH,2024-09-30,2024-10-01,2024-10-02,88,1.86,air,19.59,delivered,0,163.68,1,2.0,1.0,0.0
PO-000693,SUP-001,SKU-00009,WH-SOUTH,2024-10-14,2024-10-15,2024-10-16,88,1.86,air,23.51,delivered,0,163.68,1,2.0,1.0,0.0
PO-000694,SUP-001,SKU-00009,WH-SOUTH,2024-10-28,2024-10-29,2024-10-30,88,1.86,air,23.56,delivered,0,163.68,1,2.0,1.0,0.0
PO-000695,SUP-001,SKU-00009,WH-SOUTH,2024-11-11,2024-11-12,2024-11-12,88,1.86,air,22.75,delivered,0,163.68,1,1.0,0.0,1.0
PO-000696,SUP-001,SKU-00009,WH-SOUTH,2024-11-18,2024-11-21,2024-11-22,77,1.86,rail,7.21,delivered,0,143.22,3,4.0,1.0,0.0
PO-000697,SUP-001,SKU-00009,WH-SOUTH,2024-12-02,2024-12-05,2024-12-06,79,1.86,rail,6.35,delivered,0,146.94,3,4.0,1.0,0.0
PO-000698,SUP-001,SKU-00009,WH-SOUTH,2024-12-16,2024-12-19,2024-12-20,70,1.86,road,6.34,delivered,0,130.2,3,4.0,1.0,0.0
PO-000699,SUP-001,SKU-00009,WH-SOUTH,2024-12-30,2025-01-02,2024-12-31,74,1.86,rail,7.04,delivered,0,137.64,3,1.0,-2.0,1.0
PO-000700,SUP-001,SKU-00009,WH-SOUTH,2025-01-13,2025-01-16,2025-01-17,73,1.86,road,8.38,delivered,0,135.78,3,4.0,1.0,0.0
PO-000701,SUP-001,SKU-00009,WH-SOUTH,2025-02-03,2025-02-04,2025-02-05,88,1.86,air,19.27,delivered,0,163.68,1,2.0,1.0,0.0
PO-000702,SUP-001,SKU-00009,WH-SOUTH,2025-02-24,2025-02-25,2025-02-25,88,1.86,air,22.85,delivered,0,163.68,1,1.0,0.0,1.0
PO-000703,SUP-001,SKU-00009,WH-SOUTH,2025-03-10,2025-03-13,2025-03-14,72,1.86,rail,6.33,delivered,0,133.92,3,4.0,1.0,0.0
PO-000704,SUP-001,SKU-00009,WH-SOUTH,2025-03-24,2025-03-25,2025-03-27,88,1.86,air,22.93,delivered,0,163.68,1,3.0,2.0,0.0
PO-000705,SUP-001,SKU-00009,WH-SOUTH,2025-04-07,2025-04-10,2025-04-10,69,1.86,rail,7.45,delivered,0,128.34,3,3.0,0.0,1.0
PO-000706,SUP-001,SKU-00009,WH-SOUTH,2025-04-21,2025-04-22,2025-04-22,88,1.86,air,20.05,delivered,0,163.68,1,1.0,0.0,1.0
PO-000707,SUP-001,SKU-00009,WH-SOUTH,2025-05-05,2025-05-06,2025-05-06,88,1.86,air,17.87,delivered,0,163.68,1,1.0,0.0,1.0
PO-000708,SUP-001,SKU-00009,WH-SOUTH,2025-05-19,2025-05-20,2025-05-21,88,1.86,air,19.53,delivered,0,163.68,1,2.0,1.0,0.0
PO-000709,SUP-001,SKU-00009,WH-SOUTH,2025-06-02,2025-06-03,2025-06-03,88,1.86,air,18.11,delivered,0,163.68,1,1.0,0.0,1.0
PO-000710,SUP-001,SKU-00009,WH-SOUTH,2025-06-09,2025-06-12,2025-06-11,69,1.86,road,7.7,delivered,0,128.34,3,2.0,-1.0,1.0
PO-000711,SUP-001,SKU-00009,WH-SOUTH,2025-06-16,2025-06-19,2025-06-19,76,1.86,road,7.33,delivered,0,141.36,3,3.0,0.0,1.0
PO-000712,SUP-001,SKU-00009,WH-SOUTH,2025-06-23,2025-06-26,2025-06-27,66,1.86,road,6.05,delivered,0,122.76,3,4.0,1.0,0.0
PO-000713,SUP-001,SKU-00009,WH-SOUTH,2025-06-30,2025-07-03,2025-07-03,88,1.86,rail,9.05,delivered,0,163.68,3,3.0,0.0,1.0
PO-000714,SUP-001,SKU-00009,WH-SOUTH,2025-07-14,2025-07-17,2025-07-16,88,1.86,road,8.21,delivered,0,163.68,3,2.0,-1.0,1.0
PO-000715,SUP-001,SKU-00009,WH-SOUTH,2025-07-21,2025-07-24,2025-07-22,88,1.86,road,10.11,delivered,0,163.68,3,1.0,-2.0,1.0
PO-000716,SUP-001,SKU-00009,WH-SOUTH,2025-07-28,2025-07-31,2025-07-31,76,1.86,road,9.08,delivered,0,141.36,3,3.0,0.0,1.0
PO-000717,SUP-001,SKU-00009,WH-SOUTH,2025-08-11,2025-08-14,2025-08-15,88,1.86,road,10.49,delivered,0,163.68,3,4.0,1.0,0.0
PO-000718,SUP-001,SKU-00009,WH-SOUTH,2025-08-25,2025-08-26,2025-08-27,88,1.86,air,16.01,delivered,0,163.68,1,2.0,1.0,0.0
PO-000719,SUP-001,SKU-00009,WH-SOUTH,2025-09-08,2025-09-09,2025-09-09,88,1.86,air,21.11,delivered,0,163.68,1,1.0,0.0,1.0
PO-000720,SUP-001,SKU-00009,WH-SOUTH,2025-09-15,2025-09-18,2025-09-16,69,1.86,rail,5.53,delivered,0,128.34,3,1.0,-2.0,1.0
PO-000721,SUP-001,SKU-00009,WH-SOUTH,2025-09-22,2025-09-25,2025-09-26,73,1.86,road,6.76,delivered,0,135.78,3,4.0,1.0,0.0
PO-000722,SUP-001,SKU-00009,WH-SOUTH,2025-10-06,2025-10-09,2025-10-07,88,1.86,rail,7.97,delivered,0,163.68,3,1.0,-2.0,1.0
PO-000723,SUP-001,SKU-00009,WH-SOUTH,2025-10-20,2025-10-21,2025-10-21,88,1.86,air,17.82,delivered,0,163.68,1,1.0,0.0,1.0
PO-000724,SUP-001,SKU-00009,WH-SOUTH,2025-11-03,2025-11-04,2025-11-04,88,1.86,air,21.39,delivered,0,163.68,1,1.0,0.0,1.0
PO-000725,SUP-001,SKU-00009,WH-SOUTH,2025-11-10,2025-11-13,2025-11-15,69,1.86,road,8.53,delivered,0,128.34,3,5.0,2.0,0.0
PO-000726,SUP-001,SKU-00009,WH-SOUTH,2025-11-24,2025-11-25,2025-11-26,88,1.86,air,15.72,delivered,0,163.68,1,2.0,1.0,0.0
PO-000727,SUP-001,SKU-00009,WH-SOUTH,2025-12-08,2025-12-09,2025-12-09,88,1.86,air,21.5,delivered,0,163.68,1,1.0,0.0,1.0
PO-000728,SUP-001,SKU-00009,WH-SOUTH,2025-12-22,2025-12-25,2025-12-26,88,1.86,rail,7.02,delivered,0,163.68,3,4.0,1.0,0.0
PO-000729,SUP-003,SKU-00010,WH-EAST,2024-01-15,2024-02-06,2024-01-31,170,17.23,road,174.01,delivered,0,2929.1,22,16.0,-6.0,1.0
PO-000730,SUP-003,SKU-00010,WH-EAST,2024-02-05,2024-02-29,2024-02-28,226,17.23,rail,208.26,delivered,0,3893.98,24,23.0,-1.0,1.0
PO-000731,SUP-003,SKU-00010,WH-EAST,2024-02-26,2024-03-27,2024-03-17,207,17.23,ocean,134.81,delivered,0,3566.61,30,20.0,-10.0,1.0
PO-000732,SUP-003,SKU-00010,WH-EAST,2024-03-11,2024-03-21,2024-03-20,180,17.23,air,342.96,delivered,0,3101.4,10,9.0,-1.0,1.0
PO-000733,SUP-003,SKU-00010,WH-EAST,2024-03-25,2024-04-24,2024-04-10,173,17.23,ocean,141.25,delivered,0,2980.79,30,16.0,-14.0,1.0
PO-000734,SUP-003,SKU-00010,WH-EAST,2024-04-15,2024-05-09,2024-05-24,173,17.23,rail,123.94,delivered,0,2980.79,24,39.0,15.0,0.0
PO-000735,SUP-003,SKU-00010,WH-EAST,2024-05-06,2024-05-28,2024-05-31,182,17.23,road,225.07,delivered,0,3135.86,22,25.0,3.0,0.0
PO-000736,SUP-003,SKU-00010,WH-EAST,2024-05-27,2024-06-26,2024-06-12,162,17.23,ocean,113.49,delivered,0,2791.26,30,16.0,-14.0,1.0
PO-000737,SUP-003,SKU-00010,WH-EAST,2024-06-17,2024-07-17,2024-07-27,159,17.23,ocean,126.47,delivered,0,2739.57,30,40.0,10.0,0.0
PO-000738,SUP-003,SKU-00010,WH-EAST,2024-07-08,2024-08-07,2024-08-05,164,17.23,ocean,123.79,delivered,0,2825.72,30,28.0,-2.0,1.0
PO-000739,SUP-003,SKU-00010,WH-EAST,2024-07-29,2024-08-28,2024-08-31,172,17.23,ocean,111.04,delivered,0,2963.56,30,33.0,3.0,0.0
PO-000740,SUP-003,SKU-00010,WH-EAST,2024-08-19,2024-09-12,2024-09-12,163,17.23,rail,156.05,delivered,0,2808.49,24,24.0,0.0,1.0
PO-000741,SUP-003,SKU-00010,WH-EAST,2024-09-09,2024-10-09,2024-10-07,161,17.23,ocean,90.16,delivered,0,2774.03,30,28.0,-2.0,1.0
PO-000742,SUP-003,SKU-00010,WH-EAST,2024-09-30,2024-10-10,2024-10-10,172,17.23,air,344.69,delivered,0,2963.56,10,10.0,0.0,1.0
PO-000743,SUP-003,SKU-00010,WH-EAST,2024-10-21,2024-11-20,2024-11-07,183,17.23,ocean,130.32,delivered,0,3153.09,30,17.0,-13.0,1.0
PO-000744,SUP-003,SKU-00010,WH-EAST,2024-11-11,2024-12-11,2024-12-18,192,17.23,ocean,128.29,delivered,0,3308.16,30,37.0,7.0,0.0
PO-000745,SUP-003,SKU-00010,WH-EAST,2024-12-02,2024-12-12,2024-12-17,187,17.23,air,351.02,delivered,0,3222.01,10,15.0,5.0,0.0
PO-000746,SUP-003,SKU-00010,WH-EAST,2024-12-23,2025-01-02,2024-12-31,172,17.23,air,329.97,delivered,0,2963.56,10,8.0,-2.0,1.0
PO-000747,SUP-003,SKU-00010,WH-EAST,2025-01-13,2025-02-12,2025-02-12,183,17.23,ocean,150.06,delivered,0,3153.09,30,30.0,0.0,1.0
PO-000748,SUP-003,SKU-00010,WH-EAST,2025-02-03,2025-03-05,2025-03-19,227,17.23,ocean,136.64,delivered,0,3911.21,30,44.0,14.0,0.0
PO-000749,SUP-003,SKU-00010,WH-EAST,2025-02-24,2025-03-06,2025-03-09,220,17.23,air,418.41,delivered,0,3790.6,10,13.0,3.0,0.0
PO-000750,SUP-003,SKU-00010,WH-EAST,2025-03-24,2025-04-23,2025-04-16,188,17.23,ocean,152.34,delivered,0,3239.24,30,23.0,-7.0,1.0
PO-000751,SUP-003,SKU-00010,WH-EAST,2025-04-14,2025-05-14,2025-05-21,173,17.23,ocean,123.02,delivered,0,2980.79,30,37.0,7.0,0.0
PO-000752,SUP-003,SKU-00010,WH-EAST,2025-05-12,2025-06-03,2025-06-07,199,17.23,road,178.66,delivered,0,3428.77,22,26.0,4.0,0.0
PO-000753,SUP-003,SKU-00010,WH-EAST,2025-06-09,2025-07-03,2025-06-29,185,17.23,rail,141.05,delivered,0,3187.55,24,20.0,-4.0,1.0
PO-000754,SUP-003,SKU-00010,WH-EAST,2025-07-07,2025-07-29,2025-07-18,185,17.23,road,189.4,delivered,0,3187.55,22,11.0,-11.0,1.0
PO-000755,SUP-003,SKU-00010,WH-EAST,2025-08-04,2025-09-03,2025-08-15,179,17.23,ocean,129.35,delivered,0,3084.17,30,11.0,-19.0,1.0
PO-000756,SUP-003,SKU-00010,WH-EAST,2025-09-01,2025-10-01,2025-10-05,192,17.23,ocean,141.08,delivered,0,3308.16,30,34.0,4.0,0.0
PO-000757,SUP-003,SKU-00010,WH-EAST,2025-09-22,2025-10-22,2025-10-20,163,17.23,ocean,114.43,delivered,0,2808.49,30,28.0,-2.0,1.0
PO-000758,SUP-003,SKU-00010,WH-EAST,2025-10-20,2025-11-13,2025-10-24,194,17.23,rail,167.16,delivered,0,3342.62,24,4.0,-20.0,1.0
PO-000759,SUP-003,SKU-00010,WH-EAST,2025-11-17,2025-12-17,2025-12-03,211,17.23,ocean,146.55,delivered,0,3635.53,30,16.0,-14.0,1.0
PO-000760,SUP-003,SKU-00010,WH-EAST,2025-12-08,2026-01-07,,158,17.23,ocean,87.99,open,0,2722.34,30,,,
PO-000761,SUP-003,SKU-00010,WH-APAC,2024-01-15,2024-02-14,2024-03-02,162,17.23,ocean,102.57,delivered,0,2791.26,30,47.0,17.0,0.0
PO-000762,SUP-003,SKU-00010,WH-APAC,2024-02-05,2024-03-06,2024-03-09,232,17.23,ocean,128.24,delivered,0,3997.36,30,33.0,3.0,0.0
PO-000763,SUP-003,SKU-00010,WH-APAC,2024-03-11,2024-04-10,2024-04-01,255,17.23,ocean,156.97,delivered,0,4393.65,30,21.0,-9.0,1.0
PO-000764,SUP-003,SKU-00010,WH-APAC,2024-03-25,2024-04-24,2024-05-01,161,17.23,ocean,102.82,delivered,0,2774.03,30,37.0,7.0,0.0
PO-000765,SUP-003,SKU-00010,WH-APAC,2024-04-15,2024-05-15,2024-05-06,202,17.23,ocean,125.94,delivered,0,3480.46,30,21.0,-9.0,1.0
PO-000766,SUP-003,SKU-00010,WH-APAC,2024-05-06,2024-06-05,2024-06-04,180,17.23,ocean,101.59,delivered,0,3101.4,30,29.0,-1.0,1.0
PO-000767,SUP-003,SKU-00010,WH-APAC,2024-05-27,2024-06-18,2024-06-24,178,17.23,road,216.28,delivered,0,3066.94,22,28.0,6.0,0.0
PO-000768,SUP-003,SKU-00010,WH-APAC,2024-06-17,2024-06-27,2024-06-29,186,17.23,air,444.33,delivered,0,3204.78,10,12.0,2.0,0.0
PO-000769,SUP-003,SKU-00010,WH-APAC,2024-07-08,2024-07-18,2024-07-15,176,17.23,air,376.48,delivered,0,3032.48,10,7.0,-3.0,1.0
PO-000770,SUP-003,SKU-00010,WH-APAC,2024-07-29,2024-08-28,2024-08-30,168,17.23,ocean,130.39,delivered,0,2894.64,30,32.0,2.0,0.0
PO-000771,SUP-003,SKU-00010,WH-APAC,2024-08-19,2024-09-18,2024-09-05,167,17.23,ocean,107.34,delivered,0,2877.41,30,17.0,-13.0,1.0
PO-000772,SUP-003,SKU-00010,WH-APAC,2024-09-09,2024-10-09,2024-09-25,170,17.23,ocean,131.46,delivered,0,2929.1,30,16.0,-14.0,1.0
PO-000773,SUP-003,SKU-00010,WH-APAC,2024-09-30,2024-10-30,2024-11-05,198,17.23,ocean,110.99,delivered,0,3411.54,30,36.0,6.0,0.0
PO-000774,SUP-003,SKU-00010,WH-APAC,2024-10-21,2024-11-14,2024-11-10,190,17.23,rail,183.93,delivered,0,3273.7,24,20.0,-4.0,1.0
PO-000775,SUP-003,SKU-00010,WH-APAC,2024-11-11,2024-11-21,2024-11-18,168,17.23,air,287.94,delivered,0,2894.64,10,7.0,-3.0,1.0
PO-000776,SUP-003,SKU-00010,WH-APAC,2024-12-02,2024-12-12,2024-12-14,196,17.23,air,387.69,delivered,0,3377.08,10,12.0,2.0,0.0
PO-000777,SUP-003,SKU-00010,WH-APAC,2024-12-23,2025-01-22,2025-01-18,206,17.23,ocean,124.31,delivered,0,3549.38,30,26.0,-4.0,1.0
PO-000778,SUP-003,SKU-00010,WH-APAC,2025-01-13,2025-01-23,2025-01-25,192,17.23,air,354.29,delivered,0,3308.16,10,12.0,2.0,0.0
PO-000779,SUP-003,SKU-00010,WH-APAC,2025-02-03,2025-02-27,2025-02-14,199,17.23,rail,141.85,delivered,0,3428.77,24,11.0,-13.0,1.0
PO-000780,SUP-003,SKU-00010,WH-APAC,2025-02-24,2025-03-26,2025-03-22,220,17.23,ocean,127.31,delivered,0,3790.6,30,26.0,-4.0,1.0
PO-000781,SUP-003,SKU-00010,WH-APAC,2025-03-10,2025-04-09,2025-04-04,164,17.23,ocean,113.06,delivered,0,2825.72,30,25.0,-5.0,1.0
PO-000782,SUP-003,SKU-00010,WH-APAC,2025-03-31,2025-04-30,2025-04-21,173,17.23,ocean,121.68,delivered,0,2980.79,30,21.0,-9.0,1.0
PO-000783,SUP-003,SKU-00010,WH-APAC,2025-04-21,2025-05-15,2025-05-12,161,17.23,rail,146.57,delivered,0,2774.03,24,21.0,-3.0,1.0
PO-000784,SUP-003,SKU-00010,WH-APAC,2025-05-12,2025-06-05,2025-06-06,159,17.23,rail,118.18,delivered,0,2739.57,24,25.0,1.0,0.0
PO-000785,SUP-003,SKU-00010,WH-APAC,2025-06-09,2025-07-01,2025-07-03,200,17.23,road,220.78,delivered,0,3446.0,22,24.0,2.0,0.0
PO-000786,SUP-003,SKU-00010,WH-APAC,2025-07-07,2025-08-06,2025-08-07,186,17.23,ocean,114.46,delivered,0,3204.78,30,31.0,1.0,0.0
PO-000787,SUP-003,SKU-00010,WH-APAC,2025-08-04,2025-09-03,2025-08-20,197,17.23,ocean,111.2,delivered,0,3394.31,30,16.0,-14.0,1.0
PO-000788,SUP-003,SKU-00010,WH-APAC,2025-09-01,2025-10-01,2025-09-18,184,17.23,ocean,125.37,delivered,0,3170.32,30,17.0,-13.0,1.0
PO-000789,SUP-003,SKU-00010,WH-APAC,2025-09-22,2025-10-22,2025-10-26,176,17.23,ocean,129.67,delivered,0,3032.48,30,34.0,4.0,0.0
PO-000790,SUP-003,SKU-00010,WH-APAC,2025-10-20,2025-11-19,2025-11-14,208,17.23,ocean,154.57,delivered,0,3583.84,30,25.0,-5.0,1.0
PO-000791,SUP-003,SKU-00010,WH-APAC,2025-11-10,2025-12-04,2025-12-07,170,17.23,rail,142.28,delivered,0,2929.1,24,27.0,3.0,0.0
PO-000792,SUP-003,SKU-00010,WH-APAC,2025-12-01,2025-12-31,,178,17.23,ocean,137.34,open,0,3066.94,30,,,
PO-000793,SUP-003,SKU-00010,WH-APAC,2025-12-15,2026-01-14,,163,17.23,ocean,114.0,open,0,2808.49,30,,,
PO-000794,SUP-001,SKU-00011,WH-EU,2024-01-15,2024-01-18,2024-01-17,36,1.06,rail,1.7,delivered,0,38.16,3,2.0,-1.0,1.0
PO-000795,SUP-001,SKU-00011,WH-EU,2024-02-05,2024-02-06,2024-02-06,46,1.06,air,5.79,delivered,0,48.76,1,1.0,0.0,1.0
PO-000796,SUP-001,SKU-00011,WH-EU,2024-02-26,2024-02-27,2024-02-27,49,1.06,air,5.78,delivered,0,51.94,1,1.0,0.0,1.0
PO-000797,SUP-001,SKU-00011,WH-EU,2024-03-11,2024-03-14,2024-03-15,39,1.06,rail,1.77,delivered,0,41.34,3,4.0,1.0,0.0
PO-000798,SUP-001,SKU-00011,WH-EU,2024-03-25,2024-03-26,2024-03-27,37,1.06,air,4.33,delivered,0,39.22,1,2.0,1.0,0.0
PO-000799,SUP-001,SKU-00011,WH-EU,2024-04-08,2024-04-11,2024-04-10,43,1.06,road,2.25,delivered,0,45.58,3,2.0,-1.0,1.0
PO-000800,SUP-001,SKU-00011,WH-EU,2024-04-22,2024-04-25,2024-04-26,40,1.06,rail,2.47,delivered,0,42.4,3,4.0,1.0,0.0
PO-000801,SUP-001,SKU-00011,WH-EU,2024-05-06,2024-05-07,,47,1.06,air,6.04,delivered,1,49.82,1,,,
PO-000802,SUP-001,SKU-00011,WH-EU,2024-05-20,2024-05-21,2024-05-22,49,1.06,air,5.82,delivered,0,51.94,1,2.0,1.0,0.0
PO-000803,SUP-001,SKU-00011,WH-EU,2024-06-03,2024-06-04,2024-06-04,49,1.06,air,5.61,delivered,0,51.94,1,1.0,0.0,1.0
PO-000804,SUP-001,SKU-00011,WH-EU,2024-06-17,2024-06-18,2024-06-18,49,1.06,air,5.47,delivered,0,51.94,1,1.0,0.0,1.0
PO-000805,SUP-001,SKU-00011,WH-EU,2024-07-01,2024-07-02,2024-07-03,49,1.06,air,6.91,delivered,0,51.94,1,2.0,1.0,0.0
PO-000806,SUP-001,SKU-00011,WH-EU,2024-07-15,2024-07-18,2024-07-16,49,1.06,road,2.82,delivered,0,51.94,3,1.0,-2.0,1.0
PO-000807,SUP-001,SKU-00011,WH-EU,2024-07-29,2024-07-30,2024-07-31,49,1.06,air,7.12,delivered,0,51.94,1,2.0,1.0,0.0
PO-000808,SUP-001,SKU-00011,WH-EU,2024-08-12,2024-08-13,2024-08-13,49,1.06,air,5.07,delivered,0,51.94,1,1.0,0.0,1.0
PO-000809,SUP-001,SKU-00011,WH-EU,2024-08-26,2024-08-29,2024-08-28,49,1.06,rail,2.99,delivered,0,51.94,3,2.0,-1.0,1.0
PO-000810,SUP-001,SKU-00011,WH-EU,2024-09-09,2024-09-10,2024-09-10,49,1.06,air,6.83,delivered,0,51.94,1,1.0,0.0,1.0
PO-000811,SUP-001,SKU-00011,WH-EU,2024-09-23,2024-09-24,2024-09-25,49,1.06,air,5.57,delivered,0,51.94,1,2.0,1.0,0.0
PO-000812,SUP-001,SKU-00011,WH-EU,2024-10-07,2024-10-10,2024-10-09,49,1.06,road,2.56,delivered,0,51.94,3,2.0,-1.0,1.0
PO-000813,SUP-001,SKU-00011,WH-EU,2024-10-21,2024-10-22,2024-10-22,49,1.06,air,6.46,delivered,0,51.94,1,1.0,0.0,1.0
PO-000814,SUP-001,SKU-00011,WH-EU,2024-11-04,2024-11-05,2024-11-05,49,1.06,air,7.44,delivered,0,51.94,1,1.0,0.0,1.0
PO-000815,SUP-001,SKU-00011,WH-EU,2024-11-18,2024-11-21,2024-11-23,49,1.06,rail,2.19,delivered,0,51.94,3,5.0,2.0,0.0
PO-000816,SUP-001,SKU-00011,WH-EU,2024-12-09,2024-12-10,2024-12-11,49,1.06,air,5.53,delivered,0,51.94,1,2.0,1.0,0.0
PO-000817,SUP-001,SKU-00011,WH-EU,2024-12-23,2024-12-24,2024-12-24,49,1.06,air,6.48,delivered,0,51.94,1,1.0,0.0,1.0
PO-000818,SUP-001,SKU-00011,WH-EU,2025-01-06,2025-01-07,2025-01-08,48,1.06,air,4.98,delivered,0,50.88,1,2.0,1.0,0.0
PO-000819,SUP-001,SKU-00011,WH-EU,2025-01-20,2025-01-21,2025-01-21,37,1.06,air,4.81,delivered,0,39.22,1,1.0,0.0,1.0
PO-000820,SUP-001,SKU-00011,WH-EU,2025-02-03,2025-02-06,2025-02-08,44,1.06,rail,2.39,delivered,0,46.64,3,5.0,2.0,0.0
PO-000821,SUP-001,SKU-00011,WH-EU,2025-02-17,2025-02-20,2025-02-25,38,1.06,road,2.48,delivered,0,40.28,3,8.0,5.0,0.0
PO-000822,SUP-001,SKU-00011,WH-EU,2025-03-10,2025-03-11,2025-03-12,49,1.06,air,5.52,delivered,0,51.94,1,2.0,1.0,0.0
PO-000823,SUP-001,SKU-00011,WH-EU,2025-03-24,2025-03-25,2025-03-25,45,1.06,air,5.35,delivered,0,47.7,1,1.0,0.0,1.0
PO-000824,SUP-001,SKU-00011,WH-EU,2025-04-07,2025-04-08,2025-04-08,49,1.06,air,5.59,delivered,0,51.94,1,1.0,0.0,1.0
PO-000825,SUP-001,SKU-00011,WH-EU,2025-04-21,2025-04-22,2025-04-22,49,1.06,air,5.24,delivered,0,51.94,1,1.0,0.0,1.0
PO-000826,SUP-001,SKU-00011,WH-EU,2025-05-05,2025-05-06,2025-05-06,49,1.06,air,5.81,delivered,0,51.94,1,1.0,0.0,1.0
PO-000827,SUP-001,SKU-00011,WH-EU,2025-05-19,2025-05-22,2025-05-25,49,1.06,rail,2.25,delivered,0,51.94,3,6.0,3.0,0.0
PO-000828,SUP-001,SKU-00011,WH-EU,2025-06-02,2025-06-05,2025-06-07,49,1.06,rail,2.46,delivered,0,51.94,3,5.0,2.0,0.0
PO-000829,SUP-001,SKU-00011,WH-EU,2025-06-16,2025-06-17,2025-06-17,49,1.06,air,5.37,delivered,0,51.94,1,1.0,0.0,1.0
PO-000830,SUP-001,SKU-00011,WH-EU,2025-06-23,2025-06-26,2025-06-25,39,1.06,road,2.3,delivered,0,41.34,3,2.0,-1.0,1.0
PO-000831,SUP-001,SKU-00011,WH-EU,2025-06-30,2025-07-03,2025-07-03,43,1.06,road,2.5,delivered,0,45.58,3,3.0,0.0,1.0
PO-000832,SUP-001,SKU-00011,WH-EU,2025-07-14,2025-07-17,2025-07-17,49,1.06,road,3.37,delivered,0,51.94,3,3.0,0.0,1.0
PO-000833,SUP-001,SKU-00011,WH-EU,2025-07-28,2025-07-29,2025-07-29,49,1.06,air,7.2,delivered,0,51.94,1,1.0,0.0,1.0
PO-000834,SUP-001,SKU-00011,WH-EU,2025-08-04,2025-08-07,2025-08-07,36,1.06,road,2.12,delivered,0,38.16,3,3.0,0.0,1.0
PO-000835,SUP-001,SKU-00011,WH-EU,2025-08-11,2025-08-12,2025-08-12,43,1.06,air,4.47,delivered,0,45.58,1,1.0,0.0,1.0
PO-000836,SUP-001,SKU-00011,WH-EU,2025-08-18,2025-08-21,2025-08-19,43,1.06,road,2.43,delivered,0,45.58,3,1.0,-2.0,1.0
PO-000837,SUP-001,SKU-00011,WH-EU,2025-08-25,2025-08-26,2025-08-27,49,1.06,air,6.22,delivered,0,51.94,1,2.0,1.0,0.0
PO-000838,SUP-001,SKU-00011,WH-EU,2025-09-01,2025-09-04,2025-09-05,40,1.06,road,2.61,delivered,0,42.4,3,4.0,1.0,0.0
PO-000839,SUP-001,SKU-00011,WH-EU,2025-09-15,2025-09-16,2025-09-17,49,1.06,air,6.04,delivered,0,51.94,1,2.0,1.0,0.0
PO-000840,SUP-001,SKU-00011,WH-EU,2025-09-29,2025-09-30,2025-09-30,49,1.06,air,6.74,delivered,0,51.94,1,1.0,0.0,1.0
PO-000841,SUP-001,SKU-00011,WH-EU,2025-10-06,2025-10-09,2025-10-09,37,1.06,road,2.51,delivered,0,39.22,3,3.0,0.0,1.0
PO-000842,SUP-001,SKU-00011,WH-EU,2025-10-13,2025-10-16,2025-10-17,39,1.06,road,2.18,delivered,0,41.34,3,4.0,1.0,0.0
PO-000843,SUP-001,SKU-00011,WH-EU,2025-10-27,2025-10-28,2025-10-29,49,1.06,air,6.51,delivered,0,51.94,1,2.0,1.0,0.0
PO-000844,SUP-001,SKU-00011,WH-EU,2025-11-10,2025-11-13,2025-11-11,49,1.06,rail,2.45,delivered,0,51.94,3,1.0,-2.0,1.0
PO-000845,SUP-001,SKU-00011,WH-EU,2025-11-17,2025-11-18,2025-11-19,47,1.06,air,5.4,delivered,0,49.82,1,2.0,1.0,0.0
PO-000846,SUP-001,SKU-00011,WH-EU,2025-12-01,2025-12-04,2025-12-07,49,1.06,rail,2.55,delivered,0,51.94,3,6.0,3.0,0.0
PO-000847,SUP-001,SKU-00011,WH-EU,2025-12-22,2025-12-23,2025-12-23,49,1.06,air,6.41,delivered,0,51.94,1,1.0,0.0,1.0
PO-000848,SUP-001,SKU-00011,WH-SOUTH,2024-01-22,2024-01-23,2024-01-23,46,1.06,air,6.42,delivered,0,48.76,1,1.0,0.0,1.0
PO-000849,SUP-001,SKU-00011,WH-SOUTH,2024-02-12,2024-02-13,2024-02-14,43,1.06,air,4.56,delivered,0,45.58,1,2.0,1.0,0.0
PO-000850,SUP-001,SKU-00011,WH-SOUTH,2024-03-04,2024-03-07,2024-03-06,47,1.06,road,2.64,delivered,0,49.82,3,2.0,-1.0,1.0
PO-000851,SUP-001,SKU-00011,WH-SOUTH,2024-03-18,2024-03-21,2024-03-22,40,1.06,road,2.63,delivered,0,42.4,3,4.0,1.0,0.0
PO-000852,SUP-001,SKU-00011,WH-SOUTH,2024-04-01,2024-04-04,2024-04-05,38,1.06,road,2.74,delivered,0,40.28,3,4.0,1.0,0.0
PO-000853,SUP-001,SKU-00011,WH-SOUTH,2024-04-15,2024-04-18,2024-04-20,37,1.06,rail,1.77,delivered,0,39.22,3,5.0,2.0,0.0
PO-000854,SUP-001,SKU-00011,WH-SOUTH,2024-04-29,2024-04-30,2024-04-30,41,1.06,air,6.21,delivered,0,43.46,1,1.0,0.0,1.0
PO-000855,SUP-001,SKU-00011,WH-SOUTH,2024-05-13,2024-05-16,2024-05-17,47,1.06,rail,2.83,delivered,0,49.82,3,4.0,1.0,0.0
PO-000856,SUP-001,SKU-00011,WH-SOUTH,2024-05-27,2024-05-30,2024-05-31,34,1.06,road,2.27,delivered,0,36.04,3,4.0,1.0,0.0
PO-000857,SUP-001,SKU-00011,WH-SOUTH,2024-06-10,2024-06-13,2024-06-12,47,1.06,road,3.54,delivered,0,49.82,3,2.0,-1.0,1.0
PO-000858,SUP-001,SKU-00011,WH-SOUTH,2024-06-24,2024-06-25,2024-06-25,47,1.06,air,5.88,delivered,0,49.82,1,1.0,0.0,1.0
PO-000859,SUP-001,SKU-00011,WH-SOUTH,2024-07-08,2024-07-09,2024-07-09,47,1.06,air,4.79,delivered,0,49.82,1,1.0,0.0,1.0
PO-000860,SUP-001,SKU-00011,WH-SOUTH,2024-07-22,2024-07-25,2024-07-23,47,1.06,road,2.86,delivered,0,49.82,3,1.0,-2.0,1.0
PO-000861,SUP-001,SKU-00011,WH-SOUTH,2024-08-05,2024-08-06,2024-08-07,47,1.06,air,5.89,delivered,0,49.82,1,2.0,1.0,0.0
PO-000862,SUP-001,SKU-00011,WH-SOUTH,2024-08-19,2024-08-20,2024-08-21,47,1.06,air,6.9,delivered,0,49.82,1,2.0,1.0,0.0
PO-000863,SUP-001,SKU-00011,WH-SOUTH,2024-09-02,2024-09-03,2024-09-04,47,1.06,air,5.93,delivered,0,49.82,1,2.0,1.0,0.0
PO-000864,SUP-001,SKU-00011,WH-SOUTH,2024-09-16,2024-09-19,2024-09-17,47,1.06,rail,2.51,delivered,0,49.82,3,1.0,-2.0,1.0
PO-000865,SUP-001,SKU-00011,WH-SOUTH,2024-09-30,2024-10-01,2024-10-01,47,1.06,air,6.56,delivered,0,49.82,1,1.0,0.0,1.0
PO-000866,SUP-001,SKU-00011,WH-SOUTH,2024-10-14,2024-10-15,2024-10-15,47,1.06,air,6.07,delivered,0,49.82,1,1.0,0.0,1.0
PO-000867,SUP-001,SKU-00011,WH-SOUTH,2024-10-28,2024-10-29,2024-10-29,47,1.06,air,6.17,delivered,0,49.82,1,1.0,0.0,1.0
PO-000868,SUP-001,SKU-00011,WH-SOUTH,2024-11-11,2024-11-14,2024-11-13,47,1.06,rail,2.47,delivered,0,49.82,3,2.0,-1.0,1.0
PO-000869,SUP-001,SKU-00011,WH-SOUTH,2024-11-25,2024-11-26,2024-11-27,44,1.06,air,6.0,delivered,0,46.64,1,2.0,1.0,0.0
PO-000870,SUP-001,SKU-00011,WH-SOUTH,2024-12-09,2024-12-12,2024-12-12,40,1.06,road,2.52,delivered,0,42.4,3,3.0,0.0,1.0
PO-000871,SUP-001,SKU-00011,WH-SOUTH,2024-12-23,2024-12-24,2024-12-25,47,1.06,air,5.15,delivered,0,49.82,1,2.0,1.0,0.0
PO-000872,SUP-001,SKU-00011,WH-SOUTH,2025-01-06,2025-01-09,2025-01-10,38,1.06,road,2.35,delivered,0,40.28,3,4.0,1.0,0.0
PO-000873,SUP-001,SKU-00011,WH-SOUTH,2025-01-20,2025-01-23,2025-02-01,35,1.06,road,2.17,delivered,0,37.1,3,12.0,9.0,0.0
PO-000874,SUP-001,SKU-00011,WH-SOUTH,2025-02-10,2025-02-13,2025-02-12,40,1.06,road,2.83,delivered,0,42.4,3,2.0,-1.0,1.0
PO-000875,SUP-001,SKU-00011,WH-SOUTH,2025-02-24,2025-02-27,2025-02-27,38,1.06,road,1.93,delivered,0,40.28,3,3.0,0.0,1.0
PO-000876,SUP-001,SKU-00011,WH-SOUTH,2025-03-10,2025-03-11,2025-03-11,44,1.06,air,5.06,delivered,0,46.64,1,1.0,0.0,1.0
PO-000877,SUP-001,SKU-00011,WH-SOUTH,2025-03-24,2025-03-27,2025-03-28,42,1.06,road,3.07,delivered,0,44.52,3,4.0,1.0,0.0
PO-000878,SUP-001,SKU-00011,WH-SOUTH,2025-04-07,2025-04-10,2025-04-10,39,1.06,road,2.21,delivered,0,41.34,3,3.0,0.0,1.0
PO-000879,SUP-001,SKU-00011,WH-SOUTH,2025-04-21,2025-04-24,2025-04-24,47,1.06,road,2.81,delivered,0,49.82,3,3.0,0.0,1.0
PO-000880,SUP-001,SKU-00011,WH-SOUTH,2025-05-05,2025-05-06,2025-05-06,45,1.06,air,4.64,delivered,0,47.7,1,1.0,0.0,1.0
PO-000881,SUP-001,SKU-00011,WH-SOUTH,2025-05-19,2025-05-22,2025-05-23,47,1.06,road,2.8,delivered,0,49.82,3,4.0,1.0,0.0
PO-000882,SUP-001,SKU-00011,WH-SOUTH,2025-06-02,2025-06-03,2025-06-03,47,1.06,air,6.44,delivered,0,49.82,1,1.0,0.0,1.0
PO-000883,SUP-001,SKU-00011,WH-SOUTH,2025-06-09,2025-06-12,2025-06-12,36,1.06,road,2.61,delivered,0,38.16,3,3.0,0.0,1.0
PO-000884,SUP-001,SKU-00011,WH-SOUTH,2025-06-16,2025-06-17,2025-06-18,35,1.06,air,4.96,delivered,0,37.1,1,2.0,1.0,0.0
PO-000885,SUP-001,SKU-00011,WH-SOUTH,2025-06-30,2025-07-03,2025-07-03,47,1.06,road,2.42,delivered,0,49.82,3,3.0,0.0,1.0
PO-000886,SUP-001,SKU-00011,WH-SOUTH,2025-07-14,2025-07-15,2025-07-15,47,1.06,air,6.0,delivered,0,49.82,1,1.0,0.0,1.0
PO-000887,SUP-001,SKU-00011,WH-SOUTH,2025-07-21,2025-07-24,2025-07-24,37,1.06,road,1.97,delivered,0,39.22,3,3.0,0.0,1.0
PO-000888,SUP-001,SKU-00011,WH-SOUTH,2025-08-04,2025-08-05,2025-08-05,47,1.06,air,5.36,delivered,0,49.82,1,1.0,0.0,1.0
PO-000889,SUP-001,SKU-00011,WH-SOUTH,2025-08-18,2025-08-19,2025-08-21,47,1.06,air,5.53,delivered,0,49.82,1,3.0,2.0,0.0
PO-000890,SUP-001,SKU-00011,WH-SOUTH,2025-08-25,2025-08-28,2025-08-30,36,1.06,road,2.74,delivered,0,38.16,3,5.0,2.0,0.0
PO-000891,SUP-001,SKU-00011,WH-SOUTH,2025-09-08,2025-09-09,2025-09-09,47,1.06,air,6.32,delivered,0,49.82,1,1.0,0.0,1.0
PO-000892,SUP-001,SKU-00011,WH-SOUTH,2025-09-15,2025-09-18,2025-09-17,36,1.06,road,2.52,delivered,0,38.16,3,2.0,-1.0,1.0
PO-000893,SUP-001,SKU-00011,WH-SOUTH,2025-09-29,2025-10-02,2025-10-01,47,1.06,road,3.54,delivered,0,49.82,3,2.0,-1.0,1.0
PO-000894,SUP-001,SKU-00011,WH-SOUTH,2025-10-13,2025-10-14,2025-10-14,47,1.06,air,5.17,delivered,0,49.82,1,1.0,0.0,1.0
PO-000895,SUP-001,SKU-00011,WH-SOUTH,2025-10-20,2025-10-23,2025-10-24,38,1.06,road,2.46,delivered,0,40.28,3,4.0,1.0,0.0
PO-000896,SUP-001,SKU-00011,WH-SOUTH,2025-11-03,2025-11-04,2025-11-05,47,1.06,air,7.0,delivered,0,49.82,1,2.0,1.0,0.0
PO-000897,SUP-001,SKU-00011,WH-SOUTH,2025-11-17,2025-11-18,2025-11-18,47,1.06,air,6.79,delivered,0,49.82,1,1.0,0.0,1.0
PO-000898,SUP-001,SKU-00011,WH-SOUTH,2025-12-01,2025-12-02,2025-12-02,47,1.06,air,6.86,delivered,0,49.82,1,1.0,0.0,1.0
PO-000899,SUP-001,SKU-00011,WH-SOUTH,2025-12-15,2025-12-16,2025-12-17,47,1.06,air,4.97,delivered,0,49.82,1,2.0,1.0,0.0
PO-000900,SUP-013,SKU-00012,WH-EU,2024-01-15,2024-02-02,2024-02-11,1166,6.46,rail,418.35,delivered,0,7532.36,18,27.0,9.0,0.0
PO-000901,SUP-013,SKU-00012,WH-EU,2024-01-29,2024-02-20,2024-02-20,1030,6.46,ocean,280.04,delivered,0,6653.8,22,22.0,0.0,1.0
PO-000902,SUP-013,SKU-00012,WH-EU,2024-02-26,2024-03-04,2024-03-07,1139,6.46,air,1032.75,delivered,0,7357.94,7,10.0,3.0,0.0
PO-000903,SUP-013,SKU-00012,WH-EU,2024-03-18,2024-04-09,2024-04-13,1291,6.46,ocean,388.7,delivered,0,8339.86,22,26.0,4.0,0.0
PO-000904,SUP-013,SKU-00012,WH-EU,2024-04-01,2024-04-23,2024-05-03,929,6.46,ocean,224.42,delivered,0,6001.34,22,32.0,10.0,0.0
PO-000905,SUP-013,SKU-00012,WH-EU,2024-04-22,2024-04-29,2024-04-30,1019,6.46,air,761.82,delivered,0,6582.74,7,8.0,1.0,0.0
PO-000906,SUP-013,SKU-00012,WH-EU,2024-05-06,2024-05-13,2024-05-13,1099,6.46,air,717.33,delivered,0,7099.54,7,7.0,0.0,1.0
PO-000907,SUP-013,SKU-00012,WH-EU,2024-05-20,2024-06-11,2024-06-12,1128,6.46,ocean,335.74,delivered,0,7286.88,22,23.0,1.0,0.0
PO-000908,SUP-013,SKU-00012,WH-EU,2024-06-03,2024-06-10,2024-06-11,1367,6.46,air,1084.98,delivered,0,8830.82,7,8.0,1.0,0.0
PO-000909,SUP-013,SKU-00012,WH-EU,2024-06-24,2024-07-16,2024-07-17,1128,6.46,ocean,266.45,delivered,0,7286.88,22,23.0,1.0,0.0
PO-000910,SUP-013,SKU-00012,WH-EU,2024-07-08,2024-07-26,2024-08-04,1199,6.46,rail,462.78,delivered,0,7745.54,18,27.0,9.0,0.0
PO-000911,SUP-013,SKU-00012,WH-EU,2024-07-29,2024-08-05,2024-08-03,1296,6.46,air,1110.81,delivered,0,8372.16,7,5.0,-2.0,1.0
PO-000912,SUP-013,SKU-00012,WH-EU,2024-08-12,2024-08-19,2024-08-24,1154,6.46,air,945.3,delivered,0,7454.84,7,12.0,5.0,0.0
PO-000913,SUP-013,SKU-00012,WH-EU,2024-08-26,2024-09-17,2024-09-19,1646,6.46,ocean,397.18,delivered,0,10633.16,22,24.0,2.0,0.0
PO-000914,SUP-013,SKU-00012,WH-EU,2024-09-23,2024-10-15,2024-10-25,1390,6.46,ocean,391.49,delivered,0,8979.4,22,32.0,10.0,0.0
PO-000915,SUP-013,SKU-00012,WH-EU,2024-09-30,2024-10-07,2024-10-03,1105,6.46,air,701.8,delivered,0,7138.3,7,3.0,-4.0,1.0
PO-000916,SUP-013,SKU-00012,WH-EU,2024-10-21,2024-10-28,2024-10-27,1105,6.46,air,723.93,delivered,0,7138.3,7,6.0,-1.0,1.0
PO-000917,SUP-013,SKU-00012,WH-EU,2024-11-04,2024-11-11,2024-11-12,1043,6.46,air,696.18,delivered,0,6737.78,7,8.0,1.0,0.0
PO-000918,SUP-013,SKU-00012,WH-EU,2024-11-18,2024-11-25,2024-11-26,1020,6.46,air,844.62,delivered,0,6589.2,7,8.0,1.0,0.0
PO-000919,SUP-013,SKU-00012,WH-EU,2024-12-02,2024-12-09,2024-12-12,1058,6.46,air,817.86,delivered,0,6834.68,7,10.0,3.0,0.0
PO-000920,SUP-013,SKU-00012,WH-EU,2024-12-16,2025-01-07,2025-01-20,1729,6.46,ocean,464.66,delivered,0,11169.34,22,35.0,13.0,0.0
PO-000921,SUP-013,SKU-00012,WH-EU,2025-01-27,2025-02-03,2025-02-03,1303,6.46,air,1037.87,delivered,0,8417.38,7,7.0,0.0,1.0
PO-000922,SUP-013,SKU-00012,WH-EU,2025-02-10,2025-03-04,2025-03-07,1213,6.46,ocean,345.99,delivered,0,7835.98,22,25.0,3.0,0.0
PO-000923,SUP-013,SKU-00012,WH-EU,2025-02-24,2025-03-03,2025-03-07,1201,6.46,air,776.72,delivered,0,7758.46,7,11.0,4.0,0.0
PO-000924,SUP-013,SKU-00012,WH-EU,2025-03-17,2025-04-08,2025-04-05,946,6.46,ocean,203.96,delivered,0,6111.16,22,19.0,-3.0,1.0
PO-000925,SUP-013,SKU-00012,WH-EU,2025-03-31,2025-04-22,2025-04-06,1191,6.46,ocean,352.6,delivered,0,7693.86,22,6.0,-16.0,1.0
PO-000926,SUP-013,SKU-00012,WH-EU,2025-04-14,2025-05-06,2025-05-01,1046,6.46,ocean,219.29,delivered,0,6757.16,22,17.0,-5.0,1.0
PO-000927,SUP-013,SKU-00012,WH-EU,2025-04-28,2025-05-05,2025-05-08,1449,6.46,air,1083.29,delivered,0,9360.54,7,10.0,3.0,0.0
PO-000928,SUP-013,SKU-00012,WH-EU,2025-05-12,2025-05-19,2025-05-20,1138,6.46,air,846.16,delivered,0,7351.48,7,8.0,1.0,0.0
PO-000929,SUP-013,SKU-00012,WH-EU,2025-05-26,2025-06-13,2025-06-02,1628,6.46,rail,589.12,delivered,0,10516.88,18,7.0,-11.0,1.0
PO-000930,SUP-013,SKU-00012,WH-EU,2025-06-09,2025-06-16,2025-06-19,1657,6.46,air,1273.73,delivered,0,10704.22,7,10.0,3.0,0.0
PO-000931,SUP-013,SKU-00012,WH-EU,2025-06-23,2025-07-15,2025-07-19,1455,6.46,ocean,328.92,delivered,0,9399.3,22,26.0,4.0,0.0
PO-000932,SUP-013,SKU-00012,WH-EU,2025-07-07,2025-07-14,2025-07-14,1040,6.46,air,853.38,delivered,0,6718.4,7,7.0,0.0,1.0
PO-000933,SUP-013,SKU-00012,WH-EU,2025-07-21,2025-08-12,2025-08-14,1253,6.46,ocean,270.84,delivered,0,8094.38,22,24.0,2.0,0.0
PO-000934,SUP-013,SKU-00012,WH-EU,2025-07-28,2025-08-15,2025-08-19,933,6.46,rail,291.71,delivered,0,6027.18,18,22.0,4.0,0.0
PO-000935,SUP-013,SKU-00012,WH-EU,2025-08-18,2025-09-05,2025-09-06,1004,6.46,rail,274.33,delivered,0,6485.84,18,19.0,1.0,0.0
PO-000936,SUP-013,SKU-00012,WH-EU,2025-08-25,2025-09-16,2025-09-18,1112,6.46,ocean,264.33,delivered,0,7183.52,22,24.0,2.0,0.0
PO-000937,SUP-013,SKU-00012,WH-EU,2025-09-15,2025-09-22,2025-09-20,1383,6.46,air,1085.43,delivered,0,8934.18,7,5.0,-2.0,1.0
PO-000938,SUP-013,SKU-00012,WH-EU,2025-09-29,2025-10-15,2025-10-17,1810,6.46,road,684.17,delivered,0,11692.6,16,18.0,2.0,0.0
PO-000939,SUP-013,SKU-00012,WH-EU,2025-10-20,2025-11-11,2025-11-22,1090,6.46,ocean,231.16,delivered,0,7041.4,22,33.0,11.0,0.0
PO-000940,SUP-013,SKU-00012,WH-EU,2025-11-03,2025-11-25,2025-11-23,1405,6.46,ocean,315.32,delivered,0,9076.3,22,20.0,-2.0,1.0
PO-000941,SUP-013,SKU-00012,WH-EU,2025-12-01,2025-12-17,2025-12-19,1154,6.46,road,380.07,delivered,0,7454.84,16,18.0,2.0,0.0
PO-000942,SUP-013,SKU-00012,WH-EU,2025-12-15,2025-12-22,2025-12-19,1341,6.46,air,1235.28,delivered,0,8662.86,7,4.0,-3.0,1.0
PO-000943,SUP-012,SKU-00013,WH-EAST,2024-01-15,2024-02-06,2024-02-05,180,12.86,ocean,105.77,delivered,0,2314.8,22,21.0,-1.0,1.0
PO-000944,SUP-012,SKU-00013,WH-EAST,2024-02-05,2024-02-22,2024-02-21,220,12.86,road,192.64,delivered,0,2829.2,17,16.0,-1.0,1.0
PO-000945,SUP-012,SKU-00013,WH-EAST,2024-02-26,2024-03-19,2024-03-26,241,12.86,ocean,133.21,delivered,0,3099.26,22,29.0,7.0,0.0
PO-000946,SUP-012,SKU-00013,WH-EAST,2024-03-18,2024-03-25,2024-03-28,153,12.86,air,193.34,delivered,0,1967.58,7,10.0,3.0,0.0
PO-000947,SUP-012,SKU-00013,WH-EAST,2024-04-15,2024-05-07,2024-05-09,204,12.86,ocean,119.36,delivered,0,2623.44,22,24.0,2.0,0.0
PO-000948,SUP-012,SKU-00013,WH-EAST,2024-05-06,2024-05-13,2024-05-20,178,12.86,air,233.14,delivered,0,2289.08,7,14.0,7.0,0.0
PO-000949,SUP-012,SKU-00013,WH-EAST,2024-05-27,2024-06-03,2024-06-06,167,12.86,air,206.49,delivered,0,2147.62,7,10.0,3.0,0.0
PO-000950,SUP-012,SKU-00013,WH-EAST,2024-06-10,2024-07-02,2024-07-04,151,12.86,ocean,69.92,delivered,0,1941.86,22,24.0,2.0,0.0
PO-000951,SUP-012,SKU-00013,WH-EAST,2024-07-01,2024-07-23,2024-07-15,180,12.86,ocean,97.91,delivered,0,2314.8,22,14.0,-8.0,1.0
PO-000952,SUP-012,SKU-00013,WH-EAST,2024-07-22,2024-08-13,2024-08-24,183,12.86,ocean,105.16,delivered,0,2353.38,22,33.0,11.0,0.0
PO-000953,SUP-012,SKU-00013,WH-EAST,2024-08-12,2024-08-19,2024-08-19,211,12.86,air,272.24,delivered,0,2713.46,7,7.0,0.0,1.0
PO-000954,SUP-012,SKU-00013,WH-EAST,2024-09-02,2024-09-24,2024-09-26,155,12.86,ocean,86.24,delivered,0,1993.3,22,24.0,2.0,0.0
PO-000955,SUP-012,SKU-00013,WH-EAST,2024-09-16,2024-10-08,2024-10-09,186,12.86,ocean,92.33,delivered,0,2391.96,22,23.0,1.0,0.0
PO-000956,SUP-012,SKU-00013,WH-EAST,2024-10-07,2024-10-29,2024-10-29,208,12.86,ocean,121.29,delivered,0,2674.88,22,22.0,0.0,1.0
PO-000957,SUP-012,SKU-00013,WH-EAST,2024-10-21,2024-10-28,2024-11-01,154,12.86,air,259.27,delivered,0,1980.44,7,11.0,4.0,0.0
PO-000958,SUP-012,SKU-00013,WH-EAST,2024-11-11,2024-11-28,2024-12-01,271,12.86,road,232.01,delivered,0,3485.06,17,20.0,3.0,0.0
PO-000959,SUP-012,SKU-00013,WH-EAST,2024-12-02,2024-12-09,2024-12-09,165,12.86,air,247.52,delivered,0,2121.9,7,7.0,0.0,1.0
PO-000960,SUP-012,SKU-00013,WH-EAST,2024-12-16,2024-12-23,2024-12-21,261,12.86,air,408.18,delivered,0,3356.46,7,5.0,-2.0,1.0
PO-000961,SUP-012,SKU-00013,WH-EAST,2024-12-30,2025-01-21,2025-01-25,229,12.86,ocean,112.34,delivered,0,2944.94,22,26.0,4.0,0.0
PO-000962,SUP-012,SKU-00013,WH-EAST,2025-01-13,2025-01-20,2025-01-19,165,12.86,air,281.53,delivered,0,2121.9,7,6.0,-1.0,1.0
PO-000963,SUP-012,SKU-00013,WH-EAST,2025-01-27,2025-02-18,2025-02-23,150,12.86,ocean,86.21,delivered,0,1929.0,22,27.0,5.0,0.0
PO-000964,SUP-012,SKU-00013,WH-EAST,2025-02-10,2025-02-17,2025-02-17,244,12.86,air,341.01,delivered,0,3137.84,7,7.0,0.0,1.0
PO-000965,SUP-012,SKU-00013,WH-EAST,2025-03-03,2025-03-25,2025-03-30,204,12.86,ocean,110.95,delivered,0,2623.44,22,27.0,5.0,0.0
PO-000966,SUP-012,SKU-00013,WH-EAST,2025-03-17,2025-04-08,2025-04-07,188,12.86,ocean,99.98,delivered,0,2417.68,22,21.0,-1.0,1.0
PO-000967,SUP-012,SKU-00013,WH-EAST,2025-04-14,2025-05-06,2025-05-11,217,12.86,ocean,122.98,delivered,0,2790.62,22,27.0,5.0,0.0
PO-000968,SUP-012,SKU-00013,WH-EAST,2025-04-28,2025-05-05,2025-05-05,155,12.86,air,257.73,delivered,0,1993.3,7,7.0,0.0,1.0
PO-000969,SUP-012,SKU-00013,WH-EAST,2025-05-19,2025-06-10,2025-06-15,196,12.86,ocean,112.28,delivered,0,2520.56,22,27.0,5.0,0.0
PO-000970,SUP-012,SKU-00013,WH-EAST,2025-06-09,2025-06-16,2025-06-16,198,12.86,air,279.2,delivered,0,2546.28,7,7.0,0.0,1.0
PO-000971,SUP-012,SKU-00013,WH-EAST,2025-06-30,2025-07-22,2025-07-28,183,12.86,ocean,103.87,delivered,0,2353.38,22,28.0,6.0,0.0
PO-000972,SUP-012,SKU-00013,WH-EAST,2025-07-14,2025-07-21,2025-07-22,154,12.86,air,193.18,delivered,0,1980.44,7,8.0,1.0,0.0
PO-000973,SUP-012,SKU-00013,WH-EAST,2025-08-04,2025-08-26,2025-08-30,232,12.86,ocean,114.26,delivered,0,2983.52,22,26.0,4.0,0.0
PO-000974,SUP-012,SKU-00013,WH-EAST,2025-08-18,2025-09-05,2025-09-02,162,12.86,rail,88.73,delivered,0,2083.32,18,15.0,-3.0,1.0
PO-000975,SUP-012,SKU-00013,WH-EAST,2025-09-15,2025-09-22,2025-09-22,259,12.86,air,357.75,delivered,0,3330.74,7,7.0,0.0,1.0
PO-000976,SUP-012,SKU-00013,WH-EAST,2025-09-29,2025-10-17,2025-10-14,216,12.86,rail,131.97,delivered,0,2777.76,18,15.0,-3.0,1.0
PO-000977,SUP-012,SKU-00013,WH-EAST,2025-10-13,2025-10-20,2025-10-21,178,12.86,air,267.81,delivered,0,2289.08,7,8.0,1.0,0.0
PO-000978,SUP-012,SKU-00013,WH-EAST,2025-10-27,2025-11-13,2025-11-13,269,12.86,road,170.99,delivered,0,3459.34,17,17.0,0.0,1.0
PO-000979,SUP-012,SKU-00013,WH-EAST,2025-11-17,2025-12-05,2025-12-06,223,12.86,rail,115.84,delivered,0,2867.78,18,19.0,1.0,0.0
PO-000980,SUP-012,SKU-00013,WH-EAST,2025-12-01,2025-12-23,2025-12-25,171,12.86,ocean,86.93,delivered,0,2199.06,22,24.0,2.0,0.0
PO-000981,SUP-012,SKU-00013,WH-EAST,2025-12-15,2025-12-22,2025-12-22,207,12.86,air,305.44,delivered,0,2662.02,7,7.0,0.0,1.0
PO-000982,SUP-012,SKU-00013,WH-EU,2024-01-15,2024-01-22,2024-01-21,151,12.86,air,253.82,delivered,0,1941.86,7,6.0,-1.0,1.0
PO-000983,SUP-012,SKU-00013,WH-EU,2024-01-29,2024-02-20,2024-02-19,166,12.86,ocean,101.13,delivered,0,2134.76,22,21.0,-1.0,1.0
PO-000984,SUP-012,SKU-00013,WH-EU,2024-02-12,2024-03-05,2024-03-12,149,12.86,ocean,65.52,delivered,0,1916.14,22,29.0,7.0,0.0
PO-000985,SUP-012,SKU-00013,WH-EU,2024-03-04,2024-03-26,2024-03-25,176,12.86,ocean,73.79,delivered,0,2263.36,22,21.0,-1.0,1.0
PO-000986,SUP-012,SKU-00013,WH-EU,2024-03-25,2024-04-01,2024-03-31,175,12.86,air,256.57,delivered,0,2250.5,7,6.0,-1.0,1.0
PO-000987,SUP-012,SKU-00013,WH-EU,2024-04-08,2024-04-30,2024-04-28,146,12.86,ocean,87.8,delivered,0,1877.56,22,20.0,-2.0,1.0
PO-000988,SUP-012,SKU-00013,WH-EU,2024-04-22,2024-04-29,2024-05-07,154,12.86,air,276.33,delivered,0,1980.44,7,15.0,8.0,0.0
PO-000989,SUP-012,SKU-00013,WH-EU,2024-05-13,2024-06-04,2024-06-11,153,12.86,ocean,77.25,delivered,0,1967.58,22,29.0,7.0,0.0
PO-000990,SUP-012,SKU-00013,WH-EU,2024-06-03,2024-06-25,2024-06-27,159,12.86,ocean,93.91,delivered,0,2044.74,22,24.0,2.0,0.0
PO-000991,SUP-012,SKU-00013,WH-EU,2024-06-24,2024-07-16,2024-07-15,179,12.86,ocean,97.55,delivered,0,2301.94,22,21.0,-1.0,1.0
PO-000992,SUP-012,SKU-00013,WH-EU,2024-07-15,2024-08-01,2024-07-30,183,12.86,road,166.28,delivered,0,2353.38,17,15.0,-2.0,1.0
PO-000993,SUP-012,SKU-00013,WH-EU,2024-08-05,2024-08-27,2024-08-30,188,12.86,ocean,93.75,delivered,0,2417.68,22,25.0,3.0,0.0
PO-000994,SUP-012,SKU-00013,WH-EU,2024-08-26,2024-09-02,2024-09-03,178,12.86,air,221.97,delivered,0,2289.08,7,8.0,1.0,0.0
PO-000995,SUP-012,SKU-00013,WH-EU,2024-09-16,2024-10-08,2024-10-10,194,12.86,ocean,104.59,delivered,0,2494.84,22,24.0,2.0,0.0
PO-000996,SUP-012,SKU-00013,WH-EU,2024-09-30,2024-10-07,2024-10-16,171,12.86,air,212.94,delivered,0,2199.06,7,16.0,9.0,0.0
PO-000997,SUP-012,SKU-00013,WH-EU,2024-10-21,2024-11-08,2024-11-13,160,12.86,rail,112.18,delivered,0,2057.6,18,23.0,5.0,0.0
PO-000998,SUP-012,SKU-00013,WH-EU,2024-11-04,2024-11-11,2024-11-21,206,12.86,air,345.45,delivered,0,2649.16,7,17.0,10.0,0.0
PO-000999,SUP-012,SKU-00013,WH-EU,2024-11-25,2024-12-17,2024-12-17,216,12.86,ocean,90.92,delivered,0,2777.76,22,22.0,0.0,1.0
PO-001000,SUP-012,SKU-00013,WH-EU,2024-12-09,2024-12-16,2024-12-19,150,12.86,air,185.97,delivered,0,1929.0,7,10.0,3.0,0.0
PO-001001,SUP-012,SKU-00013,WH-EU,2024-12-30,2025-01-06,2025-01-12,187,12.86,air,259.43,delivered,0,2404.82,7,13.0,6.0,0.0
PO-001002,SUP-012,SKU-00013,WH-EU,2025-01-13,2025-02-04,2025-02-06,193,12.86,ocean,83.43,delivered,0,2481.98,22,24.0,2.0,0.0
PO-001003,SUP-012,SKU-00013,WH-EU,2025-01-27,2025-02-03,2025-02-04,173,12.86,air,287.94,delivered,0,2224.78,7,8.0,1.0,0.0
PO-001004,SUP-012,SKU-00013,WH-EU,2025-02-17,2025-03-11,2025-03-07,210,12.86,ocean,108.91,delivered,0,2700.6,22,18.0,-4.0,1.0
PO-001005,SUP-012,SKU-00013,WH-EU,2025-03-03,2025-03-10,2025-03-12,156,12.86,air,205.87,delivered,0,2006.16,7,9.0,2.0,0.0
PO-001006,SUP-012,SKU-00013,WH-EU,2025-03-17,2025-04-08,2025-04-10,141,12.86,ocean,76.12,delivered,0,1813.26,22,24.0,2.0,0.0
PO-001007,SUP-012,SKU-00013,WH-EU,2025-03-31,2025-04-07,2025-04-05,172,12.86,air,217.22,delivered,0,2211.92,7,5.0,-2.0,1.0
PO-001008,SUP-012,SKU-00013,WH-EU,2025-04-14,2025-05-01,2025-04-28,170,12.86,road,128.85,delivered,0,2186.2,17,14.0,-3.0,1.0
PO-001009,SUP-012,SKU-00013,WH-EU,2025-04-28,2025-05-05,2025-05-09,149,12.86,air,213.52,delivered,0,1916.14,7,11.0,4.0,0.0
PO-001010,SUP-012,SKU-00013,WH-EU,2025-05-19,2025-06-06,2025-06-08,222,12.86,rail,135.7,delivered,0,2854.92,18,20.0,2.0,0.0
PO-001011,SUP-012,SKU-00013,WH-EU,2025-06-09,2025-06-26,2025-07-04,167,12.86,road,133.29,delivered,0,2147.62,17,25.0,8.0,0.0
PO-001012,SUP-012,SKU-00013,WH-EU,2025-06-23,2025-07-15,2025-07-23,145,12.86,ocean,87.28,delivered,0,1864.7,22,30.0,8.0,0.0
PO-001013,SUP-012,SKU-00013,WH-EU,2025-07-14,2025-08-05,2025-08-11,177,12.86,ocean,80.17,delivered,0,2276.22,22,28.0,6.0,0.0
PO-001014,SUP-012,SKU-00013,WH-EU,2025-08-04,2025-08-26,2025-08-29,189,12.86,ocean,88.73,delivered,0,2430.54,22,25.0,3.0,0.0
PO-001015,SUP-012,SKU-00013,WH-EU,2025-08-25,2025-09-01,2025-09-02,177,12.86,air,281.89,delivered,0,2276.22,7,8.0,1.0,0.0
PO-001016,SUP-012,SKU-00013,WH-EU,2025-09-08,2025-09-30,2025-09-30,152,12.86,ocean,67.44,delivered,0,1954.72,22,22.0,0.0,1.0
PO-001017,SUP-012,SKU-00013,WH-EU,2025-09-22,2025-09-29,2025-09-30,214,12.86,air,306.37,delivered,0,2752.04,7,8.0,1.0,0.0
PO-001018,SUP-012,SKU-00013,WH-EU,2025-10-13,2025-11-04,2025-10-29,278,12.86,ocean,146.4,delivered,0,3575.08,22,16.0,-6.0,1.0
PO-001019,SUP-012,SKU-00013,WH-EU,2025-11-03,2025-11-25,2025-12-05,203,12.86,ocean,115.9,delivered,0,2610.58,22,32.0,10.0,0.0
PO-001020,SUP-012,SKU-00013,WH-EU,2025-11-17,2025-11-24,2025-11-29,163,12.86,air,272.73,delivered,0,2096.18,7,12.0,5.0,0.0
PO-001021,SUP-012,SKU-00013,WH-EU,2025-12-08,2025-12-30,,177,12.86,ocean,72.85,open,0,2276.22,22,,,
PO-001022,SUP-012,SKU-00013,WH-EU,2025-12-22,2025-12-29,2025-12-28,189,12.86,air,302.85,delivered,0,2430.54,7,6.0,-1.0,1.0
PO-001023,SUP-016,SKU-00014,WH-EU,2024-01-15,2024-02-05,2024-02-15,192,2.31,ocean,19.78,delivered,0,443.52,21,31.0,10.0,0.0
PO-001024,SUP-016,SKU-00014,WH-EU,2024-01-29,2024-02-05,2024-02-04,168,2.31,air,49.3,delivered,0,388.08,7,6.0,-1.0,1.0
PO-001025,SUP-016,SKU-00014,WH-EU,2024-02-19,2024-03-07,2024-03-09,183,2.31,rail,17.66,delivered,0,422.73,17,19.0,2.0,0.0
PO-001026,SUP-016,SKU-00014,WH-EU,2024-03-11,2024-04-01,2024-03-25,213,2.31,ocean,20.11,delivered,0,492.03,21,14.0,-7.0,1.0
PO-001027,SUP-016,SKU-00014,WH-EU,2024-04-01,2024-04-08,2024-04-10,197,2.31,air,59.92,delivered,0,455.07,7,9.0,2.0,0.0
PO-001028,SUP-016,SKU-00014,WH-EU,2024-04-22,2024-04-29,2024-04-28,194,2.31,air,43.62,delivered,0,448.14,7,6.0,-1.0,1.0
PO-001029,SUP-016,SKU-00014,WH-EU,2024-05-13,2024-06-03,2024-06-06,199,2.31,ocean,21.33,delivered,0,459.69,21,24.0,3.0,0.0
PO-001030,SUP-016,SKU-00014,WH-EU,2024-06-03,2024-06-10,2024-06-17,180,2.31,air,48.1,delivered,0,415.8,7,14.0,7.0,0.0
PO-001031,SUP-016,SKU-00014,WH-EU,2024-06-24,2024-07-15,2024-07-12,217,2.31,ocean,22.43,delivered,0,501.27,21,18.0,-3.0,1.0
PO-001032,SUP-016,SKU-00014,WH-EU,2024-07-08,2024-07-29,2024-07-29,162,2.31,ocean,15.25,delivered,0,374.22,21,21.0,0.0,1.0
PO-001033,SUP-016,SKU-00014,WH-EU,2024-07-22,2024-07-29,2024-07-28,206,2.31,air,49.15,delivered,0,475.86,7,6.0,-1.0,1.0
PO-001034,SUP-016,SKU-00014,WH-EU,2024-08-12,2024-08-28,2024-09-05,267,2.31,road,30.8,delivered,0,616.77,16,24.0,8.0,0.0
PO-001035,SUP-016,SKU-00014,WH-EU,2024-09-09,2024-09-26,2024-09-28,206,2.31,rail,25.35,delivered,0,475.86,17,19.0,2.0,0.0
PO-001036,SUP-016,SKU-00014,WH-EU,2024-09-23,2024-09-30,2024-10-01,173,2.31,air,48.08,delivered,0,399.63,7,8.0,1.0,0.0
PO-001037,SUP-016,SKU-00014,WH-EU,2024-10-07,2024-10-24,2024-10-26,204,2.31,rail,28.06,delivered,0,471.24,17,19.0,2.0,0.0
PO-001038,SUP-016,SKU-00014,WH-EU,2024-10-14,2024-10-21,2024-10-28,156,2.31,air,37.35,delivered,0,360.36,7,14.0,7.0,0.0
PO-001039,SUP-016,SKU-00014,WH-EU,2024-11-04,2024-11-25,2024-11-28,213,2.31,ocean,20.51,delivered,0,492.03,21,24.0,3.0,0.0
PO-001040,SUP-016,SKU-00014,WH-EU,2024-11-18,2024-11-25,2024-11-26,166,2.31,air,47.2,delivered,0,383.46,7,8.0,1.0,0.0
PO-001041,SUP-016,SKU-00014,WH-EU,2024-12-09,2024-12-26,2024-12-10,281,2.31,rail,36.87,delivered,0,649.11,17,1.0,-16.0,1.0
PO-001042,SUP-016,SKU-00014,WH-EU,2024-12-16,2025-01-01,2024-12-31,176,2.31,road,20.64,delivered,0,406.56,16,15.0,-1.0,1.0
PO-001043,SUP-016,SKU-00014,WH-EU,2024-12-30,2025-01-20,2025-01-25,203,2.31,ocean,15.77,delivered,0,468.93,21,26.0,5.0,0.0
PO-001044,SUP-016,SKU-00014,WH-EU,2025-01-13,2025-01-20,2025-01-20,176,2.31,air,42.83,delivered,0,406.56,7,7.0,0.0,1.0
PO-001045,SUP-016,SKU-00014,WH-EU,2025-02-03,2025-02-24,2025-03-03,214,2.31,ocean,19.06,delivered,0,494.34,21,28.0,7.0,0.0
PO-001046,SUP-016,SKU-00014,WH-EU,2025-02-17,2025-02-24,2025-02-23,165,2.31,air,48.82,delivered,0,381.15,7,6.0,-1.0,1.0
PO-001047,SUP-016,SKU-00014,WH-EU,2025-03-10,2025-03-31,2025-03-22,219,2.31,ocean,16.48,delivered,0,505.89,21,12.0,-9.0,1.0
PO-001048,SUP-016,SKU-00014,WH-EU,2025-03-24,2025-04-14,2025-04-16,200,2.31,ocean,15.08,delivered,0,462.0,21,23.0,2.0,0.0
PO-001049,SUP-016,SKU-00014,WH-EU,2025-04-07,2025-04-14,2025-04-16,179,2.31,air,39.85,delivered,0,413.49,7,9.0,2.0,0.0
PO-001050,SUP-016,SKU-00014,WH-EU,2025-04-28,2025-05-14,2025-05-30,160,2.31,road,18.96,delivered,0,369.6,16,32.0,16.0,0.0
PO-001051,SUP-016,SKU-00014,WH-EU,2025-05-12,2025-05-19,2025-05-22,179,2.31,air,45.67,delivered,0,413.49,7,10.0,3.0,0.0
PO-001052,SUP-016,SKU-00014,WH-EU,2025-06-02,2025-06-23,2025-06-10,198,2.31,ocean,19.3,delivered,0,457.38,21,8.0,-13.0,1.0
PO-001053,SUP-016,SKU-00014,WH-EU,2025-06-16,2025-07-07,2025-07-08,185,2.31,ocean,19.09,delivered,0,427.35,21,22.0,1.0,0.0
PO-001054,SUP-016,SKU-00014,WH-EU,2025-06-30,2025-07-21,2025-07-17,194,2.31,ocean,20.13,delivered,0,448.14,21,17.0,-4.0,1.0
PO-001055,SUP-016,SKU-00014,WH-EU,2025-07-21,2025-08-07,2025-08-11,270,2.31,rail,33.67,delivered,0,623.7,17,21.0,4.0,0.0
PO-001056,SUP-016,SKU-00014,WH-EU,2025-08-18,2025-09-08,2025-09-07,293,2.31,ocean,26.22,delivered,0,676.83,21,20.0,-1.0,1.0
PO-001057,SUP-016,SKU-00014,WH-EU,2025-09-15,2025-10-02,2025-10-06,316,2.31,rail,31.34,delivered,0,729.96,17,21.0,4.0,0.0
PO-001058,SUP-016,SKU-00014,WH-EU,2025-10-13,2025-11-03,2025-11-01,308,2.31,ocean,33.09,delivered,0,711.48,21,19.0,-2.0,1.0
PO-001059,SUP-016,SKU-00014,WH-EU,2025-11-10,2025-12-01,2025-11-24,290,2.31,ocean,22.23,delivered,0,669.9,21,14.0,-7.0,1.0
PO-001060,SUP-016,SKU-00014,WH-EU,2025-12-01,2025-12-22,,273,2.31,ocean,25.56,open,0,630.63,21,,,
PO-001061,SUP-016,SKU-00014,WH-SOUTH,2024-01-15,2024-02-05,2024-02-10,163,2.31,ocean,17.09,delivered,0,376.53,21,26.0,5.0,0.0
PO-001062,SUP-016,SKU-00014,WH-SOUTH,2024-01-29,2024-02-14,2024-02-18,142,2.31,road,23.02,delivered,0,328.02,16,20.0,4.0,0.0
PO-001063,SUP-016,SKU-00014,WH-SOUTH,2024-02-26,2024-03-18,2024-03-19,178,2.31,ocean,14.29,delivered,0,411.18,21,22.0,1.0,0.0
PO-001064,SUP-016,SKU-00014,WH-SOUTH,2024-03-18,2024-04-03,2024-03-31,149,2.31,road,23.19,delivered,0,344.19,16,13.0,-3.0,1.0
PO-001065,SUP-016,SKU-00014,WH-SOUTH,2024-04-08,2024-04-29,2024-04-30,158,2.31,ocean,16.65,delivered,0,364.98,21,22.0,1.0,0.0
PO-001066,SUP-016,SKU-00014,WH-SOUTH,2024-04-29,2024-05-06,2024-05-11,154,2.31,air,40.72,delivered,0,355.74,7,12.0,5.0,0.0
PO-001067,SUP-016,SKU-00014,WH-SOUTH,2024-05-20,2024-06-05,2024-06-08,167,2.31,road,19.65,delivered,0,385.77,16,19.0,3.0,0.0
PO-001068,SUP-016,SKU-00014,WH-SOUTH,2024-06-10,2024-06-27,2024-06-24,192,2.31,rail,18.81,delivered,0,443.52,17,14.0,-3.0,1.0
PO-001069,SUP-016,SKU-00014,WH-SOUTH,2024-06-24,2024-07-15,2024-07-11,142,2.31,ocean,11.73,delivered,0,328.02,21,17.0,-4.0,1.0
PO-001070,SUP-016,SKU-00014,WH-SOUTH,2024-07-08,2024-07-29,2024-08-03,157,2.31,ocean,13.37,delivered,0,362.67,21,26.0,5.0,0.0
PO-001071,SUP-016,SKU-00014,WH-SOUTH,2024-07-22,2024-08-12,2024-08-22,170,2.31,ocean,16.95,delivered,0,392.7,21,31.0,10.0,0.0
PO-001072,SUP-016,SKU-00014,WH-SOUTH,2024-08-12,2024-08-19,2024-08-17,143,2.31,air,40.54,delivered,0,330.33,7,5.0,-2.0,1.0
PO-001073,SUP-016,SKU-00014,WH-SOUTH,2024-08-26,2024-09-16,2024-09-08,172,2.31,ocean,17.37,delivered,0,397.32,21,13.0,-8.0,1.0
PO-001074,SUP-016,SKU-00014,WH-SOUTH,2024-09-09,2024-09-30,2024-09-27,200,2.31,ocean,21.22,delivered,0,462.0,21,18.0,-3.0,1.0
PO-001075,SUP-016,SKU-00014,WH-SOUTH,2024-09-30,2024-10-07,2024-10-09,211,2.31,air,50.31,delivered,0,487.41,7,9.0,2.0,0.0
PO-001076,SUP-016,SKU-00014,WH-SOUTH,2024-10-14,2024-10-30,2024-11-02,216,2.31,road,24.71,delivered,0,498.96,16,19.0,3.0,0.0
PO-001077,SUP-016,SKU-00014,WH-SOUTH,2024-11-04,2024-11-21,2024-11-13,158,2.31,rail,21.04,delivered,0,364.98,17,9.0,-8.0,1.0
PO-001078,SUP-016,SKU-00014,WH-SOUTH,2024-11-18,2024-12-09,2024-12-12,226,2.31,ocean,16.97,delivered,0,522.06,21,24.0,3.0,0.0
PO-001079,SUP-016,SKU-00014,WH-SOUTH,2024-12-16,2025-01-06,2025-01-01,233,2.31,ocean,17.69,delivered,0,538.23,21,16.0,-5.0,1.0
PO-001080,SUP-016,SKU-00014,WH-SOUTH,2025-01-06,2025-01-27,2025-02-02,189,2.31,ocean,16.82,delivered,0,436.59,21,27.0,6.0,0.0
PO-001081,SUP-016,SKU-00014,WH-SOUTH,2025-01-20,2025-02-05,2025-02-14,138,2.31,road,20.01,delivered,0,318.78,16,25.0,9.0,0.0
PO-001082,SUP-016,SKU-00014,WH-SOUTH,2025-02-17,2025-03-06,2025-03-07,192,2.31,rail,21.42,delivered,0,443.52,17,18.0,1.0,0.0
PO-001083,SUP-016,SKU-00014,WH-SOUTH,2025-03-03,2025-03-24,2025-03-17,135,2.31,ocean,14.58,delivered,0,311.85,21,14.0,-7.0,1.0
PO-001084,SUP-016,SKU-00014,WH-SOUTH,2025-03-17,2025-03-24,2025-03-23,131,2.31,air,32.09,delivered,0,302.61,7,6.0,-1.0,1.0
PO-001085,SUP-016,SKU-00014,WH-SOUTH,2025-03-31,2025-04-21,2025-04-30,207,2.31,ocean,20.5,delivered,0,478.17,21,30.0,9.0,0.0
PO-001086,SUP-016,SKU-00014,WH-SOUTH,2025-05-05,2025-05-21,2025-05-22,183,2.31,road,25.37,delivered,0,422.73,16,17.0,1.0,0.0
PO-001087,SUP-016,SKU-00014,WH-SOUTH,2025-05-19,2025-05-26,2025-05-22,136,2.31,air,37.95,delivered,0,314.16,7,3.0,-4.0,1.0
PO-001088,SUP-016,SKU-00014,WH-SOUTH,2025-06-02,2025-06-23,2025-06-29,146,2.31,ocean,13.46,delivered,0,337.26,21,27.0,6.0,0.0
PO-001089,SUP-016,SKU-00014,WH-SOUTH,2025-06-16,2025-06-23,2025-06-21,169,2.31,air,40.03,delivered,0,390.39,7,5.0,-2.0,1.0
PO-001090,SUP-016,SKU-00014,WH-SOUTH,2025-06-30,2025-07-16,2025-07-13,144,2.31,road,21.92,delivered,0,332.64,16,13.0,-3.0,1.0
PO-001091,SUP-016,SKU-00014,WH-SOUTH,2025-07-14,2025-07-31,2025-07-24,204,2.31,rail,21.86,delivered,0,471.24,17,10.0,-7.0,1.0
PO-001092,SUP-016,SKU-00014,WH-SOUTH,2025-07-28,2025-08-18,2025-08-19,211,2.31,ocean,16.74,delivered,0,487.41,21,22.0,1.0,0.0
PO-001093,SUP-016,SKU-00014,WH-SOUTH,2025-08-25,2025-09-15,2025-09-17,240,2.31,ocean,24.73,delivered,0,554.4,21,23.0,2.0,0.0
PO-001094,SUP-016,SKU-00014,WH-SOUTH,2025-09-22,2025-10-09,2025-10-18,193,2.31,rail,25.38,delivered,0,445.83,17,26.0,9.0,0.0
PO-001095,SUP-016,SKU-00014,WH-SOUTH,2025-09-29,2025-10-06,2025-10-06,134,2.31,air,40.23,delivered,0,309.54,7,7.0,0.0,1.0
PO-001096,SUP-016,SKU-00014,WH-SOUTH,2025-10-13,2025-10-20,2025-10-17,134,2.31,air,42.46,delivered,0,309.54,7,4.0,-3.0,1.0
PO-001097,SUP-016,SKU-00014,WH-SOUTH,2025-10-27,2025-11-12,2025-11-19,233,2.31,road,37.6,delivered,0,538.23,16,23.0,7.0,0.0
PO-001098,SUP-016,SKU-00014,WH-SOUTH,2025-11-24,2025-12-15,2025-12-12,204,2.31,ocean,15.31,delivered,0,471.24,21,18.0,-3.0,1.0
PO-001099,SUP-016,SKU-00014,WH-SOUTH,2025-12-15,2026-01-05,,206,2.31,ocean,16.45,open,0,475.86,21,,,
PO-001100,SUP-016,SKU-00014,WH-EAST,2024-01-15,2024-02-05,2024-02-06,190,2.31,ocean,16.13,delivered,0,438.9,21,22.0,1.0,0.0
PO-001101,SUP-016,SKU-00014,WH-EAST,2024-01-29,2024-02-19,2024-03-05,159,2.31,ocean,16.91,delivered,0,367.29,21,36.0,15.0,0.0
PO-001102,SUP-016,SKU-00014,WH-EAST,2024-02-19,2024-03-11,2024-03-12,159,2.31,ocean,16.72,delivered,0,367.29,21,22.0,1.0,0.0
PO-001103,SUP-016,SKU-00014,WH-EAST,2024-03-18,2024-04-08,2024-04-20,200,2.31,ocean,14.85,delivered,0,462.0,21,33.0,12.0,0.0
PO-001104,SUP-016,SKU-00014,WH-EAST,2024-04-08,2024-04-15,2024-04-20,172,2.31,air,54.86,delivered,0,397.32,7,12.0,5.0,0.0
PO-001105,SUP-016,SKU-00014,WH-EAST,2024-05-06,2024-05-27,2024-05-31,153,2.31,ocean,12.47,delivered,0,353.43,21,25.0,4.0,0.0
PO-001106,SUP-016,SKU-00014,WH-EAST,2024-05-27,2024-06-17,2024-06-30,197,2.31,ocean,15.47,delivered,0,455.07,21,34.0,13.0,0.0
PO-001107,SUP-016,SKU-00014,WH-EAST,2024-06-17,2024-07-08,2024-07-12,175,2.31,ocean,15.99,delivered,0,404.25,21,25.0,4.0,0.0
PO-001108,SUP-016,SKU-00014,WH-EAST,2024-07-15,2024-08-01,2024-07-25,277,2.31,rail,30.81,delivered,0,639.87,17,10.0,-7.0,1.0
PO-001109,SUP-016,SKU-00014,WH-EAST,2024-07-29,2024-08-05,2024-08-04,171,2.31,air,43.8,delivered,0,395.01,7,6.0,-1.0,1.0
PO-001110,SUP-016,SKU-00014,WH-EAST,2024-08-12,2024-09-02,2024-08-28,213,2.31,ocean,23.29,delivered,0,492.03,21,16.0,-5.0,1.0
PO-001111,SUP-016,SKU-00014,WH-EAST,2024-08-26,2024-09-11,2024-09-03,159,2.31,road,20.49,delivered,0,367.29,16,8.0,-8.0,1.0
PO-001112,SUP-016,SKU-00014,WH-EAST,2024-09-09,2024-09-30,2024-10-05,217,2.31,ocean,17.54,delivered,0,501.27,21,26.0,5.0,0.0
PO-001113,SUP-016,SKU-00014,WH-EAST,2024-09-23,2024-09-30,2024-10-03,155,2.31,air,41.3,delivered,0,358.05,7,10.0,3.0,0.0
PO-001114,SUP-016,SKU-00014,WH-EAST,2024-10-14,2024-11-04,2024-11-17,214,2.31,ocean,23.72,delivered,0,494.34,21,34.0,13.0,0.0
PO-001115,SUP-016,SKU-00014,WH-EAST,2024-10-28,2024-11-04,2024-11-03,158,2.31,air,43.9,delivered,0,364.98,7,6.0,-1.0,1.0
PO-001116,SUP-016,SKU-00014,WH-EAST,2024-11-11,2024-11-18,2024-11-20,158,2.31,air,37.8,delivered,0,364.98,7,9.0,2.0,0.0
PO-001117,SUP-016,SKU-00014,WH-EAST,2024-11-25,2024-12-16,2024-12-05,172,2.31,ocean,18.39,delivered,0,397.32,21,10.0,-11.0,1.0
PO-001118,SUP-016,SKU-00014,WH-EAST,2024-12-09,2024-12-16,2024-12-15,263,2.31,air,73.27,delivered,0,607.53,7,6.0,-1.0,1.0
PO-001119,SUP-016,SKU-00014,WH-EAST,2024-12-16,2025-01-02,2025-01-16,171,2.31,rail,20.99,delivered,0,395.01,17,31.0,14.0,0.0
PO-001120,SUP-016,SKU-00014,WH-EAST,2024-12-30,2025-01-16,2025-01-23,201,2.31,rail,26.29,delivered,0,464.31,17,24.0,7.0,0.0
PO-001121,SUP-016,SKU-00014,WH-EAST,2025-01-27,2025-02-17,2025-03-06,171,2.31,ocean,15.9,delivered,0,395.01,21,38.0,17.0,0.0
PO-001122,SUP-016,SKU-00014,WH-EAST,2025-02-10,2025-02-17,2025-02-20,187,2.31,air,44.1,delivered,0,431.97,7,10.0,3.0,0.0
PO-001123,SUP-016,SKU-00014,WH-EAST,2025-03-03,2025-03-10,2025-03-09,182,2.31,air,49.5,delivered,0,420.42,7,6.0,-1.0,1.0
PO-001124,SUP-016,SKU-00014,WH-EAST,2025-03-17,2025-04-03,2025-04-10,167,2.31,rail,21.29,delivered,0,385.77,17,24.0,7.0,0.0
PO-001125,SUP-016,SKU-00014,WH-EAST,2025-03-31,2025-04-21,2025-04-20,205,2.31,ocean,18.9,delivered,0,473.55,21,20.0,-1.0,1.0
PO-001126,SUP-016,SKU-00014,WH-EAST,2025-04-28,2025-05-14,2025-05-08,192,2.31,road,22.49,delivered,0,443.52,16,10.0,-6.0,1.0
PO-001127,SUP-016,SKU-00014,WH-EAST,2025-05-12,2025-05-28,2025-05-15,173,2.31,road,25.47,delivered,0,399.63,16,3.0,-13.0,1.0
PO-001128,SUP-016,SKU-00014,WH-EAST,2025-05-26,2025-06-16,2025-06-15,156,2.31,ocean,12.28,delivered,0,360.36,21,20.0,-1.0,1.0
PO-001129,SUP-016,SKU-00014,WH-EAST,2025-06-09,2025-06-25,2025-06-27,189,2.31,road,23.23,delivered,0,436.59,16,18.0,2.0,0.0
PO-001130,SUP-016,SKU-00014,WH-EAST,2025-06-23,2025-07-14,2025-07-24,153,2.31,ocean,16.62,delivered,0,353.43,21,31.0,10.0,0.0
PO-001131,SUP-016,SKU-00014,WH-EAST,2025-07-07,2025-07-14,2025-07-17,201,2.31,air,60.12,delivered,0,464.31,7,10.0,3.0,0.0
PO-001132,SUP-016,SKU-00014,WH-EAST,2025-07-28,2025-08-18,2025-08-29,253,2.31,ocean,19.19,delivered,0,584.43,21,32.0,11.0,0.0
PO-001133,SUP-016,SKU-00014,WH-EAST,2025-09-01,2025-09-17,2025-09-21,193,2.31,road,27.26,delivered,0,445.83,16,20.0,4.0,0.0
PO-001134,SUP-016,SKU-00014,WH-EAST,2025-09-08,2025-09-15,2025-09-14,162,2.31,air,45.95,delivered,0,374.22,7,6.0,-1.0,1.0
PO-001135,SUP-016,SKU-00014,WH-EAST,2025-09-22,2025-10-13,2025-10-04,224,2.31,ocean,24.25,delivered,0,517.44,21,12.0,-9.0,1.0
PO-001136,SUP-016,SKU-00014,WH-EAST,2025-10-06,2025-10-13,2025-10-10,209,2.31,air,53.37,delivered,0,482.79,7,4.0,-3.0,1.0
PO-001137,SUP-016,SKU-00014,WH-EAST,2025-10-13,2025-11-03,2025-11-03,217,2.31,ocean,17.1,delivered,0,501.27,21,21.0,0.0,1.0
PO-001138,SUP-016,SKU-00014,WH-EAST,2025-10-20,2025-10-27,2025-10-30,155,2.31,air,47.95,delivered,0,358.05,7,10.0,3.0,0.0
PO-001139,SUP-016,SKU-00014,WH-EAST,2025-11-10,2025-12-01,2025-11-25,281,2.31,ocean,31.13,delivered,0,649.11,21,15.0,-6.0,1.0
PO-001140,SUP-016,SKU-00014,WH-EAST,2025-12-01,2025-12-22,2025-12-20,236,2.31,ocean,21.59,delivered,0,545.16,21,19.0,-2.0,1.0
PO-001141,SUP-016,SKU-00014,WH-EAST,2025-12-22,2026-01-12,,205,2.31,ocean,21.68,open,0,473.55,21,,,
PO-001142,SUP-009,SKU-00015,WH-EU,2024-01-15,2024-01-24,2024-01-29,77,3.53,air,34.13,delivered,0,271.81,9,14.0,5.0,0.0
PO-001143,SUP-009,SKU-00015,WH-EU,2024-01-29,2024-02-19,2024-02-05,76,3.53,road,19.29,delivered,0,268.28,21,7.0,-14.0,1.0
PO-001144,SUP-009,SKU-00015,WH-EU,2024-02-19,2024-03-18,2024-03-17,92,3.53,ocean,12.28,delivered,0,324.76,28,27.0,-1.0,1.0
PO-001145,SUP-009,SKU-00015,WH-EU,2024-03-11,2024-03-20,2024-03-17,97,3.53,air,38.99,delivered,0,342.41,9,6.0,-3.0,1.0
PO-001146,SUP-009,SKU-00015,WH-EU,2024-04-01,2024-04-29,2024-05-18,74,3.53,ocean,10.14,delivered,0,261.22,28,47.0,19.0,0.0
PO-001147,SUP-009,SKU-00015,WH-EU,2024-04-22,2024-05-01,2024-05-05,78,3.53,air,34.17,delivered,0,275.34,9,13.0,4.0,0.0
PO-001148,SUP-009,SKU-00015,WH-EU,2024-05-13,2024-06-03,2024-05-28,67,3.53,road,13.37,delivered,0,236.51,21,15.0,-6.0,1.0
PO-001149,SUP-009,SKU-00015,WH-EU,2024-06-10,2024-07-08,2024-07-04,85,3.53,ocean,13.43,delivered,0,300.05,28,24.0,-4.0,1.0
PO-001150,SUP-009,SKU-00015,WH-EU,2024-07-08,2024-07-17,2024-07-15,80,3.53,air,32.27,delivered,0,282.4,9,7.0,-2.0,1.0
PO-001151,SUP-009,SKU-00015,WH-EU,2024-08-05,2024-08-28,2024-08-28,75,3.53,rail,14.68,delivered,0,264.75,23,23.0,0.0,1.0
PO-001152,SUP-009,SKU-00015,WH-EU,2024-08-26,2024-09-16,2024-09-13,69,3.53,road,17.47,delivered,0,243.57,21,18.0,-3.0,1.0
PO-001153,SUP-009,SKU-00015,WH-EU,2024-09-16,2024-09-25,2024-09-26,74,3.53,air,27.62,delivered,0,261.22,9,10.0,1.0,0.0
PO-001154,SUP-009,SKU-00015,WH-EU,2024-10-07,2024-10-30,2024-10-28,82,3.53,rail,13.42,delivered,0,289.46,23,21.0,-2.0,1.0
PO-001155,SUP-009,SKU-00015,WH-EU,2024-10-28,2024-11-25,2024-12-05,92,3.53,ocean,10.72,delivered,0,324.76,28,38.0,10.0,0.0
PO-001156,SUP-009,SKU-00015,WH-EU,2024-11-18,2024-12-16,2024-12-21,90,3.53,ocean,10.38,delivered,0,317.7,28,33.0,5.0,0.0
PO-001157,SUP-009,SKU-00015,WH-EU,2024-12-16,2025-01-13,2024-12-26,73,3.53,ocean,10.75,delivered,0,257.69,28,10.0,-18.0,1.0
PO-001158,SUP-009,SKU-00015,WH-EU,2024-12-30,2025-01-22,2025-01-10,69,3.53,rail,14.2,delivered,0,243.57,23,11.0,-12.0,1.0
PO-001159,SUP-009,SKU-00015,WH-EU,2025-01-20,2025-01-29,2025-01-30,110,3.53,air,40.21,delivered,0,388.3,9,10.0,1.0,0.0
PO-001160,SUP-009,SKU-00015,WH-EU,2025-02-03,2025-03-03,2025-03-12,76,3.53,ocean,9.59,delivered,0,268.28,28,37.0,9.0,0.0
PO-001161,SUP-009,SKU-00015,WH-EU,2025-02-17,2025-03-17,2025-03-03,71,3.53,ocean,11.42,delivered,0,250.63,28,14.0,-14.0,1.0
PO-001162,SUP-009,SKU-00015,WH-EU,2025-03-10,2025-04-07,2025-03-26,86,3.53,ocean,11.15,delivered,0,303.58,28,16.0,-12.0,1.0
PO-001163,SUP-009,SKU-00015,WH-EU,2025-03-31,2025-04-09,2025-04-13,88,3.53,air,33.6,delivered,0,310.64,9,13.0,4.0,0.0
PO-001164,SUP-009,SKU-00015,WH-EU,2025-04-21,2025-05-12,2025-05-03,91,3.53,road,17.83,delivered,0,321.23,21,12.0,-9.0,1.0
PO-001165,SUP-009,SKU-00015,WH-EU,2025-05-12,2025-05-21,2025-05-26,74,3.53,air,28.47,delivered,0,261.22,9,14.0,5.0,0.0
PO-001166,SUP-009,SKU-00015,WH-EU,2025-06-09,2025-07-07,2025-08-02,90,3.53,ocean,14.61,delivered,0,317.7,28,54.0,26.0,0.0
PO-001167,SUP-009,SKU-00015,WH-EU,2025-07-07,2025-08-04,2025-08-15,88,3.53,ocean,13.62,delivered,0,310.64,28,39.0,11.0,0.0
PO-001168,SUP-009,SKU-00015,WH-EU,2025-08-18,2025-08-27,2025-08-31,76,3.53,air,26.43,delivered,0,268.28,9,13.0,4.0,0.0
PO-001169,SUP-009,SKU-00015,WH-EU,2025-09-08,2025-10-06,2025-10-01,83,3.53,ocean,13.14,delivered,0,292.99,28,23.0,-5.0,1.0
PO-001170,SUP-009,SKU-00015,WH-EU,2025-09-29,2025-10-27,2025-10-22,92,3.53,ocean,15.28,delivered,0,324.76,28,23.0,-5.0,1.0
PO-001171,SUP-009,SKU-00015,WH-EU,2025-10-20,2025-11-17,2025-12-12,87,3.53,ocean,14.69,delivered,0,307.11,28,53.0,25.0,0.0
PO-001172,SUP-009,SKU-00015,WH-EU,2025-11-03,2025-11-12,2025-11-06,68,3.53,air,28.65,delivered,0,240.04,9,3.0,-6.0,1.0
PO-001173,SUP-009,SKU-00015,WH-EU,2025-11-17,2025-12-15,2025-11-20,68,3.53,ocean,10.49,delivered,0,240.04,28,3.0,-25.0,1.0
PO-001174,SUP-009,SKU-00015,WH-EU,2025-12-01,2025-12-29,,68,3.53,ocean,8.0,open,0,240.04,28,,,
PO-001175,SUP-009,SKU-00015,WH-EU,2025-12-15,2026-01-12,,72,3.53,ocean,9.18,open,0,254.16,28,,,
PO-001176,SUP-009,SKU-00015,WH-SOUTH,2024-01-15,2024-02-12,2024-02-15,57,3.53,ocean,8.76,delivered,0,201.21,28,31.0,3.0,0.0
PO-001177,SUP-009,SKU-00015,WH-SOUTH,2024-02-05,2024-03-04,2024-03-07,64,3.53,ocean,7.44,delivered,0,225.92,28,31.0,3.0,0.0
PO-001178,SUP-009,SKU-00015,WH-SOUTH,2024-02-26,2024-03-06,2024-03-07,56,3.53,air,26.21,delivered,0,197.68,9,10.0,1.0,0.0
PO-001179,SUP-009,SKU-00015,WH-SOUTH,2024-03-18,2024-04-08,2024-04-08,70,3.53,road,12.36,delivered,0,247.1,21,21.0,0.0,1.0
PO-001180,SUP-009,SKU-00015,WH-SOUTH,2024-04-08,2024-05-06,2024-05-29,64,3.53,ocean,9.13,delivered,0,225.92,28,51.0,23.0,0.0
PO-001181,SUP-009,SKU-00015,WH-SOUTH,2024-04-29,2024-05-08,2024-05-11,54,3.53,air,19.88,delivered,0,190.62,9,12.0,3.0,0.0
PO-001182,SUP-009,SKU-00015,WH-SOUTH,2024-05-20,2024-06-10,2024-06-13,49,3.53,road,10.09,delivered,0,172.97,21,24.0,3.0,0.0
PO-001183,SUP-009,SKU-00015,WH-SOUTH,2024-06-10,2024-07-08,2024-07-25,53,3.53,ocean,6.99,delivered,0,187.09,28,45.0,17.0,0.0
PO-001184,SUP-009,SKU-00015,WH-SOUTH,2024-07-08,2024-08-05,2024-07-10,58,3.53,ocean,9.5,delivered,0,204.74,28,2.0,-26.0,1.0
PO-001185,SUP-009,SKU-00015,WH-SOUTH,2024-08-05,2024-08-14,2024-08-08,59,3.53,air,22.53,delivered,0,208.27,9,3.0,-6.0,1.0
PO-001186,SUP-009,SKU-00015,WH-SOUTH,2024-08-26,2024-09-23,2024-09-17,58,3.53,ocean,8.99,delivered,0,204.74,28,22.0,-6.0,1.0
PO-001187,SUP-009,SKU-00015,WH-SOUTH,2024-09-16,2024-10-14,2024-10-12,52,3.53,ocean,6.47,delivered,0,183.56,28,26.0,-2.0,1.0
PO-001188,SUP-009,SKU-00015,WH-SOUTH,2024-10-07,2024-11-04,2024-10-25,64,3.53,ocean,10.48,delivered,0,225.92,28,18.0,-10.0,1.0
PO-001189,SUP-009,SKU-00015,WH-SOUTH,2024-10-28,2024-11-25,2024-11-17,67,3.53,ocean,7.82,delivered,0,236.51,28,20.0,-8.0,1.0
PO-001190,SUP-009,SKU-00015,WH-SOUTH,2024-11-11,2024-12-09,2024-12-07,54,3.53,ocean,6.67,delivered,0,190.62,28,26.0,-2.0,1.0
PO-001191,SUP-009,SKU-00015,WH-SOUTH,2024-11-25,2024-12-23,2025-01-03,61,3.53,ocean,9.32,delivered,0,215.33,28,39.0,11.0,0.0
PO-001192,SUP-009,SKU-00015,WH-SOUTH,2024-12-16,2024-12-25,2024-12-21,62,3.53,air,26.35,delivered,0,218.86,9,5.0,-4.0,1.0
PO-001193,SUP-009,SKU-00015,WH-SOUTH,2024-12-30,2025-01-22,2025-01-28,56,3.53,rail,10.49,delivered,0,197.68,23,29.0,6.0,0.0
PO-001194,SUP-009,SKU-00015,WH-SOUTH,2025-01-13,2025-02-05,2025-01-25,54,3.53,rail,10.13,delivered,0,190.62,23,12.0,-11.0,1.0
PO-001195,SUP-009,SKU-00015,WH-SOUTH,2025-02-03,2025-02-12,2025-02-10,70,3.53,air,29.92,delivered,0,247.1,9,7.0,-2.0,1.0
PO-001196,SUP-009,SKU-00015,WH-SOUTH,2025-02-17,2025-03-10,2025-03-16,49,3.53,road,10.95,delivered,0,172.97,21,27.0,6.0,0.0
PO-001197,SUP-009,SKU-00015,WH-SOUTH,2025-03-03,2025-03-31,2025-03-25,53,3.53,ocean,6.76,delivered,0,187.09,28,22.0,-6.0,1.0
PO-001198,SUP-009,SKU-00015,WH-SOUTH,2025-03-24,2025-04-02,2025-04-02,72,3.53,air,29.14,delivered,0,254.16,9,9.0,0.0,1.0
PO-001199,SUP-009,SKU-00015,WH-SOUTH,2025-04-07,2025-04-30,2025-04-27,52,3.53,rail,9.85,delivered,0,183.56,23,20.0,-3.0,1.0
PO-001200,SUP-009,SKU-00015,WH-SOUTH,2025-04-28,2025-05-26,2025-06-01,53,3.53,ocean,8.08,delivered,0,187.09,28,34.0,6.0,0.0
PO-001201,SUP-009,SKU-00015,WH-SOUTH,2025-05-19,2025-06-16,2025-06-10,59,3.53,ocean,8.61,delivered,0,208.27,28,22.0,-6.0,1.0
PO-001202,SUP-009,SKU-00015,WH-SOUTH,2025-06-09,2025-07-07,2025-07-05,50,3.53,ocean,7.95,delivered,0,176.5,28,26.0,-2.0,1.0
PO-001203,SUP-009,SKU-00015,WH-SOUTH,2025-06-30,2025-07-28,2025-07-26,49,3.53,ocean,6.12,delivered,0,172.97,28,26.0,-2.0,1.0
PO-001204,SUP-009,SKU-00015,WH-SOUTH,2025-07-21,2025-07-30,2025-08-04,55,3.53,air,23.31,delivered,0,194.15,9,14.0,5.0,0.0
PO-001205,SUP-009,SKU-00015,WH-SOUTH,2025-08-18,2025-09-10,2025-09-05,73,3.53,rail,13.29,delivered,0,257.69,23,18.0,-5.0,1.0
PO-001206,SUP-009,SKU-00015,WH-SOUTH,2025-09-08,2025-10-01,2025-10-17,61,3.53,rail,11.05,delivered,0,215.33,23,39.0,16.0,0.0
PO-001207,SUP-009,SKU-00015,WH-SOUTH,2025-09-29,2025-10-27,2025-10-31,66,3.53,ocean,8.0,delivered,0,232.98,28,32.0,4.0,0.0
PO-001208,SUP-009,SKU-00015,WH-SOUTH,2025-10-27,2025-11-19,2025-11-17,55,3.53,rail,8.76,delivered,0,194.15,23,21.0,-2.0,1.0
PO-001209,SUP-009,SKU-00015,WH-SOUTH,2025-11-17,2025-11-26,2025-11-24,73,3.53,air,29.38,delivered,0,257.69,9,7.0,-2.0,1.0
PO-001210,SUP-009,SKU-00015,WH-SOUTH,2025-12-01,2025-12-24,2025-12-25,57,3.53,rail,8.46,delivered,0,201.21,23,24.0,1.0,0.0
PO-001211,SUP-009,SKU-00015,WH-SOUTH,2025-12-15,2025-12-24,2025-12-26,57,3.53,air,21.43,delivered,0,201.21,9,11.0,2.0,0.0
PO-001212,SUP-009,SKU-00015,WH-WEST,2024-01-15,2024-02-12,2024-02-10,71,3.53,ocean,9.27,delivered,0,250.63,28,26.0,-2.0,1.0
PO-001213,SUP-009,SKU-00015,WH-WEST,2024-02-05,2024-03-04,2024-02-19,100,3.53,ocean,12.52,delivered,0,353.0,28,14.0,-14.0,1.0
PO-001214,SUP-009,SKU-00015,WH-WEST,2024-02-26,2024-03-25,2024-03-23,101,3.53,ocean,16.59,delivered,0,356.53,28,26.0,-2.0,1.0
PO-001215,SUP-009,SKU-00015,WH-WEST,2024-03-11,2024-04-08,2024-04-08,82,3.53,ocean,10.42,delivered,0,289.46,28,28.0,0.0,1.0
PO-001216,SUP-009,SKU-00015,WH-WEST,2024-04-08,2024-05-06,2024-05-07,87,3.53,ocean,10.59,delivered,0,307.11,28,29.0,1.0,0.0
PO-001217,SUP-009,SKU-00015,WH-WEST,2024-04-29,2024-05-08,2024-05-06,80,3.53,air,36.33,delivered,0,282.4,9,7.0,-2.0,1.0
PO-001218,SUP-009,SKU-00015,WH-WEST,2024-05-20,2024-06-10,2024-06-19,73,3.53,road,14.69,delivered,0,257.69,21,30.0,9.0,0.0
PO-001219,SUP-009,SKU-00015,WH-WEST,2024-06-10,2024-07-03,2024-07-16,69,3.53,rail,12.71,delivered,0,243.57,23,36.0,13.0,0.0
PO-001220,SUP-009,SKU-00015,WH-WEST,2024-07-08,2024-07-17,2024-07-15,72,3.53,air,27.0,delivered,0,254.16,9,7.0,-2.0,1.0
PO-001221,SUP-009,SKU-00015,WH-WEST,2024-08-05,2024-08-28,2024-08-21,84,3.53,rail,12.53,delivered,0,296.52,23,16.0,-7.0,1.0
PO-001222,SUP-009,SKU-00015,WH-WEST,2024-08-26,2024-09-18,2024-09-26,74,3.53,rail,11.06,delivered,0,261.22,23,31.0,8.0,0.0
PO-001223,SUP-009,SKU-00015,WH-WEST,2024-09-16,2024-10-14,2024-11-06,86,3.53,ocean,9.92,delivered,0,303.58,28,51.0,23.0,0.0
PO-001224,SUP-009,SKU-00015,WH-WEST,2024-10-07,2024-11-04,2024-10-23,83,3.53,ocean,11.34,delivered,0,292.99,28,16.0,-12.0,1.0
PO-001225,SUP-009,SKU-00015,WH-WEST,2024-11-04,2024-11-27,2024-11-17,103,3.53,rail,21.62,delivered,0,363.59,23,13.0,-10.0,1.0
PO-001226,SUP-009,SKU-00015,WH-WEST,2024-11-25,2024-12-23,2025-01-02,102,3.53,ocean,13.26,delivered,0,360.06,28,38.0,10.0,0.0
PO-001227,SUP-009,SKU-00015,WH-WEST,2024-12-16,2024-12-25,2024-12-30,98,3.53,air,37.48,delivered,0,345.94,9,14.0,5.0,0.0
PO-001228,SUP-009,SKU-00015,WH-WEST,2025-01-13,2025-02-10,2025-02-21,81,3.53,ocean,11.97,delivered,0,285.93,28,39.0,11.0,0.0
PO-001229,SUP-009,SKU-00015,WH-WEST,2025-01-27,2025-02-19,2025-02-19,101,3.53,rail,14.6,delivered,0,356.53,23,23.0,0.0,1.0
PO-001230,SUP-009,SKU-00015,WH-WEST,2025-03-03,2025-03-24,2025-03-24,98,3.53,road,20.41,delivered,0,345.94,21,21.0,0.0,1.0
PO-001231,SUP-009,SKU-00015,WH-WEST,2025-03-24,2025-04-21,2025-04-23,93,3.53,ocean,12.88,delivered,0,328.29,28,30.0,2.0,0.0
PO-001232,SUP-009,SKU-00015,WH-WEST,2025-04-14,2025-05-05,2025-05-06,95,3.53,road,21.88,delivered,0,335.35,21,22.0,1.0,0.0
PO-001233,SUP-009,SKU-00015,WH-WEST,2025-05-12,2025-06-09,2025-05-27,88,3.53,ocean,13.25,delivered,0,310.64,28,15.0,-13.0,1.0
PO-001234,SUP-009,SKU-00015,WH-WEST,2025-06-09,2025-07-07,2025-07-27,93,3.53,ocean,12.52,delivered,0,328.29,28,48.0,20.0,0.0
PO-001235,SUP-009,SKU-00015,WH-WEST,2025-07-07,2025-07-16,2025-07-18,94,3.53,air,35.12,delivered,0,331.82,9,11.0,2.0,0.0
PO-001236,SUP-009,SKU-00015,WH-WEST,2025-08-04,2025-08-13,2025-08-15,77,3.53,air,26.13,delivered,0,271.81,9,11.0,2.0,0.0
PO-001237,SUP-009,SKU-00015,WH-WEST,2025-08-25,2025-09-22,2025-09-17,75,3.53,ocean,10.9,delivered,0,264.75,28,23.0,-5.0,1.0
PO-001238,SUP-009,SKU-00015,WH-WEST,2025-09-15,2025-10-13,2025-09-30,88,3.53,ocean,13.91,delivered,0,310.64,28,15.0,-13.0,1.0
PO-001239,SUP-009,SKU-00015,WH-WEST,2025-10-06,2025-11-03,2025-10-27,73,3.53,ocean,8.38,delivered,0,257.69,28,21.0,-7.0,1.0
PO-001240,SUP-009,SKU-00015,WH-WEST,2025-10-27,2025-11-24,2025-11-17,92,3.53,ocean,11.05,delivered,0,324.76,28,21.0,-7.0,1.0
PO-001241,SUP-009,SKU-00015,WH-WEST,2025-11-10,2025-12-08,2025-12-02,78,3.53,ocean,10.32,delivered,0,275.34,28,22.0,-6.0,1.0
PO-001242,SUP-009,SKU-00015,WH-WEST,2025-12-01,2025-12-22,2025-12-20,97,3.53,road,19.52,delivered,0,342.41,21,19.0,-2.0,1.0
PO-001243,SUP-009,SKU-00015,WH-WEST,2025-12-15,2026-01-12,,74,3.53,ocean,9.77,open,0,261.22,28,,,
PO-001244,SUP-021,SKU-00016,WH-EU,2024-01-15,2024-02-17,2024-02-11,26,52.74,ocean,45.87,delivered,0,1371.24,33,27.0,-6.0,1.0
PO-001245,SUP-021,SKU-00016,WH-EU,2024-02-05,2024-02-29,2024-03-03,33,52.74,road,118.57,delivered,0,1740.42,24,27.0,3.0,0.0
PO-001246,SUP-021,SKU-00016,WH-EU,2024-02-19,2024-03-23,2024-03-11,29,52.74,ocean,65.4,delivered,0,1529.46,33,21.0,-12.0,1.0
PO-001247,SUP-021,SKU-00016,WH-EU,2024-03-11,2024-03-22,2024-03-19,35,52.74,air,213.53,delivered,0,1845.9,11,8.0,-3.0,1.0
PO-001248,SUP-021,SKU-00016,WH-EU,2024-03-25,2024-04-21,2024-04-28,30,52.74,rail,88.36,delivered,0,1582.2,27,34.0,7.0,0.0
PO-001249,SUP-021,SKU-00016,WH-EU,2024-04-15,2024-05-18,2024-05-17,36,52.74,ocean,64.63,delivered,0,1898.64,33,32.0,-1.0,1.0
PO-001250,SUP-021,SKU-00016,WH-EU,2024-05-06,2024-06-08,2024-06-12,36,52.74,ocean,81.09,delivered,0,1898.64,33,37.0,4.0,0.0
PO-001251,SUP-021,SKU-00016,WH-EU,2024-05-27,2024-06-23,2024-07-04,34,52.74,rail,86.02,delivered,0,1793.16,27,38.0,11.0,0.0
PO-001252,SUP-021,SKU-00016,WH-EU,2024-06-24,2024-07-27,2024-08-10,33,52.74,ocean,73.99,delivered,0,1740.42,33,47.0,14.0,0.0
PO-001253,SUP-021,SKU-00016,WH-EU,2024-07-15,2024-08-17,2024-08-22,26,52.74,ocean,51.98,delivered,0,1371.24,33,38.0,5.0,0.0
PO-001254,SUP-021,SKU-00016,WH-EU,2024-07-29,2024-08-09,2024-08-08,28,52.74,air,152.19,delivered,0,1476.72,11,10.0,-1.0,1.0
PO-001255,SUP-021,SKU-00016,WH-EU,2024-09-02,2024-10-05,2024-10-20,35,52.74,ocean,77.14,delivered,0,1845.9,33,48.0,15.0,0.0
PO-001256,SUP-021,SKU-00016,WH-EU,2024-09-23,2024-10-04,2024-10-10,36,52.74,air,226.91,delivered,0,1898.64,11,17.0,6.0,0.0
PO-001257,SUP-021,SKU-00016,WH-EU,2024-10-21,2024-11-17,2024-11-17,30,52.74,rail,93.3,delivered,0,1582.2,27,27.0,0.0,1.0
PO-001258,SUP-021,SKU-00016,WH-EU,2024-11-11,2024-12-08,2024-12-01,32,52.74,rail,95.8,delivered,0,1687.68,27,20.0,-7.0,1.0
PO-001259,SUP-021,SKU-00016,WH-EU,2024-12-02,2025-01-04,2025-01-18,30,52.74,ocean,53.91,delivered,0,1582.2,33,47.0,14.0,0.0
PO-001260,SUP-021,SKU-00016,WH-EU,2024-12-23,2025-01-19,2025-02-05,31,52.74,rail,69.36,delivered,0,1634.94,27,44.0,17.0,0.0
PO-001261,SUP-021,SKU-00016,WH-EU,2025-01-13,2025-01-24,2025-01-24,26,52.74,air,158.93,delivered,0,1371.24,11,11.0,0.0,1.0
PO-001262,SUP-021,SKU-00016,WH-EU,2025-02-03,2025-02-27,2025-03-14,26,52.74,road,92.4,delivered,0,1371.24,24,39.0,15.0,0.0
PO-001263,SUP-021,SKU-00016,WH-EU,2025-02-24,2025-03-29,2025-04-05,36,52.74,ocean,68.27,delivered,0,1898.64,33,40.0,7.0,0.0
PO-001264,SUP-021,SKU-00016,WH-EU,2025-03-17,2025-04-19,2025-04-13,28,52.74,ocean,57.55,delivered,0,1476.72,33,27.0,-6.0,1.0
PO-001265,SUP-021,SKU-00016,WH-EU,2025-04-07,2025-05-10,2025-04-23,27,52.74,ocean,65.16,delivered,0,1423.98,33,16.0,-17.0,1.0
PO-001266,SUP-021,SKU-00016,WH-EU,2025-05-05,2025-06-07,2025-05-29,32,52.74,ocean,74.96,delivered,0,1687.68,33,24.0,-9.0,1.0
PO-001267,SUP-021,SKU-00016,WH-EU,2025-06-02,2025-06-13,2025-06-08,34,52.74,air,205.36,delivered,0,1793.16,11,6.0,-5.0,1.0
PO-001268,SUP-021,SKU-00016,WH-EU,2025-06-23,2025-07-26,2025-08-10,27,52.74,ocean,56.47,delivered,0,1423.98,33,48.0,15.0,0.0
PO-001269,SUP-021,SKU-00016,WH-EU,2025-07-14,2025-08-10,2025-08-19,28,52.74,rail,71.0,delivered,0,1476.72,27,36.0,9.0,0.0
PO-001270,SUP-021,SKU-00016,WH-EU,2025-08-11,2025-08-22,2025-08-26,35,52.74,air,223.37,delivered,0,1845.9,11,15.0,4.0,0.0
PO-001271,SUP-021,SKU-00016,WH-EU,2025-09-01,2025-09-12,2025-09-15,29,52.74,air,162.79,delivered,0,1529.46,11,14.0,3.0,0.0
PO-001272,SUP-021,SKU-00016,WH-EU,2025-09-29,2025-11-01,2025-11-19,35,52.74,ocean,77.93,delivered,0,1845.9,33,51.0,18.0,0.0
PO-001273,SUP-021,SKU-00016,WH-EU,2025-10-20,2025-11-22,2025-12-11,30,52.74,ocean,54.24,delivered,0,1582.2,33,52.0,19.0,0.0
PO-001274,SUP-021,SKU-00016,WH-EU,2025-11-24,2025-12-18,2025-12-18,30,52.74,road,84.81,delivered,0,1582.2,24,24.0,0.0,1.0
PO-001275,SUP-021,SKU-00016,WH-EU,2025-12-15,2026-01-08,,31,52.74,road,109.92,open,0,1634.94,24,,,
PO-001276,SUP-021,SKU-00016,WH-WEST,2024-01-15,2024-02-17,2024-02-26,34,52.74,ocean,78.33,delivered,0,1793.16,33,42.0,9.0,0.0
PO-001277,SUP-021,SKU-00016,WH-WEST,2024-01-29,2024-03-02,2024-02-28,33,52.74,ocean,68.43,delivered,0,1740.42,33,30.0,-3.0,1.0
PO-001278,SUP-021,SKU-00016,WH-WEST,2024-02-19,2024-03-01,2024-03-01,42,52.74,air,318.86,delivered,0,2215.08,11,11.0,0.0,1.0
PO-001279,SUP-021,SKU-00016,WH-WEST,2024-03-11,2024-04-13,2024-04-11,39,52.74,ocean,73.01,delivered,0,2056.86,33,31.0,-2.0,1.0
PO-001280,SUP-021,SKU-00016,WH-WEST,2024-04-01,2024-04-28,2024-04-24,41,52.74,rail,101.51,delivered,0,2162.34,27,23.0,-4.0,1.0
PO-001281,SUP-021,SKU-00016,WH-WEST,2024-04-15,2024-05-18,2024-06-12,33,52.74,ocean,69.51,delivered,0,1740.42,33,58.0,25.0,0.0
PO-001282,SUP-021,SKU-00016,WH-WEST,2024-04-29,2024-06-01,2024-05-28,33,52.74,ocean,58.17,delivered,0,1740.42,33,29.0,-4.0,1.0
PO-001283,SUP-021,SKU-00016,WH-WEST,2024-05-20,2024-06-13,2024-06-10,43,52.74,road,142.65,delivered,0,2267.82,24,21.0,-3.0,1.0
PO-001284,SUP-021,SKU-00016,WH-WEST,2024-06-17,2024-07-20,2024-07-27,42,52.74,ocean,71.78,delivered,0,2215.08,33,40.0,7.0,0.0
PO-001285,SUP-021,SKU-00016,WH-WEST,2024-07-08,2024-08-10,2024-07-25,43,52.74,ocean,88.18,delivered,0,2267.82,33,17.0,-16.0,1.0
PO-001286,SUP-021,SKU-00016,WH-WEST,2024-07-29,2024-08-31,2024-09-01,36,52.74,ocean,67.77,delivered,0,1898.64,33,34.0,1.0,0.0
PO-001287,SUP-021,SKU-00016,WH-WEST,2024-08-19,2024-09-15,2024-09-23,41,52.74,rail,96.19,delivered,0,2162.34,27,35.0,8.0,0.0
PO-001288,SUP-021,SKU-00016,WH-WEST,2024-09-09,2024-10-12,2024-09-20,37,52.74,ocean,79.46,delivered,0,1951.38,33,11.0,-22.0,1.0
PO-001289,SUP-021,SKU-00016,WH-WEST,2024-09-30,2024-11-02,2024-11-02,42,52.74,ocean,94.95,delivered,0,2215.08,33,33.0,0.0,1.0
PO-001290,SUP-021,SKU-00016,WH-WEST,2024-10-21,2024-11-14,2024-10-29,42,52.74,road,125.82,delivered,0,2215.08,24,8.0,-16.0,1.0
PO-001291,SUP-021,SKU-00016,WH-WEST,2024-11-04,2024-12-07,2024-12-12,36,52.74,ocean,61.67,delivered,0,1898.64,33,38.0,5.0,0.0
PO-001292,SUP-021,SKU-00016,WH-WEST,2024-11-18,2024-12-21,2025-01-16,34,52.74,ocean,58.77,delivered,0,1793.16,33,59.0,26.0,0.0
PO-001293,SUP-021,SKU-00016,WH-WEST,2024-12-09,2025-01-05,2025-01-05,39,52.74,rail,121.78,delivered,0,2056.86,27,27.0,0.0,1.0
PO-001294,SUP-021,SKU-00016,WH-WEST,2024-12-23,2025-01-03,2025-01-11,32,52.74,air,221.28,delivered,0,1687.68,11,19.0,8.0,0.0
PO-001295,SUP-021,SKU-00016,WH-WEST,2025-01-20,2025-01-31,2025-01-28,38,52.74,air,273.05,delivered,0,2004.12,11,8.0,-3.0,1.0
PO-001296,SUP-021,SKU-00016,WH-WEST,2025-02-10,2025-03-06,2025-03-06,45,52.74,road,116.12,delivered,0,2373.3,24,24.0,0.0,1.0
PO-001297,SUP-021,SKU-00016,WH-WEST,2025-03-03,2025-03-14,2025-03-24,43,52.74,air,285.01,delivered,0,2267.82,11,21.0,10.0,0.0
PO-001298,SUP-021,SKU-00016,WH-WEST,2025-03-17,2025-04-19,2025-05-10,32,52.74,ocean,56.47,delivered,0,1687.68,33,54.0,21.0,0.0
PO-001299,SUP-021,SKU-00016,WH-WEST,2025-04-07,2025-05-10,2025-05-26,37,52.74,ocean,69.4,delivered,0,1951.38,33,49.0,16.0,0.0
PO-001300,SUP-021,SKU-00016,WH-WEST,2025-04-28,2025-05-09,2025-05-17,37,52.74,air,264.72,delivered,0,1951.38,11,19.0,8.0,0.0
PO-001301,SUP-021,SKU-00016,WH-WEST,2025-05-26,2025-06-22,2025-06-21,32,52.74,rail,69.55,delivered,0,1687.68,27,26.0,-1.0,1.0
PO-001302,SUP-021,SKU-00016,WH-WEST,2025-06-16,2025-07-19,2025-07-14,36,52.74,ocean,71.17,delivered,0,1898.64,33,28.0,-5.0,1.0
PO-001303,SUP-021,SKU-00016,WH-WEST,2025-07-07,2025-08-09,2025-07-19,43,52.74,ocean,90.3,delivered,0,2267.82,33,12.0,-21.0,1.0
PO-001304,SUP-021,SKU-00016,WH-WEST,2025-07-28,2025-08-24,2025-09-13,39,52.74,rail,87.63,delivered,0,2056.86,27,47.0,20.0,0.0
PO-001305,SUP-021,SKU-00016,WH-WEST,2025-08-18,2025-09-20,2025-09-17,34,52.74,ocean,85.4,delivered,0,1793.16,33,30.0,-3.0,1.0
PO-001306,SUP-021,SKU-00016,WH-WEST,2025-09-15,2025-10-09,2025-09-21,38,52.74,road,121.85,delivered,0,2004.12,24,6.0,-18.0,1.0
PO-001307,SUP-021,SKU-00016,WH-WEST,2025-10-06,2025-10-17,2025-10-26,33,52.74,air,174.26,delivered,0,1740.42,11,20.0,9.0,0.0
PO-001308,SUP-021,SKU-00016,WH-WEST,2025-10-27,2025-11-23,2025-11-19,39,52.74,rail,120.15,delivered,0,2056.86,27,23.0,-4.0,1.0
PO-001309,SUP-021,SKU-00016,WH-WEST,2025-11-17,2025-12-20,,32,52.74,ocean,72.12,open,0,1687.68,33,,,
PO-001310,SUP-021,SKU-00016,WH-WEST,2025-12-08,2026-01-10,2025-12-28,39,52.74,ocean,88.84,delivered,0,2056.86,33,20.0,-13.0,1.0
PO-001311,SUP-021,SKU-00016,WH-SOUTH,2024-01-15,2024-01-26,2024-01-31,42,52.74,air,299.56,delivered,0,2215.08,11,16.0,5.0,0.0
PO-001312,SUP-021,SKU-00016,WH-SOUTH,2024-01-29,2024-03-02,2024-02-18,40,52.74,ocean,94.65,delivered,0,2109.6,33,20.0,-13.0,1.0
PO-001313,SUP-021,SKU-00016,WH-SOUTH,2024-02-12,2024-03-16,2024-03-06,50,52.74,ocean,119.99,delivered,0,2637.0,33,23.0,-10.0,1.0
PO-001314,SUP-021,SKU-00016,WH-SOUTH,2024-03-04,2024-04-06,2024-04-10,52,52.74,ocean,120.13,delivered,0,2742.48,33,37.0,4.0,0.0
PO-001315,SUP-021,SKU-00016,WH-SOUTH,2024-03-25,2024-04-21,2024-04-26,52,52.74,rail,125.59,delivered,0,2742.48,27,32.0,5.0,0.0
PO-001316,SUP-021,SKU-00016,WH-SOUTH,2024-04-15,2024-05-12,2024-05-05,48,52.74,rail,140.71,delivered,0,2531.52,27,20.0,-7.0,1.0
PO-001317,SUP-021,SKU-00016,WH-SOUTH,2024-05-06,2024-06-08,2024-07-02,43,52.74,ocean,106.7,delivered,0,2267.82,33,57.0,24.0,0.0
PO-001318,SUP-021,SKU-00016,WH-SOUTH,2024-05-27,2024-06-07,2024-06-14,47,52.74,air,302.03,delivered,0,2478.78,11,18.0,7.0,0.0
PO-001319,SUP-021,SKU-00016,WH-SOUTH,2024-06-17,2024-06-28,2024-07-01,45,52.74,air,257.66,delivered,0,2373.3,11,14.0,3.0,0.0
PO-001320,SUP-021,SKU-00016,WH-SOUTH,2024-07-08,2024-07-19,2024-07-18,46,52.74,air,292.47,delivered,0,2426.04,11,10.0,-1.0,1.0
PO-001321,SUP-021,SKU-00016,WH-SOUTH,2024-07-29,2024-08-09,2024-08-08,60,52.74,air,364.86,delivered,0,3164.4,11,10.0,-1.0,1.0
PO-001322,SUP-021,SKU-00016,WH-SOUTH,2024-08-19,2024-08-30,2024-09-02,44,52.74,air,253.35,delivered,0,2320.56,11,14.0,3.0,0.0
PO-001323,SUP-021,SKU-00016,WH-SOUTH,2024-09-09,2024-10-12,2024-09-29,49,52.74,ocean,96.69,delivered,0,2584.26,33,20.0,-13.0,1.0
PO-001324,SUP-021,SKU-00016,WH-SOUTH,2024-09-30,2024-11-02,2024-10-25,49,52.74,ocean,104.44,delivered,0,2584.26,33,25.0,-8.0,1.0
PO-001325,SUP-021,SKU-00016,WH-SOUTH,2024-10-21,2024-11-01,2024-10-26,44,52.74,air,323.1,delivered,0,2320.56,11,5.0,-6.0,1.0
PO-001326,SUP-021,SKU-00016,WH-SOUTH,2024-11-04,2024-12-07,2024-11-29,39,52.74,ocean,78.02,delivered,0,2056.86,33,25.0,-8.0,1.0
PO-001327,SUP-021,SKU-00016,WH-SOUTH,2024-11-25,2024-12-06,2024-12-14,49,52.74,air,319.08,delivered,0,2584.26,11,19.0,8.0,0.0
PO-001328,SUP-021,SKU-00016,WH-SOUTH,2024-12-16,2025-01-18,2025-01-12,47,52.74,ocean,82.02,delivered,0,2478.78,33,27.0,-6.0,1.0
PO-001329,SUP-021,SKU-00016,WH-SOUTH,2025-01-06,2025-02-08,2025-02-13,48,52.74,ocean,87.46,delivered,0,2531.52,33,38.0,5.0,0.0
PO-001330,SUP-021,SKU-00016,WH-SOUTH,2025-01-27,2025-03-01,2025-02-15,46,52.74,ocean,102.78,delivered,0,2426.04,33,19.0,-14.0,1.0
PO-001331,SUP-021,SKU-00016,WH-SOUTH,2025-02-17,2025-03-16,2025-03-24,46,52.74,rail,108.39,delivered,0,2426.04,27,35.0,8.0,0.0
PO-001332,SUP-021,SKU-00016,WH-SOUTH,2025-03-10,2025-04-12,2025-03-19,44,52.74,ocean,104.56,delivered,0,2320.56,33,9.0,-24.0,1.0
PO-001333,SUP-021,SKU-00016,WH-SOUTH,2025-03-31,2025-05-03,2025-05-06,48,52.74,ocean,101.79,delivered,0,2531.52,33,36.0,3.0,0.0
PO-001334,SUP-021,SKU-00016,WH-SOUTH,2025-04-21,2025-05-18,2025-06-01,44,52.74,rail,118.89,delivered,0,2320.56,27,41.0,14.0,0.0
PO-001335,SUP-021,SKU-00016,WH-SOUTH,2025-05-12,2025-06-14,2025-07-07,41,52.74,ocean,89.44,delivered,0,2162.34,33,56.0,23.0,0.0
PO-001336,SUP-021,SKU-00016,WH-SOUTH,2025-06-02,2025-07-05,2025-07-06,41,52.74,ocean,80.62,delivered,0,2162.34,33,34.0,1.0,0.0
PO-001337,SUP-021,SKU-00016,WH-SOUTH,2025-06-23,2025-07-26,2025-07-18,40,52.74,ocean,88.17,delivered,0,2109.6,33,25.0,-8.0,1.0
PO-001338,SUP-021,SKU-00016,WH-SOUTH,2025-07-28,2025-08-30,2025-09-06,46,52.74,ocean,105.16,delivered,0,2426.04,33,40.0,7.0,0.0
PO-001339,SUP-021,SKU-00016,WH-SOUTH,2025-08-18,2025-09-20,2025-10-10,41,52.74,ocean,69.2,delivered,0,2162.34,33,53.0,20.0,0.0
PO-001340,SUP-021,SKU-00016,WH-SOUTH,2025-09-15,2025-10-18,2025-10-17,44,52.74,ocean,85.82,delivered,0,2320.56,33,32.0,-1.0,1.0
PO-001341,SUP-021,SKU-00016,WH-SOUTH,2025-10-13,2025-11-15,2025-10-29,47,52.74,ocean,95.77,delivered,0,2478.78,33,16.0,-17.0,1.0
PO-001342,SUP-021,SKU-00016,WH-SOUTH,2025-11-03,2025-12-06,,40,52.74,ocean,71.82,open,0,2109.6,33,,,
PO-001343,SUP-021,SKU-00016,WH-SOUTH,2025-12-01,2025-12-28,,51,52.74,rail,138.69,open,0,2689.74,27,,,
PO-001344,SUP-021,SKU-00016,WH-SOUTH,2025-12-22,2026-01-02,,39,52.74,air,203.25,open,0,2056.86,11,,,
PO-001345,SUP-009,SKU-00017,WH-SOUTH,2024-01-15,2024-02-12,2024-02-13,900,43.52,ocean,1539.72,delivered,0,39168.0,28,29.0,1.0,0.0
PO-001346,SUP-009,SKU-00017,WH-SOUTH,2024-02-05,2024-03-04,2024-03-10,1078,43.52,ocean,1767.27,delivered,0,46914.56,28,34.0,6.0,0.0
PO-001347,SUP-009,SKU-00017,WH-SOUTH,2024-02-26,2024-03-06,2024-03-01,1207,43.52,air,6155.42,delivered,0,52528.64,9,4.0,-5.0,1.0
PO-001348,SUP-009,SKU-00017,WH-SOUTH,2024-03-18,2024-03-27,2024-03-25,1204,43.52,air,5977.26,delivered,0,52398.08,9,7.0,-2.0,1.0
PO-001349,SUP-009,SKU-00017,WH-SOUTH,2024-04-01,2024-04-10,2024-04-07,910,43.52,air,5492.85,delivered,0,39603.2,9,6.0,-3.0,1.0
PO-001350,SUP-009,SKU-00017,WH-SOUTH,2024-04-22,2024-05-20,2024-05-11,1166,43.52,ocean,2351.07,delivered,0,50744.32,28,19.0,-9.0,1.0
PO-001351,SUP-009,SKU-00017,WH-SOUTH,2024-05-13,2024-06-10,2024-06-22,1027,43.52,ocean,2116.64,delivered,0,44695.04,28,40.0,12.0,0.0
PO-001352,SUP-009,SKU-00017,WH-SOUTH,2024-06-03,2024-07-01,2024-06-20,1034,43.52,ocean,1917.65,delivered,0,44999.68,28,17.0,-11.0,1.0
PO-001353,SUP-009,SKU-00017,WH-SOUTH,2024-07-01,2024-07-29,2024-07-31,947,43.52,ocean,1364.3,delivered,0,41213.44,28,30.0,2.0,0.0
PO-001354,SUP-009,SKU-00017,WH-SOUTH,2024-07-22,2024-08-12,2024-08-27,975,43.52,road,2322.43,delivered,0,42432.0,21,36.0,15.0,0.0
PO-001355,SUP-009,SKU-00017,WH-SOUTH,2024-08-12,2024-09-02,2024-09-13,1110,43.52,road,2660.46,delivered,0,48307.2,21,32.0,11.0,0.0
PO-001356,SUP-009,SKU-00017,WH-SOUTH,2024-09-02,2024-09-30,2024-09-30,862,43.52,ocean,1207.43,delivered,0,37514.24,28,28.0,0.0,1.0
PO-001357,SUP-009,SKU-00017,WH-SOUTH,2024-09-23,2024-10-21,2024-11-02,1028,43.52,ocean,1649.89,delivered,0,44738.56,28,40.0,12.0,0.0
PO-001358,SUP-009,SKU-00017,WH-SOUTH,2024-10-14,2024-11-06,2024-11-03,1124,43.52,rail,2550.86,delivered,0,48916.48,23,20.0,-3.0,1.0
PO-001359,SUP-009,SKU-00017,WH-SOUTH,2024-11-11,2024-12-09,2024-12-08,881,43.52,ocean,1266.92,delivered,0,38341.12,28,27.0,-1.0,1.0
PO-001360,SUP-009,SKU-00017,WH-SOUTH,2024-12-02,2024-12-25,2024-12-21,1138,43.52,rail,2875.6,delivered,0,49525.76,23,19.0,-4.0,1.0
PO-001361,SUP-009,SKU-00017,WH-SOUTH,2024-12-23,2025-01-13,2025-01-11,1291,43.52,road,2752.37,delivered,0,56184.32,21,19.0,-2.0,1.0
PO-001362,SUP-009,SKU-00017,WH-SOUTH,2025-01-06,2025-02-03,2025-02-05,869,43.52,ocean,1550.34,delivered,0,37818.88,28,30.0,2.0,0.0
PO-001363,SUP-009,SKU-00017,WH-SOUTH,2025-01-27,2025-02-24,2025-02-21,1215,43.52,ocean,1704.86,delivered,0,52876.8,28,25.0,-3.0,1.0
PO-001364,SUP-009,SKU-00017,WH-SOUTH,2025-02-17,2025-02-26,2025-02-25,1108,43.52,air,6320.72,delivered,0,48220.16,9,8.0,-1.0,1.0
PO-001365,SUP-009,SKU-00017,WH-SOUTH,2025-03-10,2025-04-07,2025-04-08,1091,43.52,ocean,2155.65,delivered,0,47480.32,28,29.0,1.0,0.0
PO-001366,SUP-009,SKU-00017,WH-SOUTH,2025-03-31,2025-04-28,2025-05-01,1059,43.52,ocean,1876.59,delivered,0,46087.68,28,31.0,3.0,0.0
PO-001367,SUP-009,SKU-00017,WH-SOUTH,2025-04-14,2025-04-23,2025-04-18,1271,43.52,air,7485.24,delivered,0,55313.92,9,4.0,-5.0,1.0
PO-001368,SUP-009,SKU-00017,WH-SOUTH,2025-04-28,2025-05-26,2025-05-04,924,43.52,ocean,1789.75,delivered,0,40212.48,28,6.0,-22.0,1.0
PO-001369,SUP-009,SKU-00017,WH-SOUTH,2025-05-19,2025-06-09,2025-06-09,1023,43.52,road,2263.55,delivered,0,44520.96,21,21.0,0.0,1.0
PO-001370,SUP-009,SKU-00017,WH-SOUTH,2025-06-09,2025-07-07,2025-07-14,1032,43.52,ocean,2013.92,delivered,0,44912.64,28,35.0,7.0,0.0
PO-001371,SUP-009,SKU-00017,WH-SOUTH,2025-06-30,2025-07-28,2025-08-09,974,43.52,ocean,1860.03,delivered,0,42388.48,28,40.0,12.0,0.0
PO-001372,SUP-009,SKU-00017,WH-SOUTH,2025-07-21,2025-08-13,2025-08-02,866,43.52,rail,2151.16,delivered,0,37688.32,23,12.0,-11.0,1.0
PO-001373,SUP-009,SKU-00017,WH-SOUTH,2025-08-11,2025-09-08,2025-09-12,1033,43.52,ocean,1772.69,delivered,0,44956.16,28,32.0,4.0,0.0
PO-001374,SUP-009,SKU-00017,WH-SOUTH,2025-09-01,2025-09-10,2025-09-11,1023,43.52,air,6035.03,delivered,0,44520.96,9,10.0,1.0,0.0
PO-001375,SUP-009,SKU-00017,WH-SOUTH,2025-09-22,2025-10-15,2025-11-02,1186,43.52,rail,2964.98,delivered,0,51614.72,23,41.0,18.0,0.0
PO-001376,SUP-009,SKU-00017,WH-SOUTH,2025-10-13,2025-10-22,2025-10-26,1156,43.52,air,5415.53,delivered,0,50309.12,9,13.0,4.0,0.0
PO-001377,SUP-009,SKU-00017,WH-SOUTH,2025-11-10,2025-12-08,2025-12-10,1052,43.52,ocean,1619.12,delivered,0,45783.04,28,30.0,2.0,0.0
PO-001378,SUP-009,SKU-00017,WH-SOUTH,2025-11-24,2025-12-17,2025-12-19,1028,43.52,rail,2602.13,delivered,0,44738.56,23,25.0,2.0,0.0
PO-001379,SUP-009,SKU-00017,WH-SOUTH,2025-12-22,2026-01-14,,1090,43.52,rail,2719.45,open,0,47436.8,23,,,
PO-001380,SUP-008,SKU-00018,WH-WEST,2024-01-22,2024-02-15,2024-02-06,38,7.79,ocean,10.66,delivered,0,296.02,24,15.0,-9.0,1.0
PO-001381,SUP-008,SKU-00018,WH-WEST,2024-02-05,2024-02-22,2024-02-21,34,7.79,road,17.67,delivered,0,264.86,17,16.0,-1.0,1.0
PO-001382,SUP-008,SKU-00018,WH-WEST,2024-02-26,2024-03-05,2024-03-02,45,7.79,air,45.34,delivered,0,350.55,8,5.0,-3.0,1.0
PO-001383,SUP-008,SKU-00018,WH-WEST,2024-03-18,2024-04-11,2024-04-14,49,7.79,ocean,16.41,delivered,0,381.71,24,27.0,3.0,0.0
PO-001384,SUP-008,SKU-00018,WH-WEST,2024-04-01,2024-04-09,2024-04-10,32,7.79,air,35.45,delivered,0,249.28,8,9.0,1.0,0.0
PO-001385,SUP-008,SKU-00018,WH-WEST,2024-04-22,2024-05-16,2024-06-06,40,7.79,ocean,11.7,delivered,0,311.6,24,45.0,21.0,0.0
PO-001386,SUP-008,SKU-00018,WH-WEST,2024-05-06,2024-05-14,2024-05-19,43,7.79,air,38.78,delivered,0,334.97,8,13.0,5.0,0.0
PO-001387,SUP-008,SKU-00018,WH-WEST,2024-06-03,2024-06-20,2024-06-23,43,7.79,road,17.38,delivered,0,334.97,17,20.0,3.0,0.0
PO-001388,SUP-008,SKU-00018,WH-WEST,2024-06-17,2024-07-06,2024-07-07,40,7.79,rail,18.36,delivered,0,311.6,19,20.0,1.0,0.0
PO-001389,SUP-008,SKU-00018,WH-WEST,2024-07-01,2024-07-25,2024-07-09,33,7.79,ocean,9.79,delivered,0,257.07,24,8.0,-16.0,1.0
PO-001390,SUP-008,SKU-00018,WH-WEST,2024-07-15,2024-08-08,2024-08-18,40,7.79,ocean,14.0,delivered,0,311.6,24,34.0,10.0,0.0
PO-001391,SUP-008,SKU-00018,WH-WEST,2024-07-29,2024-08-06,2024-08-06,43,7.79,air,43.05,delivered,0,334.97,8,8.0,0.0,1.0
PO-001392,SUP-008,SKU-00018,WH-WEST,2024-08-19,2024-09-07,2024-09-17,52,7.79,rail,19.6,delivered,0,405.08,19,29.0,10.0,0.0
PO-001393,SUP-008,SKU-00018,WH-WEST,2024-09-02,2024-09-21,2024-09-24,31,7.79,rail,13.08,delivered,0,241.49,19,22.0,3.0,0.0
PO-001394,SUP-008,SKU-00018,WH-WEST,2024-09-30,2024-10-17,2024-10-10,46,7.79,road,21.84,delivered,0,358.34,17,10.0,-7.0,1.0
PO-001395,SUP-008,SKU-00018,WH-WEST,2024-10-14,2024-11-07,2024-11-13,42,7.79,ocean,14.73,delivered,0,327.18,24,30.0,6.0,0.0
PO-001396,SUP-008,SKU-00018,WH-WEST,2024-10-28,2024-11-05,2024-11-15,41,7.79,air,45.8,delivered,0,319.39,8,18.0,10.0,0.0
PO-001397,SUP-008,SKU-00018,WH-WEST,2024-11-25,2024-12-14,2024-12-16,55,7.79,rail,19.51,delivered,0,428.45,19,21.0,2.0,0.0
PO-001398,SUP-008,SKU-00018,WH-WEST,2024-12-16,2025-01-09,2025-01-06,33,7.79,ocean,9.56,delivered,0,257.07,24,21.0,-3.0,1.0
PO-001399,SUP-008,SKU-00018,WH-WEST,2024-12-30,2025-01-23,2025-02-03,39,7.79,ocean,9.96,delivered,0,303.81,24,35.0,11.0,0.0
PO-001400,SUP-008,SKU-00018,WH-WEST,2025-01-13,2025-02-06,2025-02-01,34,7.79,ocean,10.3,delivered,0,264.86,24,19.0,-5.0,1.0
PO-001401,SUP-008,SKU-00018,WH-WEST,2025-02-10,2025-03-06,2025-03-18,57,7.79,ocean,18.15,delivered,0,444.03,24,36.0,12.0,0.0
PO-001402,SUP-008,SKU-00018,WH-WEST,2025-03-24,2025-04-17,2025-04-17,44,7.79,ocean,15.11,delivered,0,342.76,24,24.0,0.0,1.0
PO-001403,SUP-008,SKU-00018,WH-WEST,2025-04-07,2025-04-15,2025-04-12,39,7.79,air,33.77,delivered,0,303.81,8,5.0,-3.0,1.0
PO-001404,SUP-008,SKU-00018,WH-WEST,2025-04-28,2025-05-17,2025-05-19,55,7.79,rail,21.87,delivered,0,428.45,19,21.0,2.0,0.0
PO-001405,SUP-008,SKU-00018,WH-WEST,2025-05-26,2025-06-19,2025-06-13,62,7.79,ocean,17.15,delivered,0,482.98,24,18.0,-6.0,1.0
PO-001406,SUP-008,SKU-00018,WH-WEST,2025-06-16,2025-07-05,2025-07-11,35,7.79,rail,11.0,delivered,0,272.65,19,25.0,6.0,0.0
PO-001407,SUP-008,SKU-00018,WH-WEST,2025-06-30,2025-07-08,2025-07-09,45,7.79,air,33.75,delivered,0,350.55,8,9.0,1.0,0.0
PO-001408,SUP-008,SKU-00018,WH-WEST,2025-07-21,2025-07-29,2025-07-29,55,7.79,air,58.97,delivered,0,428.45,8,8.0,0.0,1.0
PO-001409,SUP-008,SKU-00018,WH-WEST,2025-08-04,2025-08-23,2025-08-19,56,7.79,rail,22.36,delivered,0,436.24,19,15.0,-4.0,1.0
PO-001410,SUP-008,SKU-00018,WH-WEST,2025-08-25,2025-09-18,2025-09-22,60,7.79,ocean,20.93,delivered,0,467.4,24,28.0,4.0,0.0
PO-001411,SUP-008,SKU-00018,WH-WEST,2025-09-29,2025-10-07,2025-10-09,58,7.79,air,62.46,delivered,0,451.82,8,10.0,2.0,0.0
PO-001412,SUP-008,SKU-00018,WH-WEST,2025-10-13,2025-11-06,2025-10-30,45,7.79,ocean,13.09,delivered,0,350.55,24,17.0,-7.0,1.0
PO-001413,SUP-008,SKU-00018,WH-WEST,2025-10-27,2025-11-04,2025-11-03,38,7.79,air,30.13,delivered,0,296.02,8,7.0,-1.0,1.0
PO-001414,SUP-008,SKU-00018,WH-WEST,2025-11-10,2025-12-04,2025-11-28,48,7.79,ocean,14.12,delivered,0,373.92,24,18.0,-6.0,1.0
PO-001415,SUP-008,SKU-00018,WH-WEST,2025-11-24,2025-12-02,2025-11-29,35,7.79,air,34.61,delivered,0,272.65,8,5.0,-3.0,1.0
PO-001416,SUP-008,SKU-00018,WH-WEST,2025-12-08,2025-12-27,,42,7.79,rail,17.49,open,0,327.18,19,,,
PO-001417,SUP-008,SKU-00018,WH-WEST,2025-12-22,2025-12-30,,41,7.79,air,32.5,open,0,319.39,8,,,
PO-001418,SUP-008,SKU-00018,WH-SOUTH,2024-01-22,2024-02-15,2024-02-16,65,7.79,ocean,16.96,delivered,0,506.35,24,25.0,1.0,0.0
PO-001419,SUP-008,SKU-00018,WH-SOUTH,2024-02-12,2024-03-07,2024-03-02,59,7.79,ocean,15.85,delivered,0,459.61,24,19.0,-5.0,1.0
PO-001420,SUP-008,SKU-00018,WH-SOUTH,2024-03-04,2024-03-28,2024-03-29,53,7.79,ocean,15.92,delivered,0,412.87,24,25.0,1.0,0.0
PO-001421,SUP-008,SKU-00018,WH-SOUTH,2024-03-18,2024-04-11,2024-04-20,53,7.79,ocean,17.28,delivered,0,412.87,24,33.0,9.0,0.0
PO-001422,SUP-008,SKU-00018,WH-SOUTH,2024-04-08,2024-05-02,2024-05-27,48,7.79,ocean,17.48,delivered,0,373.92,24,49.0,25.0,0.0
PO-001423,SUP-008,SKU-00018,WH-SOUTH,2024-04-29,2024-05-23,2024-06-06,54,7.79,ocean,17.05,delivered,0,420.66,24,38.0,14.0,0.0
PO-001424,SUP-008,SKU-00018,WH-SOUTH,2024-06-03,2024-06-27,2024-06-19,55,7.79,ocean,18.72,delivered,0,428.45,24,16.0,-8.0,1.0
PO-001425,SUP-008,SKU-00018,WH-SOUTH,2024-06-17,2024-06-25,2024-06-29,63,7.79,air,62.27,delivered,0,490.77,8,12.0,4.0,0.0
PO-001426,SUP-008,SKU-00018,WH-SOUTH,2024-07-01,2024-07-18,2024-07-18,68,7.79,road,30.47,delivered,0,529.72,17,17.0,0.0,1.0
PO-001427,SUP-008,SKU-00018,WH-SOUTH,2024-07-15,2024-07-23,2024-07-23,56,7.79,air,61.36,delivered,0,436.24,8,8.0,0.0,1.0
PO-001428,SUP-008,SKU-00018,WH-SOUTH,2024-07-29,2024-08-06,2024-08-11,61,7.79,air,63.8,delivered,0,475.19,8,13.0,5.0,0.0
PO-001429,SUP-008,SKU-00018,WH-SOUTH,2024-08-12,2024-09-05,2024-08-30,67,7.79,ocean,19.55,delivered,0,521.93,24,18.0,-6.0,1.0
PO-001430,SUP-008,SKU-00018,WH-SOUTH,2024-08-26,2024-09-03,2024-09-04,57,7.79,air,48.17,delivered,0,444.03,8,9.0,1.0,0.0
PO-001431,SUP-008,SKU-00018,WH-SOUTH,2024-09-16,2024-10-10,2024-10-10,73,7.79,ocean,18.81,delivered,0,568.67,24,24.0,0.0,1.0
PO-001432,SUP-008,SKU-00018,WH-SOUTH,2024-09-30,2024-10-08,2024-10-15,51,7.79,air,49.46,delivered,0,397.29,8,15.0,7.0,0.0
PO-001433,SUP-008,SKU-00018,WH-SOUTH,2024-10-21,2024-11-07,2024-11-10,52,7.79,road,24.79,delivered,0,405.08,17,20.0,3.0,0.0
PO-001434,SUP-008,SKU-00018,WH-SOUTH,2024-11-04,2024-11-12,2024-11-13,69,7.79,air,71.62,delivered,0,537.51,8,9.0,1.0,0.0
PO-001435,SUP-008,SKU-00018,WH-SOUTH,2024-11-25,2024-12-14,2024-12-03,84,7.79,rail,31.44,delivered,0,654.36,19,8.0,-11.0,1.0
PO-001436,SUP-008,SKU-00018,WH-SOUTH,2024-12-09,2024-12-17,2024-12-15,55,7.79,air,54.57,delivered,0,428.45,8,6.0,-2.0,1.0
PO-001437,SUP-008,SKU-00018,WH-SOUTH,2024-12-23,2025-01-11,2025-01-08,55,7.79,rail,22.93,delivered,0,428.45,19,16.0,-3.0,1.0
PO-001438,SUP-008,SKU-00018,WH-SOUTH,2025-01-06,2025-01-14,2025-01-15,48,7.79,air,43.02,delivered,0,373.92,8,9.0,1.0,0.0
PO-001439,SUP-008,SKU-00018,WH-SOUTH,2025-01-20,2025-01-28,2025-01-23,58,7.79,air,43.67,delivered,0,451.82,8,3.0,-5.0,1.0
PO-001440,SUP-008,SKU-00018,WH-SOUTH,2025-02-03,2025-02-11,2025-02-15,51,7.79,air,45.28,delivered,0,397.29,8,12.0,4.0,0.0
PO-001441,SUP-008,SKU-00018,WH-SOUTH,2025-02-17,2025-03-08,2025-03-05,67,7.79,rail,21.96,delivered,0,521.93,19,16.0,-3.0,1.0
PO-001442,SUP-008,SKU-00018,WH-SOUTH,2025-03-03,2025-03-22,2025-03-23,54,7.79,rail,23.02,delivered,0,420.66,19,20.0,1.0,0.0
PO-001443,SUP-008,SKU-00018,WH-SOUTH,2025-03-24,2025-04-17,2025-04-30,72,7.79,ocean,19.44,delivered,0,560.88,24,37.0,13.0,0.0
PO-001444,SUP-008,SKU-00018,WH-SOUTH,2025-04-07,2025-04-15,2025-04-17,52,7.79,air,48.47,delivered,0,405.08,8,10.0,2.0,0.0
PO-001445,SUP-008,SKU-00018,WH-SOUTH,2025-04-28,2025-05-22,2025-05-31,52,7.79,ocean,15.67,delivered,0,405.08,24,33.0,9.0,0.0
PO-001446,SUP-008,SKU-00018,WH-SOUTH,2025-05-12,2025-06-05,2025-06-06,47,7.79,ocean,15.38,delivered,0,366.13,24,25.0,1.0,0.0
PO-001447,SUP-008,SKU-00018,WH-SOUTH,2025-06-09,2025-07-03,2025-07-19,61,7.79,ocean,16.86,delivered,0,475.19,24,40.0,16.0,0.0
PO-001448,SUP-008,SKU-00018,WH-SOUTH,2025-06-23,2025-07-10,2025-07-11,63,7.79,road,28.86,delivered,0,490.77,17,18.0,1.0,0.0
PO-001449,SUP-008,SKU-00018,WH-SOUTH,2025-07-21,2025-08-14,2025-08-14,60,7.79,ocean,15.69,delivered,0,467.4,24,24.0,0.0,1.0
PO-001450,SUP-008,SKU-00018,WH-SOUTH,2025-08-04,2025-08-12,2025-08-12,64,7.79,air,55.31,delivered,0,498.56,8,8.0,0.0,1.0
PO-001451,SUP-008,SKU-00018,WH-SOUTH,2025-08-25,2025-09-02,2025-09-03,69,7.79,air,66.6,delivered,0,537.51,8,9.0,1.0,0.0
PO-001452,SUP-008,SKU-00018,WH-SOUTH,2025-09-01,2025-09-09,2025-09-11,54,7.79,air,54.75,delivered,0,420.66,8,10.0,2.0,0.0
PO-001453,SUP-008,SKU-00018,WH-SOUTH,2025-09-15,2025-10-09,2025-10-24,70,7.79,ocean,18.76,delivered,0,545.3,24,39.0,15.0,0.0
PO-001454,SUP-008,SKU-00018,WH-SOUTH,2025-09-29,2025-10-18,2025-10-29,54,7.79,rail,18.95,delivered,0,420.66,19,30.0,11.0,0.0
PO-001455,SUP-008,SKU-00018,WH-SOUTH,2025-11-03,2025-11-20,2025-11-21,66,7.79,road,36.13,delivered,0,514.14,17,18.0,1.0,0.0
PO-001456,SUP-008,SKU-00018,WH-SOUTH,2025-11-17,2025-11-25,2025-11-27,58,7.79,air,55.11,delivered,0,451.82,8,10.0,2.0,0.0
PO-001457,SUP-008,SKU-00018,WH-SOUTH,2025-12-01,2025-12-25,,47,7.79,ocean,14.76,open,0,366.13,24,,,
PO-001458,SUP-008,SKU-00018,WH-SOUTH,2025-12-15,2025-12-23,2025-12-20,65,7.79,air,53.43,delivered,0,506.35,8,5.0,-3.0,1.0
PO-001459,SUP-008,SKU-00018,WH-APAC,2024-01-15,2024-02-01,2024-02-12,38,7.79,road,20.8,delivered,0,296.02,17,28.0,11.0,0.0
PO-001460,SUP-008,SKU-00018,WH-APAC,2024-01-29,2024-02-15,2024-02-06,35,7.79,road,16.96,delivered,0,272.65,17,8.0,-9.0,1.0
PO-001461,SUP-008,SKU-00018,WH-APAC,2024-02-19,2024-03-14,2024-03-26,47,7.79,ocean,16.42,delivered,0,366.13,24,36.0,12.0,0.0
PO-001462,SUP-008,SKU-00018,WH-APAC,2024-03-11,2024-04-04,2024-03-25,40,7.79,ocean,12.49,delivered,0,311.6,24,14.0,-10.0,1.0
PO-001463,SUP-008,SKU-00018,WH-APAC,2024-04-15,2024-05-09,2024-05-24,52,7.79,ocean,18.51,delivered,0,405.08,24,39.0,15.0,0.0
PO-001464,SUP-008,SKU-00018,WH-APAC,2024-04-29,2024-05-07,2024-05-09,33,7.79,air,29.89,delivered,0,257.07,8,10.0,2.0,0.0
PO-001465,SUP-008,SKU-00018,WH-APAC,2024-05-20,2024-06-13,2024-06-13,35,7.79,ocean,9.67,delivered,0,272.65,24,24.0,0.0,1.0
PO-001466,SUP-008,SKU-00018,WH-APAC,2024-06-03,2024-06-11,2024-06-07,33,7.79,air,35.47,delivered,0,257.07,8,4.0,-4.0,1.0
PO-001467,SUP-008,SKU-00018,WH-APAC,2024-06-17,2024-07-11,2024-07-06,47,7.79,ocean,14.62,delivered,0,366.13,24,19.0,-5.0,1.0
PO-001468,SUP-008,SKU-00018,WH-APAC,2024-07-01,2024-07-09,2024-07-06,40,7.79,air,42.82,delivered,0,311.6,8,5.0,-3.0,1.0
PO-001469,SUP-008,SKU-00018,WH-APAC,2024-07-15,2024-07-23,2024-07-20,38,7.79,air,34.69,delivered,0,296.02,8,5.0,-3.0,1.0
PO-001470,SUP-008,SKU-00018,WH-APAC,2024-07-29,2024-08-15,2024-08-16,50,7.79,road,19.88,delivered,0,389.5,17,18.0,1.0,0.0
PO-001471,SUP-008,SKU-00018,WH-APAC,2024-08-12,2024-08-20,2024-08-22,37,7.79,air,38.76,delivered,0,288.23,8,10.0,2.0,0.0
PO-001472,SUP-008,SKU-00018,WH-APAC,2024-08-26,2024-09-19,2024-09-24,44,7.79,ocean,11.44,delivered,0,342.76,24,29.0,5.0,0.0
PO-001473,SUP-008,SKU-00018,WH-APAC,2024-09-09,2024-09-17,2024-09-16,43,7.79,air,33.39,delivered,0,334.97,8,7.0,-1.0,1.0
PO-001474,SUP-008,SKU-00018,WH-APAC,2024-09-30,2024-10-19,2024-10-17,56,7.79,rail,18.56,delivered,0,436.24,19,17.0,-2.0,1.0
PO-001475,SUP-008,SKU-00018,WH-APAC,2024-10-21,2024-11-14,2024-11-09,48,7.79,ocean,14.89,delivered,0,373.92,24,19.0,-5.0,1.0
PO-001476,SUP-008,SKU-00018,WH-APAC,2024-11-04,2024-11-12,2024-11-16,39,7.79,air,39.75,delivered,0,303.81,8,12.0,4.0,0.0
PO-001477,SUP-008,SKU-00018,WH-APAC,2024-11-25,2024-12-14,2024-12-23,50,7.79,rail,22.28,delivered,0,389.5,19,28.0,9.0,0.0
PO-001478,SUP-008,SKU-00018,WH-APAC,2024-12-09,2024-12-17,2024-12-17,37,7.79,air,28.11,delivered,0,288.23,8,8.0,0.0,1.0
PO-001479,SUP-008,SKU-00018,WH-APAC,2024-12-30,2025-01-07,2025-01-07,39,7.79,air,38.88,delivered,0,303.81,8,8.0,0.0,1.0
PO-001480,SUP-008,SKU-00018,WH-APAC,2025-01-13,2025-02-06,2025-02-01,41,7.79,ocean,10.36,delivered,0,319.39,24,19.0,-5.0,1.0
PO-001481,SUP-008,SKU-00018,WH-APAC,2025-01-27,2025-02-15,2025-02-22,36,7.79,rail,11.23,delivered,0,280.44,19,26.0,7.0,0.0
PO-001482,SUP-008,SKU-00018,WH-APAC,2025-02-10,2025-02-18,2025-02-21,45,7.79,air,34.44,delivered,0,350.55,8,11.0,3.0,0.0
PO-001483,SUP-008,SKU-00018,WH-APAC,2025-03-03,2025-03-20,2025-03-23,35,7.79,road,19.03,delivered,0,272.65,17,20.0,3.0,0.0
PO-001484,SUP-008,SKU-00018,WH-APAC,2025-03-17,2025-03-25,2025-03-28,43,7.79,air,36.42,delivered,0,334.97,8,11.0,3.0,0.0
PO-001485,SUP-008,SKU-00018,WH-APAC,2025-03-31,2025-04-24,2025-04-14,42,7.79,ocean,12.6,delivered,0,327.18,24,14.0,-10.0,1.0
PO-001486,SUP-008,SKU-00018,WH-APAC,2025-04-14,2025-05-01,2025-05-09,48,7.79,road,26.26,delivered,0,373.92,17,25.0,8.0,0.0
PO-001487,SUP-008,SKU-00018,WH-APAC,2025-04-28,2025-05-06,2025-05-07,39,7.79,air,33.93,delivered,0,303.81,8,9.0,1.0,0.0
PO-001488,SUP-008,SKU-00018,WH-APAC,2025-05-19,2025-06-12,2025-06-16,38,7.79,ocean,12.98,delivered,0,296.02,24,28.0,4.0,0.0
PO-001489,SUP-008,SKU-00018,WH-APAC,2025-06-02,2025-06-10,2025-06-11,46,7.79,air,35.7,delivered,0,358.34,8,9.0,1.0,0.0
PO-001490,SUP-008,SKU-00018,WH-APAC,2025-06-23,2025-07-01,2025-06-30,53,7.79,air,47.09,delivered,0,412.87,8,7.0,-1.0,1.0
PO-001491,SUP-008,SKU-00018,WH-APAC,2025-07-07,2025-07-31,2025-08-09,60,7.79,ocean,18.46,delivered,0,467.4,24,33.0,9.0,0.0
PO-001492,SUP-008,SKU-00018,WH-APAC,2025-08-11,2025-08-19,2025-08-20,36,7.79,air,34.89,delivered,0,280.44,8,9.0,1.0,0.0
PO-001493,SUP-008,SKU-00018,WH-APAC,2025-08-25,2025-09-02,2025-08-30,58,7.79,air,61.69,delivered,0,451.82,8,5.0,-3.0,1.0
PO-001494,SUP-008,SKU-00018,WH-APAC,2025-09-01,2025-09-25,2025-09-27,43,7.79,ocean,12.74,delivered,0,334.97,24,26.0,2.0,0.0
PO-001495,SUP-008,SKU-00018,WH-APAC,2025-09-15,2025-09-23,2025-09-20,44,7.79,air,39.54,delivered,0,342.76,8,5.0,-3.0,1.0
PO-001496,SUP-008,SKU-00018,WH-APAC,2025-09-29,2025-10-23,2025-10-22,33,7.79,ocean,10.31,delivered,0,257.07,24,23.0,-1.0,1.0
PO-001497,SUP-008,SKU-00018,WH-APAC,2025-10-13,2025-10-21,2025-10-18,54,7.79,air,46.59,delivered,0,420.66,8,5.0,-3.0,1.0
PO-001498,SUP-008,SKU-00018,WH-APAC,2025-10-27,2025-11-04,2025-11-05,37,7.79,air,33.14,delivered,0,288.23,8,9.0,1.0,0.0
PO-001499,SUP-008,SKU-00018,WH-APAC,2025-11-10,2025-11-29,2025-12-02,51,7.79,rail,18.05,delivered,0,397.29,19,22.0,3.0,0.0
PO-001500,SUP-008,SKU-00018,WH-APAC,2025-11-24,2025-12-13,2025-12-14,36,7.79,rail,12.42,delivered,0,280.44,19,20.0,1.0,0.0
PO-001501,SUP-008,SKU-00018,WH-APAC,2025-12-15,2026-01-08,,49,7.79,ocean,12.92,open,0,381.71,24,,,
PO-001502,SUP-024,SKU-00019,WH-WEST,2024-01-15,2024-02-05,2024-02-01,221,8.71,rail,104.58,delivered,0,1924.91,21,17.0,-4.0,1.0
PO-001503,SUP-024,SKU-00019,WH-WEST,2024-01-29,2024-02-19,2024-02-24,217,8.71,rail,95.97,delivered,0,1890.07,21,26.0,5.0,0.0
PO-001504,SUP-024,SKU-00019,WH-WEST,2024-02-12,2024-03-02,2024-03-11,211,8.71,road,117.75,delivered,0,1837.81,19,28.0,9.0,0.0
PO-001505,SUP-024,SKU-00019,WH-WEST,2024-03-04,2024-03-13,2024-03-10,257,8.71,air,274.22,delivered,0,2238.47,9,6.0,-3.0,1.0
PO-001506,SUP-024,SKU-00019,WH-WEST,2024-03-25,2024-04-20,2024-05-03,291,8.71,ocean,81.66,delivered,0,2534.61,26,39.0,13.0,0.0
PO-001507,SUP-024,SKU-00019,WH-WEST,2024-04-15,2024-05-11,2024-05-14,269,8.71,ocean,93.3,delivered,0,2342.99,26,29.0,3.0,0.0
PO-001508,SUP-024,SKU-00019,WH-WEST,2024-05-20,2024-06-15,2024-06-02,212,8.71,ocean,77.97,delivered,0,1846.52,26,13.0,-13.0,1.0
PO-001509,SUP-024,SKU-00019,WH-WEST,2024-06-03,2024-06-29,2024-06-30,215,8.71,ocean,67.52,delivered,0,1872.65,26,27.0,1.0,0.0
PO-001510,SUP-024,SKU-00019,WH-WEST,2024-06-24,2024-07-20,2024-07-18,274,8.71,ocean,97.24,delivered,0,2386.54,26,24.0,-2.0,1.0
PO-001511,SUP-024,SKU-00019,WH-WEST,2024-07-15,2024-07-24,2024-07-24,279,8.71,air,318.07,delivered,0,2430.09,9,9.0,0.0,1.0
PO-001512,SUP-024,SKU-00019,WH-WEST,2024-08-05,2024-08-14,2024-08-10,264,8.71,air,221.97,delivered,0,2299.44,9,5.0,-4.0,1.0
PO-001513,SUP-024,SKU-00019,WH-WEST,2024-08-19,2024-09-14,2024-09-18,232,8.71,ocean,91.45,delivered,0,2020.72,26,30.0,4.0,0.0
PO-001514,SUP-024,SKU-00019,WH-WEST,2024-09-02,2024-09-23,2024-10-02,204,8.71,rail,84.49,delivered,0,1776.84,21,30.0,9.0,0.0
PO-001515,SUP-024,SKU-00019,WH-WEST,2024-09-23,2024-10-19,2024-10-02,221,8.71,ocean,75.51,delivered,0,1924.91,26,9.0,-17.0,1.0
PO-001516,SUP-024,SKU-00019,WH-WEST,2024-10-07,2024-11-02,2024-10-19,229,8.71,ocean,79.42,delivered,0,1994.59,26,12.0,-14.0,1.0
PO-001517,SUP-024,SKU-00019,WH-WEST,2024-11-04,2024-11-30,2024-12-24,254,8.71,ocean,77.64,delivered,0,2212.34,26,50.0,24.0,0.0
PO-001518,SUP-024,SKU-00019,WH-WEST,2024-11-18,2024-12-07,2024-12-11,255,8.71,road,152.42,delivered,0,2221.05,19,23.0,4.0,0.0
PO-001519,SUP-024,SKU-00019,WH-WEST,2024-12-23,2025-01-18,2025-01-03,302,8.71,ocean,114.18,delivered,0,2630.42,26,11.0,-15.0,1.0
PO-001520,SUP-024,SKU-00019,WH-WEST,2025-01-06,2025-01-27,2025-01-26,259,8.71,rail,96.84,delivered,0,2255.89,21,20.0,-1.0,1.0
PO-001521,SUP-024,SKU-00019,WH-WEST,2025-01-20,2025-01-29,2025-01-30,282,8.71,air,250.69,delivered,0,2456.22,9,10.0,1.0,0.0
PO-001522,SUP-024,SKU-00019,WH-WEST,2025-02-10,2025-03-08,2025-03-02,277,8.71,ocean,86.81,delivered,0,2412.67,26,20.0,-6.0,1.0
PO-001523,SUP-024,SKU-00019,WH-WEST,2025-02-24,2025-03-17,2025-03-05,237,8.71,rail,113.44,delivered,0,2064.27,21,9.0,-12.0,1.0
PO-001524,SUP-024,SKU-00019,WH-WEST,2025-03-17,2025-04-07,2025-04-12,275,8.71,rail,113.0,delivered,0,2395.25,21,26.0,5.0,0.0
PO-001525,SUP-024,SKU-00019,WH-WEST,2025-03-31,2025-04-26,2025-04-28,206,8.71,ocean,79.79,delivered,0,1794.26,26,28.0,2.0,0.0
PO-001526,SUP-024,SKU-00019,WH-WEST,2025-04-21,2025-05-12,2025-05-12,221,8.71,rail,106.08,delivered,0,1924.91,21,21.0,0.0,1.0
PO-001527,SUP-024,SKU-00019,WH-WEST,2025-05-12,2025-06-07,2025-06-22,280,8.71,ocean,88.29,delivered,0,2438.8,26,41.0,15.0,0.0
PO-001528,SUP-024,SKU-00019,WH-WEST,2025-05-26,2025-06-21,2025-06-18,212,8.71,ocean,69.38,delivered,0,1846.52,26,23.0,-3.0,1.0
PO-001529,SUP-024,SKU-00019,WH-WEST,2025-06-30,2025-07-09,2025-07-15,249,8.71,air,257.01,delivered,0,2168.79,9,15.0,6.0,0.0
PO-001530,SUP-024,SKU-00019,WH-WEST,2025-07-21,2025-08-09,2025-08-05,275,8.71,road,148.29,delivered,0,2395.25,19,15.0,-4.0,1.0
PO-001531,SUP-024,SKU-00019,WH-WEST,2025-08-04,2025-08-30,2025-09-11,209,8.71,ocean,65.91,delivered,0,1820.39,26,38.0,12.0,0.0
PO-001532,SUP-024,SKU-00019,WH-WEST,2025-08-18,2025-09-08,2025-09-05,218,8.71,rail,105.02,delivered,0,1898.78,21,18.0,-3.0,1.0
PO-001533,SUP-024,SKU-00019,WH-WEST,2025-09-08,2025-09-29,2025-09-23,207,8.71,rail,81.26,delivered,0,1802.97,21,15.0,-6.0,1.0
PO-001534,SUP-024,SKU-00019,WH-WEST,2025-09-22,2025-10-11,2025-09-23,234,8.71,road,107.64,delivered,0,2038.14,19,1.0,-18.0,1.0
PO-001535,SUP-024,SKU-00019,WH-WEST,2025-10-06,2025-11-01,2025-10-14,352,8.71,ocean,143.64,delivered,0,3065.92,26,8.0,-18.0,1.0
PO-001536,SUP-024,SKU-00019,WH-WEST,2025-10-20,2025-11-15,2025-11-15,273,8.71,ocean,80.79,delivered,0,2377.83,26,26.0,0.0,1.0
PO-001537,SUP-024,SKU-00019,WH-WEST,2025-11-03,2025-11-12,2025-11-11,262,8.71,air,265.15,delivered,0,2282.02,9,8.0,-1.0,1.0
PO-001538,SUP-024,SKU-00019,WH-WEST,2025-11-24,2025-12-20,2025-12-25,336,8.71,ocean,112.44,delivered,0,2926.56,26,31.0,5.0,0.0
PO-001539,SUP-024,SKU-00019,WH-WEST,2025-12-08,2025-12-17,2025-12-17,224,8.71,air,205.18,delivered,0,1951.04,9,9.0,0.0,1.0
PO-001540,SUP-021,SKU-00020,WH-WEST,2024-01-15,2024-02-17,2024-02-07,826,9.82,ocean,268.86,delivered,0,8111.32,33,23.0,-10.0,1.0
PO-001541,SUP-021,SKU-00020,WH-WEST,2024-02-05,2024-03-09,2024-03-26,1100,9.82,ocean,500.51,delivered,0,10802.0,33,50.0,17.0,0.0
PO-001542,SUP-021,SKU-00020,WH-WEST,2024-02-19,2024-03-23,2024-03-11,818,9.82,ocean,343.34,delivered,0,8032.76,33,21.0,-12.0,1.0
PO-001543,SUP-021,SKU-00020,WH-WEST,2024-03-18,2024-04-20,2024-05-03,1099,9.82,ocean,361.91,delivered,0,10792.18,33,46.0,13.0,0.0
PO-001544,SUP-021,SKU-00020,WH-WEST,2024-04-01,2024-05-04,2024-05-08,880,9.82,ocean,359.06,delivered,0,8641.6,33,37.0,4.0,0.0
PO-001545,SUP-021,SKU-00020,WH-WEST,2024-05-06,2024-06-02,2024-05-30,946,9.82,rail,412.49,delivered,0,9289.72,27,24.0,-3.0,1.0
PO-001546,SUP-021,SKU-00020,WH-WEST,2024-05-27,2024-06-29,2024-06-25,946,9.82,ocean,326.95,delivered,0,9289.72,33,29.0,-4.0,1.0
PO-001547,SUP-021,SKU-00020,WH-WEST,2024-06-10,2024-07-13,2024-07-10,807,9.82,ocean,348.05,delivered,0,7924.74,33,30.0,-3.0,1.0
PO-001548,SUP-021,SKU-00020,WH-WEST,2024-07-01,2024-07-25,2024-08-16,1049,9.82,road,499.02,delivered,0,10301.18,24,46.0,22.0,0.0
PO-001549,SUP-021,SKU-00020,WH-WEST,2024-07-22,2024-08-18,2024-08-25,1097,9.82,rail,555.29,delivered,0,10772.54,27,34.0,7.0,0.0
PO-001550,SUP-021,SKU-00020,WH-WEST,2024-08-26,2024-09-28,2024-10-04,1024,9.82,ocean,445.59,delivered,0,10055.68,33,39.0,6.0,0.0
PO-001551,SUP-021,SKU-00020,WH-WEST,2024-09-16,2024-10-13,2024-10-16,1059,9.82,rail,542.3,delivered,0,10399.38,27,30.0,3.0,0.0
PO-001552,SUP-021,SKU-00020,WH-WEST,2024-10-14,2024-11-16,2024-11-19,1092,9.82,ocean,463.53,delivered,0,10723.44,33,36.0,3.0,0.0
PO-001553,SUP-021,SKU-00020,WH-WEST,2024-10-28,2024-11-30,2024-12-11,862,9.82,ocean,342.21,delivered,0,8464.84,33,44.0,11.0,0.0
PO-001554,SUP-021,SKU-00020,WH-WEST,2024-11-25,2024-12-28,2025-01-06,1101,9.82,ocean,396.78,delivered,0,10811.82,33,42.0,9.0,0.0
PO-001555,SUP-021,SKU-00020,WH-WEST,2024-12-16,2025-01-18,2025-01-26,1031,9.82,ocean,453.91,delivered,0,10124.42,33,41.0,8.0,0.0
PO-001556,SUP-021,SKU-00020,WH-WEST,2025-01-13,2025-02-09,2025-03-14,956,9.82,rail,430.73,delivered,0,9387.92,27,60.0,33.0,0.0
PO-001557,SUP-021,SKU-00020,WH-WEST,2025-02-03,2025-02-14,2025-02-18,1210,9.82,air,1579.32,delivered,0,11882.2,11,15.0,4.0,0.0
PO-001558,SUP-021,SKU-00020,WH-WEST,2025-02-24,2025-03-23,2025-04-05,910,9.82,rail,462.59,delivered,0,8936.2,27,40.0,13.0,0.0
PO-001559,SUP-021,SKU-00020,WH-WEST,2025-03-17,2025-04-19,2025-05-17,980,9.82,ocean,459.03,delivered,0,9623.6,33,61.0,28.0,0.0
PO-001560,SUP-021,SKU-00020,WH-WEST,2025-04-07,2025-05-04,2025-04-21,889,9.82,rail,352.88,delivered,0,8729.98,27,14.0,-13.0,1.0
PO-001561,SUP-021,SKU-00020,WH-WEST,2025-04-21,2025-05-02,2025-05-06,783,9.82,air,960.72,delivered,0,7689.06,11,15.0,4.0,0.0
PO-001562,SUP-021,SKU-00020,WH-WEST,2025-05-05,2025-05-16,2025-05-08,821,9.82,air,787.08,delivered,0,8062.22,11,3.0,-8.0,1.0
PO-001563,SUP-021,SKU-00020,WH-WEST,2025-05-19,2025-06-12,2025-06-06,831,9.82,road,477.27,delivered,0,8160.42,24,18.0,-6.0,1.0
PO-001564,SUP-021,SKU-00020,WH-WEST,2025-06-02,2025-07-05,2025-07-02,822,9.82,ocean,286.0,delivered,0,8072.04,33,30.0,-3.0,1.0
PO-001565,SUP-021,SKU-00020,WH-WEST,2025-06-16,2025-06-27,2025-06-22,900,9.82,air,1206.09,delivered,0,8838.0,11,6.0,-5.0,1.0
PO-001566,SUP-021,SKU-00020,WH-WEST,2025-06-30,2025-07-24,2025-08-08,847,9.82,road,538.2,delivered,0,8317.54,24,39.0,15.0,0.0
PO-001567,SUP-021,SKU-00020,WH-WEST,2025-07-14,2025-08-16,2025-08-15,834,9.82,ocean,359.18,delivered,0,8189.88,33,32.0,-1.0,1.0
PO-001568,SUP-021,SKU-00020,WH-WEST,2025-07-28,2025-08-30,2025-08-19,867,9.82,ocean,293.52,delivered,0,8513.94,33,22.0,-11.0,1.0
PO-001569,SUP-021,SKU-00020,WH-WEST,2025-08-18,2025-09-11,2025-08-26,784,9.82,road,480.03,delivered,0,7698.88,24,8.0,-16.0,1.0
PO-001570,SUP-021,SKU-00020,WH-WEST,2025-09-01,2025-10-04,2025-10-12,1041,9.82,ocean,426.48,delivered,0,10222.62,33,41.0,8.0,0.0
PO-001571,SUP-021,SKU-00020,WH-WEST,2025-09-15,2025-10-18,2025-11-02,1243,9.82,ocean,568.82,delivered,0,12206.26,33,48.0,15.0,0.0
PO-001572,SUP-021,SKU-00020,WH-WEST,2025-10-20,2025-11-22,2025-11-29,932,9.82,ocean,336.44,delivered,0,9152.24,33,40.0,7.0,0.0
PO-001573,SUP-021,SKU-00020,WH-WEST,2025-11-10,2025-11-21,2025-11-20,1035,9.82,air,1288.69,delivered,0,10163.7,11,10.0,-1.0,1.0
PO-001574,SUP-021,SKU-00020,WH-WEST,2025-11-24,2025-12-27,,977,9.82,ocean,453.13,open,0,9594.14,33,,,
PO-001575,SUP-021,SKU-00020,WH-WEST,2025-12-08,2026-01-10,,1156,9.82,ocean,363.56,open,0,11351.92,33,,,
PO-001576,SUP-021,SKU-00020,WH-SOUTH,2024-01-22,2024-02-18,2024-02-09,1166,9.82,rail,541.87,delivered,0,11450.12,27,18.0,-9.0,1.0
PO-001577,SUP-021,SKU-00020,WH-SOUTH,2024-02-12,2024-03-16,2024-03-05,1031,9.82,ocean,333.14,delivered,0,10124.42,33,22.0,-11.0,1.0
PO-001578,SUP-021,SKU-00020,WH-SOUTH,2024-02-26,2024-03-24,2024-03-31,929,9.82,rail,391.48,delivered,0,9122.78,27,34.0,7.0,0.0
PO-001579,SUP-021,SKU-00020,WH-SOUTH,2024-03-18,2024-04-11,2024-04-25,1134,9.82,road,595.21,delivered,0,11135.88,24,38.0,14.0,0.0
PO-001580,SUP-021,SKU-00020,WH-SOUTH,2024-04-08,2024-05-11,2024-05-05,986,9.82,ocean,324.97,delivered,0,9682.52,33,27.0,-6.0,1.0
PO-001581,SUP-021,SKU-00020,WH-SOUTH,2024-05-06,2024-06-08,2024-05-14,1214,9.82,ocean,391.93,delivered,0,11921.48,33,8.0,-25.0,1.0
PO-001582,SUP-021,SKU-00020,WH-SOUTH,2024-05-27,2024-06-20,2024-07-07,1062,9.82,road,738.31,delivered,0,10428.84,24,41.0,17.0,0.0
PO-001583,SUP-021,SKU-00020,WH-SOUTH,2024-06-17,2024-07-20,2024-08-09,1115,9.82,ocean,402.45,delivered,0,10949.3,33,53.0,20.0,0.0
PO-001584,SUP-021,SKU-00020,WH-SOUTH,2024-07-15,2024-07-26,2024-07-31,893,9.82,air,899.44,delivered,0,8769.26,11,16.0,5.0,0.0
PO-001585,SUP-021,SKU-00020,WH-SOUTH,2024-08-05,2024-09-07,2024-08-27,881,9.82,ocean,300.56,delivered,0,8651.42,33,22.0,-11.0,1.0
PO-001586,SUP-021,SKU-00020,WH-SOUTH,2024-08-26,2024-09-22,2024-10-02,1104,9.82,rail,450.04,delivered,0,10841.28,27,37.0,10.0,0.0
PO-001587,SUP-021,SKU-00020,WH-SOUTH,2024-09-16,2024-10-19,2024-10-01,1158,9.82,ocean,380.86,delivered,0,11371.56,33,15.0,-18.0,1.0
PO-001588,SUP-021,SKU-00020,WH-SOUTH,2024-10-14,2024-11-07,2024-11-21,1168,9.82,road,689.41,delivered,0,11469.76,24,38.0,14.0,0.0
PO-001589,SUP-021,SKU-00020,WH-SOUTH,2024-10-28,2024-11-30,2024-11-07,836,9.82,ocean,335.28,delivered,0,8209.52,33,10.0,-23.0,1.0
PO-001590,SUP-021,SKU-00020,WH-SOUTH,2024-11-11,2024-12-14,2024-12-20,894,9.82,ocean,410.82,delivered,0,8779.08,33,39.0,6.0,0.0
PO-001591,SUP-021,SKU-00020,WH-SOUTH,2024-11-25,2024-12-19,2024-12-15,802,9.82,road,448.51,delivered,0,7875.64,24,20.0,-4.0,1.0
PO-001592,SUP-021,SKU-00020,WH-SOUTH,2024-12-09,2024-12-20,2024-12-10,889,9.82,air,1032.08,delivered,0,8729.98,11,1.0,-10.0,1.0
PO-001593,SUP-021,SKU-00020,WH-SOUTH,2024-12-23,2025-01-25,2025-02-03,856,9.82,ocean,298.97,delivered,0,8405.92,33,42.0,9.0,0.0
PO-001594,SUP-021,SKU-00020,WH-SOUTH,2025-01-06,2025-02-08,2025-02-08,919,9.82,ocean,420.13,delivered,0,9024.58,33,33.0,0.0,1.0
PO-001595,SUP-021,SKU-00020,WH-SOUTH,2025-01-20,2025-01-31,2025-02-03,818,9.82,air,846.73,delivered,0,8032.76,11,14.0,3.0,0.0
PO-001596,SUP-021,SKU-00020,WH-SOUTH,2025-02-17,2025-03-22,2025-02-28,983,9.82,ocean,393.65,delivered,0,9653.06,33,11.0,-22.0,1.0
PO-001597,SUP-021,SKU-00020,WH-SOUTH,2025-03-03,2025-04-05,2025-03-07,915,9.82,ocean,361.86,delivered,0,8985.3,33,4.0,-29.0,1.0
PO-001598,SUP-021,SKU-00020,WH-SOUTH,2025-03-17,2025-04-19,2025-04-01,899,9.82,ocean,301.9,delivered,0,8828.18,33,15.0,-18.0,1.0
PO-001599,SUP-021,SKU-00020,WH-SOUTH,2025-03-31,2025-04-11,2025-04-07,919,9.82,air,1208.59,delivered,0,9024.58,11,7.0,-4.0,1.0
PO-001600,SUP-021,SKU-00020,WH-SOUTH,2025-04-14,2025-05-08,2025-05-04,924,9.82,road,632.47,delivered,0,9073.68,24,20.0,-4.0,1.0
PO-001601,SUP-021,SKU-00020,WH-SOUTH,2025-04-28,2025-05-09,2025-05-10,892,9.82,air,1168.44,delivered,0,8759.44,11,12.0,1.0,0.0
PO-001602,SUP-021,SKU-00020,WH-SOUTH,2025-05-12,2025-06-08,2025-06-08,909,9.82,rail,528.12,delivered,0,8926.38,27,27.0,0.0,1.0
PO-001603,SUP-021,SKU-00020,WH-SOUTH,2025-05-26,2025-06-06,2025-06-07,908,9.82,air,1276.64,delivered,0,8916.56,11,12.0,1.0,0.0
PO-001604,SUP-021,SKU-00020,WH-SOUTH,2025-06-09,2025-07-12,2025-07-17,855,9.82,ocean,291.12,delivered,0,8396.1,33,38.0,5.0,0.0
PO-001605,SUP-021,SKU-00020,WH-SOUTH,2025-06-23,2025-07-04,2025-07-05,877,9.82,air,1206.36,delivered,0,8612.14,11,12.0,1.0,0.0
PO-001606,SUP-021,SKU-00020,WH-SOUTH,2025-07-07,2025-08-09,2025-07-27,869,9.82,ocean,363.57,delivered,0,8533.58,33,20.0,-13.0,1.0
PO-001607,SUP-021,SKU-00020,WH-SOUTH,2025-07-21,2025-08-23,2025-08-19,849,9.82,ocean,267.18,delivered,0,8337.18,33,29.0,-4.0,1.0
PO-001608,SUP-021,SKU-00020,WH-SOUTH,2025-08-04,2025-08-15,2025-08-12,820,9.82,air,1105.67,delivered,0,8052.4,11,8.0,-3.0,1.0
PO-001609,SUP-021,SKU-00020,WH-SOUTH,2025-08-18,2025-08-29,2025-09-02,916,9.82,air,1198.13,delivered,0,8995.12,11,15.0,4.0,0.0
PO-001610,SUP-021,SKU-00020,WH-SOUTH,2025-09-01,2025-09-12,2025-09-15,1036,9.82,air,1320.65,delivered,0,10173.52,11,14.0,3.0,0.0
PO-001611,SUP-021,SKU-00020,WH-SOUTH,2025-09-15,2025-10-18,2025-10-18,1254,9.82,ocean,549.43,delivered,0,12314.28,33,33.0,0.0,1.0
PO-001612,SUP-021,SKU-00020,WH-SOUTH,2025-09-29,2025-10-26,2025-10-23,952,9.82,rail,559.28,delivered,0,9348.64,27,24.0,-3.0,1.0
PO-001613,SUP-021,SKU-00020,WH-SOUTH,2025-10-27,2025-11-29,2025-10-30,1128,9.82,ocean,446.86,delivered,0,11076.96,33,3.0,-30.0,1.0
PO-001614,SUP-021,SKU-00020,WH-SOUTH,2025-11-10,2025-12-13,2025-12-14,1024,9.82,ocean,382.54,delivered,0,10055.68,33,34.0,1.0,0.0
PO-001615,SUP-021,SKU-00020,WH-SOUTH,2025-11-24,2025-12-18,2025-12-07,1155,9.82,road,654.92,delivered,0,11342.1,24,13.0,-11.0,1.0
PO-001616,SUP-021,SKU-00020,WH-SOUTH,2025-12-15,2026-01-17,,1121,9.82,ocean,431.06,open,0,11008.22,33,,,
PO-001617,SUP-020,SKU-00021,WH-APAC,2024-01-15,2024-01-28,2024-02-03,149,2.87,rail,20.23,delivered,0,427.63,13,19.0,6.0,0.0
PO-001618,SUP-020,SKU-00021,WH-APAC,2024-01-29,2024-02-13,2024-02-06,145,2.87,ocean,15.35,delivered,0,416.15,15,8.0,-7.0,1.0
PO-001619,SUP-020,SKU-00021,WH-APAC,2024-02-19,2024-03-05,2024-02-27,195,2.87,ocean,26.43,delivered,0,559.65,15,8.0,-7.0,1.0
PO-001620,SUP-020,SKU-00021,WH-APAC,2024-03-11,2024-03-26,2024-03-25,189,2.87,ocean,22.73,delivered,0,542.43,15,14.0,-1.0,1.0
PO-001621,SUP-020,SKU-00021,WH-APAC,2024-04-01,2024-04-16,2024-04-13,178,2.87,ocean,22.48,delivered,0,510.86,15,12.0,-3.0,1.0
PO-001622,SUP-020,SKU-00021,WH-APAC,2024-04-22,2024-05-03,2024-05-02,193,2.87,road,36.93,delivered,0,553.91,11,10.0,-1.0,1.0
PO-001623,SUP-020,SKU-00021,WH-APAC,2024-05-06,2024-05-21,2024-05-20,215,2.87,ocean,26.92,delivered,0,617.05,15,14.0,-1.0,1.0
PO-001624,SUP-020,SKU-00021,WH-APAC,2024-05-27,2024-06-11,2024-06-19,212,2.87,ocean,24.3,delivered,0,608.44,15,23.0,8.0,0.0
PO-001625,SUP-020,SKU-00021,WH-APAC,2024-06-24,2024-07-09,2024-07-13,163,2.87,ocean,21.88,delivered,0,467.81,15,19.0,4.0,0.0
PO-001626,SUP-020,SKU-00021,WH-APAC,2024-07-08,2024-07-13,2024-07-16,142,2.87,air,40.48,delivered,0,407.54,5,8.0,3.0,0.0
PO-001627,SUP-020,SKU-00021,WH-APAC,2024-07-29,2024-08-03,2024-08-02,212,2.87,air,58.8,delivered,0,608.44,5,4.0,-1.0,1.0
PO-001628,SUP-020,SKU-00021,WH-APAC,2024-08-12,2024-08-27,2024-08-23,164,2.87,ocean,15.16,delivered,0,470.68,15,11.0,-4.0,1.0
PO-001629,SUP-020,SKU-00021,WH-APAC,2024-08-26,2024-09-08,2024-09-16,173,2.87,rail,19.91,delivered,0,496.51,13,21.0,8.0,0.0
PO-001630,SUP-020,SKU-00021,WH-APAC,2024-09-16,2024-09-21,2024-09-22,152,2.87,air,45.5,delivered,0,436.24,5,6.0,1.0,0.0
PO-001631,SUP-020,SKU-00021,WH-APAC,2024-09-30,2024-10-13,2024-10-14,217,2.87,rail,36.18,delivered,0,622.79,13,14.0,1.0,0.0
PO-001632,SUP-020,SKU-00021,WH-APAC,2024-10-21,2024-10-26,2024-10-23,303,2.87,air,111.83,delivered,0,869.61,5,2.0,-3.0,1.0
PO-001633,SUP-020,SKU-00021,WH-APAC,2024-11-11,2024-11-26,2024-12-06,231,2.87,ocean,27.64,delivered,0,662.97,15,25.0,10.0,0.0
PO-001634,SUP-020,SKU-00021,WH-APAC,2024-12-16,2024-12-31,2025-01-06,187,2.87,ocean,22.56,delivered,0,536.69,15,21.0,6.0,0.0
PO-001635,SUP-020,SKU-00021,WH-APAC,2025-01-13,2025-01-28,2025-01-27,194,2.87,ocean,25.3,delivered,0,556.78,15,14.0,-1.0,1.0
PO-001636,SUP-020,SKU-00021,WH-APAC,2025-02-03,2025-02-14,2025-02-25,212,2.87,road,31.2,delivered,0,608.44,11,22.0,11.0,0.0
PO-001637,SUP-020,SKU-00021,WH-APAC,2025-03-03,2025-03-18,2025-03-11,151,2.87,ocean,15.55,delivered,0,433.37,15,8.0,-7.0,1.0
PO-001638,SUP-020,SKU-00021,WH-APAC,2025-03-24,2025-04-08,2025-04-04,185,2.87,ocean,24.32,delivered,0,530.95,15,11.0,-4.0,1.0
PO-001639,SUP-020,SKU-00021,WH-APAC,2025-04-07,2025-04-12,2025-04-10,141,2.87,air,40.91,delivered,0,404.67,5,3.0,-2.0,1.0
PO-001640,SUP-020,SKU-00021,WH-APAC,2025-04-21,2025-04-26,2025-04-24,164,2.87,air,59.0,delivered,0,470.68,5,3.0,-2.0,1.0
PO-001641,SUP-020,SKU-00021,WH-APAC,2025-05-12,2025-05-27,2025-06-13,206,2.87,ocean,22.04,delivered,0,591.22,15,32.0,17.0,0.0
PO-001642,SUP-020,SKU-00021,WH-APAC,2025-06-16,2025-07-01,2025-07-04,152,2.87,ocean,15.75,delivered,0,436.24,15,18.0,3.0,0.0
PO-001643,SUP-020,SKU-00021,WH-APAC,2025-06-30,2025-07-05,2025-07-01,153,2.87,air,46.76,delivered,0,439.11,5,1.0,-4.0,1.0
PO-001644,SUP-020,SKU-00021,WH-APAC,2025-07-14,2025-07-29,2025-07-25,166,2.87,ocean,19.44,delivered,0,476.42,15,11.0,-4.0,1.0
PO-001645,SUP-020,SKU-00021,WH-APAC,2025-07-28,2025-08-12,2025-08-15,186,2.87,ocean,21.36,delivered,0,533.82,15,18.0,3.0,0.0
PO-001646,SUP-020,SKU-00021,WH-APAC,2025-08-18,2025-09-02,2025-08-29,164,2.87,ocean,15.29,delivered,0,470.68,15,11.0,-4.0,1.0
PO-001647,SUP-020,SKU-00021,WH-APAC,2025-09-01,2025-09-16,2025-09-10,197,2.87,ocean,19.15,delivered,0,565.39,15,9.0,-6.0,1.0
PO-001648,SUP-020,SKU-00021,WH-APAC,2025-09-15,2025-09-30,2025-10-01,151,2.87,ocean,18.68,delivered,0,433.37,15,16.0,1.0,0.0
PO-001649,SUP-020,SKU-00021,WH-APAC,2025-09-29,2025-10-04,2025-10-11,154,2.87,air,55.98,delivered,0,441.98,5,12.0,7.0,0.0
PO-001650,SUP-020,SKU-00021,WH-APAC,2025-10-13,2025-10-28,2025-10-21,156,2.87,ocean,17.3,delivered,0,447.72,15,8.0,-7.0,1.0
PO-001651,SUP-020,SKU-00021,WH-APAC,2025-10-27,2025-11-11,2025-11-15,186,2.87,ocean,20.88,delivered,0,533.82,15,19.0,4.0,0.0
PO-001652,SUP-020,SKU-00021,WH-APAC,2025-11-17,2025-12-02,2025-12-13,158,2.87,ocean,18.25,delivered,0,453.46,15,26.0,11.0,0.0
PO-001653,SUP-020,SKU-00021,WH-APAC,2025-12-08,2025-12-21,2025-12-15,147,2.87,rail,20.43,delivered,0,421.89,13,7.0,-6.0,1.0
PO-001654,SUP-020,SKU-00021,WH-EAST,2024-01-15,2024-01-26,2024-01-31,122,2.87,road,20.12,delivered,0,350.14,11,16.0,5.0,0.0
PO-001655,SUP-020,SKU-00021,WH-EAST,2024-01-29,2024-02-03,2024-02-08,110,2.87,air,44.73,delivered,0,315.7,5,10.0,5.0,0.0
PO-001656,SUP-020,SKU-00021,WH-EAST,2024-02-19,2024-03-03,2024-03-09,126,2.87,rail,17.33,delivered,0,361.62,13,19.0,6.0,0.0
PO-001657,SUP-020,SKU-00021,WH-EAST,2024-03-04,2024-03-09,2024-03-11,106,2.87,air,36.89,delivered,0,304.22,5,7.0,2.0,0.0
PO-001658,SUP-020,SKU-00021,WH-EAST,2024-03-25,2024-04-09,2024-04-12,117,2.87,ocean,12.87,delivered,0,335.79,15,18.0,3.0,0.0
PO-001659,SUP-020,SKU-00021,WH-EAST,2024-04-15,2024-04-30,2024-05-05,145,2.87,ocean,15.88,delivered,0,416.15,15,20.0,5.0,0.0
PO-001660,SUP-020,SKU-00021,WH-EAST,2024-05-06,2024-05-17,2024-05-07,117,2.87,road,19.97,delivered,0,335.79,11,1.0,-10.0,1.0
PO-001661,SUP-020,SKU-00021,WH-EAST,2024-05-20,2024-06-04,2024-05-30,181,2.87,ocean,18.91,delivered,0,519.47,15,10.0,-5.0,1.0
PO-001662,SUP-020,SKU-00021,WH-EAST,2024-06-10,2024-06-23,2024-06-22,176,2.87,rail,29.78,delivered,0,505.12,13,12.0,-1.0,1.0
PO-001663,SUP-020,SKU-00021,WH-EAST,2024-07-01,2024-07-16,2024-07-17,125,2.87,ocean,15.01,delivered,0,358.75,15,16.0,1.0,0.0
PO-001664,SUP-020,SKU-00021,WH-EAST,2024-07-15,2024-07-20,2024-07-22,107,2.87,air,34.56,delivered,0,307.09,5,7.0,2.0,0.0
PO-001665,SUP-020,SKU-00021,WH-EAST,2024-07-29,2024-08-13,2024-08-18,170,2.87,ocean,16.83,delivered,0,487.9,15,20.0,5.0,0.0
PO-001666,SUP-020,SKU-00021,WH-EAST,2024-08-26,2024-09-06,2024-09-06,190,2.87,road,38.08,delivered,0,545.3,11,11.0,0.0,1.0
PO-001667,SUP-020,SKU-00021,WH-EAST,2024-09-16,2024-09-29,2024-10-01,192,2.87,rail,32.03,delivered,0,551.04,13,15.0,2.0,0.0
PO-001668,SUP-020,SKU-00021,WH-EAST,2024-10-07,2024-10-22,2024-11-01,106,2.87,ocean,10.2,delivered,0,304.22,15,25.0,10.0,0.0
PO-001669,SUP-020,SKU-00021,WH-EAST,2024-10-21,2024-10-26,2024-10-23,126,2.87,air,48.77,delivered,0,361.62,5,2.0,-3.0,1.0
PO-001670,SUP-020,SKU-00021,WH-EAST,2024-11-04,2024-11-17,2024-11-23,117,2.87,rail,17.97,delivered,0,335.79,13,19.0,6.0,0.0
PO-001671,SUP-020,SKU-00021,WH-EAST,2024-11-18,2024-11-23,,115,2.87,air,33.82,delivered,1,330.05,5,,,
PO-001672,SUP-020,SKU-00021,WH-EAST,2024-12-09,2024-12-24,2024-12-19,142,2.87,ocean,13.29,delivered,0,407.54,15,10.0,-5.0,1.0
PO-001673,SUP-020,SKU-00021,WH-EAST,2024-12-23,2024-12-28,2024-12-25,110,2.87,air,43.97,delivered,0,315.7,5,2.0,-3.0,1.0
PO-001674,SUP-020,SKU-00021,WH-EAST,2025-01-13,2025-01-28,2025-01-27,144,2.87,ocean,13.96,delivered,0,413.28,15,14.0,-1.0,1.0
PO-001675,SUP-020,SKU-00021,WH-EAST,2025-02-03,2025-02-16,2025-02-18,139,2.87,rail,21.55,delivered,0,398.93,13,15.0,2.0,0.0
PO-001676,SUP-020,SKU-00021,WH-EAST,2025-02-24,2025-03-01,2025-03-03,177,2.87,air,52.34,delivered,0,507.99,5,7.0,2.0,0.0
PO-001677,SUP-020,SKU-00021,WH-EAST,2025-03-17,2025-04-01,2025-04-02,152,2.87,ocean,17.74,delivered,0,436.24,15,16.0,1.0,0.0
PO-001678,SUP-020,SKU-00021,WH-EAST,2025-04-07,2025-04-22,2025-04-23,131,2.87,ocean,13.59,delivered,0,375.97,15,16.0,1.0,0.0
PO-001679,SUP-020,SKU-00021,WH-EAST,2025-04-28,2025-05-13,2025-05-21,123,2.87,ocean,12.28,delivered,0,353.01,15,23.0,8.0,0.0
PO-001680,SUP-020,SKU-00021,WH-EAST,2025-05-12,2025-05-17,2025-05-17,109,2.87,air,30.36,delivered,0,312.83,5,5.0,0.0,1.0
PO-001681,SUP-020,SKU-00021,WH-EAST,2025-06-02,2025-06-13,2025-06-12,123,2.87,road,22.43,delivered,0,353.01,11,10.0,-1.0,1.0
PO-001682,SUP-020,SKU-00021,WH-EAST,2025-06-16,2025-07-01,2025-06-17,143,2.87,ocean,14.3,delivered,0,410.41,15,1.0,-14.0,1.0
PO-001683,SUP-020,SKU-00021,WH-EAST,2025-06-30,2025-07-05,2025-07-05,137,2.87,air,54.88,delivered,0,393.19,5,5.0,0.0,1.0
PO-001684,SUP-020,SKU-00021,WH-EAST,2025-07-14,2025-07-27,2025-07-15,116,2.87,rail,17.09,delivered,0,332.92,13,1.0,-12.0,1.0
PO-001685,SUP-020,SKU-00021,WH-EAST,2025-07-28,2025-08-12,2025-08-13,155,2.87,ocean,16.52,delivered,0,444.85,15,16.0,1.0,0.0
PO-001686,SUP-020,SKU-00021,WH-EAST,2025-08-18,2025-09-02,2025-09-05,117,2.87,ocean,12.5,delivered,0,335.79,15,18.0,3.0,0.0
PO-001687,SUP-020,SKU-00021,WH-EAST,2025-09-01,2025-09-14,2025-09-02,115,2.87,rail,17.48,delivered,0,330.05,13,1.0,-12.0,1.0
PO-001688,SUP-020,SKU-00021,WH-EAST,2025-09-15,2025-09-20,2025-09-19,155,2.87,air,61.73,delivered,0,444.85,5,4.0,-1.0,1.0
PO-001689,SUP-020,SKU-00021,WH-EAST,2025-09-29,2025-10-14,2025-09-30,148,2.87,ocean,13.69,delivered,0,424.76,15,1.0,-14.0,1.0
PO-001690,SUP-020,SKU-00021,WH-EAST,2025-10-13,2025-10-26,2025-10-25,135,2.87,rail,20.99,delivered,0,387.45,13,12.0,-1.0,1.0
PO-001691,SUP-020,SKU-00021,WH-EAST,2025-10-27,2025-11-09,2025-11-05,113,2.87,rail,15.2,delivered,0,324.31,13,9.0,-4.0,1.0
PO-001692,SUP-020,SKU-00021,WH-EAST,2025-11-10,2025-11-23,2025-11-20,137,2.87,rail,17.04,delivered,0,393.19,13,10.0,-3.0,1.0
PO-001693,SUP-020,SKU-00021,WH-EAST,2025-11-24,2025-12-09,2025-12-22,108,2.87,ocean,12.54,delivered,0,309.96,15,28.0,13.0,0.0
PO-001694,SUP-020,SKU-00021,WH-EAST,2025-12-08,2025-12-13,2025-12-16,105,2.87,air,42.19,delivered,0,301.35,5,8.0,3.0,0.0
PO-001695,SUP-020,SKU-00022,WH-SOUTH,2024-01-15,2024-01-30,2024-01-25,106,1.3,ocean,5.32,delivered,0,137.8,15,10.0,-5.0,1.0
PO-001696,SUP-020,SKU-00022,WH-SOUTH,2024-02-05,2024-02-20,2024-02-10,133,1.3,ocean,7.22,delivered,0,172.9,15,5.0,-10.0,1.0
PO-001697,SUP-020,SKU-00022,WH-SOUTH,2024-02-19,2024-03-05,2024-03-06,100,1.3,ocean,5.31,delivered,0,130.0,15,16.0,1.0,0.0
PO-001698,SUP-020,SKU-00022,WH-SOUTH,2024-03-11,2024-03-16,2024-03-20,136,1.3,air,20.05,delivered,0,176.8,5,9.0,4.0,0.0
PO-001699,SUP-020,SKU-00022,WH-SOUTH,2024-03-25,2024-04-05,2024-04-03,97,1.3,road,6.97,delivered,0,126.1,11,9.0,-2.0,1.0
PO-001700,SUP-020,SKU-00022,WH-SOUTH,2024-04-08,2024-04-23,2024-05-06,119,1.3,ocean,5.84,delivered,0,154.7,15,28.0,13.0,0.0
PO-001701,SUP-020,SKU-00022,WH-SOUTH,2024-05-13,2024-05-18,2024-05-18,168,1.3,air,27.94,delivered,0,218.4,5,5.0,0.0,1.0
PO-001702,SUP-020,SKU-00022,WH-SOUTH,2024-05-27,2024-06-09,2024-06-14,138,1.3,rail,10.19,delivered,0,179.4,13,18.0,5.0,0.0
PO-001703,SUP-020,SKU-00022,WH-SOUTH,2024-06-17,2024-06-22,2024-06-20,101,1.3,air,13.83,delivered,0,131.3,5,3.0,-2.0,1.0
PO-001704,SUP-020,SKU-00022,WH-SOUTH,2024-07-01,2024-07-16,2024-07-15,147,1.3,ocean,7.61,delivered,0,191.1,15,14.0,-1.0,1.0
PO-001705,SUP-020,SKU-00022,WH-SOUTH,2024-07-22,2024-07-27,2024-07-23,135,1.3,air,22.14,delivered,0,175.5,5,1.0,-4.0,1.0
PO-001706,SUP-020,SKU-00022,WH-SOUTH,2024-08-05,2024-08-10,2024-08-11,159,1.3,air,25.29,delivered,0,206.7,5,6.0,1.0,0.0
PO-001707,SUP-020,SKU-00022,WH-SOUTH,2024-08-19,2024-08-30,2024-08-24,132,1.3,road,9.1,delivered,0,171.6,11,5.0,-6.0,1.0
PO-001708,SUP-020,SKU-00022,WH-SOUTH,2024-09-02,2024-09-13,2024-09-15,147,1.3,road,9.73,delivered,0,191.1,11,13.0,2.0,0.0
PO-001709,SUP-020,SKU-00022,WH-SOUTH,2024-09-23,2024-10-04,2024-09-24,138,1.3,road,11.03,delivered,0,179.4,11,1.0,-10.0,1.0
PO-001710,SUP-020,SKU-00022,WH-SOUTH,2024-10-07,2024-10-20,2024-10-23,146,1.3,rail,7.81,delivered,0,189.8,13,16.0,3.0,0.0
PO-001711,SUP-020,SKU-00022,WH-SOUTH,2024-10-28,2024-11-02,2024-10-29,102,1.3,air,13.45,delivered,0,132.6,5,1.0,-4.0,1.0
PO-001712,SUP-020,SKU-00022,WH-SOUTH,2024-11-11,2024-11-26,2024-12-01,128,1.3,ocean,6.78,delivered,0,166.4,15,20.0,5.0,0.0
PO-001713,SUP-020,SKU-00022,WH-SOUTH,2024-12-09,2024-12-22,2024-12-23,143,1.3,rail,9.9,delivered,0,185.9,13,14.0,1.0,0.0
PO-001714,SUP-020,SKU-00022,WH-SOUTH,2024-12-30,2025-01-04,2025-01-02,121,1.3,air,16.01,delivered,0,157.3,5,3.0,-2.0,1.0
PO-001715,SUP-020,SKU-00022,WH-SOUTH,2025-01-13,2025-01-18,2025-01-20,97,1.3,air,17.68,delivered,0,126.1,5,7.0,2.0,0.0
PO-001716,SUP-020,SKU-00022,WH-SOUTH,2025-02-03,2025-02-08,2025-02-08,143,1.3,air,23.22,delivered,0,185.9,5,5.0,0.0,1.0
PO-001717,SUP-020,SKU-00022,WH-SOUTH,2025-02-24,2025-03-09,2025-03-12,145,1.3,rail,11.01,delivered,0,188.5,13,16.0,3.0,0.0
PO-001718,SUP-020,SKU-00022,WH-SOUTH,2025-03-17,2025-04-01,2025-04-04,96,1.3,ocean,4.62,delivered,0,124.8,15,18.0,3.0,0.0
PO-001719,SUP-020,SKU-00022,WH-SOUTH,2025-03-31,2025-04-05,2025-04-06,101,1.3,air,18.43,delivered,0,131.3,5,6.0,1.0,0.0
PO-001720,SUP-020,SKU-00022,WH-SOUTH,2025-04-21,2025-04-26,2025-04-23,131,1.3,air,22.02,delivered,0,170.3,5,2.0,-3.0,1.0
PO-001721,SUP-020,SKU-00022,WH-SOUTH,2025-05-05,2025-05-20,2025-05-16,122,1.3,ocean,6.23,delivered,0,158.6,15,11.0,-4.0,1.0
PO-001722,SUP-020,SKU-00022,WH-SOUTH,2025-05-19,2025-06-01,2025-06-09,110,1.3,rail,8.17,delivered,0,143.0,13,21.0,8.0,0.0
PO-001723,SUP-020,SKU-00022,WH-SOUTH,2025-06-09,2025-06-24,2025-07-06,101,1.3,ocean,6.07,delivered,0,131.3,15,27.0,12.0,0.0
PO-001724,SUP-020,SKU-00022,WH-SOUTH,2025-06-23,2025-07-08,2025-07-07,101,1.3,ocean,4.3,delivered,0,131.3,15,14.0,-1.0,1.0
PO-001725,SUP-020,SKU-00022,WH-SOUTH,2025-07-21,2025-07-26,2025-07-29,168,1.3,air,26.85,delivered,0,218.4,5,8.0,3.0,0.0
PO-001726,SUP-020,SKU-00022,WH-SOUTH,2025-08-11,2025-08-16,2025-08-15,191,1.3,air,33.52,delivered,0,248.3,5,4.0,-1.0,1.0
PO-001727,SUP-020,SKU-00022,WH-SOUTH,2025-08-25,2025-08-30,2025-08-28,118,1.3,air,16.9,delivered,0,153.4,5,3.0,-2.0,1.0
PO-001728,SUP-020,SKU-00022,WH-SOUTH,2025-09-01,2025-09-16,2025-09-09,119,1.3,ocean,5.46,delivered,0,154.7,15,8.0,-7.0,1.0
PO-001729,SUP-020,SKU-00022,WH-SOUTH,2025-09-15,2025-09-20,2025-09-19,142,1.3,air,23.02,delivered,0,184.6,5,4.0,-1.0,1.0
PO-001730,SUP-020,SKU-00022,WH-SOUTH,2025-09-29,2025-10-14,2025-10-13,125,1.3,ocean,6.07,delivered,0,162.5,15,14.0,-1.0,1.0
PO-001731,SUP-020,SKU-00022,WH-SOUTH,2025-10-20,2025-10-31,2025-11-09,149,1.3,road,11.82,delivered,0,193.7,11,20.0,9.0,0.0
PO-001732,SUP-020,SKU-00022,WH-SOUTH,2025-11-17,2025-11-28,2025-11-24,112,1.3,road,9.03,delivered,0,145.6,11,7.0,-4.0,1.0
PO-001733,SUP-020,SKU-00022,WH-SOUTH,2025-12-01,2025-12-16,2025-12-07,140,1.3,ocean,5.86,delivered,0,182.0,15,6.0,-9.0,1.0
PO-001734,SUP-020,SKU-00022,WH-SOUTH,2025-12-22,2026-01-04,,135,1.3,rail,9.09,open,0,175.5,13,,,
PO-001735,SUP-020,SKU-00022,WH-EAST,2024-01-15,2024-01-30,2024-01-30,183,1.3,ocean,10.78,delivered,0,237.9,15,15.0,0.0,1.0
PO-001736,SUP-020,SKU-00022,WH-EAST,2024-02-05,2024-02-20,2024-03-05,229,1.3,ocean,12.92,delivered,0,297.7,15,29.0,14.0,0.0
PO-001737,SUP-020,SKU-00022,WH-EAST,2024-03-11,2024-03-24,2024-03-17,165,1.3,rail,9.9,delivered,0,214.5,13,6.0,-7.0,1.0
PO-001738,SUP-020,SKU-00022,WH-EAST,2024-04-01,2024-04-14,2024-04-11,234,1.3,rail,13.33,delivered,0,304.2,13,10.0,-3.0,1.0
PO-001739,SUP-020,SKU-00022,WH-EAST,2024-04-15,2024-04-30,2024-05-13,162,1.3,ocean,7.7,delivered,0,210.6,15,28.0,13.0,0.0
PO-001740,SUP-020,SKU-00022,WH-EAST,2024-04-29,2024-05-04,2024-05-02,169,1.3,air,26.83,delivered,0,219.7,5,3.0,-2.0,1.0
PO-001741,SUP-020,SKU-00022,WH-EAST,2024-05-13,2024-05-28,2024-05-16,190,1.3,ocean,8.19,delivered,0,247.0,15,3.0,-12.0,1.0
PO-001742,SUP-020,SKU-00022,WH-EAST,2024-05-27,2024-06-07,2024-06-04,206,1.3,road,15.46,delivered,0,267.8,11,8.0,-3.0,1.0
PO-001743,SUP-020,SKU-00022,WH-EAST,2024-06-10,2024-06-25,2024-07-02,225,1.3,ocean,13.36,delivered,0,292.5,15,22.0,7.0,0.0
PO-001744,SUP-020,SKU-00022,WH-EAST,2024-07-08,2024-07-23,2024-07-31,218,1.3,ocean,10.74,delivered,0,283.4,15,23.0,8.0,0.0
PO-001745,SUP-020,SKU-00022,WH-EAST,2024-08-05,2024-08-16,2024-08-15,212,1.3,road,14.99,delivered,0,275.6,11,10.0,-1.0,1.0
PO-001746,SUP-020,SKU-00022,WH-EAST,2024-08-19,2024-08-24,2024-08-27,196,1.3,air,30.98,delivered,0,254.8,5,8.0,3.0,0.0
PO-001747,SUP-020,SKU-00022,WH-EAST,2024-09-02,2024-09-07,2024-09-11,241,1.3,air,37.34,delivered,0,313.3,5,9.0,4.0,0.0
PO-001748,SUP-020,SKU-00022,WH-EAST,2024-09-16,2024-10-01,2024-10-08,191,1.3,ocean,8.33,delivered,0,248.3,15,22.0,7.0,0.0
PO-001749,SUP-020,SKU-00022,WH-EAST,2024-10-14,2024-10-19,2024-10-20,277,1.3,air,49.85,delivered,0,360.1,5,6.0,1.0,0.0
PO-001750,SUP-020,SKU-00022,WH-EAST,2024-10-28,2024-11-10,2024-11-06,186,1.3,rail,11.33,delivered,0,241.8,13,9.0,-4.0,1.0
PO-001751,SUP-020,SKU-00022,WH-EAST,2024-11-11,2024-11-26,2024-11-17,214,1.3,ocean,10.48,delivered,0,278.2,15,6.0,-9.0,1.0
PO-001752,SUP-020,SKU-00022,WH-EAST,2024-11-25,2024-12-10,2024-11-29,204,1.3,ocean,9.97,delivered,0,265.2,15,4.0,-11.0,1.0
PO-001753,SUP-020,SKU-00022,WH-EAST,2024-12-09,2024-12-14,2024-12-12,175,1.3,air,31.51,delivered,0,227.5,5,3.0,-2.0,1.0
PO-001754,SUP-020,SKU-00022,WH-EAST,2024-12-23,2025-01-03,2025-01-08,178,1.3,road,12.04,delivered,0,231.4,11,16.0,5.0,0.0
PO-001755,SUP-020,SKU-00022,WH-EAST,2025-01-13,2025-01-28,2025-02-04,205,1.3,ocean,12.07,delivered,0,266.5,15,22.0,7.0,0.0
PO-001756,SUP-020,SKU-00022,WH-EAST,2025-02-10,2025-02-25,2025-03-05,202,1.3,ocean,10.83,delivered,0,262.6,15,23.0,8.0,0.0
PO-001757,SUP-020,SKU-00022,WH-EAST,2025-03-10,2025-03-25,2025-03-21,185,1.3,ocean,9.93,delivered,0,240.5,15,11.0,-4.0,1.0
PO-001758,SUP-020,SKU-00022,WH-EAST,2025-03-31,2025-04-15,2025-04-11,234,1.3,ocean,12.79,delivered,0,304.2,15,11.0,-4.0,1.0
PO-001759,SUP-020,SKU-00022,WH-EAST,2025-04-21,2025-05-06,2025-05-09,224,1.3,ocean,13.17,delivered,0,291.2,15,18.0,3.0,0.0
PO-001760,SUP-020,SKU-00022,WH-EAST,2025-05-19,2025-06-03,2025-06-11,249,1.3,ocean,10.95,delivered,0,323.7,15,23.0,8.0,0.0
PO-001761,SUP-020,SKU-00022,WH-EAST,2025-06-16,2025-06-21,2025-06-21,228,1.3,air,31.82,delivered,0,296.4,5,5.0,0.0,1.0
PO-001762,SUP-020,SKU-00022,WH-EAST,2025-06-30,2025-07-15,2025-07-12,180,1.3,ocean,10.27,delivered,0,234.0,15,12.0,-3.0,1.0
PO-001763,SUP-020,SKU-00022,WH-EAST,2025-07-14,2025-07-29,2025-08-05,205,1.3,ocean,12.76,delivered,0,266.5,15,22.0,7.0,0.0
PO-001764,SUP-020,SKU-00022,WH-EAST,2025-08-11,2025-08-22,2025-08-29,289,1.3,road,23.96,delivered,0,375.7,11,18.0,7.0,0.0
PO-001765,SUP-020,SKU-00022,WH-EAST,2025-09-08,2025-09-23,2025-09-30,262,1.3,ocean,12.44,delivered,0,340.6,15,22.0,7.0,0.0
PO-001766,SUP-020,SKU-00022,WH-EAST,2025-10-06,2025-10-21,2025-10-21,178,1.3,ocean,11.0,delivered,0,231.4,15,15.0,0.0,1.0
PO-001767,SUP-020,SKU-00022,WH-EAST,2025-10-27,2025-11-11,2025-11-13,255,1.3,ocean,13.54,delivered,0,331.5,15,17.0,2.0,0.0
PO-001768,SUP-020,SKU-00022,WH-EAST,2025-11-24,2025-11-29,2025-11-27,227,1.3,air,41.41,delivered,0,295.1,5,3.0,-2.0,1.0
PO-001769,SUP-020,SKU-00022,WH-EAST,2025-12-08,2025-12-23,2025-12-25,170,1.3,ocean,8.62,delivered,0,221.0,15,17.0,2.0,0.0
PO-001770,SUP-020,SKU-00022,WH-EAST,2025-12-22,2025-12-27,2025-12-28,161,1.3,air,23.47,delivered,0,209.3,5,6.0,1.0,0.0
PO-001771,SUP-015,SKU-00023,WH-EU,2024-01-15,2024-02-01,2024-01-29,166,2.32,ocean,17.57,delivered,0,385.12,17,14.0,-3.0,1.0
PO-001772,SUP-015,SKU-00023,WH-EU,2024-02-05,2024-02-22,2024-02-19,263,2.32,ocean,26.38,delivered,0,610.16,17,14.0,-3.0,1.0
PO-001773,SUP-015,SKU-00023,WH-EU,2024-02-26,2024-03-14,2024-03-11,145,2.32,ocean,13.92,delivered,0,336.4,17,14.0,-3.0,1.0
PO-001774,SUP-015,SKU-00023,WH-EU,2024-03-18,2024-03-24,2024-03-24,168,2.32,air,41.85,delivered,0,389.76,6,6.0,0.0,1.0
PO-001775,SUP-015,SKU-00023,WH-EU,2024-04-08,2024-04-25,2024-04-28,196,2.32,ocean,18.39,delivered,0,454.72,17,20.0,3.0,0.0
PO-001776,SUP-015,SKU-00023,WH-EU,2024-04-29,2024-05-16,2024-05-13,145,2.32,ocean,14.92,delivered,0,336.4,17,14.0,-3.0,1.0
PO-001777,SUP-015,SKU-00023,WH-EU,2024-05-27,2024-06-02,2024-06-01,163,2.32,air,40.89,delivered,0,378.16,6,5.0,-1.0,1.0
PO-001778,SUP-015,SKU-00023,WH-EU,2024-06-24,2024-06-30,2024-06-30,143,2.32,air,46.83,delivered,0,331.76,6,6.0,0.0,1.0
PO-001779,SUP-015,SKU-00023,WH-EU,2024-07-29,2024-08-15,2024-08-15,163,2.32,ocean,12.58,delivered,0,378.16,17,17.0,0.0,1.0
PO-001780,SUP-015,SKU-00023,WH-EU,2024-09-02,2024-09-19,2024-09-17,169,2.32,ocean,18.44,delivered,0,392.08,17,15.0,-2.0,1.0
PO-001781,SUP-015,SKU-00023,WH-EU,2024-09-30,2024-10-14,2024-10-10,180,2.32,rail,18.91,delivered,0,417.6,14,10.0,-4.0,1.0
PO-001782,SUP-015,SKU-00023,WH-EU,2024-10-21,2024-11-04,2024-11-02,165,2.32,rail,20.05,delivered,0,382.8,14,12.0,-2.0,1.0
PO-001783,SUP-015,SKU-00023,WH-EU,2024-11-11,2024-11-25,2024-11-24,166,2.32,rail,16.03,delivered,0,385.12,14,13.0,-1.0,1.0
PO-001784,SUP-015,SKU-00023,WH-EU,2024-12-02,2024-12-19,2024-12-21,165,2.32,ocean,16.3,delivered,0,382.8,17,19.0,2.0,0.0
PO-001785,SUP-015,SKU-00023,WH-EU,2024-12-16,2025-01-02,2024-12-28,159,2.32,ocean,14.05,delivered,0,368.88,17,12.0,-5.0,1.0
PO-001786,SUP-015,SKU-00023,WH-EU,2025-01-06,2025-01-18,2025-01-23,163,2.32,road,26.61,delivered,0,378.16,12,17.0,5.0,0.0
PO-001787,SUP-015,SKU-00023,WH-EU,2025-01-20,2025-01-26,2025-01-26,144,2.32,air,47.15,delivered,0,334.08,6,6.0,0.0,1.0
PO-001788,SUP-015,SKU-00023,WH-EU,2025-02-10,2025-02-16,2025-02-15,210,2.32,air,48.59,delivered,0,487.2,6,5.0,-1.0,1.0
PO-001789,SUP-015,SKU-00023,WH-EU,2025-03-03,2025-03-20,2025-03-14,198,2.32,ocean,20.6,delivered,0,459.36,17,11.0,-6.0,1.0
PO-001790,SUP-015,SKU-00023,WH-EU,2025-03-24,2025-04-10,2025-04-08,186,2.32,ocean,16.83,delivered,0,431.52,17,15.0,-2.0,1.0
PO-001791,SUP-015,SKU-00023,WH-EU,2025-04-14,2025-04-20,2025-04-18,154,2.32,air,37.63,delivered,0,357.28,6,4.0,-2.0,1.0
PO-001792,SUP-015,SKU-00023,WH-EU,2025-05-12,2025-05-29,2025-05-27,176,2.32,ocean,18.96,delivered,0,408.32,17,15.0,-2.0,1.0
PO-001793,SUP-015,SKU-00023,WH-EU,2025-06-09,2025-06-15,2025-06-15,147,2.32,air,39.9,delivered,0,341.04,6,6.0,0.0,1.0
PO-001794,SUP-015,SKU-00023,WH-EU,2025-07-14,2025-07-31,2025-07-30,150,2.32,ocean,11.65,delivered,0,348.0,17,16.0,-1.0,1.0
PO-001795,SUP-015,SKU-00023,WH-EU,2025-08-18,2025-08-24,2025-08-24,149,2.32,air,40.72,delivered,0,345.68,6,6.0,0.0,1.0
PO-001796,SUP-015,SKU-00023,WH-EU,2025-09-15,2025-09-29,2025-09-30,161,2.32,rail,18.07,delivered,0,373.52,14,15.0,1.0,0.0
PO-001797,SUP-015,SKU-00023,WH-EU,2025-10-13,2025-10-30,2025-10-31,172,2.32,ocean,15.43,delivered,0,399.04,17,18.0,1.0,0.0
PO-001798,SUP-015,SKU-00023,WH-EU,2025-10-27,2025-11-02,2025-10-31,148,2.32,air,33.35,delivered,0,343.36,6,4.0,-2.0,1.0
PO-001799,SUP-015,SKU-00023,WH-EU,2025-11-17,2025-12-01,2025-11-30,156,2.32,rail,19.62,delivered,0,361.92,14,13.0,-1.0,1.0
PO-001800,SUP-015,SKU-00023,WH-EU,2025-12-08,2025-12-25,2025-12-24,204,2.32,ocean,21.99,delivered,0,473.28,17,16.0,-1.0,1.0
PO-001801,SUP-015,SKU-00023,WH-WEST,2024-01-22,2024-01-28,2024-01-28,211,2.32,air,51.97,delivered,0,489.52,6,6.0,0.0,1.0
PO-001802,SUP-015,SKU-00023,WH-WEST,2024-02-05,2024-02-11,2024-02-11,183,2.32,air,57.09,delivered,0,424.56,6,6.0,0.0,1.0
PO-001803,SUP-015,SKU-00023,WH-WEST,2024-02-19,2024-03-04,2024-03-02,183,2.32,rail,21.54,delivered,0,424.56,14,12.0,-2.0,1.0
PO-001804,SUP-015,SKU-00023,WH-WEST,2024-03-11,2024-03-28,2024-03-27,212,2.32,ocean,16.06,delivered,0,491.84,17,16.0,-1.0,1.0
PO-001805,SUP-015,SKU-00023,WH-WEST,2024-04-01,2024-04-13,2024-04-15,185,2.32,road,21.46,delivered,0,429.2,12,14.0,2.0,0.0
PO-001806,SUP-015,SKU-00023,WH-WEST,2024-04-22,2024-04-28,2024-04-28,171,2.32,air,41.98,delivered,0,396.72,6,6.0,0.0,1.0
PO-001807,SUP-015,SKU-00023,WH-WEST,2024-05-13,2024-05-19,2024-05-19,151,2.32,air,35.73,delivered,0,350.32,6,6.0,0.0,1.0
PO-001808,SUP-015,SKU-00023,WH-WEST,2024-06-03,2024-06-20,2024-06-22,163,2.32,ocean,12.82,delivered,0,378.16,17,19.0,2.0,0.0
PO-001809,SUP-015,SKU-00023,WH-WEST,2024-07-15,2024-07-29,2024-07-29,187,2.32,rail,22.2,delivered,0,433.84,14,14.0,0.0,1.0
PO-001810,SUP-015,SKU-00023,WH-WEST,2024-08-19,2024-09-05,2024-09-02,168,2.32,ocean,16.0,delivered,0,389.76,17,14.0,-3.0,1.0
PO-001811,SUP-015,SKU-00023,WH-WEST,2024-09-23,2024-09-29,2024-09-28,178,2.32,air,58.38,delivered,0,412.96,6,5.0,-1.0,1.0
PO-001812,SUP-015,SKU-00023,WH-WEST,2024-10-14,2024-10-31,2024-10-28,178,2.32,ocean,14.8,delivered,0,412.96,17,14.0,-3.0,1.0
PO-001813,SUP-015,SKU-00023,WH-WEST,2024-11-04,2024-11-10,2024-11-11,175,2.32,air,53.79,delivered,0,406.0,6,7.0,1.0,0.0
PO-001814,SUP-015,SKU-00023,WH-WEST,2024-11-25,2024-12-12,2024-12-11,192,2.32,ocean,18.85,delivered,0,445.44,17,16.0,-1.0,1.0
PO-001815,SUP-015,SKU-00023,WH-WEST,2024-12-09,2024-12-15,2024-12-15,149,2.32,air,48.59,delivered,0,345.68,6,6.0,0.0,1.0
PO-001816,SUP-015,SKU-00023,WH-WEST,2024-12-30,2025-01-16,2025-01-11,217,2.32,ocean,16.64,delivered,0,503.44,17,12.0,-5.0,1.0
PO-001817,SUP-015,SKU-00023,WH-WEST,2025-01-20,2025-02-06,2025-02-03,225,2.32,ocean,17.43,delivered,0,522.0,17,14.0,-3.0,1.0
PO-001818,SUP-015,SKU-00023,WH-WEST,2025-02-03,2025-02-20,2025-02-21,153,2.32,ocean,11.92,delivered,0,354.96,17,18.0,1.0,0.0
PO-001819,SUP-015,SKU-00023,WH-WEST,2025-02-24,2025-03-13,2025-03-12,199,2.32,ocean,19.89,delivered,0,461.68,17,16.0,-1.0,1.0
PO-001820,SUP-015,SKU-00023,WH-WEST,2025-03-17,2025-04-03,2025-04-08,174,2.32,ocean,17.89,delivered,0,403.68,17,22.0,5.0,0.0
PO-001821,SUP-015,SKU-00023,WH-WEST,2025-04-07,2025-04-13,2025-04-12,167,2.32,air,43.42,delivered,0,387.44,6,5.0,-1.0,1.0
PO-001822,SUP-015,SKU-00023,WH-WEST,2025-05-05,2025-05-22,2025-05-20,167,2.32,ocean,13.09,delivered,0,387.44,17,15.0,-2.0,1.0
PO-001823,SUP-015,SKU-00023,WH-WEST,2025-06-02,2025-06-19,2025-06-17,172,2.32,ocean,13.7,delivered,0,399.04,17,15.0,-2.0,1.0
PO-001824,SUP-015,SKU-00023,WH-WEST,2025-07-07,2025-07-13,2025-07-13,159,2.32,air,38.05,delivered,0,368.88,6,6.0,0.0,1.0
PO-001825,SUP-015,SKU-00023,WH-WEST,2025-08-11,2025-08-25,2025-08-25,165,2.32,rail,16.03,delivered,0,382.8,14,14.0,0.0,1.0
PO-001826,SUP-015,SKU-00023,WH-WEST,2025-09-08,2025-09-14,2025-09-13,158,2.32,air,36.37,delivered,0,366.56,6,5.0,-1.0,1.0
PO-001827,SUP-015,SKU-00023,WH-WEST,2025-10-06,2025-10-23,2025-10-15,196,2.32,ocean,14.8,delivered,0,454.72,17,9.0,-8.0,1.0
PO-001828,SUP-015,SKU-00023,WH-WEST,2025-10-27,2025-11-08,2025-11-09,189,2.32,road,27.59,delivered,0,438.48,12,13.0,1.0,0.0
PO-001829,SUP-015,SKU-00023,WH-WEST,2025-11-17,2025-12-04,2025-12-03,215,2.32,ocean,21.01,delivered,0,498.8,17,16.0,-1.0,1.0
PO-001830,SUP-015,SKU-00023,WH-WEST,2025-12-08,2025-12-25,2025-12-27,195,2.32,ocean,19.25,delivered,0,452.4,17,19.0,2.0,0.0
PO-001831,SUP-015,SKU-00023,WH-SOUTH,2024-01-15,2024-01-29,2024-01-28,152,2.32,rail,20.7,delivered,0,352.64,14,13.0,-1.0,1.0
PO-001832,SUP-015,SKU-00023,WH-SOUTH,2024-01-29,2024-02-10,2024-02-08,133,2.32,road,18.45,delivered,0,308.56,12,10.0,-2.0,1.0
PO-001833,SUP-015,SKU-00023,WH-SOUTH,2024-02-12,2024-02-29,2024-02-27,169,2.32,ocean,16.96,delivered,0,392.08,17,15.0,-2.0,1.0
PO-001834,SUP-015,SKU-00023,WH-SOUTH,2024-03-04,2024-03-18,2024-03-18,163,2.32,rail,15.31,delivered,0,378.16,14,14.0,0.0,1.0
PO-001835,SUP-015,SKU-00023,WH-SOUTH,2024-03-25,2024-03-31,2024-03-31,171,2.32,air,44.62,delivered,0,396.72,6,6.0,0.0,1.0
PO-001836,SUP-015,SKU-00023,WH-SOUTH,2024-04-15,2024-04-21,2024-04-21,153,2.32,air,44.37,delivered,0,354.96,6,6.0,0.0,1.0
PO-001837,SUP-015,SKU-00023,WH-SOUTH,2024-05-13,2024-05-30,2024-05-28,179,2.32,ocean,13.81,delivered,0,415.28,17,15.0,-2.0,1.0
PO-001838,SUP-015,SKU-00023,WH-SOUTH,2024-06-10,2024-06-27,2024-06-28,147,2.32,ocean,14.24,delivered,0,341.04,17,18.0,1.0,0.0
PO-001839,SUP-015,SKU-00023,WH-SOUTH,2024-07-22,2024-07-28,2024-07-29,153,2.32,air,47.62,delivered,0,354.96,6,7.0,1.0,0.0
PO-001840,SUP-015,SKU-00023,WH-SOUTH,2024-08-26,2024-09-12,2024-09-11,159,2.32,ocean,15.62,delivered,0,368.88,17,16.0,-1.0,1.0
PO-001841,SUP-015,SKU-00023,WH-SOUTH,2024-09-23,2024-10-10,2024-10-12,145,2.32,ocean,15.01,delivered,0,336.4,17,19.0,2.0,0.0
PO-001842,SUP-015,SKU-00023,WH-SOUTH,2024-10-14,2024-10-31,2024-10-29,147,2.32,ocean,10.92,delivered,0,341.04,17,15.0,-2.0,1.0
PO-001843,SUP-015,SKU-00023,WH-SOUTH,2024-11-04,2024-11-21,2024-11-19,149,2.32,ocean,14.74,delivered,0,345.68,17,15.0,-2.0,1.0
PO-001844,SUP-015,SKU-00023,WH-SOUTH,2024-11-18,2024-12-02,2024-12-02,140,2.32,rail,18.57,delivered,0,324.8,14,14.0,0.0,1.0
PO-001845,SUP-015,SKU-00023,WH-SOUTH,2024-12-09,2024-12-23,2024-12-24,213,2.32,rail,20.3,delivered,0,494.16,14,15.0,1.0,0.0
PO-001846,SUP-015,SKU-00023,WH-SOUTH,2024-12-30,2025-01-16,2025-01-14,146,2.32,ocean,14.57,delivered,0,338.72,17,15.0,-2.0,1.0
PO-001847,SUP-015,SKU-00023,WH-SOUTH,2025-01-13,2025-01-19,2025-01-19,133,2.32,air,33.82,delivered,0,308.56,6,6.0,0.0,1.0
PO-001848,SUP-015,SKU-00023,WH-SOUTH,2025-02-03,2025-02-20,2025-02-16,201,2.32,ocean,21.39,delivered,0,466.32,17,13.0,-4.0,1.0
PO-001849,SUP-015,SKU-00023,WH-SOUTH,2025-02-24,2025-03-13,2025-03-10,164,2.32,ocean,12.79,delivered,0,380.48,17,14.0,-3.0,1.0
PO-001850,SUP-015,SKU-00023,WH-SOUTH,2025-03-17,2025-04-03,2025-04-03,163,2.32,ocean,17.87,delivered,0,378.16,17,17.0,0.0,1.0
PO-001851,SUP-015,SKU-00023,WH-SOUTH,2025-04-07,2025-04-24,2025-04-24,141,2.32,ocean,14.77,delivered,0,327.12,17,17.0,0.0,1.0
PO-001852,SUP-015,SKU-00023,WH-SOUTH,2025-04-28,2025-05-12,2025-05-13,152,2.32,rail,17.76,delivered,0,352.64,14,15.0,1.0,0.0
PO-001853,SUP-015,SKU-00023,WH-SOUTH,2025-05-26,2025-06-09,2025-06-07,142,2.32,rail,15.95,delivered,0,329.44,14,12.0,-2.0,1.0
PO-001854,SUP-015,SKU-00023,WH-SOUTH,2025-06-30,2025-07-17,2025-07-14,132,2.32,ocean,14.53,delivered,0,306.24,17,14.0,-3.0,1.0
PO-001855,SUP-015,SKU-00023,WH-SOUTH,2025-08-04,2025-08-10,2025-08-10,133,2.32,air,35.32,delivered,0,308.56,6,6.0,0.0,1.0
PO-001856,SUP-015,SKU-00023,WH-SOUTH,2025-09-01,2025-09-15,2025-09-16,130,2.32,rail,17.39,delivered,0,301.6,14,15.0,1.0,0.0
PO-001857,SUP-015,SKU-00023,WH-SOUTH,2025-09-29,2025-10-16,2025-10-16,144,2.32,ocean,14.49,delivered,0,334.08,17,17.0,0.0,1.0
PO-001858,SUP-015,SKU-00023,WH-SOUTH,2025-10-20,2025-10-26,2025-10-26,137,2.32,air,35.77,delivered,0,317.84,6,6.0,0.0,1.0
PO-001859,SUP-015,SKU-00023,WH-SOUTH,2025-11-10,2025-11-27,2025-11-30,160,2.32,ocean,17.17,delivered,0,371.2,17,20.0,3.0,0.0
PO-001860,SUP-015,SKU-00023,WH-SOUTH,2025-12-01,2025-12-15,2025-12-16,147,2.32,rail,17.13,delivered,0,341.04,14,15.0,1.0,0.0
PO-001861,SUP-015,SKU-00023,WH-SOUTH,2025-12-15,2025-12-21,2025-12-19,129,2.32,air,37.49,delivered,0,299.28,6,4.0,-2.0,1.0
PO-001862,SUP-009,SKU-00024,WH-EAST,2024-01-15,2024-02-12,2024-02-16,1092,26.5,ocean,1146.97,delivered,0,28938.0,28,32.0,4.0,0.0
PO-001863,SUP-009,SKU-00024,WH-EAST,2024-02-05,2024-02-14,2024-02-13,1496,26.5,air,4089.19,delivered,0,39644.0,9,8.0,-1.0,1.0
PO-001864,SUP-009,SKU-00024,WH-EAST,2024-02-26,2024-03-06,2024-03-06,1646,26.5,air,4593.65,delivered,0,43619.0,9,9.0,0.0,1.0
PO-001865,SUP-009,SKU-00024,WH-EAST,2024-03-11,2024-03-20,2024-03-18,1146,26.5,air,3856.32,delivered,0,30369.0,9,7.0,-2.0,1.0
PO-001866,SUP-009,SKU-00024,WH-EAST,2024-04-01,2024-04-22,2024-04-25,1531,26.5,road,2799.47,delivered,0,40571.5,21,24.0,3.0,0.0
PO-001867,SUP-009,SKU-00024,WH-EAST,2024-04-22,2024-05-01,2024-05-03,1408,26.5,air,4464.89,delivered,0,37312.0,9,11.0,2.0,0.0
PO-001868,SUP-009,SKU-00024,WH-EAST,2024-05-13,2024-05-22,2024-05-24,1108,26.5,air,2987.74,delivered,0,29362.0,9,11.0,2.0,0.0
PO-001869,SUP-009,SKU-00024,WH-EAST,2024-06-03,2024-06-12,2024-06-10,1138,26.5,air,3608.7,delivered,0,30157.0,9,7.0,-2.0,1.0
PO-001870,SUP-009,SKU-00024,WH-EAST,2024-07-01,2024-07-10,2024-07-09,1413,26.5,air,3874.69,delivered,0,37444.5,9,8.0,-1.0,1.0
PO-001871,SUP-009,SKU-00024,WH-EAST,2024-07-22,2024-08-19,2024-08-21,1224,26.5,ocean,1213.92,delivered,0,32436.0,28,30.0,2.0,0.0
PO-001872,SUP-009,SKU-00024,WH-EAST,2024-08-19,2024-08-28,2024-08-30,1508,26.5,air,4746.92,delivered,0,39962.0,9,11.0,2.0,0.0
PO-001873,SUP-009,SKU-00024,WH-EAST,2024-09-09,2024-10-07,2024-09-20,1156,26.5,ocean,1379.95,delivered,0,30634.0,28,11.0,-17.0,1.0
PO-001874,SUP-009,SKU-00024,WH-EAST,2024-09-23,2024-10-14,2024-10-25,1117,26.5,road,1813.06,delivered,0,29600.5,21,32.0,11.0,0.0
PO-001875,SUP-009,SKU-00024,WH-EAST,2024-10-14,2024-11-04,2024-11-09,1658,26.5,road,3091.36,delivered,0,43937.0,21,26.0,5.0,0.0
PO-001876,SUP-009,SKU-00024,WH-EAST,2024-11-04,2024-12-02,2024-11-14,1152,26.5,ocean,1220.63,delivered,0,30528.0,28,10.0,-18.0,1.0
PO-001877,SUP-009,SKU-00024,WH-EAST,2024-11-18,2024-12-16,2024-11-25,1154,26.5,ocean,1174.93,delivered,0,30581.0,28,7.0,-21.0,1.0
PO-001878,SUP-009,SKU-00024,WH-EAST,2024-12-09,2025-01-06,2025-01-04,1648,26.5,ocean,1542.66,delivered,0,43672.0,28,26.0,-2.0,1.0
PO-001879,SUP-009,SKU-00024,WH-EAST,2024-12-23,2025-01-01,2025-01-04,1205,26.5,air,4071.67,delivered,0,31932.5,9,12.0,3.0,0.0
PO-001880,SUP-009,SKU-00024,WH-EAST,2025-01-13,2025-02-10,2025-02-22,1355,26.5,ocean,1488.36,delivered,0,35907.5,28,40.0,12.0,0.0
PO-001881,SUP-009,SKU-00024,WH-EAST,2025-01-27,2025-02-17,2025-02-11,1242,26.5,road,1869.87,delivered,0,32913.0,21,15.0,-6.0,1.0
PO-001882,SUP-009,SKU-00024,WH-EAST,2025-02-17,2025-03-12,2025-03-13,1726,26.5,rail,2199.38,delivered,0,45739.0,23,24.0,1.0,0.0
PO-001883,SUP-009,SKU-00024,WH-EAST,2025-03-10,2025-03-19,2025-03-18,1492,26.5,air,5209.04,delivered,0,39538.0,9,8.0,-1.0,1.0
PO-001884,SUP-009,SKU-00024,WH-EAST,2025-03-31,2025-04-28,2025-04-27,1531,26.5,ocean,1863.16,delivered,0,40571.5,28,27.0,-1.0,1.0
PO-001885,SUP-009,SKU-00024,WH-EAST,2025-04-14,2025-04-23,2025-04-29,1172,26.5,air,4249.11,delivered,0,31058.0,9,15.0,6.0,0.0
PO-001886,SUP-009,SKU-00024,WH-EAST,2025-05-12,2025-06-09,2025-06-15,1489,26.5,ocean,1868.43,delivered,0,39458.5,28,34.0,6.0,0.0
PO-001887,SUP-009,SKU-00024,WH-EAST,2025-06-02,2025-06-11,2025-06-12,1382,26.5,air,4861.87,delivered,0,36623.0,9,10.0,1.0,0.0
PO-001888,SUP-009,SKU-00024,WH-EAST,2025-06-23,2025-07-02,2025-06-29,1145,26.5,air,3072.94,delivered,0,30342.5,9,6.0,-3.0,1.0
PO-001889,SUP-009,SKU-00024,WH-EAST,2025-07-14,2025-07-23,2025-07-23,1443,26.5,air,4661.52,delivered,0,38239.5,9,9.0,0.0,1.0
PO-001890,SUP-009,SKU-00024,WH-EAST,2025-08-04,2025-08-13,2025-08-10,1219,26.5,air,3778.11,delivered,0,32303.5,9,6.0,-3.0,1.0
PO-001891,SUP-009,SKU-00024,WH-EAST,2025-08-25,2025-09-22,2025-09-16,1194,26.5,ocean,1084.28,delivered,0,31641.0,28,22.0,-6.0,1.0
PO-001892,SUP-009,SKU-00024,WH-EAST,2025-09-08,2025-10-06,2025-10-08,1098,26.5,ocean,1000.61,delivered,0,29097.0,28,30.0,2.0,0.0
PO-001893,SUP-009,SKU-00024,WH-EAST,2025-09-22,2025-10-13,2025-10-09,1139,26.5,road,1990.34,delivered,0,30183.5,21,17.0,-4.0,1.0
PO-001894,SUP-009,SKU-00024,WH-EAST,2025-10-13,2025-10-22,2025-10-19,1354,26.5,air,5156.83,delivered,0,35881.0,9,6.0,-3.0,1.0
PO-001895,SUP-009,SKU-00024,WH-EAST,2025-10-27,2025-11-19,2025-12-04,1489,26.5,rail,1918.4,delivered,0,39458.5,23,38.0,15.0,0.0
PO-001896,SUP-009,SKU-00024,WH-EAST,2025-11-10,2025-11-19,2025-11-25,1551,26.5,air,4242.65,delivered,0,41101.5,9,15.0,6.0,0.0
PO-001897,SUP-009,SKU-00024,WH-EAST,2025-12-08,2026-01-05,,1833,26.5,ocean,1896.92,open,0,48574.5,28,,,
PO-001898,SUP-009,SKU-00024,WH-EAST,2025-12-22,2025-12-31,,1333,26.5,air,4227.06,open,0,35324.5,9,,,
PO-001899,SUP-009,SKU-00024,WH-APAC,2024-01-22,2024-02-19,2024-02-20,1685,26.5,ocean,2009.53,delivered,0,44652.5,28,29.0,1.0,0.0
PO-001900,SUP-009,SKU-00024,WH-APAC,2024-02-12,2024-02-21,2024-02-24,1867,26.5,air,6602.91,delivered,0,49475.5,9,12.0,3.0,0.0
PO-001901,SUP-009,SKU-00024,WH-APAC,2024-03-04,2024-03-27,2024-03-19,1602,26.5,rail,2378.51,delivered,0,42453.0,23,15.0,-8.0,1.0
PO-001902,SUP-009,SKU-00024,WH-APAC,2024-03-25,2024-04-22,2024-04-09,2226,26.5,ocean,1985.3,delivered,0,58989.0,28,15.0,-13.0,1.0
PO-001903,SUP-009,SKU-00024,WH-APAC,2024-04-15,2024-05-13,2024-05-13,1635,26.5,ocean,1723.65,delivered,0,43327.5,28,28.0,0.0,1.0
PO-001904,SUP-009,SKU-00024,WH-APAC,2024-05-06,2024-06-03,2024-06-06,1593,26.5,ocean,1531.57,delivered,0,42214.5,28,31.0,3.0,0.0
PO-001905,SUP-009,SKU-00024,WH-APAC,2024-05-27,2024-06-24,2024-06-23,1298,26.5,ocean,1520.2,delivered,0,34397.0,28,27.0,-1.0,1.0
PO-001906,SUP-009,SKU-00024,WH-APAC,2024-06-17,2024-06-26,2024-06-23,1323,26.5,air,4980.44,delivered,0,35059.5,9,6.0,-3.0,1.0
PO-001907,SUP-009,SKU-00024,WH-APAC,2024-07-08,2024-07-31,2024-08-09,1351,26.5,rail,1447.93,delivered,0,35801.5,23,32.0,9.0,0.0
PO-001908,SUP-009,SKU-00024,WH-APAC,2024-07-29,2024-08-26,2024-09-13,1517,26.5,ocean,1331.82,delivered,0,40200.5,28,46.0,18.0,0.0
PO-001909,SUP-009,SKU-00024,WH-APAC,2024-08-19,2024-09-11,2024-09-17,1363,26.5,rail,1755.57,delivered,0,36119.5,23,29.0,6.0,0.0
PO-001910,SUP-009,SKU-00024,WH-APAC,2024-09-16,2024-09-25,2024-09-19,1300,26.5,air,3323.12,delivered,0,34450.0,9,3.0,-6.0,1.0
PO-001911,SUP-009,SKU-00024,WH-APAC,2024-10-07,2024-11-04,2024-11-11,1655,26.5,ocean,1588.29,delivered,0,43857.5,28,35.0,7.0,0.0
PO-001912,SUP-009,SKU-00024,WH-APAC,2024-10-21,2024-11-18,2024-11-16,1269,26.5,ocean,1198.22,delivered,0,33628.5,28,26.0,-2.0,1.0
PO-001913,SUP-009,SKU-00024,WH-APAC,2024-11-18,2024-12-09,2024-11-25,1765,26.5,road,2864.71,delivered,0,46772.5,21,7.0,-14.0,1.0
PO-001914,SUP-009,SKU-00024,WH-APAC,2024-12-02,2024-12-30,2025-01-25,1425,26.5,ocean,1220.48,delivered,0,37762.5,28,54.0,26.0,0.0
PO-001915,SUP-009,SKU-00024,WH-APAC,2024-12-23,2025-01-13,2025-01-15,1701,26.5,road,2749.92,delivered,0,45076.5,21,23.0,2.0,0.0
PO-001916,SUP-009,SKU-00024,WH-APAC,2025-01-20,2025-02-17,2025-02-09,1543,26.5,ocean,1333.75,delivered,0,40889.5,28,20.0,-8.0,1.0
PO-001917,SUP-009,SKU-00024,WH-APAC,2025-02-03,2025-02-24,2025-03-11,1597,26.5,road,2200.45,delivered,0,42320.5,21,36.0,15.0,0.0
PO-001918,SUP-009,SKU-00024,WH-APAC,2025-02-17,2025-03-17,2025-03-12,1768,26.5,ocean,1899.04,delivered,0,46852.0,28,23.0,-5.0,1.0
PO-001919,SUP-009,SKU-00024,WH-APAC,2025-03-24,2025-04-21,2025-04-06,1866,26.5,ocean,2205.24,delivered,0,49449.0,28,13.0,-15.0,1.0
PO-001920,SUP-009,SKU-00024,WH-APAC,2025-04-07,2025-05-05,2025-04-27,1832,26.5,ocean,2171.38,delivered,0,48548.0,28,20.0,-8.0,1.0
PO-001921,SUP-009,SKU-00024,WH-APAC,2025-04-21,2025-05-19,2025-06-05,1602,26.5,ocean,2016.38,delivered,0,42453.0,28,45.0,17.0,0.0
PO-001922,SUP-009,SKU-00024,WH-APAC,2025-05-12,2025-06-09,,1701,26.5,ocean,2155.77,delivered,1,45076.5,28,,,
PO-001923,SUP-009,SKU-00024,WH-APAC,2025-06-16,2025-07-14,2025-07-16,1507,26.5,ocean,1486.04,delivered,0,39935.5,28,30.0,2.0,0.0
PO-001924,SUP-009,SKU-00024,WH-APAC,2025-07-07,2025-07-16,2025-07-14,1718,26.5,air,5069.43,delivered,0,45527.0,9,7.0,-2.0,1.0
PO-001925,SUP-009,SKU-00024,WH-APAC,2025-07-28,2025-08-18,2025-08-27,1468,26.5,road,2648.49,delivered,0,38902.0,21,30.0,9.0,0.0
PO-001926,SUP-009,SKU-00024,WH-APAC,2025-08-18,2025-09-15,2025-09-13,1852,26.5,ocean,1770.4,delivered,0,49078.0,28,26.0,-2.0,1.0
PO-001927,SUP-009,SKU-00024,WH-APAC,2025-09-08,2025-10-01,2025-10-03,1734,26.5,rail,2652.16,delivered,0,45951.0,23,25.0,2.0,0.0
PO-001928,SUP-009,SKU-00024,WH-APAC,2025-09-29,2025-10-08,2025-10-07,1800,26.5,air,6862.29,delivered,0,47700.0,9,8.0,-1.0,1.0
PO-001929,SUP-009,SKU-00024,WH-APAC,2025-10-13,2025-11-05,2025-11-08,1319,26.5,rail,1590.76,delivered,0,34953.5,23,26.0,3.0,0.0
PO-001930,SUP-009,SKU-00024,WH-APAC,2025-10-27,2025-11-19,2025-11-07,1793,26.5,rail,1955.83,delivered,0,47514.5,23,11.0,-12.0,1.0
PO-001931,SUP-009,SKU-00024,WH-APAC,2025-11-10,2025-12-08,2025-12-04,1658,26.5,ocean,2098.32,delivered,0,43937.0,28,24.0,-4.0,1.0
PO-001932,SUP-009,SKU-00024,WH-APAC,2025-11-24,2025-12-22,2025-12-02,1993,26.5,ocean,1816.42,delivered,0,52814.5,28,8.0,-20.0,1.0
PO-001933,SUP-009,SKU-00024,WH-APAC,2025-12-15,2026-01-12,,2131,26.5,ocean,1849.38,delivered,1,56471.5,28,,,
PO-001934,SUP-002,SKU-00025,WH-APAC,2024-01-22,2024-02-16,2024-02-08,114,19.18,ocean,89.06,delivered,0,2186.52,25,17.0,-8.0,1.0
PO-001935,SUP-002,SKU-00025,WH-APAC,2024-02-05,2024-02-13,2024-02-12,113,19.18,air,281.21,delivered,0,2167.34,8,7.0,-1.0,1.0
PO-001936,SUP-002,SKU-00025,WH-APAC,2024-02-19,2024-03-15,2024-03-20,89,19.18,ocean,78.26,delivered,0,1707.02,25,30.0,5.0,0.0
PO-001937,SUP-002,SKU-00025,WH-APAC,2024-03-04,2024-03-29,2024-03-28,88,19.18,ocean,63.96,delivered,0,1687.84,25,24.0,-1.0,1.0
PO-001938,SUP-002,SKU-00025,WH-APAC,2024-03-25,2024-04-19,2024-04-23,93,19.18,ocean,81.42,delivered,0,1783.74,25,29.0,4.0,0.0
PO-001939,SUP-002,SKU-00025,WH-APAC,2024-04-15,2024-04-23,2024-04-29,121,19.18,air,324.35,delivered,0,2320.78,8,14.0,6.0,0.0
PO-001940,SUP-002,SKU-00025,WH-APAC,2024-05-06,2024-05-27,2024-06-02,104,19.18,rail,119.04,delivered,0,1994.72,21,27.0,6.0,0.0
PO-001941,SUP-002,SKU-00025,WH-APAC,2024-05-20,2024-06-14,2024-06-13,105,19.18,ocean,77.13,delivered,0,2013.9,25,24.0,-1.0,1.0
PO-001942,SUP-002,SKU-00025,WH-APAC,2024-06-10,2024-06-18,2024-06-20,105,19.18,air,240.32,delivered,0,2013.9,8,10.0,2.0,0.0
PO-001943,SUP-002,SKU-00025,WH-APAC,2024-06-24,2024-07-19,2024-07-24,111,19.18,ocean,83.04,delivered,0,2128.98,25,30.0,5.0,0.0
PO-001944,SUP-002,SKU-00025,WH-APAC,2024-07-08,2024-07-16,2024-07-23,125,19.18,air,304.87,delivered,0,2397.5,8,15.0,7.0,0.0
PO-001945,SUP-002,SKU-00025,WH-APAC,2024-08-05,2024-08-30,2024-08-28,127,19.18,ocean,113.31,delivered,0,2435.86,25,23.0,-2.0,1.0
PO-001946,SUP-002,SKU-00025,WH-APAC,2024-08-19,2024-08-27,2024-08-30,109,19.18,air,292.12,delivered,0,2090.62,8,11.0,3.0,0.0
PO-001947,SUP-002,SKU-00025,WH-APAC,2024-09-09,2024-10-04,2024-09-25,126,19.18,ocean,86.1,delivered,0,2416.68,25,16.0,-9.0,1.0
PO-001948,SUP-002,SKU-00025,WH-APAC,2024-09-16,2024-09-24,2024-09-25,110,19.18,air,222.25,delivered,0,2109.8,8,9.0,1.0,0.0
PO-001949,SUP-002,SKU-00025,WH-APAC,2024-10-07,2024-11-01,2024-11-05,132,19.18,ocean,106.2,delivered,0,2531.76,25,29.0,4.0,0.0
PO-001950,SUP-002,SKU-00025,WH-APAC,2024-10-21,2024-10-29,2024-10-23,89,19.18,air,208.35,delivered,0,1707.02,8,2.0,-6.0,1.0
PO-001951,SUP-002,SKU-00025,WH-APAC,2024-11-04,2024-11-12,2024-11-16,104,19.18,air,238.74,delivered,0,1994.72,8,12.0,4.0,0.0
PO-001952,SUP-002,SKU-00025,WH-APAC,2024-11-18,2024-12-09,2024-12-03,90,19.18,rail,98.84,delivered,0,1726.2,21,15.0,-6.0,1.0
PO-001953,SUP-002,SKU-00025,WH-APAC,2024-12-09,2024-12-17,2024-12-17,116,19.18,air,259.96,delivered,0,2224.88,8,8.0,0.0,1.0
PO-001954,SUP-002,SKU-00025,WH-APAC,2024-12-30,2025-01-24,2025-01-16,100,19.18,ocean,62.56,delivered,0,1918.0,25,17.0,-8.0,1.0
PO-001955,SUP-002,SKU-00025,WH-APAC,2025-01-20,2025-02-14,2025-02-24,92,19.18,ocean,77.08,delivered,0,1764.56,25,35.0,10.0,0.0
PO-001956,SUP-002,SKU-00025,WH-APAC,2025-02-10,2025-03-03,2025-02-20,90,19.18,rail,74.79,delivered,0,1726.2,21,10.0,-11.0,1.0
PO-001957,SUP-002,SKU-00025,WH-APAC,2025-03-03,2025-03-22,2025-03-19,87,19.18,road,106.7,delivered,0,1668.66,19,16.0,-3.0,1.0
PO-001958,SUP-002,SKU-00025,WH-APAC,2025-03-24,2025-04-12,2025-04-16,98,19.18,road,124.73,delivered,0,1879.64,19,23.0,4.0,0.0
PO-001959,SUP-002,SKU-00025,WH-APAC,2025-04-14,2025-05-09,2025-05-20,105,19.18,ocean,64.68,delivered,0,2013.9,25,36.0,11.0,0.0
PO-001960,SUP-002,SKU-00025,WH-APAC,2025-04-28,2025-05-23,2025-05-06,90,19.18,ocean,77.32,delivered,0,1726.2,25,8.0,-17.0,1.0
PO-001961,SUP-002,SKU-00025,WH-APAC,2025-05-19,2025-05-27,2025-05-25,131,19.18,air,352.06,delivered,0,2512.58,8,6.0,-2.0,1.0
PO-001962,SUP-002,SKU-00025,WH-APAC,2025-06-09,2025-06-30,2025-07-08,127,19.18,rail,105.02,delivered,0,2435.86,21,29.0,8.0,0.0
PO-001963,SUP-002,SKU-00025,WH-APAC,2025-06-23,2025-07-01,2025-06-25,99,19.18,air,182.99,delivered,0,1898.82,8,2.0,-6.0,1.0
PO-001964,SUP-002,SKU-00025,WH-APAC,2025-07-07,2025-08-01,2025-08-09,92,19.18,ocean,58.39,delivered,0,1764.56,25,33.0,8.0,0.0
PO-001965,SUP-002,SKU-00025,WH-APAC,2025-07-21,2025-08-15,2025-08-16,106,19.18,ocean,90.31,delivered,0,2033.08,25,26.0,1.0,0.0
PO-001966,SUP-002,SKU-00025,WH-APAC,2025-08-18,2025-09-08,2025-08-31,125,19.18,rail,99.93,delivered,0,2397.5,21,13.0,-8.0,1.0
PO-001967,SUP-002,SKU-00025,WH-APAC,2025-09-01,2025-09-20,2025-09-24,104,19.18,road,115.15,delivered,0,1994.72,19,23.0,4.0,0.0
PO-001968,SUP-002,SKU-00025,WH-APAC,2025-09-15,2025-10-10,2025-10-23,116,19.18,ocean,74.56,delivered,0,2224.88,25,38.0,13.0,0.0
PO-001969,SUP-002,SKU-00025,WH-APAC,2025-10-06,2025-10-14,2025-10-14,104,19.18,air,252.86,delivered,0,1994.72,8,8.0,0.0,1.0
PO-001970,SUP-002,SKU-00025,WH-APAC,2025-10-27,2025-11-21,2025-11-19,91,19.18,ocean,76.9,delivered,0,1745.38,25,23.0,-2.0,1.0
PO-001971,SUP-002,SKU-00025,WH-APAC,2025-11-10,2025-11-18,2025-11-16,93,19.18,air,233.9,delivered,0,1783.74,8,6.0,-2.0,1.0
PO-001972,SUP-002,SKU-00025,WH-APAC,2025-12-01,2025-12-26,,105,19.18,ocean,92.88,open,0,2013.9,25,,,
PO-001973,SUP-002,SKU-00025,WH-APAC,2025-12-22,2026-01-16,,91,19.18,ocean,66.55,open,0,1745.38,25,,,
PO-001974,SUP-002,SKU-00025,WH-EU,2024-01-22,2024-02-16,2024-02-18,131,19.18,ocean,88.22,delivered,0,2512.58,25,27.0,2.0,0.0
PO-001975,SUP-002,SKU-00025,WH-EU,2024-02-05,2024-02-13,2024-02-16,115,19.18,air,233.44,delivered,0,2205.7,8,11.0,3.0,0.0
PO-001976,SUP-002,SKU-00025,WH-EU,2024-02-26,2024-03-22,2024-03-15,125,19.18,ocean,111.65,delivered,0,2397.5,25,18.0,-7.0,1.0
PO-001977,SUP-002,SKU-00025,WH-EU,2024-03-18,2024-04-12,2024-04-20,122,19.18,ocean,74.89,delivered,0,2339.96,25,33.0,8.0,0.0
PO-001978,SUP-002,SKU-00025,WH-EU,2024-04-08,2024-04-27,2024-05-02,127,19.18,road,128.83,delivered,0,2435.86,19,24.0,5.0,0.0
PO-001979,SUP-002,SKU-00025,WH-EU,2024-05-06,2024-05-14,2024-05-15,141,19.18,air,319.12,delivered,0,2704.38,8,9.0,1.0,0.0
PO-001980,SUP-002,SKU-00025,WH-EU,2024-05-20,2024-06-14,2024-06-19,119,19.18,ocean,85.67,delivered,0,2282.42,25,30.0,5.0,0.0
PO-001981,SUP-002,SKU-00025,WH-EU,2024-06-03,2024-06-28,2024-06-26,105,19.18,ocean,91.45,delivered,0,2013.9,25,23.0,-2.0,1.0
PO-001982,SUP-002,SKU-00025,WH-EU,2024-06-24,2024-07-19,2024-08-08,105,19.18,ocean,87.21,delivered,0,2013.9,25,45.0,20.0,0.0
PO-001983,SUP-002,SKU-00025,WH-EU,2024-07-08,2024-08-02,2024-08-06,132,19.18,ocean,103.63,delivered,0,2531.76,25,29.0,4.0,0.0
PO-001984,SUP-002,SKU-00025,WH-EU,2024-08-12,2024-09-06,2024-08-28,102,19.18,ocean,71.77,delivered,0,1956.36,25,16.0,-9.0,1.0
PO-001985,SUP-002,SKU-00025,WH-EU,2024-08-26,2024-09-03,2024-09-01,142,19.18,air,289.46,delivered,0,2723.56,8,6.0,-2.0,1.0
PO-001986,SUP-002,SKU-00025,WH-EU,2024-09-09,2024-09-17,2024-09-21,130,19.18,air,335.5,delivered,0,2493.4,8,12.0,4.0,0.0
PO-001987,SUP-002,SKU-00025,WH-EU,2024-09-23,2024-10-01,2024-10-09,134,19.18,air,355.56,delivered,0,2570.12,8,16.0,8.0,0.0
PO-001988,SUP-002,SKU-00025,WH-EU,2024-10-07,2024-10-15,2024-10-14,117,19.18,air,252.21,delivered,0,2244.06,8,7.0,-1.0,1.0
PO-001989,SUP-002,SKU-00025,WH-EU,2024-10-21,2024-11-15,2024-11-28,93,19.18,ocean,80.65,delivered,0,1783.74,25,38.0,13.0,0.0
PO-001990,SUP-002,SKU-00025,WH-EU,2024-11-04,2024-11-29,2024-12-24,97,19.18,ocean,69.9,delivered,0,1860.46,25,50.0,25.0,0.0
PO-001991,SUP-002,SKU-00025,WH-EU,2024-12-02,2024-12-23,2024-12-17,125,19.18,rail,106.08,delivered,0,2397.5,21,15.0,-6.0,1.0
PO-001992,SUP-002,SKU-00025,WH-EU,2024-12-30,2025-01-20,2025-01-15,135,19.18,rail,107.58,delivered,0,2589.3,21,16.0,-5.0,1.0
PO-001993,SUP-002,SKU-00025,WH-EU,2025-01-20,2025-02-14,2025-02-11,115,19.18,ocean,92.53,delivered,0,2205.7,25,22.0,-3.0,1.0
PO-001994,SUP-002,SKU-00025,WH-EU,2025-02-10,2025-03-07,2025-03-18,111,19.18,ocean,90.35,delivered,0,2128.98,25,36.0,11.0,0.0
PO-001995,SUP-002,SKU-00025,WH-EU,2025-03-10,2025-04-04,2025-04-15,149,19.18,ocean,106.26,delivered,0,2857.82,25,36.0,11.0,0.0
PO-001996,SUP-002,SKU-00025,WH-EU,2025-04-07,2025-05-02,2025-05-14,123,19.18,ocean,98.11,delivered,0,2359.14,25,37.0,12.0,0.0
PO-001997,SUP-002,SKU-00025,WH-EU,2025-05-05,2025-05-13,2025-05-09,140,19.18,air,335.56,delivered,0,2685.2,8,4.0,-4.0,1.0
PO-001998,SUP-002,SKU-00025,WH-EU,2025-05-19,2025-06-09,2025-06-07,102,19.18,rail,89.74,delivered,0,1956.36,21,19.0,-2.0,1.0
PO-001999,SUP-002,SKU-00025,WH-EU,2025-06-02,2025-06-27,2025-06-25,103,19.18,ocean,73.27,delivered,0,1975.54,25,23.0,-2.0,1.0
PO-002000,SUP-002,SKU-00025,WH-EU,2025-06-16,2025-07-11,2025-06-26,103,19.18,ocean,94.6,delivered,0,1975.54,25,10.0,-15.0,1.0
PO-002001,SUP-002,SKU-00025,WH-EU,2025-06-30,2025-07-08,2025-07-06,118,19.18,air,285.49,delivered,0,2263.24,8,6.0,-2.0,1.0
PO-002002,SUP-002,SKU-00025,WH-EU,2025-07-14,2025-08-04,2025-07-25,124,19.18,rail,123.86,delivered,0,2378.32,21,11.0,-10.0,1.0
PO-002003,SUP-002,SKU-00025,WH-EU,2025-07-28,2025-08-22,2025-09-11,118,19.18,ocean,81.72,delivered,0,2263.24,25,45.0,20.0,0.0
PO-002004,SUP-002,SKU-00025,WH-EU,2025-08-11,2025-08-19,2025-08-19,125,19.18,air,324.81,delivered,0,2397.5,8,8.0,0.0,1.0
PO-002005,SUP-002,SKU-00025,WH-EU,2025-09-01,2025-09-26,2025-09-25,148,19.18,ocean,135.42,delivered,0,2838.64,25,24.0,-1.0,1.0
PO-002006,SUP-002,SKU-00025,WH-EU,2025-09-22,2025-09-30,2025-10-06,96,19.18,air,262.97,delivered,0,1841.28,8,14.0,6.0,0.0
PO-002007,SUP-002,SKU-00025,WH-EU,2025-10-06,2025-10-31,2025-11-07,112,19.18,ocean,86.51,delivered,0,2148.16,25,32.0,7.0,0.0
PO-002008,SUP-002,SKU-00025,WH-EU,2025-10-20,2025-11-14,2025-11-06,111,19.18,ocean,101.58,delivered,0,2128.98,25,17.0,-8.0,1.0
PO-002009,SUP-002,SKU-00025,WH-EU,2025-11-17,2025-12-12,,140,19.18,ocean,107.39,open,0,2685.2,25,,,
PO-002010,SUP-002,SKU-00025,WH-EU,2025-12-08,2026-01-02,,127,19.18,ocean,79.86,open,0,2435.86,25,,,
PO-002011,SUP-005,SKU-00026,WH-WEST,2024-01-22,2024-01-27,2024-01-25,308,7.95,road,147.47,delivered,0,2448.6,5,3.0,-2.0,1.0
PO-002012,SUP-005,SKU-00026,WH-WEST,2024-02-12,2024-02-14,2024-02-13,373,7.95,air,284.82,delivered,0,2965.35,2,1.0,-1.0,1.0
PO-002013,SUP-005,SKU-00026,WH-WEST,2024-02-26,2024-03-02,2024-03-11,306,7.95,road,160.96,delivered,0,2432.7,5,14.0,9.0,0.0
PO-002014,SUP-005,SKU-00026,WH-WEST,2024-03-18,2024-03-20,2024-03-20,298,7.95,air,288.79,delivered,0,2369.1,2,2.0,0.0,1.0
PO-002015,SUP-005,SKU-00026,WH-WEST,2024-04-08,2024-04-10,2024-04-10,344,7.95,air,363.5,delivered,0,2734.8,2,2.0,0.0,1.0
PO-002016,SUP-005,SKU-00026,WH-WEST,2024-04-22,2024-04-27,2024-04-25,309,7.95,road,148.78,delivered,0,2456.55,5,3.0,-2.0,1.0
PO-002017,SUP-005,SKU-00026,WH-WEST,2024-05-13,2024-05-15,,382,7.95,air,296.97,delivered,1,3036.9,2,,,
PO-002018,SUP-005,SKU-00026,WH-WEST,2024-05-27,2024-06-01,2024-06-03,274,7.95,road,133.32,delivered,0,2178.3,5,7.0,2.0,0.0
PO-002019,SUP-005,SKU-00026,WH-WEST,2024-06-10,2024-06-15,2024-06-20,269,7.95,rail,107.69,delivered,0,2138.55,5,10.0,5.0,0.0
PO-002020,SUP-005,SKU-00026,WH-WEST,2024-07-01,2024-07-03,2024-07-12,341,7.95,air,307.57,delivered,0,2710.95,2,11.0,9.0,0.0
PO-002021,SUP-005,SKU-00026,WH-WEST,2024-07-22,2024-07-24,2024-07-24,262,7.95,air,239.82,delivered,0,2082.9,2,2.0,0.0,1.0
PO-002022,SUP-005,SKU-00026,WH-WEST,2024-08-12,2024-08-14,2024-08-13,304,7.95,air,319.24,delivered,0,2416.8,2,1.0,-1.0,1.0
PO-002023,SUP-005,SKU-00026,WH-WEST,2024-09-09,2024-09-14,2024-09-16,301,7.95,road,123.3,delivered,0,2392.95,5,7.0,2.0,0.0
PO-002024,SUP-005,SKU-00026,WH-WEST,2024-09-30,2024-10-05,2024-10-02,306,7.95,rail,130.15,delivered,0,2432.7,5,2.0,-3.0,1.0
PO-002025,SUP-005,SKU-00026,WH-WEST,2024-10-21,2024-10-26,2024-10-23,282,7.95,road,123.48,delivered,0,2241.9,5,2.0,-3.0,1.0
PO-002026,SUP-005,SKU-00026,WH-WEST,2024-11-11,2024-11-16,2024-11-17,269,7.95,rail,102.03,delivered,0,2138.55,5,6.0,1.0,0.0
PO-002027,SUP-005,SKU-00026,WH-WEST,2024-12-02,2024-12-07,2024-12-16,266,7.95,road,152.23,delivered,0,2114.7,5,14.0,9.0,0.0
PO-002028,SUP-005,SKU-00026,WH-WEST,2024-12-23,2024-12-28,2024-12-28,282,7.95,road,147.18,delivered,0,2241.9,5,5.0,0.0,1.0
PO-002029,SUP-005,SKU-00026,WH-WEST,2025-01-13,2025-01-18,2025-01-18,336,7.95,road,180.16,delivered,0,2671.2,5,5.0,0.0,1.0
PO-002030,SUP-005,SKU-00026,WH-WEST,2025-02-03,2025-02-08,2025-02-08,413,7.95,rail,174.77,delivered,0,3283.35,5,5.0,0.0,1.0
PO-002031,SUP-005,SKU-00026,WH-WEST,2025-02-24,2025-02-26,2025-02-25,384,7.95,air,310.63,delivered,0,3052.8,2,1.0,-1.0,1.0
PO-002032,SUP-005,SKU-00026,WH-WEST,2025-03-10,2025-03-15,2025-03-22,293,7.95,rail,123.83,delivered,0,2329.35,5,12.0,7.0,0.0
PO-002033,SUP-005,SKU-00026,WH-WEST,2025-03-31,2025-04-05,2025-04-05,360,7.95,road,163.34,delivered,0,2862.0,5,5.0,0.0,1.0
PO-002034,SUP-005,SKU-00026,WH-WEST,2025-04-21,2025-04-26,2025-04-28,401,7.95,rail,138.55,delivered,0,3187.95,5,7.0,2.0,0.0
PO-002035,SUP-005,SKU-00026,WH-WEST,2025-05-12,2025-05-17,2025-05-18,342,7.95,road,165.28,delivered,0,2718.9,5,6.0,1.0,0.0
PO-002036,SUP-005,SKU-00026,WH-WEST,2025-06-02,2025-06-04,2025-06-04,372,7.95,air,308.17,delivered,0,2957.4,2,2.0,0.0,1.0
PO-002037,SUP-005,SKU-00026,WH-WEST,2025-06-16,2025-06-21,2025-06-22,271,7.95,road,135.08,delivered,0,2154.45,5,6.0,1.0,0.0
PO-002038,SUP-005,SKU-00026,WH-WEST,2025-06-30,2025-07-05,2025-07-10,295,7.95,rail,102.73,delivered,0,2345.25,5,10.0,5.0,0.0
PO-002039,SUP-005,SKU-00026,WH-WEST,2025-07-21,2025-07-26,2025-07-25,358,7.95,road,157.88,delivered,0,2846.1,5,4.0,-1.0,1.0
PO-002040,SUP-005,SKU-00026,WH-WEST,2025-08-11,2025-08-16,2025-08-16,336,7.95,road,148.31,delivered,0,2671.2,5,5.0,0.0,1.0
PO-002041,SUP-005,SKU-00026,WH-WEST,2025-09-01,2025-09-06,2025-09-06,277,7.95,road,137.81,delivered,0,2202.15,5,5.0,0.0,1.0
PO-002042,SUP-005,SKU-00026,WH-WEST,2025-09-22,2025-09-27,2025-09-30,266,7.95,rail,121.22,delivered,0,2114.7,5,8.0,3.0,0.0
PO-002043,SUP-005,SKU-00026,WH-WEST,2025-10-13,2025-10-18,2025-10-19,268,7.95,rail,113.26,delivered,0,2130.6,5,6.0,1.0,0.0
PO-002044,SUP-005,SKU-00026,WH-WEST,2025-11-03,2025-11-05,2025-11-04,271,7.95,air,257.45,delivered,0,2154.45,2,1.0,-1.0,1.0
PO-002045,SUP-005,SKU-00026,WH-WEST,2025-11-24,2025-11-26,2025-11-28,385,7.95,air,364.74,delivered,0,3060.75,2,4.0,2.0,0.0
PO-002046,SUP-005,SKU-00026,WH-WEST,2025-12-15,2025-12-20,2025-12-19,352,7.95,road,168.88,delivered,0,2798.4,5,4.0,-1.0,1.0
PO-002047,SUP-003,SKU-00027,WH-APAC,2024-01-15,2024-02-14,2024-02-21,75,3.23,ocean,9.73,delivered,0,242.25,30,37.0,7.0,0.0
PO-002048,SUP-003,SKU-00027,WH-APAC,2024-02-05,2024-03-06,2024-02-21,95,3.23,ocean,13.78,delivered,0,306.85,30,16.0,-14.0,1.0
PO-002049,SUP-003,SKU-00027,WH-APAC,2024-02-26,2024-03-19,2024-03-18,87,3.23,road,17.67,delivered,0,281.01,22,21.0,-1.0,1.0
PO-002050,SUP-003,SKU-00027,WH-APAC,2024-03-18,2024-03-28,2024-03-28,90,3.23,air,39.61,delivered,0,290.7,10,10.0,0.0,1.0
PO-002051,SUP-003,SKU-00027,WH-APAC,2024-04-08,2024-05-08,2024-04-29,71,3.23,ocean,7.72,delivered,0,229.33,30,21.0,-9.0,1.0
PO-002052,SUP-003,SKU-00027,WH-APAC,2024-04-29,2024-05-29,2024-05-06,73,3.23,ocean,9.99,delivered,0,235.79,30,7.0,-23.0,1.0
PO-002053,SUP-003,SKU-00027,WH-APAC,2024-05-27,2024-06-26,2024-06-26,93,3.23,ocean,12.33,delivered,0,300.39,30,30.0,0.0,1.0
PO-002054,SUP-003,SKU-00027,WH-APAC,2024-06-24,2024-07-18,2024-07-21,90,3.23,rail,16.67,delivered,0,290.7,24,27.0,3.0,0.0
PO-002055,SUP-003,SKU-00027,WH-APAC,2024-07-22,2024-08-15,2024-08-10,88,3.23,rail,12.46,delivered,0,284.24,24,19.0,-5.0,1.0
PO-002056,SUP-003,SKU-00027,WH-APAC,2024-08-12,2024-09-05,2024-09-05,73,3.23,rail,12.5,delivered,0,235.79,24,24.0,0.0,1.0
PO-002057,SUP-003,SKU-00027,WH-APAC,2024-09-02,2024-09-12,2024-09-14,69,3.23,air,28.43,delivered,0,222.87,10,12.0,2.0,0.0
PO-002058,SUP-003,SKU-00027,WH-APAC,2024-09-16,2024-10-16,2024-10-20,71,3.23,ocean,7.74,delivered,0,229.33,30,34.0,4.0,0.0
PO-002059,SUP-003,SKU-00027,WH-APAC,2024-10-07,2024-10-31,2024-11-06,78,3.23,rail,11.09,delivered,0,251.94,24,30.0,6.0,0.0
PO-002060,SUP-003,SKU-00027,WH-APAC,2024-10-28,2024-11-27,2024-11-11,89,3.23,ocean,12.58,delivered,0,287.47,30,14.0,-16.0,1.0
PO-002061,SUP-003,SKU-00027,WH-APAC,2024-11-18,2024-11-28,2024-11-28,86,3.23,air,30.98,delivered,0,277.78,10,10.0,0.0,1.0
PO-002062,SUP-003,SKU-00027,WH-APAC,2024-12-02,2025-01-01,2025-01-04,70,3.23,ocean,9.27,delivered,0,226.1,30,33.0,3.0,0.0
PO-002063,SUP-003,SKU-00027,WH-APAC,2024-12-23,2025-01-02,2025-01-04,99,3.23,air,31.32,delivered,0,319.77,10,12.0,2.0,0.0
PO-002064,SUP-003,SKU-00027,WH-APAC,2025-01-13,2025-02-12,2025-02-06,99,3.23,ocean,14.44,delivered,0,319.77,30,24.0,-6.0,1.0
PO-002065,SUP-003,SKU-00027,WH-APAC,2025-02-03,2025-02-13,2025-02-17,117,3.23,air,38.6,delivered,0,377.91,10,14.0,4.0,0.0
PO-002066,SUP-003,SKU-00027,WH-APAC,2025-02-24,2025-03-26,2025-03-22,90,3.23,ocean,13.45,delivered,0,290.7,30,26.0,-4.0,1.0
PO-002067,SUP-003,SKU-00027,WH-APAC,2025-03-10,2025-04-01,2025-04-09,74,3.23,road,12.08,delivered,0,239.02,22,30.0,8.0,0.0
PO-002068,SUP-003,SKU-00027,WH-APAC,2025-03-31,2025-04-10,2025-04-12,83,3.23,air,30.35,delivered,0,268.09,10,12.0,2.0,0.0
PO-002069,SUP-003,SKU-00027,WH-APAC,2025-04-21,2025-05-21,2025-06-09,93,3.23,ocean,10.2,delivered,0,300.39,30,49.0,19.0,0.0
PO-002070,SUP-003,SKU-00027,WH-APAC,2025-05-12,2025-06-05,2025-06-04,86,3.23,rail,11.24,delivered,0,277.78,24,23.0,-1.0,1.0
PO-002071,SUP-003,SKU-00027,WH-APAC,2025-06-16,2025-07-16,2025-07-10,74,3.23,ocean,10.49,delivered,0,239.02,30,24.0,-6.0,1.0
PO-002072,SUP-003,SKU-00027,WH-APAC,2025-07-07,2025-08-06,2025-08-05,75,3.23,ocean,11.2,delivered,0,242.25,30,29.0,-1.0,1.0
PO-002073,SUP-003,SKU-00027,WH-APAC,2025-07-28,2025-08-27,2025-08-12,78,3.23,ocean,10.16,delivered,0,251.94,30,15.0,-15.0,1.0
PO-002074,SUP-003,SKU-00027,WH-APAC,2025-08-18,2025-09-11,2025-09-25,79,3.23,rail,11.83,delivered,0,255.17,24,38.0,14.0,0.0
PO-002075,SUP-003,SKU-00027,WH-APAC,2025-09-08,2025-10-08,2025-09-23,82,3.23,ocean,8.84,delivered,0,264.86,30,15.0,-15.0,1.0
PO-002076,SUP-003,SKU-00027,WH-APAC,2025-09-29,2025-10-29,2025-10-27,83,3.23,ocean,8.77,delivered,0,268.09,30,28.0,-2.0,1.0
PO-002077,SUP-003,SKU-00027,WH-APAC,2025-10-20,2025-10-30,2025-11-06,90,3.23,air,30.3,delivered,0,290.7,10,17.0,7.0,0.0
PO-002078,SUP-003,SKU-00027,WH-APAC,2025-11-03,2025-12-03,2025-12-06,93,3.23,ocean,10.1,delivered,0,300.39,30,33.0,3.0,0.0
PO-002079,SUP-003,SKU-00027,WH-APAC,2025-11-24,2025-12-18,2025-12-20,110,3.23,rail,17.27,delivered,0,355.3,24,26.0,2.0,0.0
PO-002080,SUP-003,SKU-00027,WH-APAC,2025-12-15,2026-01-14,,70,3.23,ocean,8.87,open,0,226.1,30,,,
PO-002081,SUP-003,SKU-00027,WH-EU,2024-01-15,2024-02-06,2024-02-06,69,3.23,road,13.46,delivered,0,222.87,22,22.0,0.0,1.0
PO-002082,SUP-003,SKU-00027,WH-EU,2024-02-05,2024-03-06,2024-03-08,95,3.23,ocean,13.38,delivered,0,306.85,30,32.0,2.0,0.0
PO-002083,SUP-003,SKU-00027,WH-EU,2024-02-19,2024-03-20,2024-03-27,81,3.23,ocean,8.57,delivered,0,261.63,30,37.0,7.0,0.0
PO-002084,SUP-003,SKU-00027,WH-EU,2024-03-18,2024-04-17,2024-03-26,78,3.23,ocean,8.6,delivered,0,251.94,30,8.0,-22.0,1.0
PO-002085,SUP-003,SKU-00027,WH-EU,2024-04-08,2024-05-08,2024-05-03,91,3.23,ocean,13.3,delivered,0,293.93,30,25.0,-5.0,1.0
PO-002086,SUP-003,SKU-00027,WH-EU,2024-04-29,2024-05-29,2024-06-10,93,3.23,ocean,10.32,delivered,0,300.39,30,42.0,12.0,0.0
PO-002087,SUP-003,SKU-00027,WH-EU,2024-05-20,2024-06-19,2024-06-05,85,3.23,ocean,10.44,delivered,0,274.55,30,16.0,-14.0,1.0
PO-002088,SUP-003,SKU-00027,WH-EU,2024-06-17,2024-06-27,2024-06-18,78,3.23,air,32.91,delivered,0,251.94,10,1.0,-9.0,1.0
PO-002089,SUP-003,SKU-00027,WH-EU,2024-07-08,2024-08-07,2024-08-02,67,3.23,ocean,8.11,delivered,0,216.41,30,25.0,-5.0,1.0
PO-002090,SUP-003,SKU-00027,WH-EU,2024-07-29,2024-08-28,2024-09-08,68,3.23,ocean,10.28,delivered,0,219.64,30,41.0,11.0,0.0
PO-002091,SUP-003,SKU-00027,WH-EU,2024-08-19,2024-08-29,2024-08-27,93,3.23,air,41.35,delivered,0,300.39,10,8.0,-2.0,1.0
PO-002092,SUP-003,SKU-00027,WH-EU,2024-09-09,2024-10-09,2024-10-19,103,3.23,ocean,12.83,delivered,0,332.69,30,40.0,10.0,0.0
PO-002093,SUP-003,SKU-00027,WH-EU,2024-09-30,2024-10-30,2024-11-11,73,3.23,ocean,8.64,delivered,0,235.79,30,42.0,12.0,0.0
PO-002094,SUP-003,SKU-00027,WH-EU,2024-10-28,2024-11-19,2024-11-21,78,3.23,road,13.09,delivered,0,251.94,22,24.0,2.0,0.0
PO-002095,SUP-003,SKU-00027,WH-EU,2024-11-18,2024-12-18,2024-12-23,98,3.23,ocean,11.66,delivered,0,316.54,30,35.0,5.0,0.0
PO-002096,SUP-003,SKU-00027,WH-EU,2024-12-02,2024-12-26,2025-01-10,76,3.23,rail,9.83,delivered,0,245.48,24,39.0,15.0,0.0
PO-002097,SUP-003,SKU-00027,WH-EU,2024-12-30,2025-01-09,2025-01-05,68,3.23,air,29.49,delivered,0,219.64,10,6.0,-4.0,1.0
PO-002098,SUP-003,SKU-00027,WH-EU,2025-01-20,2025-02-13,2025-02-22,101,3.23,rail,13.73,delivered,0,326.23,24,33.0,9.0,0.0
PO-002099,SUP-003,SKU-00027,WH-EU,2025-02-03,2025-03-05,2025-02-19,89,3.23,ocean,9.53,delivered,0,287.47,30,16.0,-14.0,1.0
PO-002100,SUP-003,SKU-00027,WH-EU,2025-03-03,2025-04-02,2025-03-28,89,3.23,ocean,12.36,delivered,0,287.47,30,25.0,-5.0,1.0
PO-002101,SUP-003,SKU-00027,WH-EU,2025-03-24,2025-04-23,2025-04-28,100,3.23,ocean,14.86,delivered,0,323.0,30,35.0,5.0,0.0
PO-002102,SUP-003,SKU-00027,WH-EU,2025-04-07,2025-05-01,2025-04-28,67,3.23,rail,12.05,delivered,0,216.41,24,21.0,-3.0,1.0
PO-002103,SUP-003,SKU-00027,WH-EU,2025-05-05,2025-05-29,2025-06-09,68,3.23,rail,10.72,delivered,0,219.64,24,35.0,11.0,0.0
PO-002104,SUP-003,SKU-00027,WH-EU,2025-06-02,2025-06-24,2025-06-22,93,3.23,road,15.2,delivered,0,300.39,22,20.0,-2.0,1.0
PO-002105,SUP-003,SKU-00027,WH-EU,2025-06-23,2025-07-23,2025-07-27,89,3.23,ocean,11.19,delivered,0,287.47,30,34.0,4.0,0.0
PO-002106,SUP-003,SKU-00027,WH-EU,2025-07-14,2025-07-24,2025-07-24,77,3.23,air,27.0,delivered,0,248.71,10,10.0,0.0,1.0
PO-002107,SUP-003,SKU-00027,WH-EU,2025-08-04,2025-09-03,2025-08-29,81,3.23,ocean,12.32,delivered,0,261.63,30,25.0,-5.0,1.0
PO-002108,SUP-003,SKU-00027,WH-EU,2025-08-25,2025-09-24,2025-09-25,72,3.23,ocean,8.12,delivered,0,232.56,30,31.0,1.0,0.0
PO-002109,SUP-003,SKU-00027,WH-EU,2025-09-15,2025-10-15,2025-09-20,88,3.23,ocean,13.32,delivered,0,284.24,30,5.0,-25.0,1.0
PO-002110,SUP-003,SKU-00027,WH-EU,2025-09-29,2025-10-29,2025-10-04,67,3.23,ocean,7.47,delivered,0,216.41,30,5.0,-25.0,1.0
PO-002111,SUP-003,SKU-00027,WH-EU,2025-10-13,2025-11-04,2025-11-10,68,3.23,road,12.74,delivered,0,219.64,22,28.0,6.0,0.0
PO-002112,SUP-003,SKU-00027,WH-EU,2025-10-27,2025-11-26,2025-11-21,70,3.23,ocean,8.91,delivered,0,226.1,30,25.0,-5.0,1.0
PO-002113,SUP-003,SKU-00027,WH-EU,2025-11-10,2025-12-04,2025-12-16,81,3.23,rail,12.36,delivered,0,261.63,24,36.0,12.0,0.0
PO-002114,SUP-003,SKU-00027,WH-EU,2025-12-01,2025-12-23,2025-12-26,97,3.23,road,22.08,delivered,0,313.31,22,25.0,3.0,0.0
PO-002115,SUP-003,SKU-00027,WH-EU,2025-12-22,2026-01-21,,71,3.23,ocean,7.57,open,0,229.33,30,,,
PO-002116,SUP-003,SKU-00028,WH-EU,2024-01-22,2024-02-01,2024-02-02,80,14.02,air,114.34,delivered,0,1121.6,10,11.0,1.0,0.0
PO-002117,SUP-003,SKU-00028,WH-EU,2024-02-12,2024-02-22,2024-02-24,95,14.02,air,176.69,delivered,0,1331.9,10,12.0,2.0,0.0
PO-002118,SUP-003,SKU-00028,WH-EU,2024-03-04,2024-04-03,2024-03-16,89,14.02,ocean,44.62,delivered,0,1247.78,30,12.0,-18.0,1.0
PO-002119,SUP-003,SKU-00028,WH-EU,2024-03-25,2024-04-18,2024-04-18,80,14.02,rail,49.68,delivered,0,1121.6,24,24.0,0.0,1.0
PO-002120,SUP-003,SKU-00028,WH-EU,2024-04-08,2024-05-08,2024-05-07,59,14.02,ocean,30.24,delivered,0,827.18,30,29.0,-1.0,1.0
PO-002121,SUP-003,SKU-00028,WH-EU,2024-04-29,2024-05-23,2024-06-02,67,14.02,rail,54.63,delivered,0,939.34,24,34.0,10.0,0.0
PO-002122,SUP-003,SKU-00028,WH-EU,2024-05-20,2024-06-19,2024-06-26,65,14.02,ocean,31.5,delivered,0,911.3,30,37.0,7.0,0.0
PO-002123,SUP-003,SKU-00028,WH-EU,2024-06-03,2024-07-03,2024-07-05,61,14.02,ocean,34.88,delivered,0,855.22,30,32.0,2.0,0.0
PO-002124,SUP-003,SKU-00028,WH-EU,2024-06-24,2024-07-04,2024-07-05,60,14.02,air,107.79,delivered,0,841.2,10,11.0,1.0,0.0
PO-002125,SUP-003,SKU-00028,WH-EU,2024-07-15,2024-07-25,2024-07-23,72,14.02,air,107.05,delivered,0,1009.44,10,8.0,-2.0,1.0
PO-002126,SUP-003,SKU-00028,WH-EU,2024-08-05,2024-09-04,2024-09-20,66,14.02,ocean,36.34,delivered,0,925.32,30,46.0,16.0,0.0
PO-002127,SUP-003,SKU-00028,WH-EU,2024-09-02,2024-10-02,2024-09-28,73,14.02,ocean,38.23,delivered,0,1023.46,30,26.0,-4.0,1.0
PO-002128,SUP-003,SKU-00028,WH-EU,2024-09-23,2024-10-23,2024-10-28,59,14.02,ocean,38.57,delivered,0,827.18,30,35.0,5.0,0.0
PO-002129,SUP-003,SKU-00028,WH-EU,2024-10-14,2024-11-13,2024-11-22,71,14.02,ocean,44.61,delivered,0,995.42,30,39.0,9.0,0.0
PO-002130,SUP-003,SKU-00028,WH-EU,2024-11-04,2024-12-04,2024-11-29,76,14.02,ocean,49.31,delivered,0,1065.52,30,25.0,-5.0,1.0
PO-002131,SUP-003,SKU-00028,WH-EU,2024-12-02,2025-01-01,2025-01-07,75,14.02,ocean,50.16,delivered,0,1051.5,30,36.0,6.0,0.0
PO-002132,SUP-003,SKU-00028,WH-EU,2024-12-23,2025-01-22,2025-01-27,85,14.02,ocean,46.69,delivered,0,1191.7,30,35.0,5.0,0.0
PO-002133,SUP-003,SKU-00028,WH-EU,2025-01-13,2025-02-12,2025-02-11,63,14.02,ocean,33.22,delivered,0,883.26,30,29.0,-1.0,1.0
PO-002134,SUP-003,SKU-00028,WH-EU,2025-02-03,2025-03-05,2025-03-24,65,14.02,ocean,35.99,delivered,0,911.3,30,49.0,19.0,0.0
PO-002135,SUP-003,SKU-00028,WH-EU,2025-02-24,2025-03-26,2025-03-10,78,14.02,ocean,46.14,delivered,0,1093.56,30,14.0,-16.0,1.0
PO-002136,SUP-003,SKU-00028,WH-EU,2025-03-17,2025-04-16,2025-04-16,77,14.02,ocean,38.23,delivered,0,1079.54,30,30.0,0.0,1.0
PO-002137,SUP-003,SKU-00028,WH-EU,2025-04-07,2025-05-07,2025-05-08,58,14.02,ocean,31.81,delivered,0,813.16,30,31.0,1.0,0.0
PO-002138,SUP-003,SKU-00028,WH-EU,2025-04-28,2025-05-28,2025-06-08,58,14.02,ocean,27.3,delivered,0,813.16,30,41.0,11.0,0.0
PO-002139,SUP-003,SKU-00028,WH-EU,2025-05-19,2025-06-10,2025-06-16,67,14.02,road,48.77,delivered,0,939.34,22,28.0,6.0,0.0
PO-002140,SUP-003,SKU-00028,WH-EU,2025-06-09,2025-07-09,2025-07-29,62,14.02,ocean,28.44,delivered,0,869.24,30,50.0,20.0,0.0
PO-002141,SUP-003,SKU-00028,WH-EU,2025-07-07,2025-08-06,2025-08-13,73,14.02,ocean,46.69,delivered,0,1023.46,30,37.0,7.0,0.0
PO-002142,SUP-003,SKU-00028,WH-EU,2025-08-04,2025-09-03,2025-09-12,71,14.02,ocean,42.21,delivered,0,995.42,30,39.0,9.0,0.0
PO-002143,SUP-003,SKU-00028,WH-EU,2025-08-25,2025-09-24,2025-10-09,67,14.02,ocean,40.3,delivered,0,939.34,30,45.0,15.0,0.0
PO-002144,SUP-003,SKU-00028,WH-EU,2025-09-15,2025-10-15,2025-10-08,62,14.02,ocean,32.38,delivered,0,869.24,30,23.0,-7.0,1.0
PO-002145,SUP-003,SKU-00028,WH-EU,2025-10-13,2025-10-23,2025-10-23,78,14.02,air,122.41,delivered,0,1093.56,10,10.0,0.0,1.0
PO-002146,SUP-003,SKU-00028,WH-EU,2025-11-03,2025-12-03,2025-12-01,71,14.02,ocean,45.9,delivered,0,995.42,30,28.0,-2.0,1.0
PO-002147,SUP-003,SKU-00028,WH-EU,2025-11-24,2025-12-18,2025-12-21,73,14.02,rail,42.51,delivered,0,1023.46,24,27.0,3.0,0.0
PO-002148,SUP-003,SKU-00028,WH-EU,2025-12-15,2026-01-14,,76,14.02,ocean,50.64,open,0,1065.52,30,,,
PO-002149,SUP-012,SKU-00029,WH-EAST,2024-01-22,2024-02-09,2024-02-12,494,22.15,rail,537.51,delivered,0,10942.1,18,21.0,3.0,0.0
PO-002150,SUP-012,SKU-00029,WH-EAST,2024-02-12,2024-02-29,2024-02-22,440,22.15,road,563.34,delivered,0,9746.0,17,10.0,-7.0,1.0
PO-002151,SUP-012,SKU-00029,WH-EAST,2024-02-26,2024-03-19,2024-03-21,341,22.15,ocean,277.03,delivered,0,7553.15,22,24.0,2.0,0.0
PO-002152,SUP-012,SKU-00029,WH-EAST,2024-03-18,2024-03-25,2024-03-27,516,22.15,air,1107.33,delivered,0,11429.4,7,9.0,2.0,0.0
PO-002153,SUP-012,SKU-00029,WH-EAST,2024-04-08,2024-04-15,2024-04-17,524,22.15,air,1400.31,delivered,0,11606.6,7,9.0,2.0,0.0
PO-002154,SUP-012,SKU-00029,WH-EAST,2024-04-29,2024-05-16,2024-05-17,377,22.15,road,579.99,delivered,0,8350.55,17,18.0,1.0,0.0
PO-002155,SUP-012,SKU-00029,WH-EAST,2024-05-13,2024-05-31,2024-06-02,370,22.15,rail,418.37,delivered,0,8195.5,18,20.0,2.0,0.0
PO-002156,SUP-012,SKU-00029,WH-EAST,2024-05-27,2024-06-18,2024-06-24,383,22.15,ocean,302.03,delivered,0,8483.45,22,28.0,6.0,0.0
PO-002157,SUP-012,SKU-00029,WH-EAST,2024-06-17,2024-07-04,2024-07-07,427,22.15,road,621.22,delivered,0,9458.05,17,20.0,3.0,0.0
PO-002158,SUP-012,SKU-00029,WH-EAST,2024-07-08,2024-07-30,2024-07-31,529,22.15,ocean,462.32,delivered,0,11717.35,22,23.0,1.0,0.0
PO-002159,SUP-012,SKU-00029,WH-EAST,2024-07-22,2024-07-29,2024-07-30,367,22.15,air,854.0,delivered,0,8129.05,7,8.0,1.0,0.0
PO-002160,SUP-012,SKU-00029,WH-EAST,2024-08-12,2024-09-03,2024-09-04,454,22.15,ocean,392.7,delivered,0,10056.1,22,23.0,1.0,0.0
PO-002161,SUP-012,SKU-00029,WH-EAST,2024-08-26,2024-09-17,2024-09-14,359,22.15,ocean,377.95,delivered,0,7951.85,22,19.0,-3.0,1.0
PO-002162,SUP-012,SKU-00029,WH-EAST,2024-09-16,2024-10-08,2024-10-24,505,22.15,ocean,388.03,delivered,0,11185.75,22,38.0,16.0,0.0
PO-002163,SUP-012,SKU-00029,WH-EAST,2024-09-30,2024-10-07,2024-10-07,355,22.15,air,1050.61,delivered,0,7863.25,7,7.0,0.0,1.0
PO-002164,SUP-012,SKU-00029,WH-EAST,2024-10-21,2024-10-28,2024-10-29,425,22.15,air,1029.72,delivered,0,9413.75,7,8.0,1.0,0.0
PO-002165,SUP-012,SKU-00029,WH-EAST,2024-11-04,2024-11-21,2024-11-16,351,22.15,road,496.25,delivered,0,7774.65,17,12.0,-5.0,1.0
PO-002166,SUP-012,SKU-00029,WH-EAST,2024-11-18,2024-12-10,2024-12-10,367,22.15,ocean,323.7,delivered,0,8129.05,22,22.0,0.0,1.0
PO-002167,SUP-012,SKU-00029,WH-EAST,2024-12-02,2024-12-24,2024-12-30,378,22.15,ocean,369.32,delivered,0,8372.7,22,28.0,6.0,0.0
PO-002168,SUP-012,SKU-00029,WH-EAST,2024-12-16,2025-01-03,2025-01-05,382,22.15,rail,365.1,delivered,0,8461.3,18,20.0,2.0,0.0
PO-002169,SUP-012,SKU-00029,WH-EAST,2025-01-06,2025-01-28,2025-01-30,483,22.15,ocean,489.92,delivered,0,10698.45,22,24.0,2.0,0.0
PO-002170,SUP-012,SKU-00029,WH-EAST,2025-01-20,2025-01-27,2025-01-29,447,22.15,air,1162.91,delivered,0,9901.05,7,9.0,2.0,0.0
PO-002171,SUP-012,SKU-00029,WH-EAST,2025-02-10,2025-02-17,2025-02-18,496,22.15,air,1430.73,delivered,0,10986.4,7,8.0,1.0,0.0
PO-002172,SUP-012,SKU-00029,WH-EAST,2025-02-24,2025-03-14,2025-03-12,378,22.15,rail,357.52,delivered,0,8372.7,18,16.0,-2.0,1.0
PO-002173,SUP-012,SKU-00029,WH-EAST,2025-03-10,2025-04-01,2025-03-31,432,22.15,ocean,319.11,delivered,0,9568.8,22,21.0,-1.0,1.0
PO-002174,SUP-012,SKU-00029,WH-EAST,2025-03-24,2025-03-31,2025-03-30,498,22.15,air,1084.47,delivered,0,11030.7,7,6.0,-1.0,1.0
PO-002175,SUP-012,SKU-00029,WH-EAST,2025-04-14,2025-05-06,2025-05-04,546,22.15,ocean,545.4,delivered,0,12093.9,22,20.0,-2.0,1.0
PO-002176,SUP-012,SKU-00029,WH-EAST,2025-04-28,2025-05-05,2025-05-07,384,22.15,air,1219.36,delivered,0,8505.6,7,9.0,2.0,0.0
PO-002177,SUP-012,SKU-00029,WH-EAST,2025-05-19,2025-06-10,2025-06-13,580,22.15,ocean,566.79,delivered,0,12847.0,22,25.0,3.0,0.0
PO-002178,SUP-012,SKU-00029,WH-EAST,2025-06-02,2025-06-09,2025-06-15,350,22.15,air,1066.68,delivered,0,7752.5,7,13.0,6.0,0.0
PO-002179,SUP-012,SKU-00029,WH-EAST,2025-06-30,2025-07-18,2025-07-17,451,22.15,rail,441.25,delivered,0,9989.65,18,17.0,-1.0,1.0
PO-002180,SUP-012,SKU-00029,WH-EAST,2025-07-21,2025-07-28,2025-07-29,488,22.15,air,1391.77,delivered,0,10809.2,7,8.0,1.0,0.0
PO-002181,SUP-012,SKU-00029,WH-EAST,2025-08-04,2025-08-26,2025-08-26,355,22.15,ocean,356.05,delivered,0,7863.25,22,22.0,0.0,1.0
PO-002182,SUP-012,SKU-00029,WH-EAST,2025-08-18,2025-09-09,2025-09-03,410,22.15,ocean,309.24,delivered,0,9081.5,22,16.0,-6.0,1.0
PO-002183,SUP-012,SKU-00029,WH-EAST,2025-09-01,2025-09-23,2025-09-21,410,22.15,ocean,351.24,delivered,0,9081.5,22,20.0,-2.0,1.0
PO-002184,SUP-012,SKU-00029,WH-EAST,2025-09-15,2025-10-07,2025-10-16,422,22.15,ocean,399.3,delivered,0,9347.3,22,31.0,9.0,0.0
PO-002185,SUP-012,SKU-00029,WH-EAST,2025-09-29,2025-10-06,2025-10-08,452,22.15,air,998.57,delivered,0,10011.8,7,9.0,2.0,0.0
PO-002186,SUP-012,SKU-00029,WH-EAST,2025-10-20,2025-11-07,2025-11-09,570,22.15,rail,627.38,delivered,0,12625.5,18,20.0,2.0,0.0
PO-002187,SUP-012,SKU-00029,WH-EAST,2025-11-03,2025-11-10,2025-11-13,360,22.15,air,1048.56,delivered,0,7974.0,7,10.0,3.0,0.0
PO-002188,SUP-012,SKU-00029,WH-EAST,2025-11-17,2025-11-24,2025-11-29,439,22.15,air,1335.37,delivered,0,9723.85,7,12.0,5.0,0.0
PO-002189,SUP-012,SKU-00029,WH-EAST,2025-12-01,2025-12-08,2025-12-07,449,22.15,air,1244.71,delivered,0,9945.35,7,6.0,-1.0,1.0
PO-002190,SUP-012,SKU-00029,WH-EAST,2025-12-15,2026-01-06,,572,22.15,ocean,598.36,open,0,12669.8,22,,,
PO-002191,SUP-012,SKU-00029,WH-WEST,2024-01-15,2024-02-06,2024-02-03,723,22.15,ocean,565.09,delivered,0,16014.45,22,19.0,-3.0,1.0
PO-002192,SUP-012,SKU-00029,WH-WEST,2024-02-05,2024-02-22,2024-02-23,857,22.15,road,1287.92,delivered,0,18982.55,17,18.0,1.0,0.0
PO-002193,SUP-012,SKU-00029,WH-WEST,2024-02-19,2024-02-26,2024-02-26,663,22.15,air,1971.29,delivered,0,14685.45,7,7.0,0.0,1.0
PO-002194,SUP-012,SKU-00029,WH-WEST,2024-03-04,2024-03-22,2024-03-27,645,22.15,rail,805.45,delivered,0,14286.75,18,23.0,5.0,0.0
PO-002195,SUP-012,SKU-00029,WH-WEST,2024-03-18,2024-04-09,2024-04-08,630,22.15,ocean,526.8,delivered,0,13954.5,22,21.0,-1.0,1.0
PO-002196,SUP-012,SKU-00029,WH-WEST,2024-04-08,2024-04-30,2024-04-28,809,22.15,ocean,811.75,delivered,0,17919.35,22,20.0,-2.0,1.0
PO-002197,SUP-012,SKU-00029,WH-WEST,2024-04-29,2024-05-06,2024-05-15,792,22.15,air,2309.82,delivered,0,17542.8,7,16.0,9.0,0.0
PO-002198,SUP-012,SKU-00029,WH-WEST,2024-05-20,2024-06-11,2024-06-09,1074,22.15,ocean,1137.99,delivered,0,23789.1,22,20.0,-2.0,1.0
PO-002199,SUP-012,SKU-00029,WH-WEST,2024-06-10,2024-06-27,2024-06-26,706,22.15,road,788.77,delivered,0,15637.9,17,16.0,-1.0,1.0
PO-002200,SUP-012,SKU-00029,WH-WEST,2024-06-24,2024-07-16,2024-07-20,616,22.15,ocean,543.32,delivered,0,13644.4,22,26.0,4.0,0.0
PO-002201,SUP-012,SKU-00029,WH-WEST,2024-07-08,2024-07-30,2024-07-29,611,22.15,ocean,470.68,delivered,0,13533.65,22,21.0,-1.0,1.0
PO-002202,SUP-012,SKU-00029,WH-WEST,2024-07-29,2024-08-20,2024-08-27,745,22.15,ocean,667.76,delivered,0,16501.75,22,29.0,7.0,0.0
PO-002203,SUP-012,SKU-00029,WH-WEST,2024-08-12,2024-09-03,2024-09-06,606,22.15,ocean,511.94,delivered,0,13422.9,22,25.0,3.0,0.0
PO-002204,SUP-012,SKU-00029,WH-WEST,2024-09-02,2024-09-24,2024-09-27,716,22.15,ocean,569.6,delivered,0,15859.4,22,25.0,3.0,0.0
PO-002205,SUP-012,SKU-00029,WH-WEST,2024-09-16,2024-09-23,2024-09-23,661,22.15,air,1676.74,delivered,0,14641.15,7,7.0,0.0,1.0
PO-002206,SUP-012,SKU-00029,WH-WEST,2024-09-30,2024-10-22,2024-10-25,688,22.15,ocean,563.16,delivered,0,15239.2,22,25.0,3.0,0.0
PO-002207,SUP-012,SKU-00029,WH-WEST,2024-10-14,2024-11-05,2024-11-09,734,22.15,ocean,649.74,delivered,0,16258.1,22,26.0,4.0,0.0
PO-002208,SUP-012,SKU-00029,WH-WEST,2024-11-04,2024-11-11,2024-11-11,923,22.15,air,1992.83,delivered,0,20444.45,7,7.0,0.0,1.0
PO-002209,SUP-012,SKU-00029,WH-WEST,2024-11-18,2024-11-25,2024-11-26,618,22.15,air,1719.94,delivered,0,13688.7,7,8.0,1.0,0.0
PO-002210,SUP-012,SKU-00029,WH-WEST,2024-12-02,2024-12-19,2024-12-18,724,22.15,road,951.11,delivered,0,16036.6,17,16.0,-1.0,1.0
PO-002211,SUP-012,SKU-00029,WH-WEST,2024-12-16,2024-12-23,2024-12-23,909,22.15,air,2712.48,delivered,0,20134.35,7,7.0,0.0,1.0
PO-002212,SUP-012,SKU-00029,WH-WEST,2024-12-30,2025-01-21,2025-01-20,772,22.15,ocean,629.65,delivered,0,17099.8,22,21.0,-1.0,1.0
PO-002213,SUP-012,SKU-00029,WH-WEST,2025-01-13,2025-01-20,2025-01-21,885,22.15,air,2457.12,delivered,0,19602.75,7,8.0,1.0,0.0
PO-002214,SUP-012,SKU-00029,WH-WEST,2025-02-03,2025-02-25,2025-02-28,838,22.15,ocean,614.63,delivered,0,18561.7,22,25.0,3.0,0.0
PO-002215,SUP-012,SKU-00029,WH-WEST,2025-02-17,2025-02-24,2025-02-27,672,22.15,air,1892.87,delivered,0,14884.8,7,10.0,3.0,0.0
PO-002216,SUP-012,SKU-00029,WH-WEST,2025-03-10,2025-04-01,2025-03-29,688,22.15,ocean,532.43,delivered,0,15239.2,22,19.0,-3.0,1.0
PO-002217,SUP-012,SKU-00029,WH-WEST,2025-03-24,2025-03-31,2025-04-01,784,22.15,air,2277.58,delivered,0,17365.6,7,8.0,1.0,0.0
PO-002218,SUP-012,SKU-00029,WH-WEST,2025-04-14,2025-05-02,2025-05-07,1057,22.15,rail,1354.88,delivered,0,23412.55,18,23.0,5.0,0.0
PO-002219,SUP-012,SKU-00029,WH-WEST,2025-05-12,2025-05-19,2025-05-20,853,22.15,air,2007.86,delivered,0,18893.95,7,8.0,1.0,0.0
PO-002220,SUP-012,SKU-00029,WH-WEST,2025-05-26,2025-06-17,2025-06-12,981,22.15,ocean,834.9,delivered,0,21729.15,22,17.0,-5.0,1.0
PO-002221,SUP-012,SKU-00029,WH-WEST,2025-06-16,2025-07-08,2025-07-14,761,22.15,ocean,549.97,delivered,0,16856.15,22,28.0,6.0,0.0
PO-002222,SUP-012,SKU-00029,WH-WEST,2025-06-30,2025-07-22,2025-07-27,807,22.15,ocean,748.19,delivered,0,17875.05,22,27.0,5.0,0.0
PO-002223,SUP-012,SKU-00029,WH-WEST,2025-07-21,2025-07-28,2025-07-28,605,22.15,air,1398.2,delivered,0,13400.75,7,7.0,0.0,1.0
PO-002224,SUP-012,SKU-00029,WH-WEST,2025-08-04,2025-08-22,2025-08-24,794,22.15,rail,939.45,delivered,0,17587.1,18,20.0,2.0,0.0
PO-002225,SUP-012,SKU-00029,WH-WEST,2025-08-18,2025-08-25,2025-08-26,731,22.15,air,1911.41,delivered,0,16191.65,7,8.0,1.0,0.0
PO-002226,SUP-012,SKU-00029,WH-WEST,2025-09-01,2025-09-23,2025-09-17,610,22.15,ocean,553.34,delivered,0,13511.5,22,16.0,-6.0,1.0
PO-002227,SUP-012,SKU-00029,WH-WEST,2025-09-15,2025-10-07,2025-10-14,798,22.15,ocean,645.93,delivered,0,17675.7,22,29.0,7.0,0.0
PO-002228,SUP-012,SKU-00029,WH-WEST,2025-09-29,2025-10-06,2025-10-06,859,22.15,air,2453.57,delivered,0,19026.85,7,7.0,0.0,1.0
PO-002229,SUP-012,SKU-00029,WH-WEST,2025-10-20,2025-11-11,2025-11-10,895,22.15,ocean,651.02,delivered,0,19824.25,22,21.0,-1.0,1.0
PO-002230,SUP-012,SKU-00029,WH-WEST,2025-11-03,2025-11-10,2025-11-10,762,22.15,air,1916.97,delivered,0,16878.3,7,7.0,0.0,1.0
PO-002231,SUP-012,SKU-00029,WH-WEST,2025-11-17,2025-12-05,2025-12-12,631,22.15,rail,581.26,delivered,0,13976.65,18,25.0,7.0,0.0
PO-002232,SUP-012,SKU-00029,WH-WEST,2025-12-01,2025-12-08,2025-12-14,1026,22.15,air,2516.72,delivered,0,22725.9,7,13.0,6.0,0.0
PO-002233,SUP-012,SKU-00029,WH-WEST,2025-12-22,2026-01-13,,662,22.15,ocean,648.77,open,0,14663.3,22,,,
PO-002234,SUP-019,SKU-00030,WH-WEST,2024-01-15,2024-02-08,2024-02-08,314,5.88,ocean,75.13,delivered,0,1846.32,24,24.0,0.0,1.0
PO-002235,SUP-019,SKU-00030,WH-WEST,2024-01-29,2024-02-16,2024-02-23,275,5.88,road,109.3,delivered,0,1617.0,18,25.0,7.0,0.0
PO-002236,SUP-019,SKU-00030,WH-WEST,2024-02-19,2024-03-14,2024-03-19,366,5.88,ocean,82.98,delivered,0,2152.08,24,29.0,5.0,0.0
PO-002237,SUP-019,SKU-00030,WH-WEST,2024-03-11,2024-03-19,2024-03-19,351,5.88,air,278.24,delivered,0,2063.88,8,8.0,0.0,1.0
PO-002238,SUP-019,SKU-00030,WH-WEST,2024-04-01,2024-04-20,2024-04-25,352,5.88,rail,111.99,delivered,0,2069.76,19,24.0,5.0,0.0
PO-002239,SUP-019,SKU-00030,WH-WEST,2024-04-15,2024-04-23,2024-04-23,351,5.88,air,220.49,delivered,0,2063.88,8,8.0,0.0,1.0
PO-002240,SUP-019,SKU-00030,WH-WEST,2024-05-06,2024-05-30,2024-05-31,445,5.88,ocean,119.64,delivered,0,2616.6,24,25.0,1.0,0.0
PO-002241,SUP-019,SKU-00030,WH-WEST,2024-05-20,2024-05-28,2024-05-29,298,5.88,air,188.22,delivered,0,1752.24,8,9.0,1.0,0.0
PO-002242,SUP-019,SKU-00030,WH-WEST,2024-06-10,2024-07-04,2024-07-14,400,5.88,ocean,107.06,delivered,0,2352.0,24,34.0,10.0,0.0
PO-002243,SUP-019,SKU-00030,WH-WEST,2024-06-17,2024-07-11,2024-07-16,272,5.88,ocean,71.32,delivered,0,1599.36,24,29.0,5.0,0.0
PO-002244,SUP-019,SKU-00030,WH-WEST,2024-07-22,2024-07-30,2024-07-27,412,5.88,air,235.13,delivered,0,2422.56,8,5.0,-3.0,1.0
PO-002245,SUP-019,SKU-00030,WH-WEST,2024-08-05,2024-08-13,2024-08-15,489,5.88,air,314.06,delivered,0,2875.32,8,10.0,2.0,0.0
PO-002246,SUP-019,SKU-00030,WH-WEST,2024-08-19,2024-09-07,2024-09-13,438,5.88,rail,135.21,delivered,0,2575.44,19,25.0,6.0,0.0
PO-002247,SUP-019,SKU-00030,WH-WEST,2024-09-02,2024-09-10,2024-09-11,305,5.88,air,208.25,delivered,0,1793.4,8,9.0,1.0,0.0
PO-002248,SUP-019,SKU-00030,WH-WEST,2024-09-23,2024-10-01,2024-10-01,541,5.88,air,446.04,delivered,0,3181.08,8,8.0,0.0,1.0
PO-002249,SUP-019,SKU-00030,WH-WEST,2024-10-07,2024-10-26,2024-10-27,461,5.88,rail,136.49,delivered,0,2710.68,19,20.0,1.0,0.0
PO-002250,SUP-019,SKU-00030,WH-WEST,2024-10-21,2024-11-09,2024-11-11,282,5.88,rail,79.92,delivered,0,1658.16,19,21.0,2.0,0.0
PO-002251,SUP-019,SKU-00030,WH-WEST,2024-11-11,2024-12-05,2024-12-01,407,5.88,ocean,89.91,delivered,0,2393.16,24,20.0,-4.0,1.0
PO-002252,SUP-019,SKU-00030,WH-WEST,2024-11-25,2024-12-03,2024-12-03,328,5.88,air,261.64,delivered,0,1928.64,8,8.0,0.0,1.0
PO-002253,SUP-019,SKU-00030,WH-WEST,2024-12-16,2025-01-04,2025-01-09,306,5.88,rail,82.09,delivered,0,1799.28,19,24.0,5.0,0.0
PO-002254,SUP-019,SKU-00030,WH-WEST,2025-01-06,2025-01-30,2025-01-29,427,5.88,ocean,103.34,delivered,0,2510.76,24,23.0,-1.0,1.0
PO-002255,SUP-019,SKU-00030,WH-WEST,2025-01-27,2025-02-04,2025-02-05,316,5.88,air,207.61,delivered,0,1858.08,8,9.0,1.0,0.0
PO-002256,SUP-019,SKU-00030,WH-WEST,2025-02-17,2025-03-13,2025-03-11,396,5.88,ocean,83.48,delivered,0,2328.48,24,22.0,-2.0,1.0
PO-002257,SUP-019,SKU-00030,WH-WEST,2025-03-03,2025-03-11,2025-03-11,285,5.88,air,206.18,delivered,0,1675.8,8,8.0,0.0,1.0
PO-002258,SUP-019,SKU-00030,WH-WEST,2025-03-24,2025-04-01,2025-03-31,339,5.88,air,275.97,delivered,0,1993.32,8,7.0,-1.0,1.0
PO-002259,SUP-019,SKU-00030,WH-WEST,2025-04-07,2025-05-01,2025-04-26,333,5.88,ocean,90.96,delivered,0,1958.04,24,19.0,-5.0,1.0
PO-002260,SUP-019,SKU-00030,WH-WEST,2025-04-21,2025-05-15,2025-05-10,394,5.88,ocean,90.26,delivered,0,2316.72,24,19.0,-5.0,1.0
PO-002261,SUP-019,SKU-00030,WH-WEST,2025-05-05,2025-05-13,2025-05-13,319,5.88,air,216.23,delivered,0,1875.72,8,8.0,0.0,1.0
PO-002262,SUP-019,SKU-00030,WH-WEST,2025-05-19,2025-06-12,2025-06-15,334,5.88,ocean,69.84,delivered,0,1963.92,24,27.0,3.0,0.0
PO-002263,SUP-019,SKU-00030,WH-WEST,2025-06-02,2025-06-10,2025-06-13,409,5.88,air,345.02,delivered,0,2404.92,8,11.0,3.0,0.0
PO-002264,SUP-019,SKU-00030,WH-WEST,2025-06-23,2025-07-17,2025-07-11,333,5.88,ocean,73.62,delivered,0,1958.04,24,18.0,-6.0,1.0
PO-002265,SUP-019,SKU-00030,WH-WEST,2025-07-07,2025-07-15,2025-07-20,410,5.88,air,275.38,delivered,0,2410.8,8,13.0,5.0,0.0
PO-002266,SUP-019,SKU-00030,WH-WEST,2025-07-21,2025-08-14,2025-08-09,420,5.88,ocean,101.53,delivered,0,2469.6,24,19.0,-5.0,1.0
PO-002267,SUP-019,SKU-00030,WH-WEST,2025-08-04,2025-08-28,2025-08-31,323,5.88,ocean,83.66,delivered,0,1899.24,24,27.0,3.0,0.0
PO-002268,SUP-019,SKU-00030,WH-WEST,2025-08-18,2025-08-26,2025-08-23,281,5.88,air,173.83,delivered,0,1652.28,8,5.0,-3.0,1.0
PO-002269,SUP-019,SKU-00030,WH-WEST,2025-09-01,2025-09-25,2025-09-24,490,5.88,ocean,137.74,delivered,0,2881.2,24,23.0,-1.0,1.0
PO-002270,SUP-019,SKU-00030,WH-WEST,2025-09-29,2025-10-23,2025-10-17,414,5.88,ocean,87.21,delivered,0,2434.32,24,18.0,-6.0,1.0
PO-002271,SUP-019,SKU-00030,WH-WEST,2025-10-13,2025-10-31,2025-10-25,329,5.88,road,127.02,delivered,0,1934.52,18,12.0,-6.0,1.0
PO-002272,SUP-019,SKU-00030,WH-WEST,2025-10-27,2025-11-20,2025-11-25,273,5.88,ocean,54.5,delivered,0,1605.24,24,29.0,5.0,0.0
PO-002273,SUP-019,SKU-00030,WH-WEST,2025-11-10,2025-11-29,2025-11-29,362,5.88,rail,86.11,delivered,0,2128.56,19,19.0,0.0,1.0
PO-002274,SUP-019,SKU-00030,WH-WEST,2025-12-08,2025-12-26,2025-12-23,406,5.88,road,136.89,delivered,0,2387.28,18,15.0,-3.0,1.0
PO-002275,SUP-019,SKU-00030,WH-WEST,2025-12-22,2025-12-30,,337,5.88,air,202.95,open,0,1981.56,8,,,
PO-002276,SUP-019,SKU-00030,WH-APAC,2024-01-15,2024-02-08,2024-02-11,314,5.88,ocean,59.16,delivered,0,1846.32,24,27.0,3.0,0.0
PO-002277,SUP-019,SKU-00030,WH-APAC,2024-01-29,2024-02-22,2024-02-23,273,5.88,ocean,59.91,delivered,0,1605.24,24,25.0,1.0,0.0
PO-002278,SUP-019,SKU-00030,WH-APAC,2024-02-19,2024-03-09,2024-03-19,255,5.88,rail,60.62,delivered,0,1499.4,19,29.0,10.0,0.0
PO-002279,SUP-019,SKU-00030,WH-APAC,2024-03-11,2024-04-04,2024-04-02,336,5.88,ocean,83.62,delivered,0,1975.68,24,22.0,-2.0,1.0
PO-002280,SUP-019,SKU-00030,WH-APAC,2024-04-01,2024-04-09,2024-04-08,328,5.88,air,213.92,delivered,0,1928.64,8,7.0,-1.0,1.0
PO-002281,SUP-019,SKU-00030,WH-APAC,2024-04-15,2024-05-09,2024-05-11,270,5.88,ocean,67.23,delivered,0,1587.6,24,26.0,2.0,0.0
PO-002282,SUP-019,SKU-00030,WH-APAC,2024-04-29,2024-05-23,2024-05-24,262,5.88,ocean,50.07,delivered,0,1540.56,24,25.0,1.0,0.0
PO-002283,SUP-019,SKU-00030,WH-APAC,2024-05-20,2024-05-28,2024-05-27,423,5.88,air,333.13,delivered,0,2487.24,8,7.0,-1.0,1.0
PO-002284,SUP-019,SKU-00030,WH-APAC,2024-06-03,2024-06-27,2024-07-02,305,5.88,ocean,79.55,delivered,0,1793.4,24,29.0,5.0,0.0
PO-002285,SUP-019,SKU-00030,WH-APAC,2024-06-17,2024-06-25,2024-06-25,365,5.88,air,228.42,delivered,0,2146.2,8,8.0,0.0,1.0
PO-002286,SUP-019,SKU-00030,WH-APAC,2024-07-08,2024-08-01,2024-08-09,397,5.88,ocean,95.3,delivered,0,2334.36,24,32.0,8.0,0.0
PO-002287,SUP-019,SKU-00030,WH-APAC,2024-07-22,2024-07-30,2024-07-31,288,5.88,air,232.62,delivered,0,1693.44,8,9.0,1.0,0.0
PO-002288,SUP-019,SKU-00030,WH-APAC,2024-08-12,2024-09-05,2024-09-04,394,5.88,ocean,108.55,delivered,0,2316.72,24,23.0,-1.0,1.0
PO-002289,SUP-019,SKU-00030,WH-APAC,2024-08-26,2024-09-03,2024-09-04,291,5.88,air,212.87,delivered,0,1711.08,8,9.0,1.0,0.0
PO-002290,SUP-019,SKU-00030,WH-APAC,2024-09-16,2024-10-05,2024-09-27,290,5.88,rail,93.33,delivered,0,1705.2,19,11.0,-8.0,1.0
PO-002291,SUP-019,SKU-00030,WH-APAC,2024-09-30,2024-10-08,2024-10-09,431,5.88,air,303.26,delivered,0,2534.28,8,9.0,1.0,0.0
PO-002292,SUP-019,SKU-00030,WH-APAC,2024-10-14,2024-11-07,2024-11-11,420,5.88,ocean,99.22,delivered,0,2469.6,24,28.0,4.0,0.0
PO-002293,SUP-019,SKU-00030,WH-APAC,2024-10-28,2024-11-21,2024-11-28,265,5.88,ocean,52.95,delivered,0,1558.2,24,31.0,7.0,0.0
PO-002294,SUP-019,SKU-00030,WH-APAC,2024-11-25,2024-12-19,2024-12-18,324,5.88,ocean,69.98,delivered,0,1905.12,24,23.0,-1.0,1.0
PO-002295,SUP-019,SKU-00030,WH-APAC,2024-12-09,2025-01-02,2024-12-28,290,5.88,ocean,59.94,delivered,0,1705.2,24,19.0,-5.0,1.0
PO-002296,SUP-019,SKU-00030,WH-APAC,2024-12-30,2025-01-23,2025-01-15,289,5.88,ocean,72.91,delivered,0,1699.32,24,16.0,-8.0,1.0
PO-002297,SUP-019,SKU-00030,WH-APAC,2025-01-13,2025-02-06,2025-02-05,262,5.88,ocean,59.74,delivered,0,1540.56,24,23.0,-1.0,1.0
PO-002298,SUP-019,SKU-00030,WH-APAC,2025-02-03,2025-02-22,2025-02-25,321,5.88,rail,80.91,delivered,0,1887.48,19,22.0,3.0,0.0
PO-002299,SUP-019,SKU-00030,WH-APAC,2025-02-24,2025-03-04,2025-03-04,364,5.88,air,236.54,delivered,0,2140.32,8,8.0,0.0,1.0
PO-002300,SUP-019,SKU-00030,WH-APAC,2025-03-17,2025-04-10,2025-04-13,381,5.88,ocean,82.85,delivered,0,2240.28,24,27.0,3.0,0.0
PO-002301,SUP-019,SKU-00030,WH-APAC,2025-04-07,2025-05-01,2025-05-03,304,5.88,ocean,81.88,delivered,0,1787.52,24,26.0,2.0,0.0
PO-002302,SUP-019,SKU-00030,WH-APAC,2025-04-28,2025-05-22,2025-05-14,379,5.88,ocean,86.46,delivered,0,2228.52,24,16.0,-8.0,1.0
PO-002303,SUP-019,SKU-00030,WH-APAC,2025-05-12,2025-05-20,2025-05-22,275,5.88,air,184.38,delivered,0,1617.0,8,10.0,2.0,0.0
PO-002304,SUP-019,SKU-00030,WH-APAC,2025-05-26,2025-06-19,2025-06-03,418,5.88,ocean,93.06,delivered,0,2457.84,24,8.0,-16.0,1.0
PO-002305,SUP-019,SKU-00030,WH-APAC,2025-06-09,2025-07-03,2025-07-04,361,5.88,ocean,90.12,delivered,0,2122.68,24,25.0,1.0,0.0
PO-002306,SUP-019,SKU-00030,WH-APAC,2025-06-23,2025-07-01,2025-07-03,324,5.88,air,226.11,delivered,0,1905.12,8,10.0,2.0,0.0
PO-002307,SUP-019,SKU-00030,WH-APAC,2025-07-14,2025-07-22,2025-07-22,396,5.88,air,253.82,delivered,0,2328.48,8,8.0,0.0,1.0
PO-002308,SUP-019,SKU-00030,WH-APAC,2025-07-28,2025-08-05,2025-08-08,431,5.88,air,251.77,delivered,0,2534.28,8,11.0,3.0,0.0
PO-002309,SUP-019,SKU-00030,WH-APAC,2025-08-11,2025-08-30,2025-08-29,336,5.88,rail,94.33,delivered,0,1975.68,19,18.0,-1.0,1.0
PO-002310,SUP-019,SKU-00030,WH-APAC,2025-08-25,2025-09-18,2025-09-21,349,5.88,ocean,66.18,delivered,0,2052.12,24,27.0,3.0,0.0
PO-002311,SUP-019,SKU-00030,WH-APAC,2025-09-08,2025-09-16,2025-09-14,331,5.88,air,219.49,delivered,0,1946.28,8,6.0,-2.0,1.0
PO-002312,SUP-019,SKU-00030,WH-APAC,2025-09-22,2025-10-16,2025-10-13,287,5.88,ocean,78.08,delivered,0,1687.56,24,21.0,-3.0,1.0
PO-002313,SUP-019,SKU-00030,WH-APAC,2025-10-06,2025-10-14,2025-10-14,367,5.88,air,234.99,delivered,0,2157.96,8,8.0,0.0,1.0
PO-002314,SUP-019,SKU-00030,WH-APAC,2025-10-27,2025-11-14,2025-11-07,371,5.88,road,113.16,delivered,0,2181.48,18,11.0,-7.0,1.0
PO-002315,SUP-019,SKU-00030,WH-APAC,2025-11-10,2025-12-04,2025-11-30,325,5.88,ocean,84.82,delivered,0,1911.0,24,20.0,-4.0,1.0
PO-002316,SUP-019,SKU-00030,WH-APAC,2025-11-24,2025-12-18,2025-12-17,271,5.88,ocean,51.92,delivered,0,1593.48,24,23.0,-1.0,1.0
PO-002317,SUP-019,SKU-00030,WH-APAC,2025-12-08,2025-12-16,2025-12-14,289,5.88,air,210.61,delivered,0,1699.32,8,6.0,-2.0,1.0
PO-002318,SUP-023,SKU-00031,WH-WEST,2024-01-15,2024-02-10,2024-02-18,413,10.95,ocean,171.0,delivered,0,4522.35,26,34.0,8.0,0.0
PO-002319,SUP-023,SKU-00031,WH-WEST,2024-01-29,2024-02-07,2024-02-07,418,10.95,air,603.45,delivered,0,4577.1,9,9.0,0.0,1.0
PO-002320,SUP-023,SKU-00031,WH-WEST,2024-02-19,2024-03-16,2024-03-18,570,10.95,ocean,288.34,delivered,0,6241.5,26,28.0,2.0,0.0
PO-002321,SUP-023,SKU-00031,WH-WEST,2024-03-04,2024-03-13,2024-03-14,409,10.95,air,557.02,delivered,0,4478.55,9,10.0,1.0,0.0
PO-002322,SUP-023,SKU-00031,WH-WEST,2024-03-25,2024-04-20,2024-04-18,536,10.95,ocean,210.82,delivered,0,5869.2,26,24.0,-2.0,1.0
PO-002323,SUP-023,SKU-00031,WH-WEST,2024-04-15,2024-05-11,2024-05-07,553,10.95,ocean,195.72,delivered,0,6055.35,26,22.0,-4.0,1.0
PO-002324,SUP-023,SKU-00031,WH-WEST,2024-05-06,2024-06-01,2024-06-03,540,10.95,ocean,254.61,delivered,0,5913.0,26,28.0,2.0,0.0
PO-002325,SUP-023,SKU-00031,WH-WEST,2024-05-20,2024-06-15,2024-06-17,397,10.95,ocean,178.93,delivered,0,4347.15,26,28.0,2.0,0.0
PO-002326,SUP-023,SKU-00031,WH-WEST,2024-06-10,2024-06-19,2024-06-18,691,10.95,air,920.55,delivered,0,7566.45,9,8.0,-1.0,1.0
PO-002327,SUP-023,SKU-00031,WH-WEST,2024-07-01,2024-07-27,2024-07-27,522,10.95,ocean,268.14,delivered,0,5715.9,26,26.0,0.0,1.0
PO-002328,SUP-023,SKU-00031,WH-WEST,2024-07-15,2024-08-10,2024-08-06,523,10.95,ocean,187.64,delivered,0,5726.85,26,22.0,-4.0,1.0
PO-002329,SUP-023,SKU-00031,WH-WEST,2024-08-05,2024-08-31,2024-09-06,498,10.95,ocean,219.89,delivered,0,5453.1,26,32.0,6.0,0.0
PO-002330,SUP-023,SKU-00031,WH-WEST,2024-08-19,2024-09-14,2024-09-16,482,10.95,ocean,244.69,delivered,0,5277.9,26,28.0,2.0,0.0
PO-002331,SUP-023,SKU-00031,WH-WEST,2024-09-16,2024-10-12,2024-10-05,510,10.95,ocean,218.91,delivered,0,5584.5,26,19.0,-7.0,1.0
PO-002332,SUP-023,SKU-00031,WH-WEST,2024-10-07,2024-10-26,2024-11-01,529,10.95,road,356.8,delivered,0,5792.55,19,25.0,6.0,0.0
PO-002333,SUP-023,SKU-00031,WH-WEST,2024-10-21,2024-11-16,2024-11-21,502,10.95,ocean,243.35,delivered,0,5496.9,26,31.0,5.0,0.0
PO-002334,SUP-023,SKU-00031,WH-WEST,2024-11-11,2024-12-07,2024-12-05,508,10.95,ocean,194.7,delivered,0,5562.6,26,24.0,-2.0,1.0
PO-002335,SUP-023,SKU-00031,WH-WEST,2024-12-02,2024-12-28,2025-01-10,515,10.95,ocean,208.76,delivered,0,5639.25,26,39.0,13.0,0.0
PO-002336,SUP-023,SKU-00031,WH-WEST,2024-12-16,2025-01-06,2025-01-10,428,10.95,rail,263.29,delivered,0,4686.6,21,25.0,4.0,0.0
PO-002337,SUP-023,SKU-00031,WH-WEST,2025-01-20,2025-02-15,2025-02-12,686,10.95,ocean,310.07,delivered,0,7511.7,26,23.0,-3.0,1.0
PO-002338,SUP-023,SKU-00031,WH-WEST,2025-02-03,2025-02-12,2025-02-17,429,10.95,air,630.79,delivered,0,4697.55,9,14.0,5.0,0.0
PO-002339,SUP-023,SKU-00031,WH-WEST,2025-02-24,2025-03-17,2025-03-14,477,10.95,rail,256.19,delivered,0,5223.15,21,18.0,-3.0,1.0
PO-002340,SUP-023,SKU-00031,WH-WEST,2025-03-10,2025-04-05,2025-04-06,555,10.95,ocean,239.09,delivered,0,6077.25,26,27.0,1.0,0.0
PO-002341,SUP-023,SKU-00031,WH-WEST,2025-03-24,2025-04-19,2025-04-28,514,10.95,ocean,206.4,delivered,0,5628.3,26,35.0,9.0,0.0
PO-002342,SUP-023,SKU-00031,WH-WEST,2025-04-14,2025-04-23,2025-04-22,654,10.95,air,698.46,delivered,0,7161.3,9,8.0,-1.0,1.0
PO-002343,SUP-023,SKU-00031,WH-WEST,2025-05-05,2025-05-31,2025-05-28,503,10.95,ocean,190.41,delivered,0,5507.85,26,23.0,-3.0,1.0
PO-002344,SUP-023,SKU-00031,WH-WEST,2025-05-19,2025-06-14,2025-06-23,403,10.95,ocean,181.65,delivered,0,4412.85,26,35.0,9.0,0.0
PO-002345,SUP-023,SKU-00031,WH-WEST,2025-06-02,2025-06-23,2025-07-05,459,10.95,rail,252.45,delivered,0,5026.05,21,33.0,12.0,0.0
PO-002346,SUP-023,SKU-00031,WH-WEST,2025-06-30,2025-07-26,2025-07-24,562,10.95,ocean,247.97,delivered,0,6153.9,26,24.0,-2.0,1.0
PO-002347,SUP-023,SKU-00031,WH-WEST,2025-07-14,2025-07-23,2025-07-24,529,10.95,air,658.33,delivered,0,5792.55,9,10.0,1.0,0.0
PO-002348,SUP-023,SKU-00031,WH-WEST,2025-08-04,2025-08-30,2025-08-26,472,10.95,ocean,213.78,delivered,0,5168.4,26,22.0,-4.0,1.0
PO-002349,SUP-023,SKU-00031,WH-WEST,2025-08-18,2025-08-27,2025-08-28,581,10.95,air,714.33,delivered,0,6361.95,9,10.0,1.0,0.0
PO-002350,SUP-023,SKU-00031,WH-WEST,2025-09-08,2025-10-04,2025-09-26,626,10.95,ocean,242.66,delivered,0,6854.7,26,18.0,-8.0,1.0
PO-002351,SUP-023,SKU-00031,WH-WEST,2025-09-22,2025-10-01,2025-10-05,542,10.95,air,828.37,delivered,0,5934.9,9,13.0,4.0,0.0
PO-002352,SUP-023,SKU-00031,WH-WEST,2025-10-06,2025-11-01,2025-10-31,438,10.95,ocean,202.1,delivered,0,4796.1,26,25.0,-1.0,1.0
PO-002353,SUP-023,SKU-00031,WH-WEST,2025-10-20,2025-10-29,2025-10-30,491,10.95,air,541.59,delivered,0,5376.45,9,10.0,1.0,0.0
PO-002354,SUP-023,SKU-00031,WH-WEST,2025-11-03,2025-11-12,2025-11-15,399,10.95,air,626.98,delivered,0,4369.05,9,12.0,3.0,0.0
PO-002355,SUP-023,SKU-00031,WH-WEST,2025-11-17,2025-12-13,2025-12-17,460,10.95,ocean,201.81,delivered,0,5037.0,26,30.0,4.0,0.0
PO-002356,SUP-023,SKU-00031,WH-WEST,2025-12-01,2025-12-10,2025-12-13,613,10.95,air,855.72,delivered,0,6712.35,9,12.0,3.0,0.0
PO-002357,SUP-023,SKU-00031,WH-WEST,2025-12-22,2026-01-17,,553,10.95,ocean,198.4,open,0,6055.35,26,,,
PO-002358,SUP-023,SKU-00031,WH-APAC,2024-01-22,2024-01-31,2024-02-01,528,10.95,air,712.07,delivered,0,5781.6,9,10.0,1.0,0.0
PO-002359,SUP-023,SKU-00031,WH-APAC,2024-02-12,2024-03-09,2024-03-26,478,10.95,ocean,244.44,delivered,0,5234.1,26,43.0,17.0,0.0
PO-002360,SUP-023,SKU-00031,WH-APAC,2024-02-26,2024-03-06,2024-03-05,386,10.95,air,420.91,delivered,0,4226.7,9,8.0,-1.0,1.0
PO-002361,SUP-023,SKU-00031,WH-APAC,2024-03-11,2024-04-01,2024-04-04,355,10.95,rail,213.91,delivered,0,3887.25,21,24.0,3.0,0.0
PO-002362,SUP-023,SKU-00031,WH-APAC,2024-04-01,2024-04-27,2024-04-27,408,10.95,ocean,200.27,delivered,0,4467.6,26,26.0,0.0,1.0
PO-002363,SUP-023,SKU-00031,WH-APAC,2024-04-15,2024-05-06,2024-04-30,378,10.95,rail,221.68,delivered,0,4139.1,21,15.0,-6.0,1.0
PO-002364,SUP-023,SKU-00031,WH-APAC,2024-04-29,2024-05-08,2024-05-08,364,10.95,air,470.16,delivered,0,3985.8,9,9.0,0.0,1.0
PO-002365,SUP-023,SKU-00031,WH-APAC,2024-05-20,2024-06-15,2024-06-26,509,10.95,ocean,184.96,delivered,0,5573.55,26,37.0,11.0,0.0
PO-002366,SUP-023,SKU-00031,WH-APAC,2024-06-03,2024-06-12,2024-06-12,422,10.95,air,499.2,delivered,0,4620.9,9,9.0,0.0,1.0
PO-002367,SUP-023,SKU-00031,WH-APAC,2024-06-24,2024-07-03,2024-07-05,440,10.95,air,566.67,delivered,0,4818.0,9,11.0,2.0,0.0
PO-002368,SUP-023,SKU-00031,WH-APAC,2024-07-15,2024-08-10,2024-08-09,603,10.95,ocean,291.33,delivered,0,6602.85,26,25.0,-1.0,1.0
PO-002369,SUP-023,SKU-00031,WH-APAC,2024-07-29,2024-08-07,2024-08-07,376,10.95,air,514.73,delivered,0,4117.2,9,9.0,0.0,1.0
PO-002370,SUP-023,SKU-00031,WH-APAC,2024-08-19,2024-08-28,2024-08-31,356,10.95,air,547.51,delivered,0,3898.2,9,12.0,3.0,0.0
PO-002371,SUP-023,SKU-00031,WH-APAC,2024-09-09,2024-09-28,2024-09-25,494,10.95,road,309.98,delivered,0,5409.3,19,16.0,-3.0,1.0
PO-002372,SUP-023,SKU-00031,WH-APAC,2024-09-23,2024-10-02,2024-10-02,386,10.95,air,413.07,delivered,0,4226.7,9,9.0,0.0,1.0
PO-002373,SUP-023,SKU-00031,WH-APAC,2024-10-07,2024-11-02,2024-10-28,393,10.95,ocean,162.28,delivered,0,4303.35,26,21.0,-5.0,1.0
PO-002374,SUP-023,SKU-00031,WH-APAC,2024-10-21,2024-11-16,2024-11-23,355,10.95,ocean,144.44,delivered,0,3887.25,26,33.0,7.0,0.0
PO-002375,SUP-023,SKU-00031,WH-APAC,2024-11-04,2024-11-23,2024-11-24,399,10.95,road,239.39,delivered,0,4369.05,19,20.0,1.0,0.0
PO-002376,SUP-023,SKU-00031,WH-APAC,2024-11-25,2024-12-14,2024-12-14,360,10.95,road,274.87,delivered,0,3942.0,19,19.0,0.0,1.0
PO-002377,SUP-023,SKU-00031,WH-APAC,2024-12-09,2025-01-04,2025-01-02,435,10.95,ocean,224.71,delivered,0,4763.25,26,24.0,-2.0,1.0
PO-002378,SUP-023,SKU-00031,WH-APAC,2024-12-23,2025-01-18,2025-01-19,439,10.95,ocean,211.0,delivered,0,4807.05,26,27.0,1.0,0.0
PO-002379,SUP-023,SKU-00031,WH-APAC,2025-01-06,2025-02-01,2025-02-05,348,10.95,ocean,140.9,delivered,0,3810.6,26,30.0,4.0,0.0
PO-002380,SUP-023,SKU-00031,WH-APAC,2025-01-27,2025-02-15,2025-02-18,571,10.95,road,408.42,delivered,0,6252.45,19,22.0,3.0,0.0
PO-002381,SUP-023,SKU-00031,WH-APAC,2025-02-17,2025-02-26,2025-02-26,461,10.95,air,517.59,delivered,0,5047.95,9,9.0,0.0,1.0
PO-002382,SUP-023,SKU-00031,WH-APAC,2025-03-03,2025-03-12,2025-03-16,466,10.95,air,585.24,delivered,0,5102.7,9,13.0,4.0,0.0
PO-002383,SUP-023,SKU-00031,WH-APAC,2025-03-17,2025-04-07,2025-04-04,518,10.95,rail,259.11,delivered,0,5672.1,21,18.0,-3.0,1.0
PO-002384,SUP-023,SKU-00031,WH-APAC,2025-03-31,2025-04-19,2025-04-22,514,10.95,road,322.72,delivered,0,5628.3,19,22.0,3.0,0.0
PO-002385,SUP-023,SKU-00031,WH-APAC,2025-04-14,2025-04-23,2025-04-18,518,10.95,air,763.75,delivered,0,5672.1,9,4.0,-5.0,1.0
PO-002386,SUP-023,SKU-00031,WH-APAC,2025-04-28,2025-05-24,2025-05-27,408,10.95,ocean,171.29,delivered,0,4467.6,26,29.0,3.0,0.0
PO-002387,SUP-023,SKU-00031,WH-APAC,2025-05-12,2025-05-21,2025-05-22,513,10.95,air,669.21,delivered,0,5617.35,9,10.0,1.0,0.0
PO-002388,SUP-023,SKU-00031,WH-APAC,2025-06-02,2025-06-28,2025-06-23,601,10.95,ocean,256.37,delivered,0,6580.95,26,21.0,-5.0,1.0
PO-002389,SUP-023,SKU-00031,WH-APAC,2025-06-16,2025-06-25,2025-06-21,431,10.95,air,675.2,delivered,0,4719.45,9,5.0,-4.0,1.0
PO-002390,SUP-023,SKU-00031,WH-APAC,2025-07-07,2025-07-16,2025-07-18,462,10.95,air,567.49,delivered,0,5058.9,9,11.0,2.0,0.0
PO-002391,SUP-023,SKU-00031,WH-APAC,2025-07-21,2025-08-16,2025-08-21,517,10.95,ocean,249.48,delivered,0,5661.15,26,31.0,5.0,0.0
PO-002392,SUP-023,SKU-00031,WH-APAC,2025-08-04,2025-08-13,2025-08-12,419,10.95,air,518.07,delivered,0,4588.05,9,8.0,-1.0,1.0
PO-002393,SUP-023,SKU-00031,WH-APAC,2025-08-25,2025-09-20,2025-09-26,489,10.95,ocean,192.37,delivered,0,5354.55,26,32.0,6.0,0.0
PO-002394,SUP-023,SKU-00031,WH-APAC,2025-09-08,2025-10-04,2025-10-02,414,10.95,ocean,204.32,delivered,0,4533.3,26,24.0,-2.0,1.0
PO-002395,SUP-023,SKU-00031,WH-APAC,2025-10-06,2025-11-01,2025-11-02,548,10.95,ocean,207.71,delivered,0,6000.6,26,27.0,1.0,0.0
PO-002396,SUP-023,SKU-00031,WH-APAC,2025-10-20,2025-10-29,2025-10-27,440,10.95,air,637.16,delivered,0,4818.0,9,7.0,-2.0,1.0
PO-002397,SUP-023,SKU-00031,WH-APAC,2025-11-10,2025-12-06,2025-12-09,580,10.95,ocean,292.8,delivered,0,6351.0,26,29.0,3.0,0.0
PO-002398,SUP-023,SKU-00031,WH-APAC,2025-11-24,2025-12-03,2025-12-15,452,10.95,air,503.89,delivered,0,4949.4,9,21.0,12.0,0.0
PO-002399,SUP-023,SKU-00031,WH-APAC,2025-12-22,2026-01-17,,513,10.95,ocean,187.17,open,0,5617.35,26,,,
PO-002400,SUP-023,SKU-00031,WH-EAST,2024-01-15,2024-02-03,2024-01-29,459,10.95,road,361.51,delivered,0,5026.05,19,14.0,-5.0,1.0
PO-002401,SUP-023,SKU-00031,WH-EAST,2024-02-05,2024-02-14,2024-02-14,564,10.95,air,637.26,delivered,0,6175.8,9,9.0,0.0,1.0
PO-002402,SUP-023,SKU-00031,WH-EAST,2024-02-19,2024-03-16,2024-03-13,462,10.95,ocean,240.46,delivered,0,5058.9,26,23.0,-3.0,1.0
PO-002403,SUP-023,SKU-00031,WH-EAST,2024-03-11,2024-04-06,2024-04-13,523,10.95,ocean,209.79,delivered,0,5726.85,26,33.0,7.0,0.0
PO-002404,SUP-023,SKU-00031,WH-EAST,2024-03-25,2024-04-20,2024-04-07,419,10.95,ocean,211.08,delivered,0,4588.05,26,13.0,-13.0,1.0
PO-002405,SUP-023,SKU-00031,WH-EAST,2024-04-15,2024-05-11,2024-05-07,528,10.95,ocean,252.86,delivered,0,5781.6,26,22.0,-4.0,1.0
PO-002406,SUP-023,SKU-00031,WH-EAST,2024-04-29,2024-05-20,2024-05-27,400,10.95,rail,183.3,delivered,0,4380.0,21,28.0,7.0,0.0
PO-002407,SUP-023,SKU-00031,WH-EAST,2024-05-13,2024-06-08,2024-06-04,424,10.95,ocean,175.75,delivered,0,4642.8,26,22.0,-4.0,1.0
PO-002408,SUP-023,SKU-00031,WH-EAST,2024-06-03,2024-06-22,2024-06-25,566,10.95,road,331.15,delivered,0,6197.7,19,22.0,3.0,0.0
PO-002409,SUP-023,SKU-00031,WH-EAST,2024-06-10,2024-06-19,2024-06-26,514,10.95,air,675.52,delivered,0,5628.3,9,16.0,7.0,0.0
PO-002410,SUP-023,SKU-00031,WH-EAST,2024-07-08,2024-07-29,2024-08-01,503,10.95,rail,317.59,delivered,0,5507.85,21,24.0,3.0,0.0
PO-002411,SUP-023,SKU-00031,WH-EAST,2024-07-22,2024-07-31,2024-08-04,458,10.95,air,599.98,delivered,0,5015.1,9,13.0,4.0,0.0
PO-002412,SUP-023,SKU-00031,WH-EAST,2024-08-12,2024-09-07,2024-09-20,525,10.95,ocean,197.87,delivered,0,5748.75,26,39.0,13.0,0.0
PO-002413,SUP-023,SKU-00031,WH-EAST,2024-09-02,2024-09-11,2024-09-13,467,10.95,air,499.77,delivered,0,5113.65,9,11.0,2.0,0.0
PO-002414,SUP-023,SKU-00031,WH-EAST,2024-09-23,2024-10-02,2024-10-01,483,10.95,air,664.91,delivered,0,5288.85,9,8.0,-1.0,1.0
PO-002415,SUP-023,SKU-00031,WH-EAST,2024-10-07,2024-10-26,2024-10-28,443,10.95,road,289.37,delivered,0,4850.85,19,21.0,2.0,0.0
PO-002416,SUP-023,SKU-00031,WH-EAST,2024-10-21,2024-10-30,2024-10-28,401,10.95,air,560.94,delivered,0,4390.95,9,7.0,-2.0,1.0
PO-002417,SUP-023,SKU-00031,WH-EAST,2024-11-04,2024-11-30,2024-12-02,455,10.95,ocean,183.84,delivered,0,4982.25,26,28.0,2.0,0.0
PO-002418,SUP-023,SKU-00031,WH-EAST,2024-11-25,2024-12-16,2024-12-24,656,10.95,rail,319.54,delivered,0,7183.2,21,29.0,8.0,0.0
PO-002419,SUP-023,SKU-00031,WH-EAST,2024-12-16,2025-01-11,2025-01-18,504,10.95,ocean,225.98,delivered,0,5518.8,26,33.0,7.0,0.0
PO-002420,SUP-023,SKU-00031,WH-EAST,2025-01-06,2025-01-15,2025-01-14,476,10.95,air,698.35,delivered,0,5212.2,9,8.0,-1.0,1.0
PO-002421,SUP-023,SKU-00031,WH-EAST,2025-01-20,2025-02-15,2025-02-19,401,10.95,ocean,182.14,delivered,0,4390.95,26,30.0,4.0,0.0
PO-002422,SUP-023,SKU-00031,WH-EAST,2025-02-03,2025-03-01,2025-02-19,481,10.95,ocean,204.1,delivered,0,5266.95,26,16.0,-10.0,1.0
PO-002423,SUP-023,SKU-00031,WH-EAST,2025-02-24,2025-03-17,2025-03-22,490,10.95,rail,292.82,delivered,0,5365.5,21,26.0,5.0,0.0
PO-002424,SUP-023,SKU-00031,WH-EAST,2025-03-10,2025-03-19,2025-03-18,558,10.95,air,773.08,delivered,0,6110.1,9,8.0,-1.0,1.0
PO-002425,SUP-023,SKU-00031,WH-EAST,2025-03-31,2025-04-19,2025-04-21,662,10.95,road,472.31,delivered,0,7248.9,19,21.0,2.0,0.0
PO-002426,SUP-023,SKU-00031,WH-EAST,2025-04-14,2025-05-10,2025-05-05,504,10.95,ocean,223.11,delivered,0,5518.8,26,21.0,-5.0,1.0
PO-002427,SUP-023,SKU-00031,WH-EAST,2025-05-05,2025-05-26,2025-05-25,609,10.95,rail,350.62,delivered,0,6668.55,21,20.0,-1.0,1.0
PO-002428,SUP-023,SKU-00031,WH-EAST,2025-05-19,2025-05-28,2025-05-31,557,10.95,air,627.0,delivered,0,6099.15,9,12.0,3.0,0.0
PO-002429,SUP-023,SKU-00031,WH-EAST,2025-06-09,2025-06-18,2025-06-17,668,10.95,air,796.22,delivered,0,7314.6,9,8.0,-1.0,1.0
PO-002430,SUP-023,SKU-00031,WH-EAST,2025-06-23,2025-07-19,2025-07-17,606,10.95,ocean,220.71,delivered,0,6635.7,26,24.0,-2.0,1.0
PO-002431,SUP-023,SKU-00031,WH-EAST,2025-07-14,2025-07-23,2025-07-25,560,10.95,air,748.63,delivered,0,6132.0,9,11.0,2.0,0.0
PO-002432,SUP-023,SKU-00031,WH-EAST,2025-07-28,2025-08-23,2025-08-23,455,10.95,ocean,213.13,delivered,0,4982.25,26,26.0,0.0,1.0
PO-002433,SUP-023,SKU-00031,WH-EAST,2025-08-11,2025-09-01,2025-09-12,491,10.95,rail,316.26,delivered,0,5376.45,21,32.0,11.0,0.0
PO-002434,SUP-023,SKU-00031,WH-EAST,2025-08-25,2025-09-20,2025-09-19,416,10.95,ocean,208.88,delivered,0,4555.2,26,25.0,-1.0,1.0
PO-002435,SUP-023,SKU-00031,WH-EAST,2025-09-15,2025-10-04,2025-10-09,411,10.95,road,229.83,delivered,0,4500.45,19,24.0,5.0,0.0
PO-002436,SUP-023,SKU-00031,WH-EAST,2025-09-29,2025-10-08,2025-10-09,542,10.95,air,586.99,delivered,0,5934.9,9,10.0,1.0,0.0
PO-002437,SUP-023,SKU-00031,WH-EAST,2025-10-20,2025-11-15,2025-11-17,652,10.95,ocean,247.84,delivered,0,7139.4,26,28.0,2.0,0.0
PO-002438,SUP-023,SKU-00031,WH-EAST,2025-11-03,2025-11-29,2025-11-29,514,10.95,ocean,245.32,delivered,0,5628.3,26,26.0,0.0,1.0
PO-002439,SUP-023,SKU-00031,WH-EAST,2025-12-01,2025-12-27,2025-12-21,560,10.95,ocean,204.94,delivered,0,6132.0,26,20.0,-6.0,1.0
PO-002440,SUP-023,SKU-00031,WH-EAST,2025-12-15,2025-12-24,2025-12-24,604,10.95,air,873.25,delivered,0,6613.8,9,9.0,0.0,1.0
PO-002441,SUP-012,SKU-00032,WH-EU,2024-01-15,2024-02-06,2024-02-14,168,1.72,ocean,10.12,delivered,0,288.96,22,30.0,8.0,0.0
PO-002442,SUP-012,SKU-00032,WH-EU,2024-01-29,2024-02-20,2024-03-02,162,1.72,ocean,12.06,delivered,0,278.64,22,33.0,11.0,0.0
PO-002443,SUP-012,SKU-00032,WH-EU,2024-02-26,2024-03-14,2024-03-19,163,1.72,road,17.88,delivered,0,280.36,17,22.0,5.0,0.0
PO-002444,SUP-012,SKU-00032,WH-EU,2024-03-11,2024-04-02,2024-04-12,148,1.72,ocean,10.1,delivered,0,254.56,22,32.0,10.0,0.0
PO-002445,SUP-012,SKU-00032,WH-EU,2024-04-01,2024-04-23,2024-04-15,160,1.72,ocean,12.99,delivered,0,275.2,22,14.0,-8.0,1.0
PO-002446,SUP-012,SKU-00032,WH-EU,2024-04-29,2024-05-21,2024-05-27,180,1.72,ocean,14.03,delivered,0,309.6,22,28.0,6.0,0.0
PO-002447,SUP-012,SKU-00032,WH-EU,2024-05-27,2024-06-18,2024-06-21,184,1.72,ocean,10.33,delivered,0,316.48,22,25.0,3.0,0.0
PO-002448,SUP-012,SKU-00032,WH-EU,2024-06-24,2024-07-16,2024-07-21,183,1.72,ocean,13.81,delivered,0,314.76,22,27.0,5.0,0.0
PO-002449,SUP-012,SKU-00032,WH-EU,2024-07-15,2024-08-02,2024-08-05,144,1.72,rail,10.74,delivered,0,247.68,18,21.0,3.0,0.0
PO-002450,SUP-012,SKU-00032,WH-EU,2024-08-05,2024-08-12,2024-08-16,158,1.72,air,36.25,delivered,0,271.76,7,11.0,4.0,0.0
PO-002451,SUP-012,SKU-00032,WH-EU,2024-08-26,2024-09-17,2024-09-23,202,1.72,ocean,12.21,delivered,0,347.44,22,28.0,6.0,0.0
PO-002452,SUP-012,SKU-00032,WH-EU,2024-09-09,2024-09-16,2024-09-19,154,1.72,air,28.7,delivered,0,264.88,7,10.0,3.0,0.0
PO-002453,SUP-012,SKU-00032,WH-EU,2024-09-30,2024-10-18,2024-10-19,181,1.72,rail,17.43,delivered,0,311.32,18,19.0,1.0,0.0
PO-002454,SUP-012,SKU-00032,WH-EU,2024-10-14,2024-10-21,2024-10-23,172,1.72,air,30.41,delivered,0,295.84,7,9.0,2.0,0.0
PO-002455,SUP-012,SKU-00032,WH-EU,2024-10-28,2024-11-04,2024-11-11,145,1.72,air,25.34,delivered,0,249.4,7,14.0,7.0,0.0
PO-002456,SUP-012,SKU-00032,WH-EU,2024-11-11,2024-11-18,2024-11-18,183,1.72,air,34.71,delivered,0,314.76,7,7.0,0.0,1.0
PO-002457,SUP-012,SKU-00032,WH-EU,2024-11-25,2024-12-17,2024-12-20,191,1.72,ocean,10.76,delivered,0,328.52,22,25.0,3.0,0.0
PO-002458,SUP-012,SKU-00032,WH-EU,2024-12-09,2024-12-16,2024-12-15,168,1.72,air,38.74,delivered,0,288.96,7,6.0,-1.0,1.0
PO-002459,SUP-012,SKU-00032,WH-EU,2024-12-30,2025-01-06,2025-01-08,222,1.72,air,50.53,delivered,0,381.84,7,9.0,2.0,0.0
PO-002460,SUP-012,SKU-00032,WH-EU,2025-01-13,2025-02-04,2025-02-08,161,1.72,ocean,11.08,delivered,0,276.92,22,26.0,4.0,0.0
PO-002461,SUP-012,SKU-00032,WH-EU,2025-01-27,2025-02-18,2025-02-21,158,1.72,ocean,10.63,delivered,0,271.76,22,25.0,3.0,0.0
PO-002462,SUP-012,SKU-00032,WH-EU,2025-02-17,2025-03-06,2025-03-04,160,1.72,road,15.66,delivered,0,275.2,17,15.0,-2.0,1.0
PO-002463,SUP-012,SKU-00032,WH-EU,2025-03-10,2025-03-28,2025-03-29,200,1.72,rail,17.13,delivered,0,344.0,18,19.0,1.0,0.0
PO-002464,SUP-012,SKU-00032,WH-EU,2025-03-24,2025-04-15,2025-04-21,159,1.72,ocean,13.06,delivered,0,273.48,22,28.0,6.0,0.0
PO-002465,SUP-012,SKU-00032,WH-EU,2025-04-21,2025-05-13,2025-05-10,188,1.72,ocean,14.76,delivered,0,323.36,22,19.0,-3.0,1.0
PO-002466,SUP-012,SKU-00032,WH-EU,2025-05-12,2025-06-03,2025-05-31,145,1.72,ocean,10.78,delivered,0,249.4,22,19.0,-3.0,1.0
PO-002467,SUP-012,SKU-00032,WH-EU,2025-06-02,2025-06-09,2025-06-20,187,1.72,air,45.4,delivered,0,321.64,7,18.0,11.0,0.0
PO-002468,SUP-012,SKU-00032,WH-EU,2025-06-23,2025-07-15,2025-07-16,159,1.72,ocean,12.83,delivered,0,273.48,22,23.0,1.0,0.0
PO-002469,SUP-012,SKU-00032,WH-EU,2025-07-14,2025-08-01,2025-08-04,166,1.72,rail,13.06,delivered,0,285.52,18,21.0,3.0,0.0
PO-002470,SUP-012,SKU-00032,WH-EU,2025-08-04,2025-08-26,2025-08-29,185,1.72,ocean,11.54,delivered,0,318.2,22,25.0,3.0,0.0
PO-002471,SUP-012,SKU-00032,WH-EU,2025-08-25,2025-09-01,2025-09-08,179,1.72,air,37.77,delivered,0,307.88,7,14.0,7.0,0.0
PO-002472,SUP-012,SKU-00032,WH-EU,2025-09-15,2025-09-22,2025-09-22,196,1.72,air,39.04,delivered,0,337.12,7,7.0,0.0,1.0
PO-002473,SUP-012,SKU-00032,WH-EU,2025-09-29,2025-10-06,2025-10-06,202,1.72,air,34.45,delivered,0,347.44,7,7.0,0.0,1.0
PO-002474,SUP-012,SKU-00032,WH-EU,2025-10-13,2025-10-31,2025-11-01,162,1.72,rail,15.29,delivered,0,278.64,18,19.0,1.0,0.0
PO-002475,SUP-012,SKU-00032,WH-EU,2025-10-27,2025-11-14,2025-11-25,184,1.72,rail,14.96,delivered,0,316.48,18,29.0,11.0,0.0
PO-002476,SUP-012,SKU-00032,WH-EU,2025-11-10,2025-12-02,2025-12-06,158,1.72,ocean,12.74,delivered,0,271.76,22,26.0,4.0,0.0
PO-002477,SUP-012,SKU-00032,WH-EU,2025-12-08,2025-12-30,2025-12-28,213,1.72,ocean,16.78,delivered,0,366.36,22,20.0,-2.0,1.0
PO-002478,SUP-012,SKU-00032,WH-EU,2025-12-22,2025-12-29,,151,1.72,air,36.44,open,0,259.72,7,,,
PO-002479,SUP-024,SKU-00033,WH-WEST,2024-01-15,2024-02-10,2024-01-30,300,4.26,ocean,41.27,delivered,0,1278.0,26,15.0,-11.0,1.0
PO-002480,SUP-024,SKU-00033,WH-WEST,2024-02-05,2024-02-24,2024-02-11,357,4.26,road,84.81,delivered,0,1520.82,19,6.0,-13.0,1.0
PO-002481,SUP-024,SKU-00033,WH-WEST,2024-02-19,2024-02-28,2024-03-03,295,4.26,air,133.89,delivered,0,1256.7,9,13.0,4.0,0.0
PO-002482,SUP-024,SKU-00033,WH-WEST,2024-03-04,2024-03-30,2024-04-07,244,4.26,ocean,47.59,delivered,0,1039.44,26,34.0,8.0,0.0
PO-002483,SUP-024,SKU-00033,WH-WEST,2024-03-25,2024-04-15,2024-04-25,300,4.26,rail,57.34,delivered,0,1278.0,21,31.0,10.0,0.0
PO-002484,SUP-024,SKU-00033,WH-WEST,2024-04-15,2024-05-11,2024-05-04,243,4.26,ocean,35.14,delivered,0,1035.18,26,19.0,-7.0,1.0
PO-002485,SUP-024,SKU-00033,WH-WEST,2024-05-06,2024-06-01,2024-06-05,265,4.26,ocean,46.12,delivered,0,1128.9,26,30.0,4.0,0.0
PO-002486,SUP-024,SKU-00033,WH-WEST,2024-06-03,2024-06-12,2024-06-09,297,4.26,air,177.22,delivered,0,1265.22,9,6.0,-3.0,1.0
PO-002487,SUP-024,SKU-00033,WH-WEST,2024-07-01,2024-07-27,2024-07-27,295,4.26,ocean,48.86,delivered,0,1256.7,26,26.0,0.0,1.0
PO-002488,SUP-024,SKU-00033,WH-WEST,2024-07-22,2024-08-17,2024-08-27,272,4.26,ocean,43.28,delivered,0,1158.72,26,36.0,10.0,0.0
PO-002489,SUP-024,SKU-00033,WH-WEST,2024-08-12,2024-09-07,2024-08-24,312,4.26,ocean,45.48,delivered,0,1329.12,26,12.0,-14.0,1.0
PO-002490,SUP-024,SKU-00033,WH-WEST,2024-09-02,2024-09-28,2024-09-25,282,4.26,ocean,45.21,delivered,0,1201.32,26,23.0,-3.0,1.0
PO-002491,SUP-024,SKU-00033,WH-WEST,2024-09-16,2024-09-25,2024-09-28,263,4.26,air,156.0,delivered,0,1120.38,9,12.0,3.0,0.0
PO-002492,SUP-024,SKU-00033,WH-WEST,2024-09-30,2024-10-26,2024-10-27,281,4.26,ocean,47.19,delivered,0,1197.06,26,27.0,1.0,0.0
PO-002493,SUP-024,SKU-00033,WH-WEST,2024-10-14,2024-11-04,2024-11-05,277,4.26,rail,65.05,delivered,0,1180.02,21,22.0,1.0,0.0
PO-002494,SUP-024,SKU-00033,WH-WEST,2024-11-04,2024-11-23,2024-11-24,350,4.26,road,86.73,delivered,0,1491.0,19,20.0,1.0,0.0
PO-002495,SUP-024,SKU-00033,WH-WEST,2024-11-18,2024-12-14,2025-01-02,328,4.26,ocean,48.13,delivered,0,1397.28,26,45.0,19.0,0.0
PO-002496,SUP-024,SKU-00033,WH-WEST,2024-12-09,2024-12-18,2024-12-11,360,4.26,air,196.39,delivered,0,1533.6,9,2.0,-7.0,1.0
PO-002497,SUP-024,SKU-00033,WH-WEST,2024-12-23,2025-01-13,2025-01-10,306,4.26,rail,53.58,delivered,0,1303.56,21,18.0,-3.0,1.0
PO-002498,SUP-024,SKU-00033,WH-WEST,2025-01-13,2025-02-08,2025-02-02,354,4.26,ocean,71.88,delivered,0,1508.04,26,20.0,-6.0,1.0
PO-002499,SUP-024,SKU-00033,WH-WEST,2025-01-27,2025-02-22,2025-02-21,314,4.26,ocean,52.07,delivered,0,1337.64,26,25.0,-1.0,1.0
PO-002500,SUP-024,SKU-00033,WH-WEST,2025-02-17,2025-02-26,2025-03-01,371,4.26,air,222.53,delivered,0,1580.46,9,12.0,3.0,0.0
PO-002501,SUP-024,SKU-00033,WH-WEST,2025-03-03,2025-03-22,2025-03-22,245,4.26,road,65.57,delivered,0,1043.7,19,19.0,0.0,1.0
PO-002502,SUP-024,SKU-00033,WH-WEST,2025-03-17,2025-03-26,2025-03-27,251,4.26,air,151.1,delivered,0,1069.26,9,10.0,1.0,0.0
PO-002503,SUP-024,SKU-00033,WH-WEST,2025-04-07,2025-05-03,2025-05-04,331,4.26,ocean,57.66,delivered,0,1410.06,26,27.0,1.0,0.0
PO-002504,SUP-024,SKU-00033,WH-WEST,2025-04-21,2025-05-17,2025-05-24,297,4.26,ocean,59.83,delivered,0,1265.22,26,33.0,7.0,0.0
PO-002505,SUP-024,SKU-00033,WH-WEST,2025-05-19,2025-06-14,2025-07-01,280,4.26,ocean,38.63,delivered,0,1192.8,26,43.0,17.0,0.0
PO-002506,SUP-024,SKU-00033,WH-WEST,2025-06-09,2025-06-30,2025-06-29,297,4.26,rail,51.41,delivered,0,1265.22,21,20.0,-1.0,1.0
PO-002507,SUP-024,SKU-00033,WH-WEST,2025-07-07,2025-08-02,2025-08-07,304,4.26,ocean,58.22,delivered,0,1295.04,26,31.0,5.0,0.0
PO-002508,SUP-024,SKU-00033,WH-WEST,2025-07-21,2025-08-16,2025-08-20,251,4.26,ocean,38.21,delivered,0,1069.26,26,30.0,4.0,0.0
PO-002509,SUP-024,SKU-00033,WH-WEST,2025-08-11,2025-08-30,2025-08-30,267,4.26,road,63.34,delivered,0,1137.42,19,19.0,0.0,1.0
PO-002510,SUP-024,SKU-00033,WH-WEST,2025-08-25,2025-09-20,2025-09-16,271,4.26,ocean,40.02,delivered,0,1154.46,26,22.0,-4.0,1.0
PO-002511,SUP-024,SKU-00033,WH-WEST,2025-09-08,2025-09-17,2025-09-19,325,4.26,air,168.28,delivered,0,1384.5,9,11.0,2.0,0.0
PO-002512,SUP-024,SKU-00033,WH-WEST,2025-09-22,2025-10-18,2025-09-29,274,4.26,ocean,45.68,delivered,0,1167.24,26,7.0,-19.0,1.0
PO-002513,SUP-024,SKU-00033,WH-WEST,2025-10-06,2025-10-25,2025-10-14,392,4.26,road,109.18,delivered,0,1669.92,19,8.0,-11.0,1.0
PO-002514,SUP-024,SKU-00033,WH-WEST,2025-10-20,2025-11-15,2025-12-08,418,4.26,ocean,64.68,delivered,0,1780.68,26,49.0,23.0,0.0
PO-002515,SUP-024,SKU-00033,WH-WEST,2025-11-03,2025-11-12,2025-11-15,270,4.26,air,150.92,delivered,0,1150.2,9,12.0,3.0,0.0
PO-002516,SUP-024,SKU-00033,WH-WEST,2025-11-24,2025-12-15,2025-12-22,270,4.26,rail,57.28,delivered,0,1150.2,21,28.0,7.0,0.0
PO-002517,SUP-024,SKU-00033,WH-WEST,2025-12-15,2026-01-03,,247,4.26,road,57.45,open,0,1052.22,19,,,
PO-002518,SUP-024,SKU-00033,WH-SOUTH,2024-01-15,2024-02-10,2024-02-21,278,4.26,ocean,38.35,delivered,0,1184.28,26,37.0,11.0,0.0
PO-002519,SUP-024,SKU-00033,WH-SOUTH,2024-01-29,2024-02-17,2024-02-24,263,4.26,road,73.97,delivered,0,1120.38,19,26.0,7.0,0.0
PO-002520,SUP-024,SKU-00033,WH-SOUTH,2024-03-04,2024-03-13,2024-03-07,377,4.26,air,191.23,delivered,0,1606.02,9,3.0,-6.0,1.0
PO-002521,SUP-024,SKU-00033,WH-SOUTH,2024-03-25,2024-04-03,2024-04-01,332,4.26,air,182.58,delivered,0,1414.32,9,7.0,-2.0,1.0
PO-002522,SUP-024,SKU-00033,WH-SOUTH,2024-04-15,2024-05-11,2024-05-06,246,4.26,ocean,37.1,delivered,0,1047.96,26,21.0,-5.0,1.0
PO-002523,SUP-024,SKU-00033,WH-SOUTH,2024-05-06,2024-06-01,2024-05-24,281,4.26,ocean,46.68,delivered,0,1197.06,26,18.0,-8.0,1.0
PO-002524,SUP-024,SKU-00033,WH-SOUTH,2024-06-03,2024-06-24,2024-07-03,317,4.26,rail,74.62,delivered,0,1350.42,21,30.0,9.0,0.0
PO-002525,SUP-024,SKU-00033,WH-SOUTH,2024-06-24,2024-07-20,2024-08-03,248,4.26,ocean,37.74,delivered,0,1056.48,26,40.0,14.0,0.0
PO-002526,SUP-024,SKU-00033,WH-SOUTH,2024-07-15,2024-07-24,2024-07-25,264,4.26,air,149.26,delivered,0,1124.64,9,10.0,1.0,0.0
PO-002527,SUP-024,SKU-00033,WH-SOUTH,2024-08-05,2024-08-14,2024-08-13,304,4.26,air,185.38,delivered,0,1295.04,9,8.0,-1.0,1.0
PO-002528,SUP-024,SKU-00033,WH-SOUTH,2024-08-26,2024-09-21,2024-09-22,363,4.26,ocean,69.92,delivered,0,1546.38,26,27.0,1.0,0.0
PO-002529,SUP-024,SKU-00033,WH-SOUTH,2024-09-09,2024-09-18,2024-09-17,267,4.26,air,113.36,delivered,0,1137.42,9,8.0,-1.0,1.0
PO-002530,SUP-024,SKU-00033,WH-SOUTH,2024-09-30,2024-10-19,2024-10-14,363,4.26,road,96.3,delivered,0,1546.38,19,14.0,-5.0,1.0
PO-002531,SUP-024,SKU-00033,WH-SOUTH,2024-10-14,2024-10-23,2024-10-25,354,4.26,air,153.9,delivered,0,1508.04,9,11.0,2.0,0.0
PO-002532,SUP-024,SKU-00033,WH-SOUTH,2024-10-28,2024-11-23,2024-12-18,349,4.26,ocean,51.53,delivered,0,1486.74,26,51.0,25.0,0.0
PO-002533,SUP-024,SKU-00033,WH-SOUTH,2024-11-11,2024-11-30,2024-12-07,343,4.26,road,82.63,delivered,0,1461.18,19,26.0,7.0,0.0
PO-002534,SUP-024,SKU-00033,WH-SOUTH,2024-12-16,2025-01-11,2025-01-18,276,4.26,ocean,42.77,delivered,0,1175.76,26,33.0,7.0,0.0
PO-002535,SUP-024,SKU-00033,WH-SOUTH,2024-12-30,2025-01-08,2025-01-07,374,4.26,air,227.61,delivered,0,1593.24,9,8.0,-1.0,1.0
PO-002536,SUP-024,SKU-00033,WH-SOUTH,2025-01-20,2025-02-10,,435,4.26,rail,87.02,delivered,1,1853.1,21,,,
PO-002537,SUP-024,SKU-00033,WH-SOUTH,2025-02-03,2025-02-12,2025-02-10,257,4.26,air,134.6,delivered,0,1094.82,9,7.0,-2.0,1.0
PO-002538,SUP-024,SKU-00033,WH-SOUTH,2025-02-24,2025-03-22,2025-03-09,381,4.26,ocean,65.14,delivered,0,1623.06,26,13.0,-13.0,1.0
PO-002539,SUP-024,SKU-00033,WH-SOUTH,2025-03-10,2025-03-31,2025-04-07,280,4.26,rail,60.79,delivered,0,1192.8,21,28.0,7.0,0.0
PO-002540,SUP-024,SKU-00033,WH-SOUTH,2025-03-24,2025-04-19,2025-04-09,277,4.26,ocean,50.41,delivered,0,1180.02,26,16.0,-10.0,1.0
PO-002541,SUP-024,SKU-00033,WH-SOUTH,2025-04-14,2025-05-10,2025-05-11,269,4.26,ocean,50.68,delivered,0,1145.94,26,27.0,1.0,0.0
PO-002542,SUP-024,SKU-00033,WH-SOUTH,2025-04-28,2025-05-24,2025-05-16,332,4.26,ocean,56.64,delivered,0,1414.32,26,18.0,-8.0,1.0
PO-002543,SUP-024,SKU-00033,WH-SOUTH,2025-05-26,2025-06-21,2025-06-19,328,4.26,ocean,63.28,delivered,0,1397.28,26,24.0,-2.0,1.0
PO-002544,SUP-024,SKU-00033,WH-SOUTH,2025-06-16,2025-07-05,2025-07-14,299,4.26,road,90.11,delivered,0,1273.74,19,28.0,9.0,0.0
PO-002545,SUP-024,SKU-00033,WH-SOUTH,2025-06-30,2025-07-21,2025-07-16,271,4.26,rail,57.98,delivered,0,1154.46,21,16.0,-5.0,1.0
PO-002546,SUP-024,SKU-00033,WH-SOUTH,2025-07-21,2025-08-16,2025-08-18,274,4.26,ocean,38.23,delivered,0,1167.24,26,28.0,2.0,0.0
PO-002547,SUP-024,SKU-00033,WH-SOUTH,2025-08-04,2025-08-13,2025-08-08,336,4.26,air,195.76,delivered,0,1431.36,9,4.0,-5.0,1.0
PO-002548,SUP-024,SKU-00033,WH-SOUTH,2025-08-18,2025-09-13,2025-09-10,330,4.26,ocean,58.14,delivered,0,1405.8,26,23.0,-3.0,1.0
PO-002549,SUP-024,SKU-00033,WH-SOUTH,2025-09-01,2025-09-27,2025-09-17,313,4.26,ocean,54.31,delivered,0,1333.38,26,16.0,-10.0,1.0
PO-002550,SUP-024,SKU-00033,WH-SOUTH,2025-09-22,2025-10-18,2025-10-05,384,4.26,ocean,64.13,delivered,0,1635.84,26,13.0,-13.0,1.0
PO-002551,SUP-024,SKU-00033,WH-SOUTH,2025-10-06,2025-10-15,2025-10-14,369,4.26,air,184.59,delivered,0,1571.94,9,8.0,-1.0,1.0
PO-002552,SUP-024,SKU-00033,WH-SOUTH,2025-10-20,2025-11-15,2025-11-23,443,4.26,ocean,83.92,delivered,0,1887.18,26,34.0,8.0,0.0
PO-002553,SUP-024,SKU-00033,WH-SOUTH,2025-10-27,2025-11-05,2025-11-03,249,4.26,air,135.63,delivered,0,1060.74,9,7.0,-2.0,1.0
PO-002554,SUP-024,SKU-00033,WH-SOUTH,2025-11-10,2025-11-19,2025-11-13,249,4.26,air,134.15,delivered,0,1060.74,9,3.0,-6.0,1.0
PO-002555,SUP-024,SKU-00033,WH-SOUTH,2025-11-24,2025-12-20,2025-12-18,331,4.26,ocean,52.56,delivered,0,1410.06,26,24.0,-2.0,1.0
PO-002556,SUP-024,SKU-00033,WH-SOUTH,2025-12-01,2025-12-27,2025-12-20,252,4.26,ocean,34.51,delivered,0,1073.52,26,19.0,-7.0,1.0
PO-002557,SUP-024,SKU-00033,WH-SOUTH,2025-12-22,2026-01-17,,246,4.26,ocean,42.56,open,0,1047.96,26,,,
PO-002558,SUP-008,SKU-00034,WH-EU,2024-01-15,2024-02-08,2024-01-26,49,18.64,ocean,38.19,delivered,0,913.36,24,11.0,-13.0,1.0
PO-002559,SUP-008,SKU-00034,WH-EU,2024-01-29,2024-02-17,2024-02-21,54,18.64,rail,50.42,delivered,0,1006.56,19,23.0,4.0,0.0
PO-002560,SUP-008,SKU-00034,WH-EU,2024-02-19,2024-02-27,2024-03-03,65,18.64,air,168.58,delivered,0,1211.6,8,13.0,5.0,0.0
PO-002561,SUP-008,SKU-00034,WH-EU,2024-03-11,2024-03-30,2024-04-14,67,18.64,rail,61.43,delivered,0,1248.88,19,34.0,15.0,0.0
PO-002562,SUP-008,SKU-00034,WH-EU,2024-04-01,2024-04-09,2024-04-09,58,18.64,air,131.74,delivered,0,1081.12,8,8.0,0.0,1.0
PO-002563,SUP-008,SKU-00034,WH-EU,2024-04-22,2024-05-16,2024-05-08,65,18.64,ocean,49.08,delivered,0,1211.6,24,16.0,-8.0,1.0
PO-002564,SUP-008,SKU-00034,WH-EU,2024-05-06,2024-05-14,2024-05-14,60,18.64,air,158.92,delivered,0,1118.4,8,8.0,0.0,1.0
PO-002565,SUP-008,SKU-00034,WH-EU,2024-05-20,2024-06-08,2024-06-13,65,18.64,rail,52.04,delivered,0,1211.6,19,24.0,5.0,0.0
PO-002566,SUP-008,SKU-00034,WH-EU,2024-06-03,2024-06-11,2024-06-09,60,18.64,air,128.99,delivered,0,1118.4,8,6.0,-2.0,1.0
PO-002567,SUP-008,SKU-00034,WH-EU,2024-06-17,2024-07-04,2024-07-04,51,18.64,road,47.35,delivered,0,950.64,17,17.0,0.0,1.0
PO-002568,SUP-008,SKU-00034,WH-EU,2024-06-24,2024-07-18,2024-07-14,53,18.64,ocean,47.19,delivered,0,987.92,24,20.0,-4.0,1.0
PO-002569,SUP-008,SKU-00034,WH-EU,2024-07-08,2024-08-01,2024-08-07,50,18.64,ocean,30.48,delivered,0,932.0,24,30.0,6.0,0.0
PO-002570,SUP-008,SKU-00034,WH-EU,2024-07-22,2024-07-30,2024-08-01,75,18.64,air,145.92,delivered,0,1398.0,8,10.0,2.0,0.0
PO-002571,SUP-008,SKU-00034,WH-EU,2024-08-12,2024-09-05,2024-09-08,95,18.64,ocean,60.28,delivered,0,1770.8,24,27.0,3.0,0.0
PO-002572,SUP-008,SKU-00034,WH-EU,2024-09-16,2024-10-10,2024-10-01,80,18.64,ocean,51.96,delivered,0,1491.2,24,15.0,-9.0,1.0
PO-002573,SUP-008,SKU-00034,WH-EU,2024-10-07,2024-10-15,2024-10-19,71,18.64,air,175.44,delivered,0,1323.44,8,12.0,4.0,0.0
PO-002574,SUP-008,SKU-00034,WH-EU,2024-10-21,2024-11-07,2024-11-07,67,18.64,road,72.02,delivered,0,1248.88,17,17.0,0.0,1.0
PO-002575,SUP-008,SKU-00034,WH-EU,2024-11-04,2024-11-28,2024-12-02,58,18.64,ocean,45.94,delivered,0,1081.12,24,28.0,4.0,0.0
PO-002576,SUP-008,SKU-00034,WH-EU,2024-11-18,2024-12-12,2024-12-05,53,18.64,ocean,31.93,delivered,0,987.92,24,17.0,-7.0,1.0
PO-002577,SUP-008,SKU-00034,WH-EU,2024-12-09,2025-01-02,2025-01-02,47,18.64,ocean,34.42,delivered,0,876.08,24,24.0,0.0,1.0
PO-002578,SUP-008,SKU-00034,WH-EU,2024-12-23,2025-01-16,2025-01-26,57,18.64,ocean,43.32,delivered,0,1062.48,24,34.0,10.0,0.0
PO-002579,SUP-008,SKU-00034,WH-EU,2025-01-13,2025-01-21,2025-01-21,62,18.64,air,153.4,delivered,0,1155.68,8,8.0,0.0,1.0
PO-002580,SUP-008,SKU-00034,WH-EU,2025-02-10,2025-02-18,2025-02-19,63,18.64,air,164.63,delivered,0,1174.32,8,9.0,1.0,0.0
PO-002581,SUP-008,SKU-00034,WH-EU,2025-02-24,2025-03-13,2025-03-12,47,18.64,road,58.83,delivered,0,876.08,17,16.0,-1.0,1.0
PO-002582,SUP-008,SKU-00034,WH-EU,2025-03-17,2025-03-25,2025-03-23,66,18.64,air,133.68,delivered,0,1230.24,8,6.0,-2.0,1.0
PO-002583,SUP-008,SKU-00034,WH-EU,2025-03-31,2025-04-08,2025-04-09,49,18.64,air,114.35,delivered,0,913.36,8,9.0,1.0,0.0
PO-002584,SUP-008,SKU-00034,WH-EU,2025-04-14,2025-05-08,2025-05-10,56,18.64,ocean,38.26,delivered,0,1043.84,24,26.0,2.0,0.0
PO-002585,SUP-008,SKU-00034,WH-EU,2025-04-28,2025-05-22,2025-05-20,50,18.64,ocean,43.01,delivered,0,932.0,24,22.0,-2.0,1.0
PO-002586,SUP-008,SKU-00034,WH-EU,2025-05-19,2025-05-27,2025-05-29,60,18.64,air,154.27,delivered,0,1118.4,8,10.0,2.0,0.0
PO-002587,SUP-008,SKU-00034,WH-EU,2025-06-02,2025-06-26,2025-06-20,57,18.64,ocean,34.76,delivered,0,1062.48,24,18.0,-6.0,1.0
PO-002588,SUP-008,SKU-00034,WH-EU,2025-06-16,2025-06-24,2025-06-26,67,18.64,air,144.02,delivered,0,1248.88,8,10.0,2.0,0.0
PO-002589,SUP-008,SKU-00034,WH-EU,2025-06-30,2025-07-24,2025-08-05,53,18.64,ocean,34.18,delivered,0,987.92,24,36.0,12.0,0.0
PO-002590,SUP-008,SKU-00034,WH-EU,2025-07-07,2025-07-31,2025-08-09,49,18.64,ocean,29.47,delivered,0,913.36,24,33.0,9.0,0.0
PO-002591,SUP-008,SKU-00034,WH-EU,2025-08-11,2025-09-04,2025-09-02,68,18.64,ocean,47.91,delivered,0,1267.52,24,22.0,-2.0,1.0
PO-002592,SUP-008,SKU-00034,WH-EU,2025-08-25,2025-09-02,2025-08-31,57,18.64,air,129.21,delivered,0,1062.48,8,6.0,-2.0,1.0
PO-002593,SUP-008,SKU-00034,WH-EU,2025-09-08,2025-10-02,2025-10-12,52,18.64,ocean,34.45,delivered,0,969.28,24,34.0,10.0,0.0
PO-002594,SUP-008,SKU-00034,WH-EU,2025-09-22,2025-09-30,2025-09-30,73,18.64,air,166.07,delivered,0,1360.72,8,8.0,0.0,1.0
PO-002595,SUP-008,SKU-00034,WH-EU,2025-10-13,2025-11-01,2025-11-01,66,18.64,rail,55.57,delivered,0,1230.24,19,19.0,0.0,1.0
PO-002596,SUP-008,SKU-00034,WH-EU,2025-10-27,2025-11-20,2025-11-30,55,18.64,ocean,36.33,delivered,0,1025.2,24,34.0,10.0,0.0
PO-002597,SUP-008,SKU-00034,WH-EU,2025-11-17,2025-11-25,2025-11-27,61,18.64,air,145.63,delivered,0,1137.04,8,10.0,2.0,0.0
PO-002598,SUP-008,SKU-00034,WH-EU,2025-12-08,2026-01-01,,51,18.64,ocean,40.08,open,0,950.64,24,,,
PO-002599,SUP-008,SKU-00034,WH-EU,2025-12-22,2026-01-15,,52,18.64,ocean,37.41,open,0,969.28,24,,,
PO-002600,SUP-008,SKU-00034,WH-EAST,2024-01-15,2024-02-08,2024-01-26,44,18.64,ocean,27.68,delivered,0,820.16,24,11.0,-13.0,1.0
PO-002601,SUP-008,SKU-00034,WH-EAST,2024-01-29,2024-02-22,2024-02-14,45,18.64,ocean,31.06,delivered,0,838.8,24,16.0,-8.0,1.0
PO-002602,SUP-008,SKU-00034,WH-EAST,2024-02-19,2024-03-14,2024-03-14,58,18.64,ocean,49.93,delivered,0,1081.12,24,24.0,0.0,1.0
PO-002603,SUP-008,SKU-00034,WH-EAST,2024-03-11,2024-03-19,2024-03-26,61,18.64,air,129.37,delivered,0,1137.04,8,15.0,7.0,0.0
PO-002604,SUP-008,SKU-00034,WH-EAST,2024-04-01,2024-04-25,2024-04-26,74,18.64,ocean,49.82,delivered,0,1379.36,24,25.0,1.0,0.0
PO-002605,SUP-008,SKU-00034,WH-EAST,2024-04-15,2024-04-23,2024-04-23,45,18.64,air,83.33,delivered,0,838.8,8,8.0,0.0,1.0
PO-002606,SUP-008,SKU-00034,WH-EAST,2024-05-06,2024-05-30,2024-05-27,49,18.64,ocean,31.83,delivered,0,913.36,24,21.0,-3.0,1.0
PO-002607,SUP-008,SKU-00034,WH-EAST,2024-05-20,2024-05-28,2024-05-22,63,18.64,air,158.24,delivered,0,1174.32,8,2.0,-6.0,1.0
PO-002608,SUP-008,SKU-00034,WH-EAST,2024-06-03,2024-06-27,2024-06-22,69,18.64,ocean,55.0,delivered,0,1286.16,24,19.0,-5.0,1.0
PO-002609,SUP-008,SKU-00034,WH-EAST,2024-06-10,2024-06-18,2024-06-22,50,18.64,air,104.46,delivered,0,932.0,8,12.0,4.0,0.0
PO-002610,SUP-008,SKU-00034,WH-EAST,2024-07-01,2024-07-18,2024-07-23,51,18.64,road,45.64,delivered,0,950.64,17,22.0,5.0,0.0
PO-002611,SUP-008,SKU-00034,WH-EAST,2024-07-15,2024-07-23,2024-07-23,68,18.64,air,147.09,delivered,0,1267.52,8,8.0,0.0,1.0
PO-002612,SUP-008,SKU-00034,WH-EAST,2024-07-29,2024-08-22,2024-08-13,48,18.64,ocean,39.0,delivered,0,894.72,24,15.0,-9.0,1.0
PO-002613,SUP-008,SKU-00034,WH-EAST,2024-08-05,2024-08-29,2024-09-17,51,18.64,ocean,42.35,delivered,0,950.64,24,43.0,19.0,0.0
PO-002614,SUP-008,SKU-00034,WH-EAST,2024-08-19,2024-08-27,2024-08-26,61,18.64,air,116.49,delivered,0,1137.04,8,7.0,-1.0,1.0
PO-002615,SUP-008,SKU-00034,WH-EAST,2024-09-02,2024-09-10,2024-09-08,58,18.64,air,125.32,delivered,0,1081.12,8,6.0,-2.0,1.0
PO-002616,SUP-008,SKU-00034,WH-EAST,2024-09-16,2024-10-10,2024-10-03,58,18.64,ocean,49.04,delivered,0,1081.12,24,17.0,-7.0,1.0
PO-002617,SUP-008,SKU-00034,WH-EAST,2024-09-30,2024-10-08,2024-10-08,61,18.64,air,152.98,delivered,0,1137.04,8,8.0,0.0,1.0
PO-002618,SUP-008,SKU-00034,WH-EAST,2024-10-14,2024-11-07,2024-11-18,61,18.64,ocean,51.6,delivered,0,1137.04,24,35.0,11.0,0.0
PO-002619,SUP-008,SKU-00034,WH-EAST,2024-10-28,2024-11-05,2024-11-08,48,18.64,air,94.44,delivered,0,894.72,8,11.0,3.0,0.0
PO-002620,SUP-008,SKU-00034,WH-EAST,2024-11-18,2024-12-12,2024-12-04,45,18.64,ocean,35.42,delivered,0,838.8,24,16.0,-8.0,1.0
PO-002621,SUP-008,SKU-00034,WH-EAST,2024-12-02,2024-12-26,2025-01-01,55,18.64,ocean,47.99,delivered,0,1025.2,24,30.0,6.0,0.0
PO-002622,SUP-008,SKU-00034,WH-EAST,2024-12-16,2024-12-24,2024-12-21,61,18.64,air,129.83,delivered,0,1137.04,8,5.0,-3.0,1.0
PO-002623,SUP-008,SKU-00034,WH-EAST,2025-01-06,2025-01-14,2025-01-14,55,18.64,air,107.85,delivered,0,1025.2,8,8.0,0.0,1.0
PO-002624,SUP-008,SKU-00034,WH-EAST,2025-01-27,2025-02-20,2025-03-01,55,18.64,ocean,48.37,delivered,0,1025.2,24,33.0,9.0,0.0
PO-002625,SUP-008,SKU-00034,WH-EAST,2025-02-17,2025-03-06,2025-03-15,50,18.64,road,67.07,delivered,0,932.0,17,26.0,9.0,0.0
PO-002626,SUP-008,SKU-00034,WH-EAST,2025-03-17,2025-03-25,2025-04-01,57,18.64,air,107.91,delivered,0,1062.48,8,15.0,7.0,0.0
PO-002627,SUP-008,SKU-00034,WH-EAST,2025-03-31,2025-04-08,2025-04-16,46,18.64,air,102.84,delivered,0,857.44,8,16.0,8.0,0.0
PO-002628,SUP-008,SKU-00034,WH-EAST,2025-04-14,2025-04-22,2025-04-26,47,18.64,air,107.79,delivered,0,876.08,8,12.0,4.0,0.0
PO-002629,SUP-008,SKU-00034,WH-EAST,2025-04-28,2025-05-22,2025-05-22,48,18.64,ocean,40.82,delivered,0,894.72,24,24.0,0.0,1.0
PO-002630,SUP-008,SKU-00034,WH-EAST,2025-05-12,2025-05-29,2025-06-08,50,18.64,road,63.71,delivered,0,932.0,17,27.0,10.0,0.0
PO-002631,SUP-008,SKU-00034,WH-EAST,2025-06-02,2025-06-26,2025-07-04,69,18.64,ocean,51.43,delivered,0,1286.16,24,32.0,8.0,0.0
PO-002632,SUP-008,SKU-00034,WH-EAST,2025-06-16,2025-06-24,2025-06-23,48,18.64,air,87.44,delivered,0,894.72,8,7.0,-1.0,1.0
PO-002633,SUP-008,SKU-00034,WH-EAST,2025-07-07,2025-07-31,2025-07-27,72,18.64,ocean,55.53,delivered,0,1342.08,24,20.0,-4.0,1.0
PO-002634,SUP-008,SKU-00034,WH-EAST,2025-07-21,2025-07-29,2025-07-27,47,18.64,air,87.81,delivered,0,876.08,8,6.0,-2.0,1.0
PO-002635,SUP-008,SKU-00034,WH-EAST,2025-08-04,2025-08-23,2025-08-30,46,18.64,rail,37.11,delivered,0,857.44,19,26.0,7.0,0.0
PO-002636,SUP-008,SKU-00034,WH-EAST,2025-08-18,2025-08-26,2025-08-28,68,18.64,air,181.82,delivered,0,1267.52,8,10.0,2.0,0.0
PO-002637,SUP-008,SKU-00034,WH-EAST,2025-09-08,2025-10-02,2025-09-22,56,18.64,ocean,45.93,delivered,0,1043.84,24,14.0,-10.0,1.0
PO-002638,SUP-008,SKU-00034,WH-EAST,2025-09-15,2025-10-04,2025-10-10,52,18.64,rail,57.98,delivered,0,969.28,19,25.0,6.0,0.0
PO-002639,SUP-008,SKU-00034,WH-EAST,2025-09-29,2025-10-18,2025-10-22,50,18.64,rail,48.27,delivered,0,932.0,19,23.0,4.0,0.0
PO-002640,SUP-008,SKU-00034,WH-EAST,2025-10-20,2025-11-13,2025-11-05,66,18.64,ocean,44.93,delivered,0,1230.24,24,16.0,-8.0,1.0
PO-002641,SUP-008,SKU-00034,WH-EAST,2025-11-03,2025-11-11,2025-11-11,51,18.64,air,94.36,delivered,0,950.64,8,8.0,0.0,1.0
PO-002642,SUP-008,SKU-00034,WH-EAST,2025-11-17,2025-12-11,2025-12-16,46,18.64,ocean,35.57,delivered,0,857.44,24,29.0,5.0,0.0
PO-002643,SUP-008,SKU-00034,WH-EAST,2025-12-01,2025-12-25,,46,18.64,ocean,32.45,open,0,857.44,24,,,
PO-002644,SUP-008,SKU-00034,WH-EAST,2025-12-22,2026-01-08,,46,18.64,road,50.2,open,0,857.44,17,,,
PO-002645,SUP-006,SKU-00035,WH-WEST,2024-01-15,2024-02-07,2024-02-01,54,8.18,rail,18.25,delivered,0,441.72,23,17.0,-6.0,1.0
PO-002646,SUP-006,SKU-00035,WH-WEST,2024-02-05,2024-03-04,2024-02-28,67,8.18,ocean,20.49,delivered,0,548.06,28,23.0,-5.0,1.0
PO-002647,SUP-006,SKU-00035,WH-WEST,2024-02-26,2024-03-06,2024-03-04,69,8.18,air,55.27,delivered,0,564.42,9,7.0,-2.0,1.0
PO-002648,SUP-006,SKU-00035,WH-WEST,2024-03-18,2024-04-15,2024-04-16,63,8.18,ocean,16.93,delivered,0,515.34,28,29.0,1.0,0.0
PO-002649,SUP-006,SKU-00035,WH-WEST,2024-04-01,2024-04-29,2024-05-02,51,8.18,ocean,16.84,delivered,0,417.18,28,31.0,3.0,0.0
PO-002650,SUP-006,SKU-00035,WH-WEST,2024-04-22,2024-05-15,2024-05-14,52,8.18,rail,20.98,delivered,0,425.36,23,22.0,-1.0,1.0
PO-002651,SUP-006,SKU-00035,WH-WEST,2024-05-06,2024-05-15,2024-05-15,81,8.18,air,88.57,delivered,0,662.58,9,9.0,0.0,1.0
PO-002652,SUP-006,SKU-00035,WH-WEST,2024-05-27,2024-06-24,2024-06-29,64,8.18,ocean,17.53,delivered,0,523.52,28,33.0,5.0,0.0
PO-002653,SUP-006,SKU-00035,WH-WEST,2024-06-17,2024-07-10,2024-07-15,64,8.18,rail,21.8,delivered,0,523.52,23,28.0,5.0,0.0
PO-002654,SUP-006,SKU-00035,WH-WEST,2024-07-08,2024-07-17,2024-07-17,53,8.18,air,56.69,delivered,0,433.54,9,9.0,0.0,1.0
PO-002655,SUP-006,SKU-00035,WH-WEST,2024-07-29,2024-08-26,2024-08-31,62,8.18,ocean,23.62,delivered,0,507.16,28,33.0,5.0,0.0
PO-002656,SUP-006,SKU-00035,WH-WEST,2024-08-19,2024-08-28,2024-08-30,71,8.18,air,68.1,delivered,0,580.78,9,11.0,2.0,0.0
PO-002657,SUP-006,SKU-00035,WH-WEST,2024-09-09,2024-10-07,2024-10-09,49,8.18,ocean,15.68,delivered,0,400.82,28,30.0,2.0,0.0
PO-002658,SUP-006,SKU-00035,WH-WEST,2024-09-30,2024-10-28,2024-10-22,66,8.18,ocean,19.53,delivered,0,539.88,28,22.0,-6.0,1.0
PO-002659,SUP-006,SKU-00035,WH-WEST,2024-10-21,2024-11-18,2024-11-19,61,8.18,ocean,17.46,delivered,0,498.98,28,29.0,1.0,0.0
PO-002660,SUP-006,SKU-00035,WH-WEST,2024-11-11,2024-11-20,2024-11-22,71,8.18,air,63.9,delivered,0,580.78,9,11.0,2.0,0.0
PO-002661,SUP-006,SKU-00035,WH-WEST,2024-12-02,2024-12-23,2024-12-25,59,8.18,road,27.12,delivered,0,482.62,21,23.0,2.0,0.0
PO-002662,SUP-006,SKU-00035,WH-WEST,2024-12-16,2025-01-08,2025-01-03,52,8.18,rail,22.31,delivered,0,425.36,23,18.0,-5.0,1.0
PO-002663,SUP-006,SKU-00035,WH-WEST,2025-01-06,2025-01-29,2025-01-27,60,8.18,rail,21.13,delivered,0,490.8,23,21.0,-2.0,1.0
PO-002664,SUP-006,SKU-00035,WH-WEST,2025-01-20,2025-02-17,2025-02-26,52,8.18,ocean,14.07,delivered,0,425.36,28,37.0,9.0,0.0
PO-002665,SUP-006,SKU-00035,WH-WEST,2025-02-10,2025-02-19,2025-02-18,62,8.18,air,66.6,delivered,0,507.16,9,8.0,-1.0,1.0
PO-002666,SUP-006,SKU-00035,WH-WEST,2025-03-03,2025-03-31,2025-04-03,56,8.18,ocean,15.78,delivered,0,458.08,28,31.0,3.0,0.0
PO-002667,SUP-006,SKU-00035,WH-WEST,2025-03-24,2025-04-21,2025-04-16,51,8.18,ocean,19.42,delivered,0,417.18,28,23.0,-5.0,1.0
PO-002668,SUP-006,SKU-00035,WH-WEST,2025-04-14,2025-05-12,2025-05-03,51,8.18,ocean,14.77,delivered,0,417.18,28,19.0,-9.0,1.0
PO-002669,SUP-006,SKU-00035,WH-WEST,2025-05-05,2025-05-14,2025-05-15,50,8.18,air,55.7,delivered,0,409.0,9,10.0,1.0,0.0
PO-002670,SUP-006,SKU-00035,WH-WEST,2025-05-26,2025-06-23,2025-06-16,53,8.18,ocean,19.25,delivered,0,433.54,28,21.0,-7.0,1.0
PO-002671,SUP-006,SKU-00035,WH-WEST,2025-06-16,2025-06-25,2025-06-29,62,8.18,air,61.19,delivered,0,507.16,9,13.0,4.0,0.0
PO-002672,SUP-006,SKU-00035,WH-WEST,2025-07-07,2025-08-04,2025-08-03,48,8.18,ocean,18.08,delivered,0,392.64,28,27.0,-1.0,1.0
PO-002673,SUP-006,SKU-00035,WH-WEST,2025-07-28,2025-08-25,2025-08-24,54,8.18,ocean,15.72,delivered,0,441.72,28,27.0,-1.0,1.0
PO-002674,SUP-006,SKU-00035,WH-WEST,2025-08-18,2025-09-15,2025-09-27,51,8.18,ocean,14.71,delivered,0,417.18,28,40.0,12.0,0.0
PO-002675,SUP-006,SKU-00035,WH-WEST,2025-09-08,2025-10-06,2025-09-30,51,8.18,ocean,15.57,delivered,0,417.18,28,22.0,-6.0,1.0
PO-002676,SUP-006,SKU-00035,WH-WEST,2025-10-06,2025-11-03,2025-11-06,62,8.18,ocean,16.55,delivered,0,507.16,28,31.0,3.0,0.0
PO-002677,SUP-006,SKU-00035,WH-WEST,2025-10-27,2025-11-19,2025-11-22,55,8.18,rail,24.66,delivered,0,449.9,23,26.0,3.0,0.0
PO-002678,SUP-006,SKU-00035,WH-WEST,2025-11-17,2025-12-15,2025-12-14,53,8.18,ocean,14.38,delivered,0,433.54,28,27.0,-1.0,1.0
PO-002679,SUP-006,SKU-00035,WH-WEST,2025-12-08,2026-01-05,2025-12-28,51,8.18,ocean,18.51,delivered,0,417.18,28,20.0,-8.0,1.0
PO-002680,SUP-006,SKU-00035,WH-EU,2024-01-15,2024-02-05,2024-01-27,80,8.18,road,43.81,delivered,0,654.4,21,12.0,-9.0,1.0
PO-002681,SUP-006,SKU-00035,WH-EU,2024-02-05,2024-03-04,2024-03-02,98,8.18,ocean,37.16,delivered,0,801.64,28,26.0,-2.0,1.0
PO-002682,SUP-006,SKU-00035,WH-EU,2024-02-19,2024-03-18,2024-03-11,78,8.18,ocean,29.25,delivered,0,638.04,28,21.0,-7.0,1.0
PO-002683,SUP-006,SKU-00035,WH-EU,2024-03-11,2024-04-08,2024-04-13,103,8.18,ocean,27.13,delivered,0,842.54,28,33.0,5.0,0.0
PO-002684,SUP-006,SKU-00035,WH-EU,2024-03-25,2024-04-17,2024-04-14,107,8.18,rail,40.37,delivered,0,875.26,23,20.0,-3.0,1.0
PO-002685,SUP-006,SKU-00035,WH-EU,2024-04-29,2024-05-27,2024-05-27,106,8.18,ocean,29.62,delivered,0,867.08,28,28.0,0.0,1.0
PO-002686,SUP-006,SKU-00035,WH-EU,2024-05-20,2024-05-29,2024-05-29,109,8.18,air,117.1,delivered,0,891.62,9,9.0,0.0,1.0
PO-002687,SUP-006,SKU-00035,WH-EU,2024-06-10,2024-07-08,2024-07-10,84,8.18,ocean,24.14,delivered,0,687.12,28,30.0,2.0,0.0
PO-002688,SUP-006,SKU-00035,WH-EU,2024-07-01,2024-07-29,2024-07-31,81,8.18,ocean,30.21,delivered,0,662.58,28,30.0,2.0,0.0
PO-002689,SUP-006,SKU-00035,WH-EU,2024-07-22,2024-08-19,2024-08-22,86,8.18,ocean,30.66,delivered,0,703.48,28,31.0,3.0,0.0
PO-002690,SUP-006,SKU-00035,WH-EU,2024-08-12,2024-09-09,2024-09-07,96,8.18,ocean,31.68,delivered,0,785.28,28,26.0,-2.0,1.0
PO-002691,SUP-006,SKU-00035,WH-EU,2024-09-02,2024-09-30,2024-09-30,78,8.18,ocean,25.02,delivered,0,638.04,28,28.0,0.0,1.0
PO-002692,SUP-006,SKU-00035,WH-EU,2024-09-23,2024-10-14,2024-10-17,97,8.18,road,53.56,delivered,0,793.46,21,24.0,3.0,0.0
PO-002693,SUP-006,SKU-00035,WH-EU,2024-10-14,2024-11-06,2024-11-06,89,8.18,rail,31.78,delivered,0,728.02,23,23.0,0.0,1.0
PO-002694,SUP-006,SKU-00035,WH-EU,2024-11-11,2024-12-09,2024-12-20,106,8.18,ocean,33.37,delivered,0,867.08,28,39.0,11.0,0.0
PO-002695,SUP-006,SKU-00035,WH-EU,2024-12-02,2024-12-23,2024-12-31,99,8.18,road,55.64,delivered,0,809.82,21,29.0,8.0,0.0
PO-002696,SUP-006,SKU-00035,WH-EU,2024-12-30,2025-01-27,2025-01-25,87,8.18,ocean,23.59,delivered,0,711.66,28,26.0,-2.0,1.0
PO-002697,SUP-006,SKU-00035,WH-EU,2025-01-20,2025-02-17,2025-02-15,87,8.18,ocean,32.17,delivered,0,711.66,28,26.0,-2.0,1.0
PO-002698,SUP-006,SKU-00035,WH-EU,2025-02-10,2025-03-03,2025-03-05,83,8.18,road,48.37,delivered,0,678.94,21,23.0,2.0,0.0
PO-002699,SUP-006,SKU-00035,WH-EU,2025-03-03,2025-03-26,2025-03-31,88,8.18,rail,30.89,delivered,0,719.84,23,28.0,5.0,0.0
PO-002700,SUP-006,SKU-00035,WH-EU,2025-03-24,2025-04-14,2025-04-09,87,8.18,road,42.55,delivered,0,711.66,21,16.0,-5.0,1.0
PO-002701,SUP-006,SKU-00035,WH-EU,2025-04-14,2025-05-05,2025-05-07,105,8.18,road,59.98,delivered,0,858.9,21,23.0,2.0,0.0
PO-002702,SUP-006,SKU-00035,WH-EU,2025-05-05,2025-06-02,2025-06-01,85,8.18,ocean,23.26,delivered,0,695.3,28,27.0,-1.0,1.0
PO-002703,SUP-006,SKU-00035,WH-EU,2025-05-26,2025-06-23,2025-06-23,79,8.18,ocean,28.36,delivered,0,646.22,28,28.0,0.0,1.0
PO-002704,SUP-006,SKU-00035,WH-EU,2025-06-16,2025-07-14,2025-07-12,85,8.18,ocean,28.49,delivered,0,695.3,28,26.0,-2.0,1.0
PO-002705,SUP-006,SKU-00035,WH-EU,2025-07-14,2025-07-23,2025-07-21,110,8.18,air,116.7,delivered,0,899.8,9,7.0,-2.0,1.0
PO-002706,SUP-006,SKU-00035,WH-EU,2025-08-11,2025-09-08,2025-09-12,99,8.18,ocean,32.16,delivered,0,809.82,28,32.0,4.0,0.0
PO-002707,SUP-006,SKU-00035,WH-EU,2025-09-01,2025-09-29,2025-09-25,91,8.18,ocean,35.67,delivered,0,744.38,28,24.0,-4.0,1.0
PO-002708,SUP-006,SKU-00035,WH-EU,2025-09-22,2025-10-20,2025-10-12,95,8.18,ocean,36.06,delivered,0,777.1,28,20.0,-8.0,1.0
PO-002709,SUP-006,SKU-00035,WH-EU,2025-10-13,2025-11-10,2025-11-10,89,8.18,ocean,32.0,delivered,0,728.02,28,28.0,0.0,1.0
PO-002710,SUP-006,SKU-00035,WH-EU,2025-11-03,2025-11-26,2025-11-26,90,8.18,rail,43.0,delivered,0,736.2,23,23.0,0.0,1.0
PO-002711,SUP-006,SKU-00035,WH-EU,2025-12-01,2025-12-29,,101,8.18,ocean,34.91,open,0,826.18,28,,,
PO-002712,SUP-006,SKU-00035,WH-EU,2025-12-22,2026-01-12,,77,8.18,road,37.22,open,0,629.86,21,,,
PO-002713,SUP-006,SKU-00035,WH-APAC,2024-01-22,2024-02-12,2024-02-12,67,8.18,road,30.49,delivered,0,548.06,21,21.0,0.0,1.0
PO-002714,SUP-006,SKU-00035,WH-APAC,2024-02-12,2024-03-11,2024-03-11,82,8.18,ocean,29.21,delivered,0,670.76,28,28.0,0.0,1.0
PO-002715,SUP-006,SKU-00035,WH-APAC,2024-02-26,2024-03-25,2024-04-03,53,8.18,ocean,15.55,delivered,0,433.54,28,37.0,9.0,0.0
PO-002716,SUP-006,SKU-00035,WH-APAC,2024-03-18,2024-04-15,2024-04-15,54,8.18,ocean,16.48,delivered,0,441.72,28,28.0,0.0,1.0
PO-002717,SUP-006,SKU-00035,WH-APAC,2024-04-01,2024-04-29,2024-04-24,55,8.18,ocean,18.78,delivered,0,449.9,28,23.0,-5.0,1.0
PO-002718,SUP-006,SKU-00035,WH-APAC,2024-04-22,2024-05-20,2024-05-12,53,8.18,ocean,20.45,delivered,0,433.54,28,20.0,-8.0,1.0
PO-002719,SUP-006,SKU-00035,WH-APAC,2024-05-06,2024-05-27,2024-05-24,58,8.18,road,28.47,delivered,0,474.44,21,18.0,-3.0,1.0
PO-002720,SUP-006,SKU-00035,WH-APAC,2024-05-27,2024-06-05,2024-06-06,63,8.18,air,67.07,delivered,0,515.34,9,10.0,1.0,0.0
PO-002721,SUP-006,SKU-00035,WH-APAC,2024-06-17,2024-07-15,2024-07-08,64,8.18,ocean,20.85,delivered,0,523.52,28,21.0,-7.0,1.0
PO-002722,SUP-006,SKU-00035,WH-APAC,2024-07-08,2024-08-05,2024-08-07,65,8.18,ocean,23.04,delivered,0,531.7,28,30.0,2.0,0.0
PO-002723,SUP-006,SKU-00035,WH-APAC,2024-07-29,2024-08-26,2024-08-28,69,8.18,ocean,23.68,delivered,0,564.42,28,30.0,2.0,0.0
PO-002724,SUP-006,SKU-00035,WH-APAC,2024-08-19,2024-09-16,2024-09-22,56,8.18,ocean,17.47,delivered,0,458.08,28,34.0,6.0,0.0
PO-002725,SUP-006,SKU-00035,WH-APAC,2024-09-09,2024-09-18,2024-09-17,62,8.18,air,49.02,delivered,0,507.16,9,8.0,-1.0,1.0
PO-002726,SUP-006,SKU-00035,WH-APAC,2024-09-30,2024-10-23,2024-10-17,63,8.18,rail,29.49,delivered,0,515.34,23,17.0,-6.0,1.0
PO-002727,SUP-006,SKU-00035,WH-APAC,2024-10-21,2024-11-13,2024-11-07,66,8.18,rail,22.46,delivered,0,539.88,23,17.0,-6.0,1.0
PO-002728,SUP-006,SKU-00035,WH-APAC,2024-11-11,2024-12-09,2024-12-07,60,8.18,ocean,20.07,delivered,0,490.8,28,26.0,-2.0,1.0
PO-002729,SUP-006,SKU-00035,WH-APAC,2024-12-02,2024-12-30,2025-01-01,67,8.18,ocean,19.58,delivered,0,548.06,28,30.0,2.0,0.0
PO-002730,SUP-006,SKU-00035,WH-APAC,2024-12-23,2025-01-01,2025-01-02,57,8.18,air,58.39,delivered,0,466.26,9,10.0,1.0,0.0
PO-002731,SUP-006,SKU-00035,WH-APAC,2025-01-13,2025-02-10,2025-02-11,70,8.18,ocean,19.5,delivered,0,572.6,28,29.0,1.0,0.0
PO-002732,SUP-006,SKU-00035,WH-APAC,2025-02-03,2025-03-03,2025-03-07,59,8.18,ocean,23.06,delivered,0,482.62,28,32.0,4.0,0.0
PO-002733,SUP-006,SKU-00035,WH-APAC,2025-02-24,2025-03-24,2025-03-16,59,8.18,ocean,20.03,delivered,0,482.62,28,20.0,-8.0,1.0
PO-002734,SUP-006,SKU-00035,WH-APAC,2025-03-17,2025-04-14,2025-04-09,53,8.18,ocean,17.21,delivered,0,433.54,28,23.0,-5.0,1.0
PO-002735,SUP-006,SKU-00035,WH-APAC,2025-04-14,2025-05-12,2025-05-10,65,8.18,ocean,17.76,delivered,0,531.7,28,26.0,-2.0,1.0
PO-002736,SUP-006,SKU-00035,WH-APAC,2025-05-05,2025-05-28,2025-06-01,53,8.18,rail,20.85,delivered,0,433.54,23,27.0,4.0,0.0
PO-002737,SUP-006,SKU-00035,WH-APAC,2025-06-02,2025-06-30,2025-07-11,63,8.18,ocean,22.59,delivered,0,515.34,28,39.0,11.0,0.0
PO-002738,SUP-006,SKU-00035,WH-APAC,2025-06-23,2025-07-16,2025-07-12,53,8.18,rail,19.57,delivered,0,433.54,23,19.0,-4.0,1.0
PO-002739,SUP-006,SKU-00035,WH-APAC,2025-07-14,2025-08-11,2025-08-09,56,8.18,ocean,21.4,delivered,0,458.08,28,26.0,-2.0,1.0
PO-002740,SUP-006,SKU-00035,WH-APAC,2025-08-04,2025-08-25,2025-08-23,58,8.18,road,25.09,delivered,0,474.44,21,19.0,-2.0,1.0
PO-002741,SUP-006,SKU-00035,WH-APAC,2025-08-25,2025-09-17,2025-09-17,55,8.18,rail,26.95,delivered,0,449.9,23,23.0,0.0,1.0
PO-002742,SUP-006,SKU-00035,WH-APAC,2025-09-15,2025-10-08,2025-10-17,60,8.18,rail,22.66,delivered,0,490.8,23,32.0,9.0,0.0
PO-002743,SUP-006,SKU-00035,WH-APAC,2025-10-06,2025-10-27,2025-10-30,65,8.18,road,35.77,delivered,0,531.7,21,24.0,3.0,0.0
PO-002744,SUP-006,SKU-00035,WH-APAC,2025-10-27,2025-11-24,2025-11-26,58,8.18,ocean,17.97,delivered,0,474.44,28,30.0,2.0,0.0
PO-002745,SUP-006,SKU-00035,WH-APAC,2025-11-17,2025-11-26,2025-11-25,60,8.18,air,62.06,delivered,0,490.8,9,8.0,-1.0,1.0
PO-002746,SUP-006,SKU-00035,WH-APAC,2025-12-15,2026-01-12,,56,8.18,ocean,14.72,open,0,458.08,28,,,
PO-002747,SUP-019,SKU-00036,WH-WEST,2024-01-22,2024-02-15,2024-02-23,53,2.1,ocean,3.74,delivered,0,111.3,24,32.0,8.0,0.0
PO-002748,SUP-019,SKU-00036,WH-WEST,2024-02-12,2024-02-20,2024-02-27,44,2.1,air,11.9,delivered,0,92.4,8,15.0,7.0,0.0
PO-002749,SUP-019,SKU-00036,WH-WEST,2024-03-11,2024-03-19,2024-03-16,47,2.1,air,9.64,delivered,0,98.7,8,5.0,-3.0,1.0
PO-002750,SUP-019,SKU-00036,WH-WEST,2024-03-25,2024-04-18,2024-04-27,41,2.1,ocean,3.06,delivered,0,86.1,24,33.0,9.0,0.0
PO-002751,SUP-019,SKU-00036,WH-WEST,2024-04-08,2024-04-16,2024-04-15,50,2.1,air,11.52,delivered,0,105.0,8,7.0,-1.0,1.0
PO-002752,SUP-019,SKU-00036,WH-WEST,2024-04-22,2024-05-16,2024-05-14,37,2.1,ocean,2.83,delivered,0,77.7,24,22.0,-2.0,1.0
PO-002753,SUP-019,SKU-00036,WH-WEST,2024-05-06,2024-05-30,2024-05-31,58,2.1,ocean,3.96,delivered,0,121.8,24,25.0,1.0,0.0
PO-002754,SUP-019,SKU-00036,WH-WEST,2024-05-27,2024-06-15,2024-06-12,39,2.1,rail,4.12,delivered,0,81.9,19,16.0,-3.0,1.0
PO-002755,SUP-019,SKU-00036,WH-WEST,2024-06-10,2024-07-04,2024-07-08,48,2.1,ocean,3.29,delivered,0,100.8,24,28.0,4.0,0.0
PO-002756,SUP-019,SKU-00036,WH-WEST,2024-06-17,2024-07-11,2024-07-08,38,2.1,ocean,3.8,delivered,0,79.8,24,21.0,-3.0,1.0
PO-002757,SUP-019,SKU-00036,WH-WEST,2024-07-15,2024-08-03,2024-08-01,59,2.1,rail,6.08,delivered,0,123.9,19,17.0,-2.0,1.0
PO-002758,SUP-019,SKU-00036,WH-WEST,2024-07-22,2024-07-30,2024-07-31,38,2.1,air,8.63,delivered,0,79.8,8,9.0,1.0,0.0
PO-002759,SUP-019,SKU-00036,WH-WEST,2024-08-12,2024-08-20,2024-08-18,74,2.1,air,22.32,delivered,0,155.4,8,6.0,-2.0,1.0
PO-002760,SUP-019,SKU-00036,WH-WEST,2024-08-26,2024-09-19,2024-09-06,79,2.1,ocean,6.4,delivered,0,165.9,24,11.0,-13.0,1.0
PO-002761,SUP-019,SKU-00036,WH-WEST,2024-09-09,2024-09-27,2024-09-27,39,2.1,road,4.96,delivered,0,81.9,18,18.0,0.0,1.0
PO-002762,SUP-019,SKU-00036,WH-WEST,2024-09-16,2024-10-05,2024-10-01,41,2.1,rail,4.95,delivered,0,86.1,19,15.0,-4.0,1.0
PO-002763,SUP-019,SKU-00036,WH-WEST,2024-09-30,2024-10-19,2024-10-10,38,2.1,rail,4.46,delivered,0,79.8,19,10.0,-9.0,1.0
PO-002764,SUP-019,SKU-00036,WH-WEST,2024-10-07,2024-10-31,2024-10-19,40,2.1,ocean,3.25,delivered,0,84.0,24,12.0,-12.0,1.0
PO-002765,SUP-019,SKU-00036,WH-WEST,2024-10-21,2024-11-09,2024-11-08,66,2.1,rail,7.32,delivered,0,138.6,19,18.0,-1.0,1.0
PO-002766,SUP-019,SKU-00036,WH-WEST,2024-11-11,2024-11-29,2024-11-24,48,2.1,road,7.19,delivered,0,100.8,18,13.0,-5.0,1.0
PO-002767,SUP-019,SKU-00036,WH-WEST,2024-11-25,2024-12-03,2024-12-02,56,2.1,air,13.02,delivered,0,117.6,8,7.0,-1.0,1.0
PO-002768,SUP-019,SKU-00036,WH-WEST,2024-12-09,2025-01-02,2024-12-31,51,2.1,ocean,3.91,delivered,0,107.1,24,22.0,-2.0,1.0
PO-002769,SUP-019,SKU-00036,WH-WEST,2024-12-23,2024-12-31,2025-01-02,46,2.1,air,13.46,delivered,0,96.6,8,10.0,2.0,0.0
PO-002770,SUP-019,SKU-00036,WH-WEST,2025-01-13,2025-02-06,2025-01-31,40,2.1,ocean,2.79,delivered,0,84.0,24,18.0,-6.0,1.0
PO-002771,SUP-019,SKU-00036,WH-WEST,2025-01-27,2025-02-04,2025-02-04,41,2.1,air,8.43,delivered,0,86.1,8,8.0,0.0,1.0
PO-002772,SUP-019,SKU-00036,WH-WEST,2025-02-10,2025-03-06,2025-03-04,46,2.1,ocean,3.44,delivered,0,96.6,24,22.0,-2.0,1.0
PO-002773,SUP-019,SKU-00036,WH-WEST,2025-02-24,2025-03-14,2025-03-15,44,2.1,road,5.86,delivered,0,92.4,18,19.0,1.0,0.0
PO-002774,SUP-019,SKU-00036,WH-WEST,2025-03-17,2025-04-04,2025-04-01,57,2.1,road,6.37,delivered,0,119.7,18,15.0,-3.0,1.0
PO-002775,SUP-019,SKU-00036,WH-WEST,2025-03-31,2025-04-08,2025-04-07,40,2.1,air,8.53,delivered,0,84.0,8,7.0,-1.0,1.0
PO-002776,SUP-019,SKU-00036,WH-WEST,2025-04-14,2025-05-08,2025-05-12,63,2.1,ocean,4.98,delivered,0,132.3,24,28.0,4.0,0.0
PO-002777,SUP-019,SKU-00036,WH-WEST,2025-05-12,2025-06-05,2025-06-04,40,2.1,ocean,2.89,delivered,0,84.0,24,23.0,-1.0,1.0
PO-002778,SUP-019,SKU-00036,WH-WEST,2025-05-19,2025-06-07,2025-06-06,38,2.1,rail,4.31,delivered,0,79.8,19,18.0,-1.0,1.0
PO-002779,SUP-019,SKU-00036,WH-WEST,2025-06-09,2025-07-03,2025-07-03,60,2.1,ocean,5.17,delivered,0,126.0,24,24.0,0.0,1.0
PO-002780,SUP-019,SKU-00036,WH-WEST,2025-06-16,2025-07-10,2025-07-18,37,2.1,ocean,3.09,delivered,0,77.7,24,32.0,8.0,0.0
PO-002781,SUP-019,SKU-00036,WH-WEST,2025-07-14,2025-08-07,2025-08-11,60,2.1,ocean,5.3,delivered,0,126.0,24,28.0,4.0,0.0
PO-002782,SUP-019,SKU-00036,WH-WEST,2025-07-28,2025-08-05,2025-08-01,37,2.1,air,9.84,delivered,0,77.7,8,4.0,-4.0,1.0
PO-002783,SUP-019,SKU-00036,WH-WEST,2025-08-11,2025-08-19,2025-08-27,46,2.1,air,10.77,delivered,0,96.6,8,16.0,8.0,0.0
PO-002784,SUP-019,SKU-00036,WH-WEST,2025-08-18,2025-08-26,2025-08-26,48,2.1,air,11.57,delivered,0,100.8,8,8.0,0.0,1.0
PO-002785,SUP-019,SKU-00036,WH-WEST,2025-09-01,2025-09-25,2025-09-29,60,2.1,ocean,4.6,delivered,0,126.0,24,28.0,4.0,0.0
PO-002786,SUP-019,SKU-00036,WH-WEST,2025-09-08,2025-09-16,2025-09-13,37,2.1,air,8.69,delivered,0,77.7,8,5.0,-3.0,1.0
PO-002787,SUP-019,SKU-00036,WH-WEST,2025-09-22,2025-09-30,2025-10-01,37,2.1,air,10.03,delivered,0,77.7,8,9.0,1.0,0.0
PO-002788,SUP-019,SKU-00036,WH-WEST,2025-10-06,2025-10-30,2025-10-28,44,2.1,ocean,4.3,delivered,0,92.4,24,22.0,-2.0,1.0
PO-002789,SUP-019,SKU-00036,WH-WEST,2025-10-13,2025-11-06,2025-11-05,40,2.1,ocean,2.76,delivered,0,84.0,24,23.0,-1.0,1.0
PO-002790,SUP-019,SKU-00036,WH-WEST,2025-11-03,2025-11-11,2025-11-12,54,2.1,air,11.59,delivered,0,113.4,8,9.0,1.0,0.0
PO-002791,SUP-019,SKU-00036,WH-WEST,2025-11-17,2025-12-11,2025-12-25,72,2.1,ocean,5.19,delivered,0,151.2,24,38.0,14.0,0.0
PO-002792,SUP-021,SKU-00037,WH-EU,2024-01-15,2024-02-17,2024-02-16,1550,25.64,ocean,1529.07,delivered,0,39742.0,33,32.0,-1.0,1.0
PO-002793,SUP-021,SKU-00037,WH-EU,2024-02-05,2024-02-16,2024-02-14,2009,25.64,air,5877.67,delivered,0,51510.76,11,9.0,-2.0,1.0
PO-002794,SUP-021,SKU-00037,WH-EU,2024-02-19,2024-03-23,2024-03-28,1592,25.64,ocean,1346.09,delivered,0,40818.88,33,38.0,5.0,0.0
PO-002795,SUP-021,SKU-00037,WH-EU,2024-03-04,2024-04-06,2024-04-12,1629,25.64,ocean,1974.69,delivered,0,41767.56,33,39.0,6.0,0.0
PO-002796,SUP-021,SKU-00037,WH-EU,2024-03-18,2024-03-29,2024-04-05,1466,25.64,air,5277.93,delivered,0,37588.24,11,18.0,7.0,0.0
PO-002797,SUP-021,SKU-00037,WH-EU,2024-04-22,2024-05-25,2024-05-18,2084,25.64,ocean,1790.22,delivered,0,53433.76,33,26.0,-7.0,1.0
PO-002798,SUP-021,SKU-00037,WH-EU,2024-05-13,2024-06-15,2024-06-07,1884,25.64,ocean,1803.3,delivered,0,48305.76,33,25.0,-8.0,1.0
PO-002799,SUP-021,SKU-00037,WH-EU,2024-06-03,2024-07-06,2024-07-07,1713,25.64,ocean,1845.85,delivered,0,43921.32,33,34.0,1.0,0.0
PO-002800,SUP-021,SKU-00037,WH-EU,2024-06-24,2024-07-27,2024-08-12,1816,25.64,ocean,1729.06,delivered,0,46562.24,33,49.0,16.0,0.0
PO-002801,SUP-021,SKU-00037,WH-EU,2024-07-08,2024-08-10,2024-08-11,1455,25.64,ocean,1363.36,delivered,0,37306.2,33,34.0,1.0,0.0
PO-002802,SUP-021,SKU-00037,WH-EU,2024-07-29,2024-08-09,2024-08-07,1599,25.64,air,4778.84,delivered,0,40998.36,11,9.0,-2.0,1.0
PO-002803,SUP-021,SKU-00037,WH-EU,2024-08-26,2024-09-06,2024-09-01,1935,25.64,air,5780.17,delivered,0,49613.4,11,6.0,-5.0,1.0
PO-002804,SUP-021,SKU-00037,WH-EU,2024-09-09,2024-10-12,2024-10-20,1564,25.64,ocean,1636.71,delivered,0,40100.96,33,41.0,8.0,0.0
PO-002805,SUP-021,SKU-00037,WH-EU,2024-09-23,2024-10-26,2024-10-13,1520,25.64,ocean,1338.3,delivered,0,38972.8,33,20.0,-13.0,1.0
PO-002806,SUP-021,SKU-00037,WH-EU,2024-10-07,2024-10-18,2024-10-13,1490,25.64,air,5150.46,delivered,0,38203.6,11,6.0,-5.0,1.0
PO-002807,SUP-021,SKU-00037,WH-EU,2024-10-21,2024-11-23,2024-11-15,1454,25.64,ocean,1238.78,delivered,0,37280.56,33,25.0,-8.0,1.0
PO-002808,SUP-021,SKU-00037,WH-EU,2024-11-04,2024-12-07,2024-12-17,1460,25.64,ocean,1443.62,delivered,0,37434.4,33,43.0,10.0,0.0
PO-002809,SUP-021,SKU-00037,WH-EU,2024-11-18,2024-12-12,2024-12-12,1607,25.64,road,2911.89,delivered,0,41203.48,24,24.0,0.0,1.0
PO-002810,SUP-021,SKU-00037,WH-EU,2024-12-02,2024-12-13,2024-12-13,1529,25.64,air,5140.3,delivered,0,39203.56,11,11.0,0.0,1.0
PO-002811,SUP-021,SKU-00037,WH-EU,2024-12-23,2025-01-03,2025-01-03,1963,25.64,air,5896.7,delivered,0,50331.32,11,11.0,0.0,1.0
PO-002812,SUP-021,SKU-00037,WH-EU,2025-01-06,2025-02-08,2025-02-06,1749,25.64,ocean,1809.96,delivered,0,44844.36,33,31.0,-2.0,1.0
PO-002813,SUP-021,SKU-00037,WH-EU,2025-01-20,2025-02-22,2025-02-26,2018,25.64,ocean,2318.13,delivered,0,51741.52,33,37.0,4.0,0.0
PO-002814,SUP-021,SKU-00037,WH-EU,2025-02-10,2025-03-15,2025-03-04,1766,25.64,ocean,1745.06,delivered,0,45280.24,33,22.0,-11.0,1.0
PO-002815,SUP-021,SKU-00037,WH-EU,2025-03-03,2025-04-05,2025-03-19,2002,25.64,ocean,2215.41,delivered,0,51331.28,33,16.0,-17.0,1.0
PO-002816,SUP-021,SKU-00037,WH-EU,2025-03-17,2025-04-19,2025-04-28,1839,25.64,ocean,2113.89,delivered,0,47151.96,33,42.0,9.0,0.0
PO-002817,SUP-021,SKU-00037,WH-EU,2025-03-31,2025-04-11,2025-04-10,1606,25.64,air,4040.6,delivered,0,41177.84,11,10.0,-1.0,1.0
PO-002818,SUP-021,SKU-00037,WH-EU,2025-04-14,2025-04-25,2025-04-28,1859,25.64,air,6541.21,delivered,0,47664.76,11,14.0,3.0,0.0
PO-002819,SUP-021,SKU-00037,WH-EU,2025-05-05,2025-06-07,2025-05-14,2232,25.64,ocean,2405.04,delivered,0,57228.48,33,9.0,-24.0,1.0
PO-002820,SUP-021,SKU-00037,WH-EU,2025-05-19,2025-06-21,2025-06-08,1500,25.64,ocean,1347.69,delivered,0,38460.0,33,20.0,-13.0,1.0
PO-002821,SUP-021,SKU-00037,WH-EU,2025-06-02,2025-06-26,2025-06-19,1863,25.64,road,2467.08,delivered,0,47767.32,24,17.0,-7.0,1.0
PO-002822,SUP-021,SKU-00037,WH-EU,2025-06-16,2025-07-19,2025-07-20,2121,25.64,ocean,2281.74,delivered,0,54382.44,33,34.0,1.0,0.0
PO-002823,SUP-021,SKU-00037,WH-EU,2025-06-30,2025-08-02,2025-08-22,1601,25.64,ocean,1456.46,delivered,0,41049.64,33,53.0,20.0,0.0
PO-002824,SUP-021,SKU-00037,WH-EU,2025-07-28,2025-08-30,2025-09-20,2453,25.64,ocean,2797.34,delivered,0,62894.92,33,54.0,21.0,0.0
PO-002825,SUP-021,SKU-00037,WH-EU,2025-09-01,2025-09-12,2025-09-18,2190,25.64,air,7164.26,delivered,0,56151.6,11,17.0,6.0,0.0
PO-002826,SUP-021,SKU-00037,WH-EU,2025-09-29,2025-10-26,2025-10-17,2036,25.64,rail,2720.25,delivered,0,52203.04,27,18.0,-9.0,1.0
PO-002827,SUP-021,SKU-00037,WH-EU,2025-10-13,2025-11-06,2025-12-06,1595,25.64,road,2196.48,delivered,0,40895.8,24,54.0,30.0,0.0
PO-002828,SUP-021,SKU-00037,WH-EU,2025-10-27,2025-11-07,2025-10-28,2010,25.64,air,5436.69,delivered,0,51536.4,11,1.0,-10.0,1.0
PO-002829,SUP-021,SKU-00037,WH-EU,2025-11-10,2025-12-13,,2075,25.64,ocean,2177.87,open,0,53203.0,33,,,
PO-002830,SUP-021,SKU-00037,WH-EU,2025-12-08,2026-01-10,,1768,25.64,ocean,1660.86,open,0,45331.52,33,,,
PO-002831,SUP-001,SKU-00038,WH-EAST,2024-01-15,2024-01-18,2024-01-19,829,4.63,road,233.44,delivered,0,3838.27,3,4.0,1.0,0.0
PO-002832,SUP-001,SKU-00038,WH-EAST,2024-02-05,2024-02-06,2024-02-08,1024,4.63,air,649.92,delivered,0,4741.12,1,3.0,2.0,0.0
PO-002833,SUP-001,SKU-00038,WH-EAST,2024-02-26,2024-02-29,2024-03-02,868,4.63,road,193.87,delivered,0,4018.84,3,5.0,2.0,0.0
PO-002834,SUP-001,SKU-00038,WH-EAST,2024-03-11,2024-03-14,2024-03-13,895,4.63,road,245.33,delivered,0,4143.85,3,2.0,-1.0,1.0
PO-002835,SUP-001,SKU-00038,WH-EAST,2024-04-01,2024-04-02,2024-04-02,1076,4.63,air,497.29,delivered,0,4981.88,1,1.0,0.0,1.0
PO-002836,SUP-001,SKU-00038,WH-EAST,2024-04-15,2024-04-16,2024-04-17,996,4.63,air,638.86,delivered,0,4611.48,1,2.0,1.0,0.0
PO-002837,SUP-001,SKU-00038,WH-EAST,2024-04-29,2024-05-02,2024-05-03,980,4.63,road,278.23,delivered,0,4537.4,3,4.0,1.0,0.0
PO-002838,SUP-001,SKU-00038,WH-EAST,2024-05-27,2024-05-28,2024-05-28,1006,4.63,air,636.6,delivered,0,4657.78,1,1.0,0.0,1.0
PO-002839,SUP-001,SKU-00038,WH-EAST,2024-06-10,2024-06-11,2024-06-12,1076,4.63,air,522.53,delivered,0,4981.88,1,2.0,1.0,0.0
PO-002840,SUP-001,SKU-00038,WH-EAST,2024-06-24,2024-06-25,2024-06-25,1076,4.63,air,675.58,delivered,0,4981.88,1,1.0,0.0,1.0
PO-002841,SUP-001,SKU-00038,WH-EAST,2024-07-08,2024-07-11,2024-07-11,1076,4.63,road,300.27,delivered,0,4981.88,3,3.0,0.0,1.0
PO-002842,SUP-001,SKU-00038,WH-EAST,2024-07-22,2024-07-23,2024-07-23,938,4.63,air,435.02,delivered,0,4342.94,1,1.0,0.0,1.0
PO-002843,SUP-001,SKU-00038,WH-EAST,2024-08-05,2024-08-08,2024-08-06,1076,4.63,rail,285.39,delivered,0,4981.88,3,1.0,-2.0,1.0
PO-002844,SUP-001,SKU-00038,WH-EAST,2024-08-19,2024-08-20,2024-08-20,1076,4.63,air,644.37,delivered,0,4981.88,1,1.0,0.0,1.0
PO-002845,SUP-001,SKU-00038,WH-EAST,2024-09-02,2024-09-03,2024-09-03,1076,4.63,air,524.28,delivered,0,4981.88,1,1.0,0.0,1.0
PO-002846,SUP-001,SKU-00038,WH-EAST,2024-09-16,2024-09-17,2024-09-17,937,4.63,air,448.37,delivered,0,4338.31,1,1.0,0.0,1.0
PO-002847,SUP-001,SKU-00038,WH-EAST,2024-09-23,2024-09-26,2024-09-26,814,4.63,road,258.11,delivered,0,3768.82,3,3.0,0.0,1.0
PO-002848,SUP-001,SKU-00038,WH-EAST,2024-10-07,2024-10-08,2024-10-09,1076,4.63,air,639.1,delivered,0,4981.88,1,2.0,1.0,0.0
PO-002849,SUP-001,SKU-00038,WH-EAST,2024-10-21,2024-10-24,2024-10-24,963,4.63,road,294.23,delivered,0,4458.69,3,3.0,0.0,1.0
PO-002850,SUP-001,SKU-00038,WH-EAST,2024-11-04,2024-11-07,2024-11-09,889,4.63,rail,203.35,delivered,0,4116.07,3,5.0,2.0,0.0
PO-002851,SUP-001,SKU-00038,WH-EAST,2024-11-18,2024-11-21,2024-11-22,870,4.63,road,267.13,delivered,0,4028.1,3,4.0,1.0,0.0
PO-002852,SUP-001,SKU-00038,WH-EAST,2024-12-02,2024-12-05,2024-12-06,758,4.63,road,219.67,delivered,0,3509.54,3,4.0,1.0,0.0
PO-002853,SUP-001,SKU-00038,WH-EAST,2024-12-16,2024-12-19,2024-12-18,776,4.63,road,173.32,delivered,0,3592.88,3,2.0,-1.0,1.0
PO-002854,SUP-001,SKU-00038,WH-EAST,2025-01-06,2025-01-09,2025-01-08,1053,4.63,road,250.34,delivered,0,4875.39,3,2.0,-1.0,1.0
PO-002855,SUP-001,SKU-00038,WH-EAST,2025-01-27,2025-01-30,2025-01-31,801,4.63,road,180.03,delivered,0,3708.63,3,4.0,1.0,0.0
PO-002856,SUP-001,SKU-00038,WH-EAST,2025-02-17,2025-02-20,2025-02-18,831,4.63,road,192.95,delivered,0,3847.53,3,1.0,-2.0,1.0
PO-002857,SUP-001,SKU-00038,WH-EAST,2025-03-10,2025-03-11,2025-03-11,941,4.63,air,626.06,delivered,0,4356.83,1,1.0,0.0,1.0
PO-002858,SUP-001,SKU-00038,WH-EAST,2025-03-31,2025-04-01,2025-04-01,1065,4.63,air,572.55,delivered,0,4930.95,1,1.0,0.0,1.0
PO-002859,SUP-001,SKU-00038,WH-EAST,2025-04-21,2025-04-22,2025-04-22,1076,4.63,air,665.66,delivered,0,4981.88,1,1.0,0.0,1.0
PO-002860,SUP-001,SKU-00038,WH-EAST,2025-05-12,2025-05-13,2025-05-19,1076,4.63,air,519.14,delivered,0,4981.88,1,7.0,6.0,0.0
PO-002861,SUP-001,SKU-00038,WH-EAST,2025-06-02,2025-06-03,2025-06-04,974,4.63,air,434.8,delivered,0,4509.62,1,2.0,1.0,0.0
PO-002862,SUP-001,SKU-00038,WH-EAST,2025-06-16,2025-06-17,2025-06-17,1076,4.63,air,697.4,delivered,0,4981.88,1,1.0,0.0,1.0
PO-002863,SUP-001,SKU-00038,WH-EAST,2025-06-30,2025-07-03,2025-07-02,1022,4.63,road,327.57,delivered,0,4731.86,3,2.0,-1.0,1.0
PO-002864,SUP-001,SKU-00038,WH-EAST,2025-07-14,2025-07-15,2025-07-15,948,4.63,air,445.09,delivered,0,4389.24,1,1.0,0.0,1.0
PO-002865,SUP-001,SKU-00038,WH-EAST,2025-07-28,2025-07-29,2025-07-30,1076,4.63,air,613.05,delivered,0,4981.88,1,2.0,1.0,0.0
PO-002866,SUP-001,SKU-00038,WH-EAST,2025-08-11,2025-08-12,2025-08-12,1033,4.63,air,569.88,delivered,0,4782.79,1,1.0,0.0,1.0
PO-002867,SUP-001,SKU-00038,WH-EAST,2025-08-25,2025-08-26,2025-08-26,1037,4.63,air,494.22,delivered,0,4801.31,1,1.0,0.0,1.0
PO-002868,SUP-001,SKU-00038,WH-EAST,2025-09-08,2025-09-11,2025-09-12,928,4.63,road,285.56,delivered,0,4296.64,3,4.0,1.0,0.0
PO-002869,SUP-001,SKU-00038,WH-EAST,2025-09-22,2025-09-23,2025-09-23,769,4.63,air,483.72,delivered,0,3560.47,1,1.0,0.0,1.0
PO-002870,SUP-001,SKU-00038,WH-EAST,2025-10-06,2025-10-07,2025-10-07,1032,4.63,air,541.71,delivered,0,4778.16,1,1.0,0.0,1.0
PO-002871,SUP-001,SKU-00038,WH-EAST,2025-10-27,2025-10-28,2025-10-29,1076,4.63,air,569.37,delivered,0,4981.88,1,2.0,1.0,0.0
PO-002872,SUP-001,SKU-00038,WH-EAST,2025-11-17,2025-11-18,2025-11-18,1076,4.63,air,501.42,delivered,0,4981.88,1,1.0,0.0,1.0
PO-002873,SUP-001,SKU-00038,WH-EAST,2025-12-08,2025-12-11,2025-12-12,813,4.63,road,223.14,delivered,0,3764.19,3,4.0,1.0,0.0
PO-002874,SUP-001,SKU-00038,WH-EAST,2025-12-22,2025-12-25,2025-12-25,894,4.63,road,213.3,delivered,0,4139.22,3,3.0,0.0,1.0
PO-002875,SUP-001,SKU-00038,WH-APAC,2024-01-15,2024-01-18,2024-01-17,882,4.63,road,204.62,delivered,0,4083.66,3,2.0,-1.0,1.0
PO-002876,SUP-001,SKU-00038,WH-APAC,2024-02-05,2024-02-08,2024-02-08,1023,4.63,road,259.67,delivered,0,4736.49,3,3.0,0.0,1.0
PO-002877,SUP-001,SKU-00038,WH-APAC,2024-02-26,2024-02-29,2024-03-01,905,4.63,rail,205.87,delivered,0,4190.15,3,4.0,1.0,0.0
PO-002878,SUP-001,SKU-00038,WH-APAC,2024-03-11,2024-03-14,2024-03-15,928,4.63,rail,173.71,delivered,0,4296.64,3,4.0,1.0,0.0
PO-002879,SUP-001,SKU-00038,WH-APAC,2024-03-25,2024-03-28,2024-03-29,820,4.63,road,222.01,delivered,0,3796.6,3,4.0,1.0,0.0
PO-002880,SUP-001,SKU-00038,WH-APAC,2024-04-08,2024-04-11,2024-04-11,815,4.63,road,209.39,delivered,0,3773.45,3,3.0,0.0,1.0
PO-002881,SUP-001,SKU-00038,WH-APAC,2024-04-29,2024-04-30,2024-04-30,1072,4.63,air,537.36,delivered,0,4963.36,1,1.0,0.0,1.0
PO-002882,SUP-001,SKU-00038,WH-APAC,2024-05-13,2024-05-14,2024-05-14,1050,4.63,air,698.7,delivered,0,4861.5,1,1.0,0.0,1.0
PO-002883,SUP-001,SKU-00038,WH-APAC,2024-05-27,2024-05-30,2024-05-31,932,4.63,road,300.65,delivered,0,4315.16,3,4.0,1.0,0.0
PO-002884,SUP-001,SKU-00038,WH-APAC,2024-06-10,2024-06-13,2024-06-11,932,4.63,rail,200.14,delivered,0,4315.16,3,1.0,-2.0,1.0
PO-002885,SUP-001,SKU-00038,WH-APAC,2024-06-24,2024-06-25,2024-06-25,1072,4.63,air,493.98,delivered,0,4963.36,1,1.0,0.0,1.0
PO-002886,SUP-001,SKU-00038,WH-APAC,2024-07-08,2024-07-09,2024-07-10,1072,4.63,air,645.84,delivered,0,4963.36,1,2.0,1.0,0.0
PO-002887,SUP-001,SKU-00038,WH-APAC,2024-07-22,2024-07-25,2024-07-23,997,4.63,rail,232.74,delivered,0,4616.11,3,1.0,-2.0,1.0
PO-002888,SUP-001,SKU-00038,WH-APAC,2024-08-05,2024-08-06,2024-08-07,998,4.63,air,614.97,delivered,0,4620.74,1,2.0,1.0,0.0
PO-002889,SUP-001,SKU-00038,WH-APAC,2024-08-19,2024-08-20,2024-08-21,960,4.63,air,627.81,delivered,0,4444.8,1,2.0,1.0,0.0
PO-002890,SUP-001,SKU-00038,WH-APAC,2024-09-02,2024-09-05,2024-09-04,927,4.63,rail,218.04,delivered,0,4292.01,3,2.0,-1.0,1.0
PO-002891,SUP-001,SKU-00038,WH-APAC,2024-09-16,2024-09-19,2024-09-19,903,4.63,road,291.62,delivered,0,4180.89,3,3.0,0.0,1.0
PO-002892,SUP-001,SKU-00038,WH-APAC,2024-09-30,2024-10-03,2024-10-03,1072,4.63,road,289.49,delivered,0,4963.36,3,3.0,0.0,1.0
PO-002893,SUP-001,SKU-00038,WH-APAC,2024-10-21,2024-10-22,2024-10-23,1072,4.63,air,649.18,delivered,0,4963.36,1,2.0,1.0,0.0
PO-002894,SUP-001,SKU-00038,WH-APAC,2024-11-04,2024-11-07,2024-11-07,878,4.63,road,240.39,delivered,0,4065.14,3,3.0,0.0,1.0
PO-002895,SUP-001,SKU-00038,WH-APAC,2024-11-18,2024-11-19,2024-11-19,959,4.63,air,507.22,delivered,0,4440.17,1,1.0,0.0,1.0
PO-002896,SUP-001,SKU-00038,WH-APAC,2024-12-02,2024-12-03,2024-12-03,788,4.63,air,382.07,delivered,0,3648.44,1,1.0,0.0,1.0
PO-002897,SUP-001,SKU-00038,WH-APAC,2024-12-23,2024-12-24,2024-12-25,1072,4.63,air,605.87,delivered,0,4963.36,1,2.0,1.0,0.0
PO-002898,SUP-001,SKU-00038,WH-APAC,2025-01-13,2025-01-14,2025-01-14,987,4.63,air,478.83,delivered,0,4569.81,1,1.0,0.0,1.0
PO-002899,SUP-001,SKU-00038,WH-APAC,2025-02-03,2025-02-06,2025-02-08,797,4.63,rail,205.04,delivered,0,3690.11,3,5.0,2.0,0.0
PO-002900,SUP-001,SKU-00038,WH-APAC,2025-02-24,2025-02-27,2025-02-28,874,4.63,rail,232.8,delivered,0,4046.62,3,4.0,1.0,0.0
PO-002901,SUP-001,SKU-00038,WH-APAC,2025-03-17,2025-03-18,2025-03-18,986,4.63,air,447.5,delivered,0,4565.18,1,1.0,0.0,1.0
PO-002902,SUP-001,SKU-00038,WH-APAC,2025-04-07,2025-04-10,2025-04-10,1072,4.63,road,342.11,delivered,0,4963.36,3,3.0,0.0,1.0
PO-002903,SUP-001,SKU-00038,WH-APAC,2025-04-28,2025-05-01,2025-05-02,1050,4.63,road,284.35,delivered,0,4861.5,3,4.0,1.0,0.0
PO-002904,SUP-001,SKU-00038,WH-APAC,2025-05-19,2025-05-22,2025-05-22,944,4.63,road,237.22,delivered,0,4370.72,3,3.0,0.0,1.0
PO-002905,SUP-001,SKU-00038,WH-APAC,2025-06-02,2025-06-03,2025-06-03,967,4.63,air,566.3,delivered,0,4477.21,1,1.0,0.0,1.0
PO-002906,SUP-001,SKU-00038,WH-APAC,2025-06-16,2025-06-19,2025-06-17,844,4.63,rail,183.29,delivered,0,3907.72,3,1.0,-2.0,1.0
PO-002907,SUP-001,SKU-00038,WH-APAC,2025-06-30,2025-07-03,2025-07-03,798,4.63,rail,184.39,delivered,0,3694.74,3,3.0,0.0,1.0
PO-002908,SUP-001,SKU-00038,WH-APAC,2025-07-14,2025-07-15,2025-07-15,1068,4.63,air,660.18,delivered,0,4944.84,1,1.0,0.0,1.0
PO-002909,SUP-001,SKU-00038,WH-APAC,2025-07-28,2025-07-31,2025-07-31,878,4.63,road,244.11,delivered,0,4065.14,3,3.0,0.0,1.0
PO-002910,SUP-001,SKU-00038,WH-APAC,2025-08-11,2025-08-12,2025-08-21,1072,4.63,air,675.55,delivered,0,4963.36,1,10.0,9.0,0.0
PO-002911,SUP-001,SKU-00038,WH-APAC,2025-09-01,2025-09-04,2025-09-05,828,4.63,road,274.46,delivered,0,3833.64,3,4.0,1.0,0.0
PO-002912,SUP-001,SKU-00038,WH-APAC,2025-09-15,2025-09-18,2025-09-20,886,4.63,road,270.59,delivered,0,4102.18,3,5.0,2.0,0.0
PO-002913,SUP-001,SKU-00038,WH-APAC,2025-09-29,2025-10-02,2025-10-02,844,4.63,road,226.29,delivered,0,3907.72,3,3.0,0.0,1.0
PO-002914,SUP-001,SKU-00038,WH-APAC,2025-10-20,2025-10-23,2025-10-22,978,4.63,road,270.22,delivered,0,4528.14,3,2.0,-1.0,1.0
PO-002915,SUP-001,SKU-00038,WH-APAC,2025-11-03,2025-11-04,2025-11-04,902,4.63,air,454.93,delivered,0,4176.26,1,1.0,0.0,1.0
PO-002916,SUP-001,SKU-00038,WH-APAC,2025-11-24,2025-11-27,2025-11-30,939,4.63,road,228.14,delivered,0,4347.57,3,6.0,3.0,0.0
PO-002917,SUP-001,SKU-00038,WH-APAC,2025-12-22,2025-12-23,2025-12-23,1072,4.63,air,652.53,delivered,0,4963.36,1,1.0,0.0,1.0
PO-002918,SUP-006,SKU-00039,WH-WEST,2024-01-15,2024-02-05,2024-02-07,75,1.85,road,9.57,delivered,0,138.75,21,23.0,2.0,0.0
PO-002919,SUP-006,SKU-00039,WH-WEST,2024-01-29,2024-02-19,2024-02-20,65,1.85,road,8.21,delivered,0,120.25,21,22.0,1.0,0.0
PO-002920,SUP-006,SKU-00039,WH-WEST,2024-02-12,2024-02-21,2024-02-20,66,1.85,air,12.32,delivered,0,122.1,9,8.0,-1.0,1.0
PO-002921,SUP-006,SKU-00039,WH-WEST,2024-03-04,2024-03-13,2024-03-17,75,1.85,air,19.75,delivered,0,138.75,9,13.0,4.0,0.0
PO-002922,SUP-006,SKU-00039,WH-WEST,2024-03-25,2024-04-22,2024-04-25,84,1.85,ocean,6.49,delivered,0,155.4,28,31.0,3.0,0.0
PO-002923,SUP-006,SKU-00039,WH-WEST,2024-04-15,2024-04-24,2024-04-23,72,1.85,air,16.83,delivered,0,133.2,9,8.0,-1.0,1.0
PO-002924,SUP-006,SKU-00039,WH-WEST,2024-05-13,2024-06-10,2024-06-16,79,1.85,ocean,5.93,delivered,0,146.15,28,34.0,6.0,0.0
PO-002925,SUP-006,SKU-00039,WH-WEST,2024-06-03,2024-06-12,2024-06-13,62,1.85,air,14.84,delivered,0,114.7,9,10.0,1.0,0.0
PO-002926,SUP-006,SKU-00039,WH-WEST,2024-07-01,2024-07-29,2024-07-28,75,1.85,ocean,6.52,delivered,0,138.75,28,27.0,-1.0,1.0
PO-002927,SUP-006,SKU-00039,WH-WEST,2024-07-22,2024-08-19,2024-08-15,82,1.85,ocean,5.9,delivered,0,151.7,28,24.0,-4.0,1.0
PO-002928,SUP-006,SKU-00039,WH-WEST,2024-08-12,2024-08-21,2024-08-21,74,1.85,air,17.69,delivered,0,136.9,9,9.0,0.0,1.0
PO-002929,SUP-006,SKU-00039,WH-WEST,2024-09-02,2024-09-30,2024-10-05,85,1.85,ocean,5.79,delivered,0,157.25,28,33.0,5.0,0.0
PO-002930,SUP-006,SKU-00039,WH-WEST,2024-09-16,2024-10-14,2024-10-21,74,1.85,ocean,6.53,delivered,0,136.9,28,35.0,7.0,0.0
PO-002931,SUP-006,SKU-00039,WH-WEST,2024-10-14,2024-10-23,2024-10-25,82,1.85,air,19.71,delivered,0,151.7,9,11.0,2.0,0.0
PO-002932,SUP-006,SKU-00039,WH-WEST,2024-10-28,2024-11-25,2024-11-20,61,1.85,ocean,4.47,delivered,0,112.85,28,23.0,-5.0,1.0
PO-002933,SUP-006,SKU-00039,WH-WEST,2024-11-18,2024-12-16,2024-12-13,89,1.85,ocean,6.0,delivered,0,164.65,28,25.0,-3.0,1.0
PO-002934,SUP-006,SKU-00039,WH-WEST,2024-12-02,2024-12-30,2024-12-28,66,1.85,ocean,4.04,delivered,0,122.1,28,26.0,-2.0,1.0
PO-002935,SUP-006,SKU-00039,WH-WEST,2024-12-23,2025-01-20,2025-01-23,63,1.85,ocean,4.76,delivered,0,116.55,28,31.0,3.0,0.0
PO-002936,SUP-006,SKU-00039,WH-WEST,2025-01-06,2025-01-15,2025-01-17,69,1.85,air,14.84,delivered,0,127.65,9,11.0,2.0,0.0
PO-002937,SUP-006,SKU-00039,WH-WEST,2025-01-20,2025-02-17,2025-02-13,76,1.85,ocean,4.76,delivered,0,140.6,28,24.0,-4.0,1.0
PO-002938,SUP-006,SKU-00039,WH-WEST,2025-02-03,2025-03-03,2025-02-21,63,1.85,ocean,5.54,delivered,0,116.55,28,18.0,-10.0,1.0
PO-002939,SUP-006,SKU-00039,WH-WEST,2025-02-24,2025-03-24,2025-03-24,86,1.85,ocean,7.53,delivered,0,159.1,28,28.0,0.0,1.0
PO-002940,SUP-006,SKU-00039,WH-WEST,2025-03-17,2025-03-26,2025-03-26,89,1.85,air,16.43,delivered,0,164.65,9,9.0,0.0,1.0
PO-002941,SUP-006,SKU-00039,WH-WEST,2025-04-14,2025-05-12,2025-05-11,80,1.85,ocean,6.68,delivered,0,148.0,28,27.0,-1.0,1.0
PO-002942,SUP-006,SKU-00039,WH-WEST,2025-05-05,2025-06-02,2025-05-24,60,1.85,ocean,4.8,delivered,0,111.0,28,19.0,-9.0,1.0
PO-002943,SUP-006,SKU-00039,WH-WEST,2025-05-26,2025-06-23,2025-06-22,72,1.85,ocean,4.3,delivered,0,133.2,28,27.0,-1.0,1.0
PO-002944,SUP-006,SKU-00039,WH-WEST,2025-06-16,2025-07-14,2025-07-17,75,1.85,ocean,6.54,delivered,0,138.75,28,31.0,3.0,0.0
PO-002945,SUP-006,SKU-00039,WH-WEST,2025-07-14,2025-08-11,2025-08-10,77,1.85,ocean,4.57,delivered,0,142.45,28,27.0,-1.0,1.0
PO-002946,SUP-006,SKU-00039,WH-WEST,2025-08-04,2025-08-13,2025-08-14,65,1.85,air,15.04,delivered,0,120.25,9,10.0,1.0,0.0
PO-002947,SUP-006,SKU-00039,WH-WEST,2025-08-25,2025-09-22,2025-09-20,77,1.85,ocean,5.7,delivered,0,142.45,28,26.0,-2.0,1.0
PO-002948,SUP-006,SKU-00039,WH-WEST,2025-09-15,2025-10-13,2025-10-10,76,1.85,ocean,5.22,delivered,0,140.6,28,25.0,-3.0,1.0
PO-002949,SUP-006,SKU-00039,WH-WEST,2025-10-06,2025-10-15,2025-10-16,100,1.85,air,19.71,delivered,0,185.0,9,10.0,1.0,0.0
PO-002950,SUP-006,SKU-00039,WH-WEST,2025-10-20,2025-11-17,2025-11-18,60,1.85,ocean,3.72,delivered,0,111.0,28,29.0,1.0,0.0
PO-002951,SUP-006,SKU-00039,WH-WEST,2025-11-03,2025-12-01,2025-12-01,77,1.85,ocean,4.73,delivered,0,142.45,28,28.0,0.0,1.0
PO-002952,SUP-006,SKU-00039,WH-WEST,2025-11-24,2025-12-03,2025-12-04,100,1.85,air,21.83,delivered,0,185.0,9,10.0,1.0,0.0
PO-002953,SUP-006,SKU-00039,WH-WEST,2025-12-15,2026-01-07,,101,1.85,rail,7.76,open,0,186.85,23,,,
PO-002954,SUP-006,SKU-00039,WH-APAC,2024-01-15,2024-02-07,2024-02-06,86,1.85,rail,9.49,delivered,0,159.1,23,22.0,-1.0,1.0
PO-002955,SUP-006,SKU-00039,WH-APAC,2024-01-29,2024-02-19,2024-02-16,68,1.85,road,7.21,delivered,0,125.8,21,18.0,-3.0,1.0
PO-002956,SUP-006,SKU-00039,WH-APAC,2024-02-12,2024-03-11,,77,1.85,ocean,5.92,delivered,1,142.45,28,,,
PO-002957,SUP-006,SKU-00039,WH-APAC,2024-03-04,2024-04-01,2024-03-30,88,1.85,ocean,6.86,delivered,0,162.8,28,26.0,-2.0,1.0
PO-002958,SUP-006,SKU-00039,WH-APAC,2024-03-25,2024-04-22,2024-04-15,79,1.85,ocean,5.07,delivered,0,146.15,28,21.0,-7.0,1.0
PO-002959,SUP-006,SKU-00039,WH-APAC,2024-04-15,2024-05-13,2024-05-17,76,1.85,ocean,5.94,delivered,0,140.6,28,32.0,4.0,0.0
PO-002960,SUP-006,SKU-00039,WH-APAC,2024-05-06,2024-05-27,2024-05-26,74,1.85,road,8.4,delivered,0,136.9,21,20.0,-1.0,1.0
PO-002961,SUP-006,SKU-00039,WH-APAC,2024-05-27,2024-06-24,2024-06-25,68,1.85,ocean,5.02,delivered,0,125.8,28,29.0,1.0,0.0
PO-002962,SUP-006,SKU-00039,WH-APAC,2024-06-24,2024-07-17,2024-07-12,80,1.85,rail,8.6,delivered,0,148.0,23,18.0,-5.0,1.0
PO-002963,SUP-006,SKU-00039,WH-APAC,2024-07-15,2024-07-24,2024-07-25,81,1.85,air,16.87,delivered,0,149.85,9,10.0,1.0,0.0
PO-002964,SUP-006,SKU-00039,WH-APAC,2024-08-05,2024-09-02,2024-08-30,93,1.85,ocean,5.96,delivered,0,172.05,28,25.0,-3.0,1.0
PO-002965,SUP-006,SKU-00039,WH-APAC,2024-08-19,2024-09-16,2024-09-03,68,1.85,ocean,5.26,delivered,0,125.8,28,15.0,-13.0,1.0
PO-002966,SUP-006,SKU-00039,WH-APAC,2024-09-09,2024-09-18,2024-09-19,82,1.85,air,19.8,delivered,0,151.7,9,10.0,1.0,0.0
PO-002967,SUP-006,SKU-00039,WH-APAC,2024-09-23,2024-10-02,2024-10-02,97,1.85,air,23.47,delivered,0,179.45,9,9.0,0.0,1.0
PO-002968,SUP-006,SKU-00039,WH-APAC,2024-10-07,2024-10-30,2024-11-01,77,1.85,rail,8.37,delivered,0,142.45,23,25.0,2.0,0.0
PO-002969,SUP-006,SKU-00039,WH-APAC,2024-10-21,2024-10-30,2024-11-01,130,1.85,air,23.62,delivered,0,240.5,9,11.0,2.0,0.0
PO-002970,SUP-006,SKU-00039,WH-APAC,2024-11-18,2024-12-11,2024-12-12,104,1.85,rail,10.44,delivered,0,192.4,23,24.0,1.0,0.0
PO-002971,SUP-006,SKU-00039,WH-APAC,2024-12-02,2024-12-11,2024-12-14,97,1.85,air,17.44,delivered,0,179.45,9,12.0,3.0,0.0
PO-002972,SUP-006,SKU-00039,WH-APAC,2024-12-23,2025-01-20,2025-01-14,77,1.85,ocean,4.57,delivered,0,142.45,28,22.0,-6.0,1.0
PO-002973,SUP-006,SKU-00039,WH-APAC,2025-01-06,2025-02-03,2025-01-31,81,1.85,ocean,5.69,delivered,0,149.85,28,25.0,-3.0,1.0
PO-002974,SUP-006,SKU-00039,WH-APAC,2025-01-27,2025-02-24,2025-02-24,98,1.85,ocean,6.74,delivered,0,181.3,28,28.0,0.0,1.0
PO-002975,SUP-006,SKU-00039,WH-APAC,2025-02-10,2025-03-10,2025-03-17,68,1.85,ocean,5.4,delivered,0,125.8,28,35.0,7.0,0.0
PO-002976,SUP-006,SKU-00039,WH-APAC,2025-03-10,2025-03-19,2025-03-18,92,1.85,air,17.81,delivered,0,170.2,9,8.0,-1.0,1.0
PO-002977,SUP-006,SKU-00039,WH-APAC,2025-03-31,2025-04-28,2025-04-27,101,1.85,ocean,8.59,delivered,0,186.85,28,27.0,-1.0,1.0
PO-002978,SUP-006,SKU-00039,WH-APAC,2025-04-21,2025-04-30,2025-05-02,80,1.85,air,18.45,delivered,0,148.0,9,11.0,2.0,0.0
PO-002979,SUP-006,SKU-00039,WH-APAC,2025-05-19,2025-06-11,2025-06-11,90,1.85,rail,8.96,delivered,0,166.5,23,23.0,0.0,1.0
PO-002980,SUP-006,SKU-00039,WH-APAC,2025-06-09,2025-06-18,2025-06-18,83,1.85,air,17.68,delivered,0,153.55,9,9.0,0.0,1.0
PO-002981,SUP-006,SKU-00039,WH-APAC,2025-06-23,2025-07-21,2025-07-18,70,1.85,ocean,5.11,delivered,0,129.5,28,25.0,-3.0,1.0
PO-002982,SUP-006,SKU-00039,WH-APAC,2025-07-21,2025-08-18,2025-08-18,92,1.85,ocean,7.64,delivered,0,170.2,28,28.0,0.0,1.0
PO-002983,SUP-006,SKU-00039,WH-APAC,2025-08-11,2025-09-03,2025-09-01,81,1.85,rail,8.03,delivered,0,149.85,23,21.0,-2.0,1.0
PO-002984,SUP-006,SKU-00039,WH-APAC,2025-08-25,2025-09-22,2025-10-01,67,1.85,ocean,5.16,delivered,0,123.95,28,37.0,9.0,0.0
PO-002985,SUP-006,SKU-00039,WH-APAC,2025-09-08,2025-10-06,2025-10-12,101,1.85,ocean,8.7,delivered,0,186.85,28,34.0,6.0,0.0
PO-002986,SUP-006,SKU-00039,WH-APAC,2025-10-06,2025-10-15,2025-10-15,72,1.85,air,12.87,delivered,0,133.2,9,9.0,0.0,1.0
PO-002987,SUP-006,SKU-00039,WH-APAC,2025-10-20,2025-11-17,2025-11-14,93,1.85,ocean,8.04,delivered,0,172.05,28,25.0,-3.0,1.0
PO-002988,SUP-006,SKU-00039,WH-APAC,2025-11-03,2025-11-12,2025-11-10,93,1.85,air,20.09,delivered,0,172.05,9,7.0,-2.0,1.0
PO-002989,SUP-006,SKU-00039,WH-APAC,2025-11-17,2025-11-26,2025-11-24,83,1.85,air,20.4,delivered,0,153.55,9,7.0,-2.0,1.0
PO-002990,SUP-006,SKU-00039,WH-APAC,2025-12-01,2025-12-29,,88,1.85,ocean,7.49,open,0,162.8,28,,,
PO-002991,SUP-006,SKU-00039,WH-APAC,2025-12-15,2025-12-24,2025-12-27,103,1.85,air,20.24,delivered,0,190.55,9,12.0,3.0,0.0
PO-002992,SUP-006,SKU-00039,WH-EU,2024-01-15,2024-02-07,2024-02-05,65,1.85,rail,6.28,delivered,0,120.25,23,21.0,-2.0,1.0
PO-002993,SUP-006,SKU-00039,WH-EU,2024-01-29,2024-02-26,2024-03-01,67,1.85,ocean,4.43,delivered,0,123.95,28,32.0,4.0,0.0
PO-002994,SUP-006,SKU-00039,WH-EU,2024-02-12,2024-03-06,2024-03-05,65,1.85,rail,6.8,delivered,0,120.25,23,22.0,-1.0,1.0
PO-002995,SUP-006,SKU-00039,WH-EU,2024-03-04,2024-04-01,2024-04-01,64,1.85,ocean,4.44,delivered,0,118.4,28,28.0,0.0,1.0
PO-002996,SUP-006,SKU-00039,WH-EU,2024-03-25,2024-04-17,2024-04-13,75,1.85,rail,7.62,delivered,0,138.75,23,19.0,-4.0,1.0
PO-002997,SUP-006,SKU-00039,WH-EU,2024-04-15,2024-05-06,2024-05-07,89,1.85,road,11.41,delivered,0,164.65,21,22.0,1.0,0.0
PO-002998,SUP-006,SKU-00039,WH-EU,2024-05-06,2024-05-15,2024-05-17,76,1.85,air,14.75,delivered,0,140.6,9,11.0,2.0,0.0
PO-002999,SUP-006,SKU-00039,WH-EU,2024-05-27,2024-06-17,2024-06-14,67,1.85,road,6.4,delivered,0,123.95,21,18.0,-3.0,1.0
PO-003000,SUP-006,SKU-00039,WH-EU,2024-06-17,2024-07-15,2024-07-13,66,1.85,ocean,4.65,delivered,0,122.1,28,26.0,-2.0,1.0
PO-003001,SUP-006,SKU-00039,WH-EU,2024-07-08,2024-08-05,2024-07-26,75,1.85,ocean,5.31,delivered,0,138.75,28,18.0,-10.0,1.0
PO-003002,SUP-006,SKU-00039,WH-EU,2024-07-29,2024-08-19,2024-08-14,75,1.85,road,6.87,delivered,0,138.75,21,16.0,-5.0,1.0
PO-003003,SUP-006,SKU-00039,WH-EU,2024-08-19,2024-08-28,2024-08-26,87,1.85,air,18.13,delivered,0,160.95,9,7.0,-2.0,1.0
PO-003004,SUP-006,SKU-00039,WH-EU,2024-09-02,2024-09-23,2024-09-15,59,1.85,road,7.66,delivered,0,109.15,21,13.0,-8.0,1.0
PO-003005,SUP-006,SKU-00039,WH-EU,2024-09-16,2024-10-14,2024-10-08,83,1.85,ocean,6.19,delivered,0,153.55,28,22.0,-6.0,1.0
PO-003006,SUP-006,SKU-00039,WH-EU,2024-09-30,2024-10-28,2024-10-27,73,1.85,ocean,4.73,delivered,0,135.05,28,27.0,-1.0,1.0
PO-003007,SUP-006,SKU-00039,WH-EU,2024-10-14,2024-11-11,2024-11-08,63,1.85,ocean,5.19,delivered,0,116.55,28,25.0,-3.0,1.0
PO-003008,SUP-006,SKU-00039,WH-EU,2024-10-28,2024-11-18,2024-11-21,70,1.85,road,6.86,delivered,0,129.5,21,24.0,3.0,0.0
PO-003009,SUP-006,SKU-00039,WH-EU,2024-11-11,2024-12-04,2024-12-03,71,1.85,rail,6.64,delivered,0,131.35,23,22.0,-1.0,1.0
PO-003010,SUP-006,SKU-00039,WH-EU,2024-11-25,2024-12-18,2024-12-18,72,1.85,rail,6.42,delivered,0,133.2,23,23.0,0.0,1.0
PO-003011,SUP-006,SKU-00039,WH-EU,2024-12-09,2025-01-06,2024-12-27,77,1.85,ocean,4.81,delivered,0,142.45,28,18.0,-10.0,1.0
PO-003012,SUP-006,SKU-00039,WH-EU,2024-12-23,2025-01-20,2025-01-18,62,1.85,ocean,4.96,delivered,0,114.7,28,26.0,-2.0,1.0
PO-003013,SUP-006,SKU-00039,WH-EU,2025-01-06,2025-02-03,2025-02-05,78,1.85,ocean,4.95,delivered,0,144.3,28,30.0,2.0,0.0
PO-003014,SUP-006,SKU-00039,WH-EU,2025-01-27,2025-02-05,2025-02-07,99,1.85,air,23.33,delivered,0,183.15,9,11.0,2.0,0.0
PO-003015,SUP-006,SKU-00039,WH-EU,2025-02-17,2025-03-17,2025-03-14,81,1.85,ocean,5.94,delivered,0,149.85,28,25.0,-3.0,1.0
PO-003016,SUP-006,SKU-00039,WH-EU,2025-03-10,2025-03-19,2025-03-20,84,1.85,air,20.11,delivered,0,155.4,9,10.0,1.0,0.0
PO-003017,SUP-006,SKU-00039,WH-EU,2025-03-24,2025-04-21,2025-04-23,63,1.85,ocean,4.36,delivered,0,116.55,28,30.0,2.0,0.0
PO-003018,SUP-006,SKU-00039,WH-EU,2025-04-07,2025-05-05,2025-05-01,59,1.85,ocean,4.57,delivered,0,109.15,28,24.0,-4.0,1.0
PO-003019,SUP-006,SKU-00039,WH-EU,2025-04-28,2025-05-21,2025-05-19,71,1.85,rail,5.77,delivered,0,131.35,23,21.0,-2.0,1.0
PO-003020,SUP-006,SKU-00039,WH-EU,2025-05-19,2025-06-16,2025-06-22,67,1.85,ocean,4.26,delivered,0,123.95,28,34.0,6.0,0.0
PO-003021,SUP-006,SKU-00039,WH-EU,2025-06-09,2025-07-07,2025-07-13,68,1.85,ocean,5.34,delivered,0,125.8,28,34.0,6.0,0.0
PO-003022,SUP-006,SKU-00039,WH-EU,2025-06-30,2025-07-28,2025-07-25,90,1.85,ocean,5.43,delivered,0,166.5,28,25.0,-3.0,1.0
PO-003023,SUP-006,SKU-00039,WH-EU,2025-07-21,2025-07-30,2025-07-27,72,1.85,air,14.36,delivered,0,133.2,9,6.0,-3.0,1.0
PO-003024,SUP-006,SKU-00039,WH-EU,2025-08-04,2025-08-13,2025-08-14,59,1.85,air,12.36,delivered,0,109.15,9,10.0,1.0,0.0
PO-003025,SUP-006,SKU-00039,WH-EU,2025-08-18,2025-09-08,2025-09-18,73,1.85,road,6.6,delivered,0,135.05,21,31.0,10.0,0.0
PO-003026,SUP-006,SKU-00039,WH-EU,2025-09-08,2025-10-06,2025-09-30,95,1.85,ocean,7.0,delivered,0,175.75,28,22.0,-6.0,1.0
PO-003027,SUP-006,SKU-00039,WH-EU,2025-09-29,2025-10-08,2025-10-07,90,1.85,air,20.55,delivered,0,166.5,9,8.0,-1.0,1.0
PO-003028,SUP-006,SKU-00039,WH-EU,2025-10-13,2025-11-10,2025-11-15,70,1.85,ocean,4.69,delivered,0,129.5,28,33.0,5.0,0.0
PO-003029,SUP-006,SKU-00039,WH-EU,2025-10-27,2025-11-19,2025-11-16,72,1.85,rail,6.55,delivered,0,133.2,23,20.0,-3.0,1.0
PO-003030,SUP-006,SKU-00039,WH-EU,2025-11-17,2025-12-15,2025-12-14,63,1.85,ocean,3.99,delivered,0,116.55,28,27.0,-1.0,1.0
PO-003031,SUP-006,SKU-00039,WH-EU,2025-12-01,2025-12-10,2025-12-10,100,1.85,air,21.77,delivered,0,185.0,9,9.0,0.0,1.0
PO-003032,SUP-006,SKU-00039,WH-EU,2025-12-22,2026-01-19,,112,1.85,ocean,7.91,open,0,207.2,28,,,
PO-003033,SUP-005,SKU-00040,WH-SOUTH,2024-01-15,2024-01-20,2024-01-25,72,11.7,road,53.89,delivered,0,842.4,5,10.0,5.0,0.0
PO-003034,SUP-005,SKU-00040,WH-SOUTH,2024-02-05,2024-02-07,2024-02-07,84,11.7,air,137.79,delivered,0,982.8,2,2.0,0.0,1.0
PO-003035,SUP-005,SKU-00040,WH-SOUTH,2024-02-26,2024-02-28,2024-02-29,97,11.7,air,135.81,delivered,0,1134.9,2,3.0,1.0,0.0
PO-003036,SUP-005,SKU-00040,WH-SOUTH,2024-03-18,2024-03-23,2024-03-30,104,11.7,road,70.93,delivered,0,1216.8,5,12.0,7.0,0.0
PO-003037,SUP-005,SKU-00040,WH-SOUTH,2024-04-15,2024-04-20,2024-04-17,83,11.7,road,55.88,delivered,0,971.1,5,2.0,-3.0,1.0
PO-003038,SUP-005,SKU-00040,WH-SOUTH,2024-04-29,2024-05-04,2024-05-03,92,11.7,road,76.25,delivered,0,1076.4,5,4.0,-1.0,1.0
PO-003039,SUP-005,SKU-00040,WH-SOUTH,2024-05-13,2024-05-18,2024-05-19,74,11.7,road,50.23,delivered,0,865.8,5,6.0,1.0,0.0
PO-003040,SUP-005,SKU-00040,WH-SOUTH,2024-05-27,2024-06-01,2024-06-01,78,11.7,road,64.33,delivered,0,912.6,5,5.0,0.0,1.0
PO-003041,SUP-005,SKU-00040,WH-SOUTH,2024-06-10,2024-06-15,2024-06-14,88,11.7,road,71.29,delivered,0,1029.6,5,4.0,-1.0,1.0
PO-003042,SUP-005,SKU-00040,WH-SOUTH,2024-06-24,2024-06-29,2024-06-27,74,11.7,road,51.69,delivered,0,865.8,5,3.0,-2.0,1.0
PO-003043,SUP-005,SKU-00040,WH-SOUTH,2024-07-15,2024-07-20,2024-07-27,84,11.7,rail,48.55,delivered,0,982.8,5,12.0,7.0,0.0
PO-003044,SUP-005,SKU-00040,WH-SOUTH,2024-08-12,2024-08-17,2024-08-17,82,11.7,road,57.57,delivered,0,959.4,5,5.0,0.0,1.0
PO-003045,SUP-005,SKU-00040,WH-SOUTH,2024-09-02,2024-09-07,2024-09-07,80,11.7,rail,51.34,delivered,0,936.0,5,5.0,0.0,1.0
PO-003046,SUP-005,SKU-00040,WH-SOUTH,2024-09-23,2024-09-28,2024-10-06,74,11.7,rail,47.16,delivered,0,865.8,5,13.0,8.0,0.0
PO-003047,SUP-005,SKU-00040,WH-SOUTH,2024-10-21,2024-10-26,2024-10-26,70,11.7,rail,42.7,delivered,0,819.0,5,5.0,0.0,1.0
PO-003048,SUP-005,SKU-00040,WH-SOUTH,2024-11-11,2024-11-13,2024-11-13,75,11.7,air,102.63,delivered,0,877.5,2,2.0,0.0,1.0
PO-003049,SUP-005,SKU-00040,WH-SOUTH,2024-12-02,2024-12-07,2024-12-05,73,11.7,road,41.94,delivered,0,854.1,5,3.0,-2.0,1.0
PO-003050,SUP-005,SKU-00040,WH-SOUTH,2024-12-23,2024-12-25,2024-12-31,100,11.7,air,152.33,delivered,0,1170.0,2,8.0,6.0,0.0
PO-003051,SUP-005,SKU-00040,WH-SOUTH,2025-01-13,2025-01-15,2025-01-16,70,11.7,air,102.71,delivered,0,819.0,2,3.0,1.0,0.0
PO-003052,SUP-005,SKU-00040,WH-SOUTH,2025-02-03,2025-02-05,2025-02-07,103,11.7,air,160.23,delivered,0,1205.1,2,4.0,2.0,0.0
PO-003053,SUP-005,SKU-00040,WH-SOUTH,2025-02-17,2025-02-22,2025-02-19,72,11.7,road,51.67,delivered,0,842.4,5,2.0,-3.0,1.0
PO-003054,SUP-005,SKU-00040,WH-SOUTH,2025-03-03,2025-03-08,2025-03-08,76,11.7,road,58.48,delivered,0,889.2,5,5.0,0.0,1.0
PO-003055,SUP-005,SKU-00040,WH-SOUTH,2025-03-17,2025-03-22,2025-03-23,73,11.7,road,56.87,delivered,0,854.1,5,6.0,1.0,0.0
PO-003056,SUP-005,SKU-00040,WH-SOUTH,2025-03-31,2025-04-05,2025-04-03,103,11.7,road,83.21,delivered,0,1205.1,5,3.0,-2.0,1.0
PO-003057,SUP-005,SKU-00040,WH-SOUTH,2025-04-14,2025-04-19,2025-04-20,81,11.7,road,61.92,delivered,0,947.7,5,6.0,1.0,0.0
PO-003058,SUP-005,SKU-00040,WH-SOUTH,2025-04-28,2025-05-03,2025-05-04,74,11.7,road,41.7,delivered,0,865.8,5,6.0,1.0,0.0
PO-003059,SUP-005,SKU-00040,WH-SOUTH,2025-05-12,2025-05-17,2025-05-19,79,11.7,road,46.42,delivered,0,924.3,5,7.0,2.0,0.0
PO-003060,SUP-005,SKU-00040,WH-SOUTH,2025-05-26,2025-05-31,2025-05-30,73,11.7,road,43.85,delivered,0,854.1,5,4.0,-1.0,1.0
PO-003061,SUP-005,SKU-00040,WH-SOUTH,2025-06-09,2025-06-14,2025-06-13,80,11.7,road,58.9,delivered,0,936.0,5,4.0,-1.0,1.0
PO-003062,SUP-005,SKU-00040,WH-SOUTH,2025-06-23,2025-06-28,2025-07-05,74,11.7,road,56.56,delivered,0,865.8,5,12.0,7.0,0.0
PO-003063,SUP-005,SKU-00040,WH-SOUTH,2025-07-14,2025-07-19,2025-07-19,77,11.7,road,59.72,delivered,0,900.9,5,5.0,0.0,1.0
PO-003064,SUP-005,SKU-00040,WH-SOUTH,2025-07-28,2025-08-02,2025-08-20,77,11.7,rail,53.87,delivered,0,900.9,5,23.0,18.0,0.0
PO-003065,SUP-005,SKU-00040,WH-SOUTH,2025-09-01,2025-09-06,2025-09-03,85,11.7,road,60.86,delivered,0,994.5,5,2.0,-3.0,1.0
PO-003066,SUP-005,SKU-00040,WH-SOUTH,2025-09-22,2025-09-27,2025-09-27,80,11.7,road,56.97,delivered,0,936.0,5,5.0,0.0,1.0
PO-003067,SUP-005,SKU-00040,WH-SOUTH,2025-10-13,2025-10-18,2025-10-15,82,11.7,rail,39.17,delivered,0,959.4,5,2.0,-3.0,1.0
PO-003068,SUP-005,SKU-00040,WH-SOUTH,2025-11-03,2025-11-08,2025-11-10,91,11.7,road,57.48,delivered,0,1064.7,5,7.0,2.0,0.0
PO-003069,SUP-005,SKU-00040,WH-SOUTH,2025-11-24,2025-11-29,2025-11-29,83,11.7,road,66.29,delivered,0,971.1,5,5.0,0.0,1.0
PO-003070,SUP-005,SKU-00040,WH-SOUTH,2025-12-15,2025-12-17,2025-12-20,103,11.7,air,115.74,delivered,0,1205.1,2,5.0,3.0,0.0
PO-003071,SUP-005,SKU-00040,WH-EU,2024-01-22,2024-01-27,2024-02-02,80,11.7,road,60.01,delivered,0,936.0,5,11.0,6.0,0.0
PO-003072,SUP-005,SKU-00040,WH-EU,2024-02-12,2024-02-17,2024-02-18,59,11.7,road,34.73,delivered,0,690.3,5,6.0,1.0,0.0
PO-003073,SUP-005,SKU-00040,WH-EU,2024-03-04,2024-03-06,2024-03-06,81,11.7,air,133.56,delivered,0,947.7,2,2.0,0.0,1.0
PO-003074,SUP-005,SKU-00040,WH-EU,2024-03-25,2024-03-27,2024-03-29,87,11.7,air,120.48,delivered,0,1017.9,2,4.0,2.0,0.0
PO-003075,SUP-005,SKU-00040,WH-EU,2024-04-15,2024-04-17,2024-04-17,81,11.7,air,132.15,delivered,0,947.7,2,2.0,0.0,1.0
PO-003076,SUP-005,SKU-00040,WH-EU,2024-04-29,2024-05-04,2024-05-04,72,11.7,rail,35.39,delivered,0,842.4,5,5.0,0.0,1.0
PO-003077,SUP-005,SKU-00040,WH-EU,2024-05-13,2024-05-18,2024-05-15,71,11.7,road,58.13,delivered,0,830.7,5,2.0,-3.0,1.0
PO-003078,SUP-005,SKU-00040,WH-EU,2024-05-27,2024-06-01,2024-05-30,63,11.7,road,37.55,delivered,0,737.1,5,3.0,-2.0,1.0
PO-003079,SUP-005,SKU-00040,WH-EU,2024-06-10,2024-06-15,2024-06-15,70,11.7,road,55.75,delivered,0,819.0,5,5.0,0.0,1.0
PO-003080,SUP-005,SKU-00040,WH-EU,2024-06-24,2024-06-29,2024-06-25,59,11.7,rail,28.68,delivered,0,690.3,5,1.0,-4.0,1.0
PO-003081,SUP-005,SKU-00040,WH-EU,2024-07-15,2024-07-20,2024-07-28,74,11.7,road,59.17,delivered,0,865.8,5,13.0,8.0,0.0
PO-003082,SUP-005,SKU-00040,WH-EU,2024-08-12,2024-08-17,2024-08-16,60,11.7,road,40.78,delivered,0,702.0,5,4.0,-1.0,1.0
PO-003083,SUP-005,SKU-00040,WH-EU,2024-09-02,2024-09-07,2024-09-07,60,11.7,rail,32.72,delivered,0,702.0,5,5.0,0.0,1.0
PO-003084,SUP-005,SKU-00040,WH-EU,2024-09-30,2024-10-05,2024-10-08,72,11.7,rail,45.74,delivered,0,842.4,5,8.0,3.0,0.0
PO-003085,SUP-005,SKU-00040,WH-EU,2024-10-28,2024-11-02,2024-11-02,75,11.7,rail,47.95,delivered,0,877.5,5,5.0,0.0,1.0
PO-003086,SUP-005,SKU-00040,WH-EU,2024-11-18,2024-11-23,2024-11-23,65,11.7,road,40.69,delivered,0,760.5,5,5.0,0.0,1.0
PO-003087,SUP-005,SKU-00040,WH-EU,2024-12-09,2024-12-11,2024-12-10,79,11.7,air,101.44,delivered,0,924.3,2,1.0,-1.0,1.0
PO-003088,SUP-005,SKU-00040,WH-EU,2024-12-30,2025-01-01,2025-01-01,80,11.7,air,105.56,delivered,0,936.0,2,2.0,0.0,1.0
PO-003089,SUP-005,SKU-00040,WH-EU,2025-01-13,2025-01-18,2025-01-17,58,11.7,road,35.24,delivered,0,678.6,5,4.0,-1.0,1.0
PO-003090,SUP-005,SKU-00040,WH-EU,2025-01-27,2025-02-01,2025-02-02,69,11.7,rail,34.85,delivered,0,807.3,5,6.0,1.0,0.0
PO-003091,SUP-005,SKU-00040,WH-EU,2025-02-10,2025-02-15,2025-02-14,58,11.7,road,46.86,delivered,0,678.6,5,4.0,-1.0,1.0
PO-003092,SUP-005,SKU-00040,WH-EU,2025-02-24,2025-03-01,2025-02-28,78,11.7,road,57.36,delivered,0,912.6,5,4.0,-1.0,1.0
PO-003093,SUP-005,SKU-00040,WH-EU,2025-03-10,2025-03-15,2025-03-16,75,11.7,road,43.99,delivered,0,877.5,5,6.0,1.0,0.0
PO-003094,SUP-005,SKU-00040,WH-EU,2025-03-24,2025-03-29,2025-03-29,82,11.7,road,67.83,delivered,0,959.4,5,5.0,0.0,1.0
PO-003095,SUP-005,SKU-00040,WH-EU,2025-04-14,2025-04-19,2025-04-25,87,11.7,road,67.68,delivered,0,1017.9,5,11.0,6.0,0.0
PO-003096,SUP-005,SKU-00040,WH-EU,2025-05-05,2025-05-07,2025-05-08,63,11.7,air,98.53,delivered,0,737.1,2,3.0,1.0,0.0
PO-003097,SUP-005,SKU-00040,WH-EU,2025-05-19,2025-05-24,2025-05-22,78,11.7,road,53.31,delivered,0,912.6,5,3.0,-2.0,1.0
PO-003098,SUP-005,SKU-00040,WH-EU,2025-06-02,2025-06-07,2025-06-08,81,11.7,road,55.51,delivered,0,947.7,5,6.0,1.0,0.0
PO-003099,SUP-005,SKU-00040,WH-EU,2025-06-23,2025-06-25,2025-06-26,87,11.7,air,111.68,delivered,0,1017.9,2,3.0,1.0,0.0
PO-003100,SUP-005,SKU-00040,WH-EU,2025-07-07,2025-07-12,2025-07-10,57,11.7,rail,27.64,delivered,0,666.9,5,3.0,-2.0,1.0
PO-003101,SUP-005,SKU-00040,WH-EU,2025-07-28,2025-08-02,2025-08-02,75,11.7,rail,48.31,delivered,0,877.5,5,5.0,0.0,1.0
PO-003102,SUP-005,SKU-00040,WH-EU,2025-08-11,2025-08-16,2025-08-13,57,11.7,road,46.78,delivered,0,666.9,5,2.0,-3.0,1.0
PO-003103,SUP-005,SKU-00040,WH-EU,2025-09-01,2025-09-03,2025-09-02,78,11.7,air,129.19,delivered,0,912.6,2,1.0,-1.0,1.0
PO-003104,SUP-005,SKU-00040,WH-EU,2025-09-22,2025-09-27,2025-10-02,74,11.7,road,54.2,delivered,0,865.8,5,10.0,5.0,0.0
PO-003105,SUP-005,SKU-00040,WH-EU,2025-10-20,2025-10-25,2025-10-26,65,11.7,road,38.08,delivered,0,760.5,5,6.0,1.0,0.0
PO-003106,SUP-005,SKU-00040,WH-EU,2025-11-10,2025-11-15,2025-11-12,65,11.7,road,52.81,delivered,0,760.5,5,2.0,-3.0,1.0
PO-003107,SUP-005,SKU-00040,WH-EU,2025-12-01,2025-12-06,2025-12-07,75,11.7,road,55.2,delivered,0,877.5,5,6.0,1.0,0.0
PO-003108,SUP-005,SKU-00040,WH-EU,2025-12-22,2025-12-27,2025-12-26,75,11.7,rail,37.01,delivered,0,877.5,5,4.0,-1.0,1.0
PO-003109,SUP-005,SKU-00040,WH-APAC,2024-01-22,2024-01-24,2024-01-25,99,11.7,air,121.99,delivered,0,1158.3,2,3.0,1.0,0.0
PO-003110,SUP-005,SKU-00040,WH-APAC,2024-02-12,2024-02-17,2024-02-16,88,11.7,road,70.87,delivered,0,1029.6,5,4.0,-1.0,1.0
PO-003111,SUP-005,SKU-00040,WH-APAC,2024-02-26,2024-03-02,2024-03-11,68,11.7,rail,32.95,delivered,0,795.6,5,14.0,9.0,0.0
PO-003112,SUP-005,SKU-00040,WH-APAC,2024-03-18,2024-03-23,2024-03-23,73,11.7,road,46.92,delivered,0,854.1,5,5.0,0.0,1.0
PO-003113,SUP-005,SKU-00040,WH-APAC,2024-04-01,2024-04-06,2024-04-08,76,11.7,road,43.43,delivered,0,889.2,5,7.0,2.0,0.0
PO-003114,SUP-005,SKU-00040,WH-APAC,2024-04-22,2024-04-24,2024-04-24,95,11.7,air,114.41,delivered,0,1111.5,2,2.0,0.0,1.0
PO-003115,SUP-005,SKU-00040,WH-APAC,2024-05-06,2024-05-08,2024-05-07,84,11.7,air,97.9,delivered,0,982.8,2,1.0,-1.0,1.0
PO-003116,SUP-005,SKU-00040,WH-APAC,2024-05-20,2024-05-25,2024-06-04,83,11.7,road,59.08,delivered,0,971.1,5,15.0,10.0,0.0
PO-003117,SUP-005,SKU-00040,WH-APAC,2024-06-17,2024-06-19,2024-06-19,102,11.7,air,159.1,delivered,0,1193.4,2,2.0,0.0,1.0
PO-003118,SUP-005,SKU-00040,WH-APAC,2024-07-08,2024-07-13,2024-07-15,76,11.7,rail,44.4,delivered,0,889.2,5,7.0,2.0,0.0
PO-003119,SUP-005,SKU-00040,WH-APAC,2024-07-29,2024-07-31,2024-08-03,96,11.7,air,120.23,delivered,0,1123.2,2,5.0,3.0,0.0
PO-003120,SUP-005,SKU-00040,WH-APAC,2024-08-26,2024-08-31,2024-09-01,82,11.7,road,49.49,delivered,0,959.4,5,6.0,1.0,0.0
PO-003121,SUP-005,SKU-00040,WH-APAC,2024-09-16,2024-09-21,2024-09-20,66,11.7,rail,34.93,delivered,0,772.2,5,4.0,-1.0,1.0
PO-003122,SUP-005,SKU-00040,WH-APAC,2024-10-07,2024-10-09,2024-10-12,70,11.7,air,82.09,delivered,0,819.0,2,5.0,3.0,0.0
PO-003123,SUP-005,SKU-00040,WH-APAC,2024-10-28,2024-11-02,2024-11-02,73,11.7,road,55.27,delivered,0,854.1,5,5.0,0.0,1.0
PO-003124,SUP-005,SKU-00040,WH-APAC,2024-11-18,2024-11-23,2024-11-19,74,11.7,road,49.1,delivered,0,865.8,5,1.0,-4.0,1.0
PO-003125,SUP-005,SKU-00040,WH-APAC,2024-12-09,2024-12-14,2024-12-15,82,11.7,road,50.99,delivered,0,959.4,5,6.0,1.0,0.0
PO-003126,SUP-005,SKU-00040,WH-APAC,2024-12-23,2024-12-28,2024-12-24,70,11.7,road,40.92,delivered,0,819.0,5,1.0,-4.0,1.0
PO-003127,SUP-005,SKU-00040,WH-APAC,2025-01-13,2025-01-15,2025-01-14,102,11.7,air,170.56,delivered,0,1193.4,2,1.0,-1.0,1.0
PO-003128,SUP-005,SKU-00040,WH-APAC,2025-01-27,2025-02-01,2025-02-03,76,11.7,rail,40.85,delivered,0,889.2,5,7.0,2.0,0.0
PO-003129,SUP-005,SKU-00040,WH-APAC,2025-02-10,2025-02-15,2025-02-16,75,11.7,road,62.25,delivered,0,877.5,5,6.0,1.0,0.0
PO-003130,SUP-005,SKU-00040,WH-APAC,2025-02-24,2025-03-01,2025-03-03,78,11.7,rail,50.15,delivered,0,912.6,5,7.0,2.0,0.0
PO-003131,SUP-005,SKU-00040,WH-APAC,2025-03-10,2025-03-12,2025-03-12,72,11.7,air,106.64,delivered,0,842.4,2,2.0,0.0,1.0
PO-003132,SUP-005,SKU-00040,WH-APAC,2025-03-24,2025-03-26,2025-03-25,101,11.7,air,124.27,delivered,0,1181.7,2,1.0,-1.0,1.0
PO-003133,SUP-005,SKU-00040,WH-APAC,2025-04-07,2025-04-12,2025-04-10,87,11.7,road,48.89,delivered,0,1017.9,5,3.0,-2.0,1.0
PO-003134,SUP-005,SKU-00040,WH-APAC,2025-04-21,2025-04-23,2025-04-23,94,11.7,air,157.85,delivered,0,1099.8,2,2.0,0.0,1.0
PO-003135,SUP-005,SKU-00040,WH-APAC,2025-05-05,2025-05-10,2025-05-07,81,11.7,road,60.49,delivered,0,947.7,5,2.0,-3.0,1.0
PO-003136,SUP-005,SKU-00040,WH-APAC,2025-05-19,2025-05-24,2025-05-20,81,11.7,road,58.25,delivered,0,947.7,5,1.0,-4.0,1.0
PO-003137,SUP-005,SKU-00040,WH-APAC,2025-06-02,2025-06-07,2025-06-12,66,11.7,road,39.5,delivered,0,772.2,5,10.0,5.0,0.0
PO-003138,SUP-005,SKU-00040,WH-APAC,2025-06-23,2025-06-25,2025-06-26,89,11.7,air,110.13,delivered,0,1041.3,2,3.0,1.0,0.0
PO-003139,SUP-005,SKU-00040,WH-APAC,2025-07-07,2025-07-12,2025-07-14,67,11.7,rail,33.18,delivered,0,783.9,5,7.0,2.0,0.0
PO-003140,SUP-005,SKU-00040,WH-APAC,2025-07-21,2025-07-26,2025-07-31,73,11.7,road,53.79,delivered,0,854.1,5,10.0,5.0,0.0
PO-003141,SUP-005,SKU-00040,WH-APAC,2025-08-11,2025-08-13,2025-08-13,95,11.7,air,142.48,delivered,0,1111.5,2,2.0,0.0,1.0
PO-003142,SUP-005,SKU-00040,WH-APAC,2025-09-01,2025-09-06,2025-09-04,87,11.7,rail,56.06,delivered,0,1017.9,5,3.0,-2.0,1.0
PO-003143,SUP-005,SKU-00040,WH-APAC,2025-09-22,2025-09-24,2025-09-23,84,11.7,air,111.88,delivered,0,982.8,2,1.0,-1.0,1.0
PO-003144,SUP-005,SKU-00040,WH-APAC,2025-10-13,2025-10-18,2025-10-16,74,11.7,rail,45.04,delivered,0,865.8,5,3.0,-2.0,1.0
PO-003145,SUP-005,SKU-00040,WH-APAC,2025-11-03,2025-11-08,2025-11-10,80,11.7,road,51.21,delivered,0,936.0,5,7.0,2.0,0.0
PO-003146,SUP-005,SKU-00040,WH-APAC,2025-11-24,2025-11-26,2025-11-26,91,11.7,air,116.68,delivered,0,1064.7,2,2.0,0.0,1.0
PO-003147,SUP-005,SKU-00040,WH-APAC,2025-12-15,2025-12-20,2025-12-21,86,11.7,road,49.88,delivered,0,1006.2,5,6.0,1.0,0.0
PO-003148,SUP-004,SKU-00041,WH-EU,2024-01-15,2024-02-11,2024-02-13,1987,7.96,ocean,720.06,delivered,0,15816.52,27,29.0,2.0,0.0
PO-003149,SUP-004,SKU-00041,WH-EU,2024-01-29,2024-02-20,2024-02-25,1781,7.96,rail,813.66,delivered,0,14176.76,22,27.0,5.0,0.0
PO-003150,SUP-004,SKU-00041,WH-EU,2024-02-19,2024-03-17,2024-03-16,1679,7.96,ocean,473.77,delivered,0,13364.84,27,26.0,-1.0,1.0
PO-003151,SUP-004,SKU-00041,WH-EU,2024-03-11,2024-04-07,2024-04-09,2352,7.96,ocean,786.17,delivered,0,18721.92,27,29.0,2.0,0.0
PO-003152,SUP-004,SKU-00041,WH-EU,2024-04-01,2024-04-10,2024-04-11,2223,7.96,air,2069.29,delivered,0,17695.08,9,10.0,1.0,0.0
PO-003153,SUP-004,SKU-00041,WH-EU,2024-04-29,2024-05-26,2024-05-18,2417,7.96,ocean,832.0,delivered,0,19239.32,27,19.0,-8.0,1.0
PO-003154,SUP-004,SKU-00041,WH-EU,2024-05-20,2024-06-16,2024-06-16,2312,7.96,ocean,694.67,delivered,0,18403.52,27,27.0,0.0,1.0
PO-003155,SUP-004,SKU-00041,WH-EU,2024-06-03,2024-06-23,2024-06-21,1884,7.96,road,744.26,delivered,0,14996.64,20,18.0,-2.0,1.0
PO-003156,SUP-004,SKU-00041,WH-EU,2024-06-24,2024-07-03,2024-07-04,1826,7.96,air,1909.49,delivered,0,14534.96,9,10.0,1.0,0.0
PO-003157,SUP-004,SKU-00041,WH-EU,2024-07-08,2024-08-04,2024-08-03,1676,7.96,ocean,617.97,delivered,0,13340.96,27,26.0,-1.0,1.0
PO-003158,SUP-004,SKU-00041,WH-EU,2024-07-29,2024-08-20,2024-08-23,2475,7.96,rail,1016.15,delivered,0,19701.0,22,25.0,3.0,0.0
PO-003159,SUP-004,SKU-00041,WH-EU,2024-08-12,2024-08-21,2024-08-25,1902,7.96,air,1664.86,delivered,0,15139.92,9,13.0,4.0,0.0
PO-003160,SUP-004,SKU-00041,WH-EU,2024-09-02,2024-09-11,2024-09-12,1947,7.96,air,2077.89,delivered,0,15498.12,9,10.0,1.0,0.0
PO-003161,SUP-004,SKU-00041,WH-EU,2024-09-16,2024-09-25,2024-09-26,2067,7.96,air,1781.42,delivered,0,16453.32,9,10.0,1.0,0.0
PO-003162,SUP-004,SKU-00041,WH-EU,2024-09-30,2024-10-09,2024-10-08,2115,7.96,air,2010.22,delivered,0,16835.4,9,8.0,-1.0,1.0
PO-003163,SUP-004,SKU-00041,WH-EU,2024-10-14,2024-10-23,2024-10-22,2576,7.96,air,2361.82,delivered,0,20504.96,9,8.0,-1.0,1.0
PO-003164,SUP-004,SKU-00041,WH-EU,2024-10-28,2024-11-06,2024-11-06,2589,7.96,air,2775.81,delivered,0,20608.44,9,9.0,0.0,1.0
PO-003165,SUP-004,SKU-00041,WH-EU,2024-11-11,2024-12-01,2024-12-02,2067,7.96,road,1080.0,delivered,0,16453.32,20,21.0,1.0,0.0
PO-003166,SUP-004,SKU-00041,WH-EU,2024-11-25,2024-12-22,2024-12-18,2012,7.96,ocean,652.88,delivered,0,16015.52,27,23.0,-4.0,1.0
PO-003167,SUP-004,SKU-00041,WH-EU,2024-12-09,2025-01-05,2025-01-07,1650,7.96,ocean,451.74,delivered,0,13134.0,27,29.0,2.0,0.0
PO-003168,SUP-004,SKU-00041,WH-EU,2024-12-23,2025-01-01,2025-01-02,2418,7.96,air,2413.88,delivered,0,19247.28,9,10.0,1.0,0.0
PO-003169,SUP-004,SKU-00041,WH-EU,2025-01-13,2025-02-04,2025-02-03,2094,7.96,rail,730.63,delivered,0,16668.24,22,21.0,-1.0,1.0
PO-003170,SUP-004,SKU-00041,WH-EU,2025-01-27,2025-02-18,2025-02-19,1654,7.96,rail,641.11,delivered,0,13165.84,22,23.0,1.0,0.0
PO-003171,SUP-004,SKU-00041,WH-EU,2025-02-10,2025-03-02,2025-03-08,2010,7.96,road,905.81,delivered,0,15999.6,20,26.0,6.0,0.0
PO-003172,SUP-004,SKU-00041,WH-EU,2025-03-03,2025-03-12,2025-03-10,2239,7.96,air,2164.03,delivered,0,17822.44,9,7.0,-2.0,1.0
PO-003173,SUP-004,SKU-00041,WH-EU,2025-03-24,2025-04-20,2025-04-22,2148,7.96,ocean,621.24,delivered,0,17098.08,27,29.0,2.0,0.0
PO-003174,SUP-004,SKU-00041,WH-EU,2025-04-14,2025-04-23,2025-04-24,2303,7.96,air,2607.76,delivered,0,18331.88,9,10.0,1.0,0.0
PO-003175,SUP-004,SKU-00041,WH-EU,2025-05-12,2025-06-08,2025-06-03,2394,7.96,ocean,695.49,delivered,0,19056.24,27,22.0,-5.0,1.0
PO-003176,SUP-004,SKU-00041,WH-EU,2025-06-02,2025-06-11,2025-06-11,2257,7.96,air,2034.97,delivered,0,17965.72,9,9.0,0.0,1.0
PO-003177,SUP-004,SKU-00041,WH-EU,2025-06-16,2025-07-13,2025-07-10,1746,7.96,ocean,464.2,delivered,0,13898.16,27,24.0,-3.0,1.0
PO-003178,SUP-004,SKU-00041,WH-EU,2025-06-30,2025-07-09,2025-07-09,1660,7.96,air,1586.76,delivered,0,13213.6,9,9.0,0.0,1.0
PO-003179,SUP-004,SKU-00041,WH-EU,2025-07-14,2025-08-10,2025-08-10,1713,7.96,ocean,468.57,delivered,0,13635.48,27,27.0,0.0,1.0
PO-003180,SUP-004,SKU-00041,WH-EU,2025-07-28,2025-08-24,2025-08-27,1720,7.96,ocean,490.69,delivered,0,13691.2,27,30.0,3.0,0.0
PO-003181,SUP-004,SKU-00041,WH-EU,2025-08-18,2025-09-14,2025-09-27,2352,7.96,ocean,690.45,delivered,0,18721.92,27,40.0,13.0,0.0
PO-003182,SUP-004,SKU-00041,WH-EU,2025-09-08,2025-09-17,2025-09-14,2299,7.96,air,2349.84,delivered,0,18300.04,9,6.0,-3.0,1.0
PO-003183,SUP-004,SKU-00041,WH-EU,2025-09-29,2025-10-26,2025-10-28,2182,7.96,ocean,606.21,delivered,0,17368.72,27,29.0,2.0,0.0
PO-003184,SUP-004,SKU-00041,WH-EU,2025-10-13,2025-11-09,2025-11-09,1991,7.96,ocean,657.88,delivered,0,15848.36,27,27.0,0.0,1.0
PO-003185,SUP-004,SKU-00041,WH-EU,2025-11-10,2025-12-02,2025-12-03,2485,7.96,rail,1121.67,delivered,0,19780.6,22,23.0,1.0,0.0
PO-003186,SUP-004,SKU-00041,WH-EU,2025-11-24,2025-12-03,2025-12-03,1981,7.96,air,1753.06,delivered,0,15768.76,9,9.0,0.0,1.0
PO-003187,SUP-004,SKU-00041,WH-EU,2025-12-15,2026-01-11,,2421,7.96,ocean,658.48,open,0,19271.16,27,,,
PO-003188,SUP-004,SKU-00041,WH-APAC,2024-01-15,2024-02-06,2024-02-09,1883,7.96,rail,667.58,delivered,0,14988.68,22,25.0,3.0,0.0
PO-003189,SUP-004,SKU-00041,WH-APAC,2024-01-29,2024-02-25,2024-02-20,1753,7.96,ocean,582.24,delivered,0,13953.88,27,22.0,-5.0,1.0
PO-003190,SUP-004,SKU-00041,WH-APAC,2024-02-19,2024-03-12,2024-03-10,2099,7.96,rail,798.58,delivered,0,16708.04,22,20.0,-2.0,1.0
PO-003191,SUP-004,SKU-00041,WH-APAC,2024-03-11,2024-03-20,2024-03-21,2225,7.96,air,1796.43,delivered,0,17711.0,9,10.0,1.0,0.0
PO-003192,SUP-004,SKU-00041,WH-APAC,2024-04-01,2024-04-28,2024-04-27,2154,7.96,ocean,794.41,delivered,0,17145.84,27,26.0,-1.0,1.0
PO-003193,SUP-004,SKU-00041,WH-APAC,2024-04-15,2024-04-24,2024-04-22,1608,7.96,air,1677.49,delivered,0,12799.68,9,7.0,-2.0,1.0
PO-003194,SUP-004,SKU-00041,WH-APAC,2024-05-06,2024-06-02,2024-06-08,2106,7.96,ocean,714.59,delivered,0,16763.76,27,33.0,6.0,0.0
PO-003195,SUP-004,SKU-00041,WH-APAC,2024-05-27,2024-06-05,2024-06-06,2362,7.96,air,2180.46,delivered,0,18801.52,9,10.0,1.0,0.0
PO-003196,SUP-004,SKU-00041,WH-APAC,2024-06-24,2024-07-21,2024-07-26,2397,7.96,ocean,905.74,delivered,0,19080.12,27,32.0,5.0,0.0
PO-003197,SUP-004,SKU-00041,WH-APAC,2024-07-08,2024-07-28,2024-07-24,1611,7.96,road,851.11,delivered,0,12823.56,20,16.0,-4.0,1.0
PO-003198,SUP-004,SKU-00041,WH-APAC,2024-08-05,2024-09-01,2024-09-01,2070,7.96,ocean,753.46,delivered,0,16477.2,27,27.0,0.0,1.0
PO-003199,SUP-004,SKU-00041,WH-APAC,2024-08-19,2024-08-28,2024-08-27,2214,7.96,air,2331.42,delivered,0,17623.44,9,8.0,-1.0,1.0
PO-003200,SUP-004,SKU-00041,WH-APAC,2024-09-09,2024-10-06,2024-10-06,2003,7.96,ocean,577.8,delivered,0,15943.88,27,27.0,0.0,1.0
PO-003201,SUP-004,SKU-00041,WH-APAC,2024-09-23,2024-10-20,2024-10-25,2152,7.96,ocean,739.41,delivered,0,17129.92,27,32.0,5.0,0.0
PO-003202,SUP-004,SKU-00041,WH-APAC,2024-10-14,2024-11-10,2024-11-10,1740,7.96,ocean,611.52,delivered,0,13850.4,27,27.0,0.0,1.0
PO-003203,SUP-004,SKU-00041,WH-APAC,2024-11-04,2024-11-13,2024-11-12,2130,7.96,air,2391.53,delivered,0,16954.8,9,8.0,-1.0,1.0
PO-003204,SUP-004,SKU-00041,WH-APAC,2024-11-18,2024-11-27,2024-12-03,1842,7.96,air,1439.04,delivered,0,14662.32,9,15.0,6.0,0.0
PO-003205,SUP-004,SKU-00041,WH-APAC,2024-12-02,2024-12-22,2024-12-21,1862,7.96,road,741.96,delivered,0,14821.52,20,19.0,-1.0,1.0
PO-003206,SUP-004,SKU-00041,WH-APAC,2024-12-16,2025-01-12,2025-01-17,1651,7.96,ocean,539.59,delivered,0,13141.96,27,32.0,5.0,0.0
PO-003207,SUP-004,SKU-00041,WH-APAC,2024-12-30,2025-01-21,2025-01-28,2496,7.96,rail,890.01,delivered,0,19868.16,22,29.0,7.0,0.0
PO-003208,SUP-004,SKU-00041,WH-APAC,2025-02-03,2025-03-02,2025-03-02,2639,7.96,ocean,891.38,delivered,0,21006.44,27,27.0,0.0,1.0
PO-003209,SUP-004,SKU-00041,WH-APAC,2025-02-17,2025-02-26,2025-02-25,1689,7.96,air,1290.98,delivered,0,13444.44,9,8.0,-1.0,1.0
PO-003210,SUP-004,SKU-00041,WH-APAC,2025-03-17,2025-03-26,2025-03-26,2327,7.96,air,1850.37,delivered,0,18522.92,9,9.0,0.0,1.0
PO-003211,SUP-004,SKU-00041,WH-APAC,2025-04-07,2025-05-04,2025-05-06,2088,7.96,ocean,608.91,delivered,0,16620.48,27,29.0,2.0,0.0
PO-003212,SUP-004,SKU-00041,WH-APAC,2025-04-28,2025-05-25,2025-05-31,2141,7.96,ocean,698.48,delivered,0,17042.36,27,33.0,6.0,0.0
PO-003213,SUP-004,SKU-00041,WH-APAC,2025-05-19,2025-06-10,2025-06-09,1714,7.96,rail,680.78,delivered,0,13643.44,22,21.0,-1.0,1.0
PO-003214,SUP-004,SKU-00041,WH-APAC,2025-06-09,2025-06-18,2025-06-19,1768,7.96,air,1468.19,delivered,0,14073.28,9,10.0,1.0,0.0
PO-003215,SUP-004,SKU-00041,WH-APAC,2025-06-23,2025-07-02,2025-07-01,1621,7.96,air,1480.7,delivered,0,12903.16,9,8.0,-1.0,1.0
PO-003216,SUP-004,SKU-00041,WH-APAC,2025-07-07,2025-08-03,2025-08-03,1704,7.96,ocean,603.04,delivered,0,13563.84,27,27.0,0.0,1.0
PO-003217,SUP-004,SKU-00041,WH-APAC,2025-07-21,2025-07-30,2025-07-30,1622,7.96,air,1265.64,delivered,0,12911.12,9,9.0,0.0,1.0
PO-003218,SUP-004,SKU-00041,WH-APAC,2025-08-04,2025-08-26,2025-08-20,1775,7.96,rail,813.75,delivered,0,14129.0,22,16.0,-6.0,1.0
PO-003219,SUP-004,SKU-00041,WH-APAC,2025-08-18,2025-09-09,2025-09-13,1744,7.96,rail,616.73,delivered,0,13882.24,22,26.0,4.0,0.0
PO-003220,SUP-004,SKU-00041,WH-APAC,2025-09-01,2025-09-23,2025-09-17,1983,7.96,rail,813.21,delivered,0,15784.68,22,16.0,-6.0,1.0
PO-003221,SUP-004,SKU-00041,WH-APAC,2025-09-22,2025-10-14,2025-10-10,2008,7.96,rail,738.24,delivered,0,15983.68,22,18.0,-4.0,1.0
PO-003222,SUP-004,SKU-00041,WH-APAC,2025-10-06,2025-10-26,2025-10-27,1900,7.96,road,948.02,delivered,0,15124.0,20,21.0,1.0,0.0
PO-003223,SUP-004,SKU-00041,WH-APAC,2025-10-20,2025-10-29,2025-10-27,2003,7.96,air,1718.8,delivered,0,15943.88,9,7.0,-2.0,1.0
PO-003224,SUP-004,SKU-00041,WH-APAC,2025-11-03,2025-11-30,2025-12-03,1747,7.96,ocean,537.2,delivered,0,13906.12,27,30.0,3.0,0.0
PO-003225,SUP-004,SKU-00041,WH-APAC,2025-11-17,2025-12-09,2025-12-06,1914,7.96,rail,826.69,delivered,0,15235.44,22,19.0,-3.0,1.0
PO-003226,SUP-004,SKU-00041,WH-APAC,2025-12-08,2025-12-17,2025-12-19,1630,7.96,air,1819.17,delivered,0,12974.8,9,11.0,2.0,0.0
PO-003227,SUP-004,SKU-00041,WH-APAC,2025-12-22,2026-01-18,,1865,7.96,ocean,505.97,open,0,14845.4,27,,,
PO-003228,SUP-010,SKU-00042,WH-EAST,2024-01-15,2024-01-25,2024-01-24,85,8.91,air,103.86,delivered,0,757.35,10,9.0,-1.0,1.0
PO-003229,SUP-010,SKU-00042,WH-EAST,2024-01-29,2024-02-28,2024-03-01,78,8.91,ocean,24.59,delivered,0,694.98,30,32.0,2.0,0.0
PO-003230,SUP-010,SKU-00042,WH-EAST,2024-02-19,2024-03-20,2024-03-21,109,8.91,ocean,37.23,delivered,0,971.19,30,31.0,1.0,0.0
PO-003231,SUP-010,SKU-00042,WH-EAST,2024-03-11,2024-04-02,2024-04-10,94,8.91,road,41.32,delivered,0,837.54,22,30.0,8.0,0.0
PO-003232,SUP-010,SKU-00042,WH-EAST,2024-04-01,2024-05-01,2024-05-02,75,8.91,ocean,24.42,delivered,0,668.25,30,31.0,1.0,0.0
PO-003233,SUP-010,SKU-00042,WH-EAST,2024-04-22,2024-05-22,2024-05-21,103,8.91,ocean,38.46,delivered,0,917.73,30,29.0,-1.0,1.0
PO-003234,SUP-010,SKU-00042,WH-EAST,2024-05-13,2024-06-12,2024-06-03,101,8.91,ocean,32.06,delivered,0,899.91,30,21.0,-9.0,1.0
PO-003235,SUP-010,SKU-00042,WH-EAST,2024-06-03,2024-07-03,2024-06-29,100,8.91,ocean,35.54,delivered,0,891.0,30,26.0,-4.0,1.0
PO-003236,SUP-010,SKU-00042,WH-EAST,2024-06-17,2024-06-27,2024-06-28,112,8.91,air,132.83,delivered,0,997.92,10,11.0,1.0,0.0
PO-003237,SUP-010,SKU-00042,WH-EAST,2024-07-15,2024-08-14,2024-08-01,110,8.91,ocean,33.35,delivered,0,980.1,30,17.0,-13.0,1.0
PO-003238,SUP-010,SKU-00042,WH-EAST,2024-07-29,2024-08-28,2024-08-28,96,8.91,ocean,33.19,delivered,0,855.36,30,30.0,0.0,1.0
PO-003239,SUP-010,SKU-00042,WH-EAST,2024-08-12,2024-09-06,2024-09-09,94,8.91,rail,47.2,delivered,0,837.54,25,28.0,3.0,0.0
PO-003240,SUP-010,SKU-00042,WH-EAST,2024-09-02,2024-10-02,2024-09-29,81,8.91,ocean,26.15,delivered,0,721.71,30,27.0,-3.0,1.0
PO-003241,SUP-010,SKU-00042,WH-EAST,2024-09-16,2024-10-16,2024-10-20,106,8.91,ocean,31.07,delivered,0,944.46,30,34.0,4.0,0.0
PO-003242,SUP-010,SKU-00042,WH-EAST,2024-10-07,2024-11-06,2024-11-03,98,8.91,ocean,35.39,delivered,0,873.18,30,27.0,-3.0,1.0
PO-003243,SUP-010,SKU-00042,WH-EAST,2024-10-28,2024-11-07,2024-11-06,84,8.91,air,95.29,delivered,0,748.44,10,9.0,-1.0,1.0
PO-003244,SUP-010,SKU-00042,WH-EAST,2024-11-11,2024-12-11,2024-12-10,107,8.91,ocean,39.52,delivered,0,953.37,30,29.0,-1.0,1.0
PO-003245,SUP-010,SKU-00042,WH-EAST,2024-11-18,2024-12-13,2024-12-13,101,8.91,rail,44.12,delivered,0,899.91,25,25.0,0.0,1.0
PO-003246,SUP-010,SKU-00042,WH-EAST,2024-12-23,2025-01-22,2025-01-22,116,8.91,ocean,42.88,delivered,0,1033.56,30,30.0,0.0,1.0
PO-003247,SUP-010,SKU-00042,WH-EAST,2025-01-06,2025-02-05,2025-02-09,103,8.91,ocean,31.56,delivered,0,917.73,30,34.0,4.0,0.0
PO-003248,SUP-010,SKU-00042,WH-EAST,2025-02-03,2025-02-13,2025-02-13,76,8.91,air,81.03,delivered,0,677.16,10,10.0,0.0,1.0
PO-003249,SUP-010,SKU-00042,WH-EAST,2025-02-17,2025-02-27,2025-02-26,87,8.91,air,111.52,delivered,0,775.17,10,9.0,-1.0,1.0
PO-003250,SUP-010,SKU-00042,WH-EAST,2025-03-03,2025-04-02,2025-04-09,82,8.91,ocean,24.2,delivered,0,730.62,30,37.0,7.0,0.0
PO-003251,SUP-010,SKU-00042,WH-EAST,2025-03-17,2025-04-16,2025-04-14,80,8.91,ocean,32.19,delivered,0,712.8,30,28.0,-2.0,1.0
PO-003252,SUP-010,SKU-00042,WH-EAST,2025-04-14,2025-05-14,2025-05-11,95,8.91,ocean,34.58,delivered,0,846.45,30,27.0,-3.0,1.0
PO-003253,SUP-010,SKU-00042,WH-EAST,2025-04-28,2025-05-23,2025-05-30,79,8.91,rail,34.57,delivered,0,703.89,25,32.0,7.0,0.0
PO-003254,SUP-010,SKU-00042,WH-EAST,2025-05-19,2025-06-13,2025-06-10,104,8.91,rail,51.62,delivered,0,926.64,25,22.0,-3.0,1.0
PO-003255,SUP-010,SKU-00042,WH-EAST,2025-06-09,2025-07-09,2025-07-06,106,8.91,ocean,35.55,delivered,0,944.46,30,27.0,-3.0,1.0
PO-003256,SUP-010,SKU-00042,WH-EAST,2025-06-23,2025-07-23,2025-07-20,93,8.91,ocean,35.29,delivered,0,828.63,30,27.0,-3.0,1.0
PO-003257,SUP-010,SKU-00042,WH-EAST,2025-07-14,2025-08-08,2025-08-13,97,8.91,rail,36.91,delivered,0,864.27,25,30.0,5.0,0.0
PO-003258,SUP-010,SKU-00042,WH-EAST,2025-07-28,2025-08-27,2025-08-29,80,8.91,ocean,33.72,delivered,0,712.8,30,32.0,2.0,0.0
PO-003259,SUP-010,SKU-00042,WH-EAST,2025-08-18,2025-09-17,2025-09-05,82,8.91,ocean,30.11,delivered,0,730.62,30,18.0,-12.0,1.0
PO-003260,SUP-010,SKU-00042,WH-EAST,2025-09-01,2025-09-26,2025-09-20,90,8.91,rail,37.98,delivered,0,801.9,25,19.0,-6.0,1.0
PO-003261,SUP-010,SKU-00042,WH-EAST,2025-09-15,2025-10-15,2025-10-05,103,8.91,ocean,41.64,delivered,0,917.73,30,20.0,-10.0,1.0
PO-003262,SUP-010,SKU-00042,WH-EAST,2025-09-29,2025-10-09,2025-10-10,118,8.91,air,144.58,delivered,0,1051.38,10,11.0,1.0,0.0
PO-003263,SUP-010,SKU-00042,WH-EAST,2025-10-20,2025-11-19,2025-11-13,132,8.91,ocean,42.13,delivered,0,1176.12,30,24.0,-6.0,1.0
PO-003264,SUP-010,SKU-00042,WH-EAST,2025-11-03,2025-12-03,2025-11-26,90,8.91,ocean,35.38,delivered,0,801.9,30,23.0,-7.0,1.0
PO-003265,SUP-010,SKU-00042,WH-EAST,2025-11-24,2025-12-04,2025-12-06,132,8.91,air,131.32,delivered,0,1176.12,10,12.0,2.0,0.0
PO-003266,SUP-010,SKU-00042,WH-EAST,2025-12-08,2025-12-30,,110,8.91,road,53.94,open,0,980.1,22,,,
PO-003267,SUP-010,SKU-00042,WH-EAST,2025-12-15,2026-01-14,,74,8.91,ocean,26.81,open,0,659.34,30,,,
PO-003268,SUP-008,SKU-00043,WH-WEST,2024-01-22,2024-02-15,2024-03-05,174,56.64,ocean,323.5,delivered,0,9855.36,24,43.0,19.0,0.0
PO-003269,SUP-008,SKU-00043,WH-WEST,2024-02-12,2024-03-07,2024-03-24,163,56.64,ocean,383.85,delivered,0,9232.32,24,41.0,17.0,0.0
PO-003270,SUP-008,SKU-00043,WH-WEST,2024-03-18,2024-04-04,2024-04-04,145,56.64,road,539.86,delivered,0,8212.8,17,17.0,0.0,1.0
PO-003271,SUP-008,SKU-00043,WH-WEST,2024-04-01,2024-04-09,2024-04-13,140,56.64,air,978.35,delivered,0,7929.6,8,12.0,4.0,0.0
PO-003272,SUP-008,SKU-00043,WH-WEST,2024-04-15,2024-05-09,2024-05-26,126,56.64,ocean,296.79,delivered,0,7136.64,24,41.0,17.0,0.0
PO-003273,SUP-008,SKU-00043,WH-WEST,2024-04-29,2024-05-23,2024-05-28,163,56.64,ocean,429.32,delivered,0,9232.32,24,29.0,5.0,0.0
PO-003274,SUP-008,SKU-00043,WH-WEST,2024-06-03,2024-06-20,2024-06-28,159,56.64,road,594.17,delivered,0,9005.76,17,25.0,8.0,0.0
PO-003275,SUP-008,SKU-00043,WH-WEST,2024-06-17,2024-06-25,2024-06-20,178,56.64,air,1153.07,delivered,0,10081.92,8,3.0,-5.0,1.0
PO-003276,SUP-008,SKU-00043,WH-WEST,2024-07-01,2024-07-25,2024-07-31,128,56.64,ocean,338.56,delivered,0,7249.92,24,30.0,6.0,0.0
PO-003277,SUP-008,SKU-00043,WH-WEST,2024-07-15,2024-07-23,2024-07-21,208,56.64,air,1171.4,delivered,0,11781.12,8,6.0,-2.0,1.0
PO-003278,SUP-008,SKU-00043,WH-WEST,2024-07-29,2024-08-22,2024-09-02,143,56.64,ocean,347.28,delivered,0,8099.52,24,35.0,11.0,0.0
PO-003279,SUP-008,SKU-00043,WH-WEST,2024-08-12,2024-08-20,2024-08-21,194,56.64,air,1485.77,delivered,0,10988.16,8,9.0,1.0,0.0
PO-003280,SUP-008,SKU-00043,WH-WEST,2024-09-02,2024-09-21,2024-09-14,192,56.64,rail,478.75,delivered,0,10874.88,19,12.0,-7.0,1.0
PO-003281,SUP-008,SKU-00043,WH-WEST,2024-09-09,2024-09-17,2024-09-14,132,56.64,air,793.09,delivered,0,7476.48,8,5.0,-3.0,1.0
PO-003282,SUP-008,SKU-00043,WH-WEST,2024-09-23,2024-10-17,2024-10-08,170,56.64,ocean,374.44,delivered,0,9628.8,24,15.0,-9.0,1.0
PO-003283,SUP-008,SKU-00043,WH-WEST,2024-10-07,2024-10-31,2024-10-29,167,56.64,ocean,406.11,delivered,0,9458.88,24,22.0,-2.0,1.0
PO-003284,SUP-008,SKU-00043,WH-WEST,2024-10-21,2024-10-29,2024-11-06,170,56.64,air,1064.89,delivered,0,9628.8,8,16.0,8.0,0.0
PO-003285,SUP-008,SKU-00043,WH-WEST,2024-11-11,2024-12-05,2024-12-01,198,56.64,ocean,465.69,delivered,0,11214.72,24,20.0,-4.0,1.0
PO-003286,SUP-008,SKU-00043,WH-WEST,2024-11-25,2024-12-03,2024-12-02,139,56.64,air,865.32,delivered,0,7872.96,8,7.0,-1.0,1.0
PO-003287,SUP-008,SKU-00043,WH-WEST,2024-12-16,2025-01-04,2025-01-03,194,56.64,rail,654.87,delivered,0,10988.16,19,18.0,-1.0,1.0
PO-003288,SUP-008,SKU-00043,WH-WEST,2024-12-30,2025-01-07,2025-01-08,143,56.64,air,784.48,delivered,0,8099.52,8,9.0,1.0,0.0
PO-003289,SUP-008,SKU-00043,WH-WEST,2025-01-13,2025-02-06,2025-02-12,126,56.64,ocean,284.18,delivered,0,7136.64,24,30.0,6.0,0.0
PO-003290,SUP-008,SKU-00043,WH-WEST,2025-01-27,2025-02-04,2025-02-05,186,56.64,air,1503.48,delivered,0,10535.04,8,9.0,1.0,0.0
PO-003291,SUP-008,SKU-00043,WH-WEST,2025-02-17,2025-03-08,2025-03-11,128,56.64,rail,321.99,delivered,0,7249.92,19,22.0,3.0,0.0
PO-003292,SUP-008,SKU-00043,WH-WEST,2025-03-03,2025-03-27,2025-03-26,127,56.64,ocean,344.8,delivered,0,7193.28,24,23.0,-1.0,1.0
PO-003293,SUP-008,SKU-00043,WH-WEST,2025-03-24,2025-04-10,2025-04-15,184,56.64,road,678.73,delivered,0,10421.76,17,22.0,5.0,0.0
PO-003294,SUP-008,SKU-00043,WH-WEST,2025-04-07,2025-04-15,2025-04-14,148,56.64,air,1183.08,delivered,0,8382.72,8,7.0,-1.0,1.0
PO-003295,SUP-008,SKU-00043,WH-WEST,2025-04-28,2025-05-22,2025-05-28,170,56.64,ocean,402.45,delivered,0,9628.8,24,30.0,6.0,0.0
PO-003296,SUP-008,SKU-00043,WH-WEST,2025-05-12,2025-05-20,2025-05-19,167,56.64,air,1068.4,delivered,0,9458.88,8,7.0,-1.0,1.0
PO-003297,SUP-008,SKU-00043,WH-WEST,2025-06-02,2025-06-26,2025-06-23,217,56.64,ocean,410.06,delivered,0,12290.88,24,21.0,-3.0,1.0
PO-003298,SUP-008,SKU-00043,WH-WEST,2025-06-23,2025-07-17,2025-07-21,128,56.64,ocean,339.24,delivered,0,7249.92,24,28.0,4.0,0.0
PO-003299,SUP-008,SKU-00043,WH-WEST,2025-07-07,2025-07-15,2025-07-16,209,56.64,air,1211.93,delivered,0,11837.76,8,9.0,1.0,0.0
PO-003300,SUP-008,SKU-00043,WH-WEST,2025-07-28,2025-08-16,2025-08-15,216,56.64,rail,587.95,delivered,0,12234.24,19,18.0,-1.0,1.0
PO-003301,SUP-008,SKU-00043,WH-WEST,2025-08-18,2025-09-11,2025-09-08,175,56.64,ocean,334.35,delivered,0,9912.0,24,21.0,-3.0,1.0
PO-003302,SUP-008,SKU-00043,WH-WEST,2025-08-25,2025-09-02,2025-09-02,132,56.64,air,889.75,delivered,0,7476.48,8,8.0,0.0,1.0
PO-003303,SUP-008,SKU-00043,WH-WEST,2025-09-08,2025-10-02,2025-09-30,147,56.64,ocean,361.63,delivered,0,8326.08,24,22.0,-2.0,1.0
PO-003304,SUP-008,SKU-00043,WH-WEST,2025-09-15,2025-10-09,2025-10-17,137,56.64,ocean,329.32,delivered,0,7759.68,24,32.0,8.0,0.0
PO-003305,SUP-008,SKU-00043,WH-WEST,2025-10-06,2025-10-14,2025-10-17,179,56.64,air,1222.73,delivered,0,10138.56,8,11.0,3.0,0.0
PO-003306,SUP-008,SKU-00043,WH-WEST,2025-10-27,2025-11-20,2025-11-14,232,56.64,ocean,540.85,delivered,0,13140.48,24,18.0,-6.0,1.0
PO-003307,SUP-008,SKU-00043,WH-WEST,2025-11-17,2025-12-11,2025-12-02,152,56.64,ocean,385.37,delivered,0,8609.28,24,15.0,-9.0,1.0
PO-003308,SUP-008,SKU-00043,WH-WEST,2025-12-01,2025-12-25,2025-12-27,165,56.64,ocean,409.47,delivered,0,9345.6,24,26.0,2.0,0.0
PO-003309,SUP-008,SKU-00043,WH-WEST,2025-12-15,2026-01-01,,172,56.64,road,586.0,open,0,9742.08,17,,,
PO-003310,SUP-008,SKU-00043,WH-SOUTH,2024-01-15,2024-01-23,2024-01-21,113,56.64,air,736.24,delivered,0,6400.32,8,6.0,-2.0,1.0
PO-003311,SUP-008,SKU-00043,WH-SOUTH,2024-02-05,2024-02-24,2024-02-15,132,56.64,rail,409.41,delivered,0,7476.48,19,10.0,-9.0,1.0
PO-003312,SUP-008,SKU-00043,WH-SOUTH,2024-02-26,2024-03-21,2024-03-21,126,56.64,ocean,273.98,delivered,0,7136.64,24,24.0,0.0,1.0
PO-003313,SUP-008,SKU-00043,WH-SOUTH,2024-03-18,2024-03-26,2024-03-27,130,56.64,air,930.49,delivered,0,7363.2,8,9.0,1.0,0.0
PO-003314,SUP-008,SKU-00043,WH-SOUTH,2024-04-01,2024-04-09,2024-04-03,131,56.64,air,923.11,delivered,0,7419.84,8,2.0,-6.0,1.0
PO-003315,SUP-008,SKU-00043,WH-SOUTH,2024-04-15,2024-04-23,2024-04-24,105,56.64,air,797.66,delivered,0,5947.2,8,9.0,1.0,0.0
PO-003316,SUP-008,SKU-00043,WH-SOUTH,2024-04-29,2024-05-07,2024-05-06,111,56.64,air,842.91,delivered,0,6287.04,8,7.0,-1.0,1.0
PO-003317,SUP-008,SKU-00043,WH-SOUTH,2024-05-13,2024-05-21,2024-05-19,140,56.64,air,909.5,delivered,0,7929.6,8,6.0,-2.0,1.0
PO-003318,SUP-008,SKU-00043,WH-SOUTH,2024-05-27,2024-06-04,2024-06-07,145,56.64,air,1029.22,delivered,0,8212.8,8,11.0,3.0,0.0
PO-003319,SUP-008,SKU-00043,WH-SOUTH,2024-06-03,2024-06-11,2024-06-12,97,56.64,air,779.21,delivered,0,5494.08,8,9.0,1.0,0.0
PO-003320,SUP-008,SKU-00043,WH-SOUTH,2024-06-17,2024-07-11,2024-07-11,105,56.64,ocean,195.25,delivered,0,5947.2,24,24.0,0.0,1.0
PO-003321,SUP-008,SKU-00043,WH-SOUTH,2024-07-01,2024-07-09,2024-07-10,159,56.64,air,1085.28,delivered,0,9005.76,8,9.0,1.0,0.0
PO-003322,SUP-008,SKU-00043,WH-SOUTH,2024-07-22,2024-08-10,2024-07-28,173,56.64,rail,587.28,delivered,0,9798.72,19,6.0,-13.0,1.0
PO-003323,SUP-008,SKU-00043,WH-SOUTH,2024-08-05,2024-08-29,2024-08-29,198,56.64,ocean,474.06,delivered,0,11214.72,24,24.0,0.0,1.0
PO-003324,SUP-008,SKU-00043,WH-SOUTH,2024-09-02,2024-09-26,2024-10-08,126,56.64,ocean,254.66,delivered,0,7136.64,24,36.0,12.0,0.0
PO-003325,SUP-008,SKU-00043,WH-SOUTH,2024-09-16,2024-09-24,2024-09-23,139,56.64,air,798.06,delivered,0,7872.96,8,7.0,-1.0,1.0
PO-003326,SUP-008,SKU-00043,WH-SOUTH,2024-10-07,2024-10-15,2024-10-18,139,56.64,air,1056.43,delivered,0,7872.96,8,11.0,3.0,0.0
PO-003327,SUP-008,SKU-00043,WH-SOUTH,2024-10-21,2024-11-14,2024-11-04,135,56.64,ocean,273.06,delivered,0,7646.4,24,14.0,-10.0,1.0
PO-003328,SUP-008,SKU-00043,WH-SOUTH,2024-11-04,2024-11-28,2024-12-10,137,56.64,ocean,365.04,delivered,0,7759.68,24,36.0,12.0,0.0
PO-003329,SUP-008,SKU-00043,WH-SOUTH,2024-11-18,2024-11-26,2024-11-29,128,56.64,air,941.65,delivered,0,7249.92,8,11.0,3.0,0.0
PO-003330,SUP-008,SKU-00043,WH-SOUTH,2024-12-09,2024-12-17,2024-12-14,107,56.64,air,591.99,delivered,0,6060.48,8,5.0,-3.0,1.0
PO-003331,SUP-008,SKU-00043,WH-SOUTH,2024-12-23,2025-01-09,2025-01-09,119,56.64,road,356.42,delivered,0,6740.16,17,17.0,0.0,1.0
PO-003332,SUP-008,SKU-00043,WH-SOUTH,2025-01-06,2025-01-14,2025-01-17,120,56.64,air,665.32,delivered,0,6796.8,8,11.0,3.0,0.0
PO-003333,SUP-008,SKU-00043,WH-SOUTH,2025-01-20,2025-02-13,2025-02-09,163,56.64,ocean,427.17,delivered,0,9232.32,24,20.0,-4.0,1.0
PO-003334,SUP-008,SKU-00043,WH-SOUTH,2025-02-03,2025-02-27,2025-03-08,102,56.64,ocean,264.06,delivered,0,5777.28,24,33.0,9.0,0.0
PO-003335,SUP-008,SKU-00043,WH-SOUTH,2025-02-24,2025-03-20,2025-03-22,133,56.64,ocean,343.22,delivered,0,7533.12,24,26.0,2.0,0.0
PO-003336,SUP-008,SKU-00043,WH-SOUTH,2025-03-17,2025-03-25,2025-03-25,103,56.64,air,752.35,delivered,0,5833.92,8,8.0,0.0,1.0
PO-003337,SUP-008,SKU-00043,WH-SOUTH,2025-03-31,2025-04-19,2025-04-12,119,56.64,rail,346.44,delivered,0,6740.16,19,12.0,-7.0,1.0
PO-003338,SUP-008,SKU-00043,WH-SOUTH,2025-04-14,2025-05-08,2025-04-29,135,56.64,ocean,309.01,delivered,0,7646.4,24,15.0,-9.0,1.0
PO-003339,SUP-008,SKU-00043,WH-SOUTH,2025-04-28,2025-05-06,2025-05-06,124,56.64,air,755.45,delivered,0,7023.36,8,8.0,0.0,1.0
PO-003340,SUP-008,SKU-00043,WH-SOUTH,2025-05-12,2025-05-29,2025-05-24,169,56.64,road,581.68,delivered,0,9572.16,17,12.0,-5.0,1.0
PO-003341,SUP-008,SKU-00043,WH-SOUTH,2025-05-26,2025-06-12,2025-06-19,130,56.64,road,458.91,delivered,0,7363.2,17,24.0,7.0,0.0
PO-003342,SUP-008,SKU-00043,WH-SOUTH,2025-06-09,2025-06-17,2025-06-18,135,56.64,air,947.73,delivered,0,7646.4,8,9.0,1.0,0.0
PO-003343,SUP-008,SKU-00043,WH-SOUTH,2025-06-30,2025-07-24,2025-07-26,172,56.64,ocean,444.43,delivered,0,9742.08,24,26.0,2.0,0.0
PO-003344,SUP-008,SKU-00043,WH-SOUTH,2025-07-28,2025-08-14,2025-08-19,140,56.64,road,521.69,delivered,0,7929.6,17,22.0,5.0,0.0
PO-003345,SUP-008,SKU-00043,WH-SOUTH,2025-08-04,2025-08-12,2025-08-12,110,56.64,air,697.63,delivered,0,6230.4,8,8.0,0.0,1.0
PO-003346,SUP-008,SKU-00043,WH-SOUTH,2025-08-18,2025-08-26,2025-09-01,125,56.64,air,963.24,delivered,0,7080.0,8,14.0,6.0,0.0
PO-003347,SUP-008,SKU-00043,WH-SOUTH,2025-08-25,2025-09-18,2025-09-30,98,56.64,ocean,194.97,delivered,0,5550.72,24,36.0,12.0,0.0
PO-003348,SUP-008,SKU-00043,WH-SOUTH,2025-09-08,2025-09-16,2025-09-18,156,56.64,air,1251.31,delivered,0,8835.84,8,10.0,2.0,0.0
PO-003349,SUP-008,SKU-00043,WH-SOUTH,2025-09-29,2025-10-23,2025-10-25,167,56.64,ocean,386.48,delivered,0,9458.88,24,26.0,2.0,0.0
PO-003350,SUP-008,SKU-00043,WH-SOUTH,2025-10-06,2025-10-14,2025-10-26,98,56.64,air,580.94,delivered,0,5550.72,8,20.0,12.0,0.0
PO-003351,SUP-008,SKU-00043,WH-SOUTH,2025-11-03,2025-11-27,2025-12-03,137,56.64,ocean,323.52,delivered,0,7759.68,24,30.0,6.0,0.0
PO-003352,SUP-008,SKU-00043,WH-SOUTH,2025-11-10,2025-11-18,2025-11-16,123,56.64,air,997.09,delivered,0,6966.72,8,6.0,-2.0,1.0
PO-003353,SUP-008,SKU-00043,WH-SOUTH,2025-11-24,2025-12-02,2025-11-30,103,56.64,air,795.77,delivered,0,5833.92,8,6.0,-2.0,1.0
PO-003354,SUP-008,SKU-00043,WH-SOUTH,2025-12-08,2025-12-25,2025-12-17,133,56.64,road,477.09,delivered,0,7533.12,17,9.0,-8.0,1.0
PO-003355,SUP-008,SKU-00043,WH-SOUTH,2025-12-22,2026-01-08,,143,56.64,road,455.32,open,0,8099.52,17,,,
PO-003356,SUP-008,SKU-00043,WH-APAC,2024-01-15,2024-02-08,2024-02-01,113,56.64,ocean,238.21,delivered,0,6400.32,24,17.0,-7.0,1.0
PO-003357,SUP-008,SKU-00043,WH-APAC,2024-02-05,2024-02-29,2024-02-20,113,56.64,ocean,236.56,delivered,0,6400.32,24,15.0,-9.0,1.0
PO-003358,SUP-008,SKU-00043,WH-APAC,2024-02-19,2024-03-14,2024-03-06,105,56.64,ocean,224.42,delivered,0,5947.2,24,16.0,-8.0,1.0
PO-003359,SUP-008,SKU-00043,WH-APAC,2024-03-04,2024-03-28,2024-03-31,102,56.64,ocean,276.91,delivered,0,5777.28,24,27.0,3.0,0.0
PO-003360,SUP-008,SKU-00043,WH-APAC,2024-03-25,2024-04-02,2024-04-01,136,56.64,air,841.25,delivered,0,7703.04,8,7.0,-1.0,1.0
PO-003361,SUP-008,SKU-00043,WH-APAC,2024-04-08,2024-04-27,2024-05-06,116,56.64,rail,279.72,delivered,0,6570.24,19,28.0,9.0,0.0
PO-003362,SUP-008,SKU-00043,WH-APAC,2024-04-22,2024-04-30,2024-04-28,132,56.64,air,830.38,delivered,0,7476.48,8,6.0,-2.0,1.0
PO-003363,SUP-008,SKU-00043,WH-APAC,2024-05-06,2024-05-30,2024-05-29,107,56.64,ocean,272.25,delivered,0,6060.48,24,23.0,-1.0,1.0
PO-003364,SUP-008,SKU-00043,WH-APAC,2024-05-20,2024-06-08,2024-06-16,122,56.64,rail,393.97,delivered,0,6910.08,19,27.0,8.0,0.0
PO-003365,SUP-008,SKU-00043,WH-APAC,2024-06-03,2024-06-11,2024-06-10,144,56.64,air,858.36,delivered,0,8156.16,8,7.0,-1.0,1.0
PO-003366,SUP-008,SKU-00043,WH-APAC,2024-06-24,2024-07-18,2024-06-30,151,56.64,ocean,282.65,delivered,0,8552.64,24,6.0,-18.0,1.0
PO-003367,SUP-008,SKU-00043,WH-APAC,2024-07-08,2024-08-01,2024-08-09,111,56.64,ocean,268.71,delivered,0,6287.04,24,32.0,8.0,0.0
PO-003368,SUP-008,SKU-00043,WH-APAC,2024-07-22,2024-07-30,2024-08-02,155,56.64,air,1260.35,delivered,0,8779.2,8,11.0,3.0,0.0
PO-003369,SUP-008,SKU-00043,WH-APAC,2024-08-12,2024-08-31,2024-08-31,135,56.64,rail,363.89,delivered,0,7646.4,19,19.0,0.0,1.0
PO-003370,SUP-008,SKU-00043,WH-APAC,2024-08-19,2024-09-05,2024-09-12,100,56.64,road,370.67,delivered,0,5664.0,17,24.0,7.0,0.0
PO-003371,SUP-008,SKU-00043,WH-APAC,2024-09-09,2024-10-03,2024-09-29,136,56.64,ocean,348.72,delivered,0,7703.04,24,20.0,-4.0,1.0
PO-003372,SUP-008,SKU-00043,WH-APAC,2024-09-16,2024-10-10,2024-10-05,96,56.64,ocean,210.84,delivered,0,5437.44,24,19.0,-5.0,1.0
PO-003373,SUP-008,SKU-00043,WH-APAC,2024-10-07,2024-10-15,2024-10-17,132,56.64,air,958.07,delivered,0,7476.48,8,10.0,2.0,0.0
PO-003374,SUP-008,SKU-00043,WH-APAC,2024-10-21,2024-10-29,2024-10-28,147,56.64,air,1007.97,delivered,0,8326.08,8,7.0,-1.0,1.0
PO-003375,SUP-008,SKU-00043,WH-APAC,2024-11-04,2024-11-23,2024-12-01,129,56.64,rail,390.73,delivered,0,7306.56,19,27.0,8.0,0.0
PO-003376,SUP-008,SKU-00043,WH-APAC,2024-11-18,2024-12-12,2024-12-12,137,56.64,ocean,276.44,delivered,0,7759.68,24,24.0,0.0,1.0
PO-003377,SUP-008,SKU-00043,WH-APAC,2024-12-16,2024-12-24,2024-12-25,167,56.64,air,1226.55,delivered,0,9458.88,8,9.0,1.0,0.0
PO-003378,SUP-008,SKU-00043,WH-APAC,2024-12-30,2025-01-16,2025-01-16,117,56.64,road,400.99,delivered,0,6626.88,17,17.0,0.0,1.0
PO-003379,SUP-008,SKU-00043,WH-APAC,2025-01-20,2025-02-08,2025-02-06,168,56.64,rail,414.83,delivered,0,9515.52,19,17.0,-2.0,1.0
PO-003380,SUP-008,SKU-00043,WH-APAC,2025-02-03,2025-02-11,2025-02-12,98,56.64,air,755.03,delivered,0,5550.72,8,9.0,1.0,0.0
PO-003381,SUP-008,SKU-00043,WH-APAC,2025-02-17,2025-02-25,2025-02-24,105,56.64,air,846.56,delivered,0,5947.2,8,7.0,-1.0,1.0
PO-003382,SUP-008,SKU-00043,WH-APAC,2025-03-03,2025-03-27,2025-04-01,112,56.64,ocean,248.74,delivered,0,6343.68,24,29.0,5.0,0.0
PO-003383,SUP-008,SKU-00043,WH-APAC,2025-03-17,2025-03-25,2025-03-23,116,56.64,air,944.32,delivered,0,6570.24,8,6.0,-2.0,1.0
PO-003384,SUP-008,SKU-00043,WH-APAC,2025-03-31,2025-04-08,2025-04-05,132,56.64,air,946.24,delivered,0,7476.48,8,5.0,-3.0,1.0
PO-003385,SUP-008,SKU-00043,WH-APAC,2025-04-14,2025-05-03,2025-04-28,101,56.64,rail,298.98,delivered,0,5720.64,19,14.0,-5.0,1.0
PO-003386,SUP-008,SKU-00043,WH-APAC,2025-04-28,2025-05-22,2025-05-15,153,56.64,ocean,383.17,delivered,0,8665.92,24,17.0,-7.0,1.0
PO-003387,SUP-008,SKU-00043,WH-APAC,2025-05-12,2025-06-05,2025-05-31,106,56.64,ocean,238.64,delivered,0,6003.84,24,19.0,-5.0,1.0
PO-003388,SUP-008,SKU-00043,WH-APAC,2025-05-26,2025-06-03,2025-05-28,136,56.64,air,958.64,delivered,0,7703.04,8,2.0,-6.0,1.0
PO-003389,SUP-008,SKU-00043,WH-APAC,2025-06-09,2025-07-03,2025-07-01,172,56.64,ocean,375.63,delivered,0,9742.08,24,22.0,-2.0,1.0
PO-003390,SUP-008,SKU-00043,WH-APAC,2025-07-07,2025-07-24,2025-07-18,180,56.64,road,553.8,delivered,0,10195.2,17,11.0,-6.0,1.0
PO-003391,SUP-008,SKU-00043,WH-APAC,2025-07-21,2025-07-29,2025-08-02,157,56.64,air,901.66,delivered,0,8892.48,8,12.0,4.0,0.0
PO-003392,SUP-008,SKU-00043,WH-APAC,2025-07-28,2025-08-05,2025-08-03,109,56.64,air,699.71,delivered,0,6173.76,8,6.0,-2.0,1.0
PO-003393,SUP-008,SKU-00043,WH-APAC,2025-08-11,2025-08-28,2025-08-23,105,56.64,road,388.54,delivered,0,5947.2,17,12.0,-5.0,1.0
PO-003394,SUP-008,SKU-00043,WH-APAC,2025-08-18,2025-09-11,2025-09-10,106,56.64,ocean,200.29,delivered,0,6003.84,24,23.0,-1.0,1.0
PO-003395,SUP-008,SKU-00043,WH-APAC,2025-09-01,2025-09-20,2025-09-12,145,56.64,rail,435.21,delivered,0,8212.8,19,11.0,-8.0,1.0
PO-003396,SUP-008,SKU-00043,WH-APAC,2025-09-15,2025-10-04,2025-09-27,124,56.64,rail,380.89,delivered,0,7023.36,19,12.0,-7.0,1.0
PO-003397,SUP-008,SKU-00043,WH-APAC,2025-09-29,2025-10-23,2025-10-27,175,56.64,ocean,445.78,delivered,0,9912.0,24,28.0,4.0,0.0
PO-003398,SUP-008,SKU-00043,WH-APAC,2025-10-27,2025-11-04,2025-11-04,108,56.64,air,720.13,delivered,0,6117.12,8,8.0,0.0,1.0
PO-003399,SUP-008,SKU-00043,WH-APAC,2025-11-03,2025-11-11,2025-11-08,137,56.64,air,1071.93,delivered,0,7759.68,8,5.0,-3.0,1.0
PO-003400,SUP-008,SKU-00043,WH-APAC,2025-11-17,2025-11-25,2025-11-25,172,56.64,air,1071.81,delivered,0,9742.08,8,8.0,0.0,1.0
PO-003401,SUP-008,SKU-00043,WH-APAC,2025-12-01,2025-12-20,2025-12-24,137,56.64,rail,455.56,delivered,0,7759.68,19,23.0,4.0,0.0
PO-003402,SUP-008,SKU-00043,WH-APAC,2025-12-15,2026-01-08,,129,56.64,ocean,287.76,open,0,7306.56,24,,,
PO-003403,SUP-006,SKU-00044,WH-SOUTH,2024-01-15,2024-02-12,2024-02-15,329,25.03,ocean,275.05,delivered,0,8234.87,28,31.0,3.0,0.0
PO-003404,SUP-006,SKU-00044,WH-SOUTH,2024-01-29,2024-02-26,2024-02-24,282,25.03,ocean,292.32,delivered,0,7058.46,28,26.0,-2.0,1.0
PO-003405,SUP-006,SKU-00044,WH-SOUTH,2024-02-26,2024-03-25,2024-04-01,365,25.03,ocean,353.22,delivered,0,9135.95,28,35.0,7.0,0.0
PO-003406,SUP-006,SKU-00044,WH-SOUTH,2024-03-11,2024-04-08,2024-04-08,259,25.03,ocean,266.63,delivered,0,6482.77,28,28.0,0.0,1.0
PO-003407,SUP-006,SKU-00044,WH-SOUTH,2024-04-08,2024-05-06,2024-05-05,304,25.03,ocean,341.72,delivered,0,7609.12,28,27.0,-1.0,1.0
PO-003408,SUP-006,SKU-00044,WH-SOUTH,2024-04-29,2024-05-27,2024-05-26,275,25.03,ocean,224.71,delivered,0,6883.25,28,27.0,-1.0,1.0
PO-003409,SUP-006,SKU-00044,WH-SOUTH,2024-05-27,2024-06-24,2024-06-18,331,25.03,ocean,367.58,delivered,0,8284.93,28,22.0,-6.0,1.0
PO-003410,SUP-006,SKU-00044,WH-SOUTH,2024-06-17,2024-07-15,2024-07-05,259,25.03,ocean,256.66,delivered,0,6482.77,28,18.0,-10.0,1.0
PO-003411,SUP-006,SKU-00044,WH-SOUTH,2024-07-08,2024-08-05,2024-08-19,288,25.03,ocean,338.13,delivered,0,7208.64,28,42.0,14.0,0.0
PO-003412,SUP-006,SKU-00044,WH-SOUTH,2024-07-29,2024-08-19,2024-08-19,349,25.03,road,533.76,delivered,0,8735.47,21,21.0,0.0,1.0
PO-003413,SUP-006,SKU-00044,WH-SOUTH,2024-08-26,2024-09-23,2024-09-25,298,25.03,ocean,334.72,delivered,0,7458.94,28,30.0,2.0,0.0
PO-003414,SUP-006,SKU-00044,WH-SOUTH,2024-09-09,2024-09-18,2024-09-21,316,25.03,air,875.94,delivered,0,7909.48,9,12.0,3.0,0.0
PO-003415,SUP-006,SKU-00044,WH-SOUTH,2024-09-30,2024-10-28,2024-10-24,385,25.03,ocean,333.13,delivered,0,9636.55,28,24.0,-4.0,1.0
PO-003416,SUP-006,SKU-00044,WH-SOUTH,2024-10-14,2024-11-04,2024-10-30,390,25.03,road,614.56,delivered,0,9761.7,21,16.0,-5.0,1.0
PO-003417,SUP-006,SKU-00044,WH-SOUTH,2024-11-04,2024-12-02,2024-12-02,320,25.03,ocean,302.64,delivered,0,8009.6,28,28.0,0.0,1.0
PO-003418,SUP-006,SKU-00044,WH-SOUTH,2024-11-18,2024-12-16,2024-12-21,374,25.03,ocean,344.24,delivered,0,9361.22,28,33.0,5.0,0.0
PO-003419,SUP-006,SKU-00044,WH-SOUTH,2024-12-09,2024-12-30,2025-01-02,294,25.03,road,397.35,delivered,0,7358.82,21,24.0,3.0,0.0
PO-003420,SUP-006,SKU-00044,WH-SOUTH,2024-12-30,2025-01-27,2025-01-25,399,25.03,ocean,340.22,delivered,0,9986.97,28,26.0,-2.0,1.0
PO-003421,SUP-006,SKU-00044,WH-SOUTH,2025-01-13,2025-01-22,2025-01-22,375,25.03,air,1044.26,delivered,0,9386.25,9,9.0,0.0,1.0
PO-003422,SUP-006,SKU-00044,WH-SOUTH,2025-02-03,2025-03-03,2025-03-01,275,25.03,ocean,274.09,delivered,0,6883.25,28,26.0,-2.0,1.0
PO-003423,SUP-006,SKU-00044,WH-SOUTH,2025-02-17,2025-02-26,2025-02-27,274,25.03,air,879.24,delivered,0,6858.22,9,10.0,1.0,0.0
PO-003424,SUP-006,SKU-00044,WH-SOUTH,2025-03-03,2025-03-31,2025-03-26,276,25.03,ocean,258.12,delivered,0,6908.28,28,23.0,-5.0,1.0
PO-003425,SUP-006,SKU-00044,WH-SOUTH,2025-03-17,2025-04-09,2025-04-06,260,25.03,rail,307.24,delivered,0,6507.8,23,20.0,-3.0,1.0
PO-003426,SUP-006,SKU-00044,WH-SOUTH,2025-03-31,2025-04-09,2025-04-17,265,25.03,air,846.77,delivered,0,6632.95,9,17.0,8.0,0.0
PO-003427,SUP-006,SKU-00044,WH-SOUTH,2025-04-14,2025-04-23,2025-04-25,281,25.03,air,676.89,delivered,0,7033.43,9,11.0,2.0,0.0
PO-003428,SUP-006,SKU-00044,WH-SOUTH,2025-05-05,2025-05-14,2025-05-15,298,25.03,air,877.3,delivered,0,7458.94,9,10.0,1.0,0.0
PO-003429,SUP-006,SKU-00044,WH-SOUTH,2025-05-26,2025-06-23,2025-06-22,282,25.03,ocean,236.09,delivered,0,7058.46,28,27.0,-1.0,1.0
PO-003430,SUP-006,SKU-00044,WH-SOUTH,2025-06-16,2025-07-14,2025-07-19,317,25.03,ocean,325.36,delivered,0,7934.51,28,33.0,5.0,0.0
PO-003431,SUP-006,SKU-00044,WH-SOUTH,2025-07-07,2025-08-04,2025-08-15,317,25.03,ocean,260.22,delivered,0,7934.51,28,39.0,11.0,0.0
PO-003432,SUP-006,SKU-00044,WH-SOUTH,2025-07-28,2025-08-25,2025-08-21,309,25.03,ocean,323.82,delivered,0,7734.27,28,24.0,-4.0,1.0
PO-003433,SUP-006,SKU-00044,WH-SOUTH,2025-08-25,2025-09-17,2025-09-18,386,25.03,rail,562.48,delivered,0,9661.58,23,24.0,1.0,0.0
PO-003434,SUP-006,SKU-00044,WH-SOUTH,2025-09-08,2025-09-17,2025-09-17,272,25.03,air,714.94,delivered,0,6808.16,9,9.0,0.0,1.0
PO-003435,SUP-006,SKU-00044,WH-SOUTH,2025-09-29,2025-10-27,2025-10-25,449,25.03,ocean,409.24,delivered,0,11238.47,28,26.0,-2.0,1.0
PO-003436,SUP-006,SKU-00044,WH-SOUTH,2025-10-13,2025-11-10,2025-11-14,326,25.03,ocean,375.62,delivered,0,8159.78,28,32.0,4.0,0.0
PO-003437,SUP-006,SKU-00044,WH-SOUTH,2025-11-03,2025-12-01,2025-12-02,273,25.03,ocean,233.66,delivered,0,6833.19,28,29.0,1.0,0.0
PO-003438,SUP-006,SKU-00044,WH-SOUTH,2025-11-17,2025-12-08,2025-12-07,282,25.03,road,495.23,delivered,0,7058.46,21,20.0,-1.0,1.0
PO-003439,SUP-006,SKU-00044,WH-SOUTH,2025-12-08,2025-12-31,,409,25.03,rail,482.14,open,0,10237.27,23,,,
PO-003440,SUP-006,SKU-00044,WH-SOUTH,2025-12-22,2025-12-31,,359,25.03,air,1269.18,open,0,8985.77,9,,,
PO-003441,SUP-004,SKU-00045,WH-WEST,2024-01-22,2024-02-18,2024-02-27,287,8.52,ocean,111.17,delivered,0,2445.24,27,36.0,9.0,0.0
PO-003442,SUP-004,SKU-00045,WH-WEST,2024-02-12,2024-03-05,2024-03-02,293,8.52,rail,103.57,delivered,0,2496.36,22,19.0,-3.0,1.0
PO-003443,SUP-004,SKU-00045,WH-WEST,2024-03-18,2024-04-14,2024-04-05,275,8.52,ocean,95.07,delivered,0,2343.0,27,18.0,-9.0,1.0
PO-003444,SUP-004,SKU-00045,WH-WEST,2024-04-01,2024-04-10,2024-04-10,224,8.52,air,222.28,delivered,0,1908.48,9,9.0,0.0,1.0
PO-003445,SUP-004,SKU-00045,WH-WEST,2024-04-22,2024-05-19,2024-05-23,311,8.52,ocean,125.99,delivered,0,2649.72,27,31.0,4.0,0.0
PO-003446,SUP-004,SKU-00045,WH-WEST,2024-05-06,2024-05-15,2024-05-17,251,8.52,air,206.83,delivered,0,2138.52,9,11.0,2.0,0.0
PO-003447,SUP-004,SKU-00045,WH-WEST,2024-05-27,2024-06-23,2024-06-28,211,8.52,ocean,76.7,delivered,0,1797.72,27,32.0,5.0,0.0
PO-003448,SUP-004,SKU-00045,WH-WEST,2024-06-17,2024-07-14,2024-07-09,275,8.52,ocean,101.32,delivered,0,2343.0,27,22.0,-5.0,1.0
PO-003449,SUP-004,SKU-00045,WH-WEST,2024-07-08,2024-08-04,2024-07-31,271,8.52,ocean,104.01,delivered,0,2308.92,27,23.0,-4.0,1.0
PO-003450,SUP-004,SKU-00045,WH-WEST,2024-07-22,2024-08-18,2024-08-19,214,8.52,ocean,62.94,delivered,0,1823.28,27,28.0,1.0,0.0
PO-003451,SUP-004,SKU-00045,WH-WEST,2024-08-05,2024-09-01,2024-08-29,195,8.52,ocean,56.19,delivered,0,1661.4,27,24.0,-3.0,1.0
PO-003452,SUP-004,SKU-00045,WH-WEST,2024-08-19,2024-08-28,2024-09-01,202,8.52,air,241.94,delivered,0,1721.04,9,13.0,4.0,0.0
PO-003453,SUP-004,SKU-00045,WH-WEST,2024-09-02,2024-09-22,2024-09-25,240,8.52,road,103.17,delivered,0,2044.8,20,23.0,3.0,0.0
PO-003454,SUP-004,SKU-00045,WH-WEST,2024-09-16,2024-10-13,2024-10-14,229,8.52,ocean,75.08,delivered,0,1951.08,27,28.0,1.0,0.0
PO-003455,SUP-004,SKU-00045,WH-WEST,2024-09-30,2024-10-27,2024-10-22,290,8.52,ocean,87.35,delivered,0,2470.8,27,22.0,-5.0,1.0
PO-003456,SUP-004,SKU-00045,WH-WEST,2024-10-21,2024-11-17,2024-11-13,231,8.52,ocean,81.02,delivered,0,1968.12,27,23.0,-4.0,1.0
PO-003457,SUP-004,SKU-00045,WH-WEST,2024-11-04,2024-11-13,2024-11-15,292,8.52,air,342.27,delivered,0,2487.84,9,11.0,2.0,0.0
PO-003458,SUP-004,SKU-00045,WH-WEST,2024-11-25,2024-12-22,2024-12-29,273,8.52,ocean,86.22,delivered,0,2325.96,27,34.0,7.0,0.0
PO-003459,SUP-004,SKU-00045,WH-WEST,2024-12-09,2025-01-05,2025-01-12,212,8.52,ocean,59.21,delivered,0,1806.24,27,34.0,7.0,0.0
PO-003460,SUP-004,SKU-00045,WH-WEST,2025-01-13,2025-02-09,2025-02-06,308,8.52,ocean,112.35,delivered,0,2624.16,27,24.0,-3.0,1.0
PO-003461,SUP-004,SKU-00045,WH-WEST,2025-01-27,2025-02-05,2025-02-03,225,8.52,air,246.42,delivered,0,1917.0,9,7.0,-2.0,1.0
PO-003462,SUP-004,SKU-00045,WH-WEST,2025-02-10,2025-03-04,2025-03-09,224,8.52,rail,112.58,delivered,0,1908.48,22,27.0,5.0,0.0
PO-003463,SUP-004,SKU-00045,WH-WEST,2025-02-24,2025-03-05,2025-03-04,292,8.52,air,353.55,delivered,0,2487.84,9,8.0,-1.0,1.0
PO-003464,SUP-004,SKU-00045,WH-WEST,2025-03-17,2025-04-06,2025-04-05,302,8.52,road,174.1,delivered,0,2573.04,20,19.0,-1.0,1.0
PO-003465,SUP-004,SKU-00045,WH-WEST,2025-03-31,2025-04-22,2025-04-20,203,8.52,rail,102.7,delivered,0,1729.56,22,20.0,-2.0,1.0
PO-003466,SUP-004,SKU-00045,WH-WEST,2025-04-14,2025-04-23,2025-04-23,214,8.52,air,242.44,delivered,0,1823.28,9,9.0,0.0,1.0
PO-003467,SUP-004,SKU-00045,WH-WEST,2025-04-28,2025-05-25,2025-05-23,225,8.52,ocean,78.54,delivered,0,1917.0,27,25.0,-2.0,1.0
PO-003468,SUP-004,SKU-00045,WH-WEST,2025-05-12,2025-06-08,2025-06-04,268,8.52,ocean,79.6,delivered,0,2283.36,27,23.0,-4.0,1.0
PO-003469,SUP-004,SKU-00045,WH-WEST,2025-06-02,2025-06-29,2025-07-03,295,8.52,ocean,82.09,delivered,0,2513.4,27,31.0,4.0,0.0
PO-003470,SUP-004,SKU-00045,WH-WEST,2025-06-09,2025-06-18,2025-06-28,237,8.52,air,196.45,delivered,0,2019.24,9,19.0,10.0,0.0
PO-003471,SUP-004,SKU-00045,WH-WEST,2025-07-07,2025-08-03,2025-08-05,251,8.52,ocean,79.06,delivered,0,2138.52,27,29.0,2.0,0.0
PO-003472,SUP-004,SKU-00045,WH-WEST,2025-07-21,2025-08-17,2025-08-13,254,8.52,ocean,76.25,delivered,0,2164.08,27,23.0,-4.0,1.0
PO-003473,SUP-004,SKU-00045,WH-WEST,2025-08-11,2025-09-07,2025-08-30,223,8.52,ocean,69.83,delivered,0,1899.96,27,19.0,-8.0,1.0
PO-003474,SUP-004,SKU-00045,WH-WEST,2025-08-25,2025-09-03,2025-08-30,304,8.52,air,340.34,delivered,0,2590.08,9,5.0,-4.0,1.0
PO-003475,SUP-004,SKU-00045,WH-WEST,2025-09-08,2025-10-05,2025-10-08,248,8.52,ocean,67.86,delivered,0,2112.96,27,30.0,3.0,0.0
PO-003476,SUP-004,SKU-00045,WH-WEST,2025-09-22,2025-10-19,2025-10-21,271,8.52,ocean,99.01,delivered,0,2308.92,27,29.0,2.0,0.0
PO-003477,SUP-004,SKU-00045,WH-WEST,2025-10-20,2025-10-29,2025-10-28,312,8.52,air,345.17,delivered,0,2658.24,9,8.0,-1.0,1.0
PO-003478,SUP-004,SKU-00045,WH-WEST,2025-11-03,2025-11-25,2025-11-29,300,8.52,rail,106.95,delivered,0,2556.0,22,26.0,4.0,0.0
PO-003479,SUP-004,SKU-00045,WH-WEST,2025-11-17,2025-11-26,2025-11-25,283,8.52,air,284.6,delivered,0,2411.16,9,8.0,-1.0,1.0
PO-003480,SUP-004,SKU-00045,WH-WEST,2025-12-08,2025-12-17,2025-12-16,243,8.52,air,268.98,delivered,0,2070.36,9,8.0,-1.0,1.0
PO-003481,SUP-004,SKU-00045,WH-WEST,2025-12-22,2026-01-18,,232,8.52,ocean,67.08,open,0,1976.64,27,,,
PO-003482,SUP-004,SKU-00045,WH-EAST,2024-01-15,2024-02-11,2024-02-17,348,8.52,ocean,118.52,delivered,0,2964.96,27,33.0,6.0,0.0
PO-003483,SUP-004,SKU-00045,WH-EAST,2024-02-05,2024-02-14,2024-02-12,391,8.52,air,323.44,delivered,0,3331.32,9,7.0,-2.0,1.0
PO-003484,SUP-004,SKU-00045,WH-EAST,2024-02-26,2024-03-24,2024-03-26,394,8.52,ocean,111.54,delivered,0,3356.88,27,29.0,2.0,0.0
PO-003485,SUP-004,SKU-00045,WH-EAST,2024-03-11,2024-03-20,2024-03-17,290,8.52,air,239.09,delivered,0,2470.8,9,6.0,-3.0,1.0
PO-003486,SUP-004,SKU-00045,WH-EAST,2024-04-01,2024-04-10,2024-04-10,362,8.52,air,321.18,delivered,0,3084.24,9,9.0,0.0,1.0
PO-003487,SUP-004,SKU-00045,WH-EAST,2024-04-22,2024-05-01,2024-04-28,368,8.52,air,373.55,delivered,0,3135.36,9,6.0,-3.0,1.0
PO-003488,SUP-004,SKU-00045,WH-EAST,2024-05-06,2024-05-15,2024-05-13,283,8.52,air,291.12,delivered,0,2411.16,9,7.0,-2.0,1.0
PO-003489,SUP-004,SKU-00045,WH-EAST,2024-05-20,2024-06-16,2024-06-18,278,8.52,ocean,85.03,delivered,0,2368.56,27,29.0,2.0,0.0
PO-003490,SUP-004,SKU-00045,WH-EAST,2024-06-10,2024-07-07,2024-07-08,421,8.52,ocean,117.1,delivered,0,3586.92,27,28.0,1.0,0.0
PO-003491,SUP-004,SKU-00045,WH-EAST,2024-07-01,2024-07-28,2024-07-28,394,8.52,ocean,113.93,delivered,0,3356.88,27,27.0,0.0,1.0
PO-003492,SUP-004,SKU-00045,WH-EAST,2024-07-22,2024-08-18,2024-08-10,332,8.52,ocean,135.56,delivered,0,2828.64,27,19.0,-8.0,1.0
PO-003493,SUP-004,SKU-00045,WH-EAST,2024-08-05,2024-08-14,2024-08-17,292,8.52,air,352.14,delivered,0,2487.84,9,12.0,3.0,0.0
PO-003494,SUP-004,SKU-00045,WH-EAST,2024-08-19,2024-09-10,2024-09-19,377,8.52,rail,150.97,delivered,0,3212.04,22,31.0,9.0,0.0
PO-003495,SUP-004,SKU-00045,WH-EAST,2024-09-02,2024-09-29,2024-10-06,302,8.52,ocean,106.93,delivered,0,2573.04,27,34.0,7.0,0.0
PO-003496,SUP-004,SKU-00045,WH-EAST,2024-09-30,2024-10-09,2024-10-06,404,8.52,air,336.38,delivered,0,3442.08,9,6.0,-3.0,1.0
PO-003497,SUP-004,SKU-00045,WH-EAST,2024-10-14,2024-10-23,2024-10-23,397,8.52,air,406.91,delivered,0,3382.44,9,9.0,0.0,1.0
PO-003498,SUP-004,SKU-00045,WH-EAST,2024-10-28,2024-11-17,2024-11-24,329,8.52,road,158.58,delivered,0,2803.08,20,27.0,7.0,0.0
PO-003499,SUP-004,SKU-00045,WH-EAST,2024-11-11,2024-12-03,2024-12-04,335,8.52,rail,146.43,delivered,0,2854.2,22,23.0,1.0,0.0
PO-003500,SUP-004,SKU-00045,WH-EAST,2024-12-02,2024-12-11,2024-12-10,443,8.52,air,401.93,delivered,0,3774.36,9,8.0,-1.0,1.0
PO-003501,SUP-004,SKU-00045,WH-EAST,2024-12-16,2024-12-25,2024-12-27,321,8.52,air,337.54,delivered,0,2734.92,9,11.0,2.0,0.0
PO-003502,SUP-004,SKU-00045,WH-EAST,2024-12-30,2025-01-26,2025-01-21,331,8.52,ocean,96.54,delivered,0,2820.12,27,22.0,-5.0,1.0
PO-003503,SUP-004,SKU-00045,WH-EAST,2025-01-13,2025-01-22,2025-01-18,309,8.52,air,281.29,delivered,0,2632.68,9,5.0,-4.0,1.0
PO-003504,SUP-004,SKU-00045,WH-EAST,2025-02-03,2025-03-02,2025-02-23,379,8.52,ocean,140.1,delivered,0,3229.08,27,20.0,-7.0,1.0
PO-003505,SUP-004,SKU-00045,WH-EAST,2025-02-17,2025-03-16,2025-03-22,336,8.52,ocean,131.29,delivered,0,2862.72,27,33.0,6.0,0.0
PO-003506,SUP-004,SKU-00045,WH-EAST,2025-03-03,2025-03-23,2025-03-21,339,8.52,road,169.5,delivered,0,2888.28,20,18.0,-2.0,1.0
PO-003507,SUP-004,SKU-00045,WH-EAST,2025-03-24,2025-04-02,2025-04-08,282,8.52,air,315.7,delivered,0,2402.64,9,15.0,6.0,0.0
PO-003508,SUP-004,SKU-00045,WH-EAST,2025-04-07,2025-05-04,2025-05-03,300,8.52,ocean,89.6,delivered,0,2556.0,27,26.0,-1.0,1.0
PO-003509,SUP-004,SKU-00045,WH-EAST,2025-04-28,2025-05-07,2025-05-09,461,8.52,air,443.84,delivered,0,3927.72,9,11.0,2.0,0.0
PO-003510,SUP-004,SKU-00045,WH-EAST,2025-05-12,2025-06-08,2025-06-09,314,8.52,ocean,97.94,delivered,0,2675.28,27,28.0,1.0,0.0
PO-003511,SUP-004,SKU-00045,WH-EAST,2025-05-26,2025-06-22,2025-06-23,425,8.52,ocean,166.46,delivered,0,3621.0,27,28.0,1.0,0.0
PO-003512,SUP-004,SKU-00045,WH-EAST,2025-06-16,2025-07-13,2025-07-16,294,8.52,ocean,81.17,delivered,0,2504.88,27,30.0,3.0,0.0
PO-003513,SUP-004,SKU-00045,WH-EAST,2025-06-30,2025-07-09,2025-07-09,312,8.52,air,378.97,delivered,0,2658.24,9,9.0,0.0,1.0
PO-003514,SUP-004,SKU-00045,WH-EAST,2025-07-14,2025-08-10,2025-08-12,392,8.52,ocean,131.09,delivered,0,3339.84,27,29.0,2.0,0.0
PO-003515,SUP-004,SKU-00045,WH-EAST,2025-07-28,2025-08-06,2025-08-07,366,8.52,air,381.67,delivered,0,3118.32,9,10.0,1.0,0.0
PO-003516,SUP-004,SKU-00045,WH-EAST,2025-08-18,2025-09-14,2025-09-13,435,8.52,ocean,125.25,delivered,0,3706.2,27,26.0,-1.0,1.0
PO-003517,SUP-004,SKU-00045,WH-EAST,2025-09-01,2025-09-10,2025-09-12,323,8.52,air,310.07,delivered,0,2751.96,9,11.0,2.0,0.0
PO-003518,SUP-004,SKU-00045,WH-EAST,2025-09-22,2025-10-19,2025-10-20,376,8.52,ocean,146.75,delivered,0,3203.52,27,28.0,1.0,0.0
PO-003519,SUP-004,SKU-00045,WH-EAST,2025-10-06,2025-10-28,2025-10-28,355,8.52,rail,136.93,delivered,0,3024.6,22,22.0,0.0,1.0
PO-003520,SUP-004,SKU-00045,WH-EAST,2025-10-27,2025-11-05,2025-11-05,340,8.52,air,395.31,delivered,0,2896.8,9,9.0,0.0,1.0
PO-003521,SUP-004,SKU-00045,WH-EAST,2025-11-10,2025-12-02,2025-12-15,320,8.52,rail,128.1,delivered,0,2726.4,22,35.0,13.0,0.0
PO-003522,SUP-004,SKU-00045,WH-EAST,2025-11-24,2025-12-21,2025-12-24,329,8.52,ocean,114.97,delivered,0,2803.08,27,30.0,3.0,0.0
PO-003523,SUP-004,SKU-00045,WH-EAST,2025-12-22,2025-12-31,,376,8.52,air,315.74,open,0,3203.52,9,,,
PO-003524,SUP-013,SKU-00046,WH-APAC,2024-01-15,2024-01-31,2024-02-01,185,13.89,road,153.1,delivered,0,2569.65,16,17.0,1.0,0.0
PO-003525,SUP-013,SKU-00046,WH-APAC,2024-02-05,2024-02-27,2024-03-04,233,13.89,ocean,109.15,delivered,0,3236.37,22,28.0,6.0,0.0
PO-003526,SUP-013,SKU-00046,WH-APAC,2024-02-26,2024-03-04,2024-03-07,239,13.89,air,379.49,delivered,0,3319.71,7,10.0,3.0,0.0
PO-003527,SUP-013,SKU-00046,WH-APAC,2024-03-18,2024-04-09,2024-04-12,227,13.89,ocean,105.42,delivered,0,3153.03,22,25.0,3.0,0.0
PO-003528,SUP-013,SKU-00046,WH-APAC,2024-04-01,2024-04-08,2024-04-09,222,13.89,air,339.68,delivered,0,3083.58,7,8.0,1.0,0.0
PO-003529,SUP-013,SKU-00046,WH-APAC,2024-04-22,2024-05-10,2024-05-13,273,13.89,rail,195.7,delivered,0,3791.97,18,21.0,3.0,0.0
PO-003530,SUP-013,SKU-00046,WH-APAC,2024-05-06,2024-05-28,2024-06-05,199,13.89,ocean,118.76,delivered,0,2764.11,22,30.0,8.0,0.0
PO-003531,SUP-013,SKU-00046,WH-APAC,2024-05-27,2024-06-03,2024-06-08,273,13.89,air,402.66,delivered,0,3791.97,7,12.0,5.0,0.0
PO-003532,SUP-013,SKU-00046,WH-APAC,2024-06-17,2024-07-09,2024-07-03,286,13.89,ocean,174.19,delivered,0,3972.54,22,16.0,-6.0,1.0
PO-003533,SUP-013,SKU-00046,WH-APAC,2024-07-01,2024-07-08,2024-07-08,186,13.89,air,277.36,delivered,0,2583.54,7,7.0,0.0,1.0
PO-003534,SUP-013,SKU-00046,WH-APAC,2024-07-15,2024-08-02,2024-07-28,330,13.89,rail,217.87,delivered,0,4583.7,18,13.0,-5.0,1.0
PO-003535,SUP-013,SKU-00046,WH-APAC,2024-07-29,2024-08-05,2024-08-04,187,13.89,air,330.06,delivered,0,2597.43,7,6.0,-1.0,1.0
PO-003536,SUP-013,SKU-00046,WH-APAC,2024-08-12,2024-09-03,2024-09-05,360,13.89,ocean,172.74,delivered,0,5000.4,22,24.0,2.0,0.0
PO-003537,SUP-013,SKU-00046,WH-APAC,2024-09-09,2024-09-27,2024-10-09,213,13.89,rail,121.9,delivered,0,2958.57,18,30.0,12.0,0.0
PO-003538,SUP-013,SKU-00046,WH-APAC,2024-09-23,2024-09-30,2024-09-29,259,13.89,air,478.35,delivered,0,3597.51,7,6.0,-1.0,1.0
PO-003539,SUP-013,SKU-00046,WH-APAC,2024-10-21,2024-11-12,2024-11-07,293,13.89,ocean,154.74,delivered,0,4069.77,22,17.0,-5.0,1.0
PO-003540,SUP-013,SKU-00046,WH-APAC,2024-11-11,2024-11-29,2024-12-01,294,13.89,rail,204.91,delivered,0,4083.66,18,20.0,2.0,0.0
PO-003541,SUP-013,SKU-00046,WH-APAC,2024-12-02,2024-12-18,2024-12-14,218,13.89,road,181.15,delivered,0,3028.02,16,12.0,-4.0,1.0
PO-003542,SUP-013,SKU-00046,WH-APAC,2024-12-16,2024-12-23,2024-12-23,205,13.89,air,388.59,delivered,0,2847.45,7,7.0,0.0,1.0
PO-003543,SUP-013,SKU-00046,WH-APAC,2024-12-30,2025-01-21,2025-01-04,221,13.89,ocean,110.24,delivered,0,3069.69,22,5.0,-17.0,1.0
PO-003544,SUP-013,SKU-00046,WH-APAC,2025-01-13,2025-01-31,2025-02-05,194,13.89,rail,140.26,delivered,0,2694.66,18,23.0,5.0,0.0
PO-003545,SUP-013,SKU-00046,WH-APAC,2025-02-03,2025-02-10,2025-02-08,278,13.89,air,511.58,delivered,0,3861.42,7,5.0,-2.0,1.0
PO-003546,SUP-013,SKU-00046,WH-APAC,2025-02-24,2025-03-03,2025-03-05,256,13.89,air,496.61,delivered,0,3555.84,7,9.0,2.0,0.0
PO-003547,SUP-013,SKU-00046,WH-APAC,2025-03-10,2025-03-26,2025-04-06,188,13.89,road,150.82,delivered,0,2611.32,16,27.0,11.0,0.0
PO-003548,SUP-013,SKU-00046,WH-APAC,2025-03-24,2025-04-15,2025-04-15,203,13.89,ocean,132.65,delivered,0,2819.67,22,22.0,0.0,1.0
PO-003549,SUP-013,SKU-00046,WH-APAC,2025-04-14,2025-04-30,2025-05-12,237,13.89,road,235.11,delivered,0,3291.93,16,28.0,12.0,0.0
PO-003550,SUP-013,SKU-00046,WH-APAC,2025-04-28,2025-05-05,2025-05-02,235,13.89,air,427.42,delivered,0,3264.15,7,4.0,-3.0,1.0
PO-003551,SUP-013,SKU-00046,WH-APAC,2025-05-12,2025-05-19,2025-05-20,208,13.89,air,386.08,delivered,0,2889.12,7,8.0,1.0,0.0
PO-003552,SUP-013,SKU-00046,WH-APAC,2025-05-26,2025-06-17,2025-06-22,275,13.89,ocean,151.51,delivered,0,3819.75,22,27.0,5.0,0.0
PO-003553,SUP-013,SKU-00046,WH-APAC,2025-06-09,2025-06-25,2025-07-01,197,13.89,road,171.47,delivered,0,2736.33,16,22.0,6.0,0.0
PO-003554,SUP-013,SKU-00046,WH-APAC,2025-06-30,2025-07-07,2025-07-07,205,13.89,air,358.83,delivered,0,2847.45,7,7.0,0.0,1.0
PO-003555,SUP-013,SKU-00046,WH-APAC,2025-07-07,2025-07-14,2025-07-16,191,13.89,air,292.38,delivered,0,2652.99,7,9.0,2.0,0.0
PO-003556,SUP-013,SKU-00046,WH-APAC,2025-07-21,2025-07-28,2025-07-29,338,13.89,air,546.88,delivered,0,4694.82,7,8.0,1.0,0.0
PO-003557,SUP-013,SKU-00046,WH-APAC,2025-08-04,2025-08-20,2025-08-18,301,13.89,road,267.6,delivered,0,4180.89,16,14.0,-2.0,1.0
PO-003558,SUP-013,SKU-00046,WH-APAC,2025-08-18,2025-09-09,2025-09-23,198,13.89,ocean,104.68,delivered,0,2750.22,22,36.0,14.0,0.0
PO-003559,SUP-013,SKU-00046,WH-APAC,2025-08-25,2025-09-12,2025-09-08,185,13.89,rail,135.58,delivered,0,2569.65,18,14.0,-4.0,1.0
PO-003560,SUP-013,SKU-00046,WH-APAC,2025-09-15,2025-09-22,2025-09-24,265,13.89,air,509.68,delivered,0,3680.85,7,9.0,2.0,0.0
PO-003561,SUP-013,SKU-00046,WH-APAC,2025-09-29,2025-10-06,2025-10-02,203,13.89,air,279.84,delivered,0,2819.67,7,3.0,-4.0,1.0
PO-003562,SUP-013,SKU-00046,WH-APAC,2025-10-13,2025-11-04,2025-10-23,274,13.89,ocean,170.86,delivered,0,3805.86,22,10.0,-12.0,1.0
PO-003563,SUP-013,SKU-00046,WH-APAC,2025-10-27,2025-11-14,2025-11-21,240,13.89,rail,151.85,delivered,0,3333.6,18,25.0,7.0,0.0
PO-003564,SUP-013,SKU-00046,WH-APAC,2025-11-10,2025-11-17,2025-11-17,232,13.89,air,460.68,delivered,0,3222.48,7,7.0,0.0,1.0
PO-003565,SUP-013,SKU-00046,WH-APAC,2025-12-01,2025-12-23,2025-12-27,311,13.89,ocean,203.0,delivered,0,4319.79,22,26.0,4.0,0.0
PO-003566,SUP-013,SKU-00046,WH-SOUTH,2024-01-15,2024-02-06,2024-02-14,125,13.89,ocean,73.45,delivered,0,1736.25,22,30.0,8.0,0.0
PO-003567,SUP-013,SKU-00046,WH-SOUTH,2024-02-05,2024-02-12,2024-02-13,178,13.89,air,257.49,delivered,0,2472.42,7,8.0,1.0,0.0
PO-003568,SUP-013,SKU-00046,WH-SOUTH,2024-02-26,2024-03-15,2024-03-08,141,13.89,rail,115.44,delivered,0,1958.49,18,11.0,-7.0,1.0
PO-003569,SUP-013,SKU-00046,WH-SOUTH,2024-03-18,2024-04-05,2024-04-13,188,13.89,rail,117.34,delivered,0,2611.32,18,26.0,8.0,0.0
PO-003570,SUP-013,SKU-00046,WH-SOUTH,2024-04-01,2024-04-08,2024-04-09,124,13.89,air,207.24,delivered,0,1722.36,7,8.0,1.0,0.0
PO-003571,SUP-013,SKU-00046,WH-SOUTH,2024-04-22,2024-05-14,2024-05-25,163,13.89,ocean,89.22,delivered,0,2264.07,22,33.0,11.0,0.0
PO-003572,SUP-013,SKU-00046,WH-SOUTH,2024-05-06,2024-05-13,2024-05-14,149,13.89,air,215.69,delivered,0,2069.61,7,8.0,1.0,0.0
PO-003573,SUP-013,SKU-00046,WH-SOUTH,2024-05-27,2024-06-18,2024-06-18,194,13.89,ocean,88.92,delivered,0,2694.66,22,22.0,0.0,1.0
PO-003574,SUP-013,SKU-00046,WH-SOUTH,2024-06-24,2024-07-10,2024-07-06,230,13.89,road,221.43,delivered,0,3194.7,16,12.0,-4.0,1.0
PO-003575,SUP-013,SKU-00046,WH-SOUTH,2024-07-08,2024-07-30,2024-08-06,133,13.89,ocean,64.4,delivered,0,1847.37,22,29.0,7.0,0.0
PO-003576,SUP-013,SKU-00046,WH-SOUTH,2024-07-22,2024-08-13,2024-08-05,179,13.89,ocean,109.61,delivered,0,2486.31,22,14.0,-8.0,1.0
PO-003577,SUP-013,SKU-00046,WH-SOUTH,2024-08-12,2024-09-03,2024-09-09,134,13.89,ocean,66.24,delivered,0,1861.26,22,28.0,6.0,0.0
PO-003578,SUP-013,SKU-00046,WH-SOUTH,2024-08-26,2024-09-02,2024-09-02,178,13.89,air,272.02,delivered,0,2472.42,7,7.0,0.0,1.0
PO-003579,SUP-013,SKU-00046,WH-SOUTH,2024-09-09,2024-09-16,2024-09-12,124,13.89,air,190.25,delivered,0,1722.36,7,3.0,-4.0,1.0
PO-003580,SUP-013,SKU-00046,WH-SOUTH,2024-09-23,2024-10-15,2024-10-14,218,13.89,ocean,110.41,delivered,0,3028.02,22,21.0,-1.0,1.0
PO-003581,SUP-013,SKU-00046,WH-SOUTH,2024-10-21,2024-11-12,2024-11-12,205,13.89,ocean,111.68,delivered,0,2847.45,22,22.0,0.0,1.0
PO-003582,SUP-013,SKU-00046,WH-SOUTH,2024-11-18,2024-12-10,2024-12-01,186,13.89,ocean,95.49,delivered,0,2583.54,22,13.0,-9.0,1.0
PO-003583,SUP-013,SKU-00046,WH-SOUTH,2024-12-02,2024-12-24,2025-01-14,141,13.89,ocean,64.24,delivered,0,1958.49,22,43.0,21.0,0.0
PO-003584,SUP-013,SKU-00046,WH-SOUTH,2024-12-16,2025-01-07,2025-01-17,143,13.89,ocean,83.33,delivered,0,1986.27,22,32.0,10.0,0.0
PO-003585,SUP-013,SKU-00046,WH-SOUTH,2025-01-27,2025-02-18,2025-02-23,157,13.89,ocean,97.69,delivered,0,2180.73,22,27.0,5.0,0.0
PO-003586,SUP-013,SKU-00046,WH-SOUTH,2025-02-17,2025-02-24,2025-02-25,155,13.89,air,230.91,delivered,0,2152.95,7,8.0,1.0,0.0
PO-003587,SUP-013,SKU-00046,WH-SOUTH,2025-03-10,2025-04-01,2025-04-14,147,13.89,ocean,88.06,delivered,0,2041.83,22,35.0,13.0,0.0
PO-003588,SUP-013,SKU-00046,WH-SOUTH,2025-03-24,2025-04-15,2025-04-17,129,13.89,ocean,82.94,delivered,0,1791.81,22,24.0,2.0,0.0
PO-003589,SUP-013,SKU-00046,WH-SOUTH,2025-04-21,2025-05-13,2025-04-28,149,13.89,ocean,91.96,delivered,0,2069.61,22,7.0,-15.0,1.0
PO-003590,SUP-013,SKU-00046,WH-SOUTH,2025-05-05,2025-05-12,2025-05-15,163,13.89,air,325.14,delivered,0,2264.07,7,10.0,3.0,0.0
PO-003591,SUP-013,SKU-00046,WH-SOUTH,2025-05-19,2025-06-10,2025-06-09,162,13.89,ocean,85.58,delivered,0,2250.18,22,21.0,-1.0,1.0
PO-003592,SUP-013,SKU-00046,WH-SOUTH,2025-06-02,2025-06-09,2025-06-11,150,13.89,air,266.89,delivered,0,2083.5,7,9.0,2.0,0.0
PO-003593,SUP-013,SKU-00046,WH-SOUTH,2025-06-23,2025-06-30,2025-07-01,213,13.89,air,330.4,delivered,0,2958.57,7,8.0,1.0,0.0
PO-003594,SUP-013,SKU-00046,WH-SOUTH,2025-07-07,2025-07-14,2025-07-20,226,13.89,air,349.02,delivered,0,3139.14,7,13.0,6.0,0.0
PO-003595,SUP-013,SKU-00046,WH-SOUTH,2025-07-28,2025-08-15,2025-07-29,214,13.89,rail,172.34,delivered,0,2972.46,18,1.0,-17.0,1.0
PO-003596,SUP-013,SKU-00046,WH-SOUTH,2025-08-11,2025-09-02,2025-08-28,237,13.89,ocean,118.15,delivered,0,3291.93,22,17.0,-5.0,1.0
PO-003597,SUP-013,SKU-00046,WH-SOUTH,2025-09-01,2025-09-23,2025-09-22,208,13.89,ocean,128.39,delivered,0,2889.12,22,21.0,-1.0,1.0
PO-003598,SUP-013,SKU-00046,WH-SOUTH,2025-09-29,2025-10-17,2025-10-21,268,13.89,rail,203.11,delivered,0,3722.52,18,22.0,4.0,0.0
PO-003599,SUP-013,SKU-00046,WH-SOUTH,2025-10-27,2025-11-03,2025-11-04,136,13.89,air,268.12,delivered,0,1889.04,7,8.0,1.0,0.0
PO-003600,SUP-013,SKU-00046,WH-SOUTH,2025-11-10,2025-11-26,2025-12-01,172,13.89,road,116.04,delivered,0,2389.08,16,21.0,5.0,0.0
PO-003601,SUP-013,SKU-00046,WH-SOUTH,2025-11-24,2025-12-01,2025-12-03,140,13.89,air,268.92,delivered,0,1944.6,7,9.0,2.0,0.0
PO-003602,SUP-013,SKU-00046,WH-SOUTH,2025-12-15,2025-12-22,2025-12-20,161,13.89,air,265.72,delivered,0,2236.29,7,5.0,-2.0,1.0
PO-003603,SUP-011,SKU-00047,WH-EU,2024-01-22,2024-02-20,2024-02-15,134,2.18,ocean,13.76,delivered,0,292.12,29,24.0,-5.0,1.0
PO-003604,SUP-011,SKU-00047,WH-EU,2024-02-12,2024-03-12,2024-02-20,141,2.18,ocean,11.19,delivered,0,307.38,29,8.0,-21.0,1.0
PO-003605,SUP-011,SKU-00047,WH-EU,2024-03-04,2024-04-02,2024-03-26,147,2.18,ocean,10.4,delivered,0,320.46,29,22.0,-7.0,1.0
PO-003606,SUP-011,SKU-00047,WH-EU,2024-03-18,2024-04-10,2024-04-12,109,2.18,rail,11.6,delivered,0,237.62,23,25.0,2.0,0.0
PO-003607,SUP-011,SKU-00047,WH-EU,2024-04-08,2024-05-01,2024-04-27,160,2.18,rail,19.03,delivered,0,348.8,23,19.0,-4.0,1.0
PO-003608,SUP-011,SKU-00047,WH-EU,2024-04-22,2024-05-02,2024-05-05,104,2.18,air,23.11,delivered,0,226.72,10,13.0,3.0,0.0
PO-003609,SUP-011,SKU-00047,WH-EU,2024-05-06,2024-06-04,2024-05-19,100,2.18,ocean,8.16,delivered,0,218.0,29,13.0,-16.0,1.0
PO-003610,SUP-011,SKU-00047,WH-EU,2024-05-27,2024-06-06,2024-06-07,148,2.18,air,37.77,delivered,0,322.64,10,11.0,1.0,0.0
PO-003611,SUP-011,SKU-00047,WH-EU,2024-06-17,2024-06-27,2024-06-25,137,2.18,air,33.82,delivered,0,298.66,10,8.0,-2.0,1.0
PO-003612,SUP-011,SKU-00047,WH-EU,2024-07-01,2024-07-11,2024-07-16,115,2.18,air,30.92,delivered,0,250.7,10,15.0,5.0,0.0
PO-003613,SUP-011,SKU-00047,WH-EU,2024-07-22,2024-08-20,2024-09-15,110,2.18,ocean,11.21,delivered,0,239.8,29,55.0,26.0,0.0
PO-003614,SUP-011,SKU-00047,WH-EU,2024-08-19,2024-09-17,2024-09-17,130,2.18,ocean,11.06,delivered,0,283.4,29,29.0,0.0,1.0
PO-003615,SUP-011,SKU-00047,WH-EU,2024-09-30,2024-10-23,2024-10-29,107,2.18,rail,10.02,delivered,0,233.26,23,29.0,6.0,0.0
PO-003616,SUP-011,SKU-00047,WH-EU,2024-10-28,2024-11-26,2024-11-07,105,2.18,ocean,9.43,delivered,0,228.9,29,10.0,-19.0,1.0
PO-003617,SUP-011,SKU-00047,WH-EU,2024-11-18,2024-12-11,2024-12-06,99,2.18,rail,11.35,delivered,0,215.82,23,18.0,-5.0,1.0
PO-003618,SUP-011,SKU-00047,WH-EU,2024-12-16,2025-01-06,2025-01-03,139,2.18,road,18.57,delivered,0,303.02,21,18.0,-3.0,1.0
PO-003619,SUP-011,SKU-00047,WH-EU,2025-01-06,2025-02-04,2025-02-03,118,2.18,ocean,8.46,delivered,0,257.24,29,28.0,-1.0,1.0
PO-003620,SUP-011,SKU-00047,WH-EU,2025-01-27,2025-02-25,2025-02-21,133,2.18,ocean,10.67,delivered,0,289.94,29,25.0,-4.0,1.0
PO-003621,SUP-011,SKU-00047,WH-EU,2025-02-10,2025-03-11,2025-03-21,109,2.18,ocean,10.59,delivered,0,237.62,29,39.0,10.0,0.0
PO-003622,SUP-011,SKU-00047,WH-EU,2025-03-03,2025-03-13,2025-03-12,136,2.18,air,38.81,delivered,0,296.48,10,9.0,-1.0,1.0
PO-003623,SUP-011,SKU-00047,WH-EU,2025-03-24,2025-04-22,2025-04-18,142,2.18,ocean,13.11,delivered,0,309.56,29,25.0,-4.0,1.0
PO-003624,SUP-011,SKU-00047,WH-EU,2025-04-07,2025-04-17,2025-04-13,139,2.18,air,36.64,delivered,0,303.02,10,6.0,-4.0,1.0
PO-003625,SUP-011,SKU-00047,WH-EU,2025-04-28,2025-05-19,2025-05-22,138,2.18,road,17.78,delivered,0,300.84,21,24.0,3.0,0.0
PO-003626,SUP-011,SKU-00047,WH-EU,2025-05-12,2025-06-10,2025-06-02,109,2.18,ocean,10.25,delivered,0,237.62,29,21.0,-8.0,1.0
PO-003627,SUP-011,SKU-00047,WH-EU,2025-06-02,2025-06-25,2025-07-01,159,2.18,rail,16.92,delivered,0,346.62,23,29.0,6.0,0.0
PO-003628,SUP-011,SKU-00047,WH-EU,2025-06-16,2025-07-15,2025-07-17,132,2.18,ocean,11.91,delivered,0,287.76,29,31.0,2.0,0.0
PO-003629,SUP-011,SKU-00047,WH-EU,2025-07-21,2025-08-11,2025-08-12,118,2.18,road,18.34,delivered,0,257.24,21,22.0,1.0,0.0
PO-003630,SUP-011,SKU-00047,WH-EU,2025-08-11,2025-09-09,2025-09-24,102,2.18,ocean,9.15,delivered,0,222.36,29,44.0,15.0,0.0
PO-003631,SUP-011,SKU-00047,WH-EU,2025-09-08,2025-10-01,2025-10-07,138,2.18,rail,15.97,delivered,0,300.84,23,29.0,6.0,0.0
PO-003632,SUP-011,SKU-00047,WH-EU,2025-10-06,2025-11-04,2025-10-30,99,2.18,ocean,7.06,delivered,0,215.82,29,24.0,-5.0,1.0
PO-003633,SUP-011,SKU-00047,WH-EU,2025-11-03,2025-12-02,2025-11-25,100,2.18,ocean,9.31,delivered,0,218.0,29,22.0,-7.0,1.0
PO-003634,SUP-011,SKU-00047,WH-EU,2025-12-01,2025-12-30,2025-12-26,128,2.18,ocean,9.51,delivered,0,279.04,29,25.0,-4.0,1.0
PO-003635,SUP-011,SKU-00047,WH-EU,2025-12-22,2026-01-20,,113,2.18,ocean,9.53,open,0,246.34,29,,,
PO-003636,SUP-011,SKU-00047,WH-WEST,2024-01-22,2024-02-20,2024-02-26,121,2.18,ocean,12.37,delivered,0,263.78,29,35.0,6.0,0.0
PO-003637,SUP-011,SKU-00047,WH-WEST,2024-02-12,2024-03-12,2024-03-05,128,2.18,ocean,10.42,delivered,0,279.04,29,22.0,-7.0,1.0
PO-003638,SUP-011,SKU-00047,WH-WEST,2024-03-11,2024-04-09,2024-04-18,119,2.18,ocean,10.85,delivered,0,259.42,29,38.0,9.0,0.0
PO-003639,SUP-011,SKU-00047,WH-WEST,2024-03-25,2024-04-23,2024-04-19,90,2.18,ocean,9.15,delivered,0,196.2,29,25.0,-4.0,1.0
PO-003640,SUP-011,SKU-00047,WH-WEST,2024-04-29,2024-05-09,2024-05-13,127,2.18,air,26.85,delivered,0,276.86,10,14.0,4.0,0.0
PO-003641,SUP-011,SKU-00047,WH-WEST,2024-05-13,2024-06-11,2024-06-08,98,2.18,ocean,9.25,delivered,0,213.64,29,26.0,-3.0,1.0
PO-003642,SUP-011,SKU-00047,WH-WEST,2024-06-03,2024-06-13,2024-06-15,131,2.18,air,27.43,delivered,0,285.58,10,12.0,2.0,0.0
PO-003643,SUP-011,SKU-00047,WH-WEST,2024-06-24,2024-07-04,2024-07-03,124,2.18,air,27.04,delivered,0,270.32,10,9.0,-1.0,1.0
PO-003644,SUP-011,SKU-00047,WH-WEST,2024-07-08,2024-07-31,2024-08-04,101,2.18,rail,10.4,delivered,0,220.18,23,27.0,4.0,0.0
PO-003645,SUP-011,SKU-00047,WH-WEST,2024-07-29,2024-08-27,2024-08-17,88,2.18,ocean,7.11,delivered,0,191.84,29,19.0,-10.0,1.0
PO-003646,SUP-011,SKU-00047,WH-WEST,2024-08-26,2024-09-16,2024-09-21,109,2.18,road,15.81,delivered,0,237.62,21,26.0,5.0,0.0
PO-003647,SUP-011,SKU-00047,WH-WEST,2024-09-23,2024-10-22,2024-11-16,93,2.18,ocean,6.78,delivered,0,202.74,29,54.0,25.0,0.0
PO-003648,SUP-011,SKU-00047,WH-WEST,2024-10-21,2024-10-31,2024-10-25,93,2.18,air,28.77,delivered,0,202.74,10,4.0,-6.0,1.0
PO-003649,SUP-011,SKU-00047,WH-WEST,2024-11-11,2024-12-10,2024-12-08,90,2.18,ocean,8.59,delivered,0,196.2,29,27.0,-2.0,1.0
PO-003650,SUP-011,SKU-00047,WH-WEST,2024-12-02,2024-12-31,2024-12-31,89,2.18,ocean,8.13,delivered,0,194.02,29,29.0,0.0,1.0
PO-003651,SUP-011,SKU-00047,WH-WEST,2024-12-23,2025-01-21,2025-01-24,90,2.18,ocean,8.28,delivered,0,196.2,29,32.0,3.0,0.0
PO-003652,SUP-011,SKU-00047,WH-WEST,2025-01-13,2025-02-11,2025-02-04,117,2.18,ocean,9.04,delivered,0,255.06,29,22.0,-7.0,1.0
PO-003653,SUP-011,SKU-00047,WH-WEST,2025-02-03,2025-02-24,2025-02-21,124,2.18,road,14.17,delivered,0,270.32,21,18.0,-3.0,1.0
PO-003654,SUP-011,SKU-00047,WH-WEST,2025-02-17,2025-02-27,2025-02-25,134,2.18,air,40.9,delivered,0,292.12,10,8.0,-2.0,1.0
PO-003655,SUP-011,SKU-00047,WH-WEST,2025-03-10,2025-03-20,2025-03-24,114,2.18,air,25.57,delivered,0,248.52,10,14.0,4.0,0.0
PO-003656,SUP-011,SKU-00047,WH-WEST,2025-03-24,2025-04-22,2025-04-20,117,2.18,ocean,8.95,delivered,0,255.06,29,27.0,-2.0,1.0
PO-003657,SUP-011,SKU-00047,WH-WEST,2025-04-07,2025-05-06,2025-05-05,113,2.18,ocean,10.09,delivered,0,246.34,29,28.0,-1.0,1.0
PO-003658,SUP-011,SKU-00047,WH-WEST,2025-04-28,2025-05-19,2025-05-18,91,2.18,road,10.82,delivered,0,198.38,21,20.0,-1.0,1.0
PO-003659,SUP-011,SKU-00047,WH-WEST,2025-05-12,2025-05-22,2025-05-17,98,2.18,air,25.73,delivered,0,213.64,10,5.0,-5.0,1.0
PO-003660,SUP-011,SKU-00047,WH-WEST,2025-05-26,2025-06-16,2025-06-22,95,2.18,road,12.67,delivered,0,207.1,21,27.0,6.0,0.0
PO-003661,SUP-011,SKU-00047,WH-WEST,2025-06-09,2025-07-08,2025-07-19,149,2.18,ocean,12.54,delivered,0,324.82,29,40.0,11.0,0.0
PO-003662,SUP-011,SKU-00047,WH-WEST,2025-07-07,2025-08-05,2025-08-04,95,2.18,ocean,7.89,delivered,0,207.1,29,28.0,-1.0,1.0
PO-003663,SUP-011,SKU-00047,WH-WEST,2025-08-04,2025-08-27,2025-08-23,88,2.18,rail,9.66,delivered,0,191.84,23,19.0,-4.0,1.0
PO-003664,SUP-011,SKU-00047,WH-WEST,2025-09-01,2025-09-30,2025-10-03,127,2.18,ocean,11.85,delivered,0,276.86,29,32.0,3.0,0.0
PO-003665,SUP-011,SKU-00047,WH-WEST,2025-09-29,2025-10-28,2025-11-11,107,2.18,ocean,8.98,delivered,0,233.26,29,43.0,14.0,0.0
PO-003666,SUP-011,SKU-00047,WH-WEST,2025-10-27,2025-11-25,2025-11-21,92,2.18,ocean,6.86,delivered,0,200.56,29,25.0,-4.0,1.0
PO-003667,SUP-011,SKU-00047,WH-WEST,2025-11-24,2025-12-23,,103,2.18,ocean,7.55,open,0,224.54,29,,,
PO-003668,SUP-011,SKU-00047,WH-WEST,2025-12-15,2025-12-25,2025-12-25,90,2.18,air,24.53,delivered,0,196.2,10,10.0,0.0,1.0
PO-003669,SUP-009,SKU-00048,WH-SOUTH,2024-01-15,2024-02-12,2024-02-19,17,5.55,ocean,3.43,delivered,0,94.35,28,35.0,7.0,0.0
PO-003670,SUP-009,SKU-00048,WH-SOUTH,2024-02-05,2024-02-28,2024-03-02,24,5.55,rail,7.17,delivered,0,133.2,23,26.0,3.0,0.0
PO-003671,SUP-009,SKU-00048,WH-SOUTH,2024-03-04,2024-04-01,2024-03-28,23,5.55,ocean,4.71,delivered,0,127.65,28,24.0,-4.0,1.0
PO-003672,SUP-009,SKU-00048,WH-SOUTH,2024-03-18,2024-04-08,2024-04-10,17,5.55,road,5.93,delivered,0,94.35,21,23.0,2.0,0.0
PO-003673,SUP-009,SKU-00048,WH-SOUTH,2024-04-08,2024-05-06,2024-05-08,20,5.55,ocean,4.98,delivered,0,111.0,28,30.0,2.0,0.0
PO-003674,SUP-009,SKU-00048,WH-SOUTH,2024-04-29,2024-05-08,2024-05-06,22,5.55,air,14.3,delivered,0,122.1,9,7.0,-2.0,1.0
PO-003675,SUP-009,SKU-00048,WH-SOUTH,2024-05-20,2024-05-29,2024-06-01,23,5.55,air,18.11,delivered,0,127.65,9,12.0,3.0,0.0
PO-003676,SUP-009,SKU-00048,WH-SOUTH,2024-06-03,2024-06-12,2024-06-13,17,5.55,air,9.13,delivered,0,94.35,9,10.0,1.0,0.0
PO-003677,SUP-009,SKU-00048,WH-SOUTH,2024-06-17,2024-07-15,2024-07-17,18,5.55,ocean,3.61,delivered,0,99.9,28,30.0,2.0,0.0
PO-003678,SUP-009,SKU-00048,WH-SOUTH,2024-07-08,2024-07-31,2024-08-16,24,5.55,rail,7.94,delivered,0,133.2,23,39.0,16.0,0.0
PO-003679,SUP-009,SKU-00048,WH-SOUTH,2024-07-29,2024-08-26,2024-09-08,20,5.55,ocean,4.84,delivered,0,111.0,28,41.0,13.0,0.0
PO-003680,SUP-009,SKU-00048,WH-SOUTH,2024-09-02,2024-09-25,2024-09-21,23,5.55,rail,5.66,delivered,0,127.65,23,19.0,-4.0,1.0
PO-003681,SUP-009,SKU-00048,WH-SOUTH,2024-09-23,2024-10-21,2024-10-31,25,5.55,ocean,6.11,delivered,0,138.75,28,38.0,10.0,0.0
PO-003682,SUP-009,SKU-00048,WH-SOUTH,2024-10-07,2024-11-04,2024-11-28,18,5.55,ocean,4.14,delivered,0,99.9,28,52.0,24.0,0.0
PO-003683,SUP-009,SKU-00048,WH-SOUTH,2024-11-11,2024-11-20,2024-11-21,20,5.55,air,15.01,delivered,0,111.0,9,10.0,1.0,0.0
PO-003684,SUP-009,SKU-00048,WH-SOUTH,2024-12-02,2024-12-30,2025-01-05,27,5.55,ocean,6.89,delivered,0,149.85,28,34.0,6.0,0.0
PO-003685,SUP-009,SKU-00048,WH-SOUTH,2024-12-16,2024-12-25,2024-12-25,20,5.55,air,14.8,delivered,0,111.0,9,9.0,0.0,1.0
PO-003686,SUP-009,SKU-00048,WH-SOUTH,2025-01-06,2025-02-03,2025-02-24,19,5.55,ocean,3.59,delivered,0,105.45,28,49.0,21.0,0.0
PO-003687,SUP-009,SKU-00048,WH-SOUTH,2025-01-27,2025-02-24,2025-02-23,25,5.55,ocean,5.41,delivered,0,138.75,28,27.0,-1.0,1.0
PO-003688,SUP-009,SKU-00048,WH-SOUTH,2025-03-03,2025-03-24,2025-04-13,18,5.55,road,5.95,delivered,0,99.9,21,41.0,20.0,0.0
PO-003689,SUP-009,SKU-00048,WH-SOUTH,2025-03-17,2025-04-09,2025-04-14,17,5.55,rail,5.55,delivered,0,94.35,23,28.0,5.0,0.0
PO-003690,SUP-009,SKU-00048,WH-SOUTH,2025-04-21,2025-05-19,2025-05-30,24,5.55,ocean,5.79,delivered,0,133.2,28,39.0,11.0,0.0
PO-003691,SUP-009,SKU-00048,WH-SOUTH,2025-05-05,2025-05-14,2025-05-15,22,5.55,air,15.01,delivered,0,122.1,9,10.0,1.0,0.0
PO-003692,SUP-009,SKU-00048,WH-SOUTH,2025-05-26,2025-06-23,2025-06-11,19,5.55,ocean,4.77,delivered,0,105.45,28,16.0,-12.0,1.0
PO-003693,SUP-009,SKU-00048,WH-SOUTH,2025-06-16,2025-07-14,2025-07-18,28,5.55,ocean,6.28,delivered,0,155.4,28,32.0,4.0,0.0
PO-003694,SUP-009,SKU-00048,WH-SOUTH,2025-07-07,2025-08-04,2025-08-15,20,5.55,ocean,4.28,delivered,0,111.0,28,39.0,11.0,0.0
PO-003695,SUP-009,SKU-00048,WH-SOUTH,2025-08-04,2025-09-01,2025-09-15,20,5.55,ocean,4.99,delivered,0,111.0,28,42.0,14.0,0.0
PO-003696,SUP-009,SKU-00048,WH-SOUTH,2025-08-25,2025-09-22,2025-09-26,21,5.55,ocean,3.83,delivered,0,116.55,28,32.0,4.0,0.0
PO-003697,SUP-009,SKU-00048,WH-SOUTH,2025-09-22,2025-10-20,2025-10-02,18,5.55,ocean,3.36,delivered,0,99.9,28,10.0,-18.0,1.0
PO-003698,SUP-009,SKU-00048,WH-SOUTH,2025-10-06,2025-11-03,2025-11-03,19,5.55,ocean,4.16,delivered,0,105.45,28,28.0,0.0,1.0
PO-003699,SUP-009,SKU-00048,WH-SOUTH,2025-10-20,2025-11-17,2025-11-28,22,5.55,ocean,5.43,delivered,0,122.1,28,39.0,11.0,0.0
PO-003700,SUP-009,SKU-00048,WH-SOUTH,2025-11-10,2025-12-08,2025-12-15,19,5.55,ocean,3.86,delivered,0,105.45,28,35.0,7.0,0.0
PO-003701,SUP-009,SKU-00048,WH-SOUTH,2025-12-08,2025-12-17,2025-12-10,22,5.55,air,13.84,delivered,0,122.1,9,2.0,-7.0,1.0
PO-003702,SUP-009,SKU-00048,WH-SOUTH,2025-12-22,2025-12-31,,21,5.55,air,12.25,open,0,116.55,9,,,
PO-003703,SUP-009,SKU-00048,WH-APAC,2024-01-15,2024-02-12,2024-01-26,22,5.55,ocean,5.83,delivered,0,122.1,28,11.0,-17.0,1.0
PO-003704,SUP-009,SKU-00048,WH-APAC,2024-02-05,2024-02-14,2024-02-16,31,5.55,air,22.56,delivered,0,172.05,9,11.0,2.0,0.0
PO-003705,SUP-009,SKU-00048,WH-APAC,2024-02-19,2024-03-18,2024-03-08,25,5.55,ocean,6.45,delivered,0,138.75,28,18.0,-10.0,1.0
PO-003706,SUP-009,SKU-00048,WH-APAC,2024-03-04,2024-03-27,2024-03-31,23,5.55,rail,5.27,delivered,0,127.65,23,27.0,4.0,0.0
PO-003707,SUP-009,SKU-00048,WH-APAC,2024-03-18,2024-04-15,2024-04-08,22,5.55,ocean,5.05,delivered,0,122.1,28,21.0,-7.0,1.0
PO-003708,SUP-009,SKU-00048,WH-APAC,2024-04-08,2024-05-06,2024-05-11,28,5.55,ocean,7.32,delivered,0,155.4,28,33.0,5.0,0.0
PO-003709,SUP-009,SKU-00048,WH-APAC,2024-04-29,2024-05-08,2024-05-07,30,5.55,air,19.74,delivered,0,166.5,9,8.0,-1.0,1.0
PO-003710,SUP-009,SKU-00048,WH-APAC,2024-05-20,2024-06-17,2024-06-27,32,5.55,ocean,6.43,delivered,0,177.6,28,38.0,10.0,0.0
PO-003711,SUP-009,SKU-00048,WH-APAC,2024-06-03,2024-06-26,2024-06-29,22,5.55,rail,5.05,delivered,0,122.1,23,26.0,3.0,0.0
PO-003712,SUP-009,SKU-00048,WH-APAC,2024-07-08,2024-07-31,2024-08-15,31,5.55,rail,9.86,delivered,0,172.05,23,38.0,15.0,0.0
PO-003713,SUP-009,SKU-00048,WH-APAC,2024-07-22,2024-08-19,2024-08-12,25,5.55,ocean,5.64,delivered,0,138.75,28,21.0,-7.0,1.0
PO-003714,SUP-009,SKU-00048,WH-APAC,2024-08-26,2024-09-23,2024-10-12,32,5.55,ocean,5.7,delivered,0,177.6,28,47.0,19.0,0.0
PO-003715,SUP-009,SKU-00048,WH-APAC,2024-09-16,2024-10-14,2024-10-19,33,5.55,ocean,6.42,delivered,0,183.15,28,33.0,5.0,0.0
PO-003716,SUP-009,SKU-00048,WH-APAC,2024-10-28,2024-11-25,2024-11-12,27,5.55,ocean,5.99,delivered,0,149.85,28,15.0,-13.0,1.0
PO-003717,SUP-009,SKU-00048,WH-APAC,2024-11-11,2024-12-09,2024-12-31,25,5.55,ocean,6.61,delivered,0,138.75,28,50.0,22.0,0.0
PO-003718,SUP-009,SKU-00048,WH-APAC,2024-11-25,2024-12-18,2024-12-28,26,5.55,rail,6.6,delivered,0,144.3,23,33.0,10.0,0.0
PO-003719,SUP-009,SKU-00048,WH-APAC,2025-01-06,2025-01-15,2025-01-13,34,5.55,air,23.92,delivered,0,188.7,9,7.0,-2.0,1.0
PO-003720,SUP-009,SKU-00048,WH-APAC,2025-01-20,2025-02-17,2025-02-26,26,5.55,ocean,4.69,delivered,0,144.3,28,37.0,9.0,0.0
PO-003721,SUP-009,SKU-00048,WH-APAC,2025-02-03,2025-03-03,2025-02-12,25,5.55,ocean,6.66,delivered,0,138.75,28,9.0,-19.0,1.0
PO-003722,SUP-009,SKU-00048,WH-APAC,2025-02-17,2025-03-17,2025-03-21,26,5.55,ocean,6.12,delivered,0,144.3,28,32.0,4.0,0.0
PO-003723,SUP-009,SKU-00048,WH-APAC,2025-03-03,2025-03-31,2025-03-14,22,5.55,ocean,5.3,delivered,0,122.1,28,11.0,-17.0,1.0
PO-003724,SUP-009,SKU-00048,WH-APAC,2025-03-17,2025-04-14,2025-04-07,24,5.55,ocean,5.19,delivered,0,133.2,28,21.0,-7.0,1.0
PO-003725,SUP-009,SKU-00048,WH-APAC,2025-03-31,2025-04-28,2025-05-18,24,5.55,ocean,4.59,delivered,0,133.2,28,48.0,20.0,0.0
PO-003726,SUP-009,SKU-00048,WH-APAC,2025-04-14,2025-05-12,2025-05-27,23,5.55,ocean,4.46,delivered,0,127.65,28,43.0,15.0,0.0
PO-003727,SUP-009,SKU-00048,WH-APAC,2025-05-19,2025-06-16,2025-06-03,22,5.55,ocean,4.65,delivered,0,122.1,28,15.0,-13.0,1.0
PO-003728,SUP-009,SKU-00048,WH-APAC,2025-06-02,2025-06-11,2025-06-07,25,5.55,air,19.67,delivered,0,138.75,9,5.0,-4.0,1.0
PO-003729,SUP-009,SKU-00048,WH-APAC,2025-06-16,2025-07-07,2025-07-04,26,5.55,road,7.14,delivered,0,144.3,21,18.0,-3.0,1.0
PO-003730,SUP-009,SKU-00048,WH-APAC,2025-06-30,2025-07-28,2025-08-01,27,5.55,ocean,5.18,delivered,0,149.85,28,32.0,4.0,0.0
PO-003731,SUP-009,SKU-00048,WH-APAC,2025-07-14,2025-08-11,2025-08-25,25,5.55,ocean,5.42,delivered,0,138.75,28,42.0,14.0,0.0
PO-003732,SUP-009,SKU-00048,WH-APAC,2025-08-11,2025-08-20,2025-08-19,33,5.55,air,20.89,delivered,0,183.15,9,8.0,-1.0,1.0
PO-003733,SUP-009,SKU-00048,WH-APAC,2025-09-01,2025-09-29,2025-10-01,31,5.55,ocean,6.89,delivered,0,172.05,28,30.0,2.0,0.0
PO-003734,SUP-009,SKU-00048,WH-APAC,2025-09-15,2025-10-13,2025-10-17,24,5.55,ocean,4.72,delivered,0,133.2,28,32.0,4.0,0.0
PO-003735,SUP-009,SKU-00048,WH-APAC,2025-10-06,2025-10-15,2025-10-13,23,5.55,air,15.12,delivered,0,127.65,9,7.0,-2.0,1.0
PO-003736,SUP-009,SKU-00048,WH-APAC,2025-10-20,2025-10-29,2025-10-27,25,5.55,air,16.93,delivered,0,138.75,9,7.0,-2.0,1.0
PO-003737,SUP-009,SKU-00048,WH-APAC,2025-11-03,2025-11-12,2025-11-13,28,5.55,air,15.17,delivered,0,155.4,9,10.0,1.0,0.0
PO-003738,SUP-009,SKU-00048,WH-APAC,2025-11-17,2025-12-15,,28,5.55,ocean,6.02,open,0,155.4,28,,,
PO-003739,SUP-009,SKU-00048,WH-APAC,2025-12-01,2025-12-10,2025-12-10,30,5.55,air,21.98,delivered,0,166.5,9,9.0,0.0,1.0
PO-003740,SUP-009,SKU-00048,WH-APAC,2025-12-22,2025-12-31,,35,5.55,air,21.87,open,0,194.25,9,,,
PO-003741,SUP-009,SKU-00048,WH-EAST,2024-01-22,2024-02-19,2024-03-16,28,5.55,ocean,7.19,delivered,0,155.4,28,54.0,26.0,0.0
PO-003742,SUP-009,SKU-00048,WH-EAST,2024-02-05,2024-03-04,2024-02-29,26,5.55,ocean,5.65,delivered,0,144.3,28,24.0,-4.0,1.0
PO-003743,SUP-009,SKU-00048,WH-EAST,2024-03-11,2024-04-08,2024-04-08,22,5.55,ocean,5.2,delivered,0,122.1,28,28.0,0.0,1.0
PO-003744,SUP-009,SKU-00048,WH-EAST,2024-04-01,2024-04-29,2024-05-05,25,5.55,ocean,5.32,delivered,0,138.75,28,34.0,6.0,0.0
PO-003745,SUP-009,SKU-00048,WH-EAST,2024-04-22,2024-05-20,2024-06-08,25,5.55,ocean,6.04,delivered,0,138.75,28,47.0,19.0,0.0
PO-003746,SUP-009,SKU-00048,WH-EAST,2024-05-13,2024-06-10,2024-06-22,21,5.55,ocean,5.08,delivered,0,116.55,28,40.0,12.0,0.0
PO-003747,SUP-009,SKU-00048,WH-EAST,2024-06-10,2024-07-08,2024-07-06,21,5.55,ocean,4.98,delivered,0,116.55,28,26.0,-2.0,1.0
PO-003748,SUP-009,SKU-00048,WH-EAST,2024-06-24,2024-07-17,2024-07-15,22,5.55,rail,6.5,delivered,0,122.1,23,21.0,-2.0,1.0
PO-003749,SUP-009,SKU-00048,WH-EAST,2024-07-08,2024-08-05,2024-08-09,22,5.55,ocean,5.03,delivered,0,122.1,28,32.0,4.0,0.0
PO-003750,SUP-009,SKU-00048,WH-EAST,2024-07-29,2024-08-19,2024-08-18,27,5.55,road,8.23,delivered,0,149.85,21,20.0,-1.0,1.0
PO-003751,SUP-009,SKU-00048,WH-EAST,2024-08-19,2024-09-09,2024-08-30,28,5.55,road,7.57,delivered,0,155.4,21,11.0,-10.0,1.0
PO-003752,SUP-009,SKU-00048,WH-EAST,2024-09-02,2024-09-30,2024-09-19,21,5.55,ocean,4.89,delivered,0,116.55,28,17.0,-11.0,1.0
PO-003753,SUP-009,SKU-00048,WH-EAST,2024-09-23,2024-10-21,2024-10-03,29,5.55,ocean,5.88,delivered,0,160.95,28,10.0,-18.0,1.0
PO-003754,SUP-009,SKU-00048,WH-EAST,2024-10-14,2024-11-11,2024-10-30,31,5.55,ocean,6.78,delivered,0,172.05,28,16.0,-12.0,1.0
PO-003755,SUP-009,SKU-00048,WH-EAST,2024-11-04,2024-11-13,2024-11-17,29,5.55,air,21.03,delivered,0,160.95,9,13.0,4.0,0.0
PO-003756,SUP-009,SKU-00048,WH-EAST,2024-11-25,2024-12-23,2024-12-19,28,5.55,ocean,7.4,delivered,0,155.4,28,24.0,-4.0,1.0
PO-003757,SUP-009,SKU-00048,WH-EAST,2024-12-09,2025-01-01,2024-12-25,27,5.55,rail,6.19,delivered,0,149.85,23,16.0,-7.0,1.0
PO-003758,SUP-009,SKU-00048,WH-EAST,2024-12-30,2025-01-22,2025-01-18,32,5.55,rail,8.53,delivered,0,177.6,23,19.0,-4.0,1.0
PO-003759,SUP-009,SKU-00048,WH-EAST,2025-01-20,2025-02-17,2025-02-14,31,5.55,ocean,5.86,delivered,0,172.05,28,25.0,-3.0,1.0
PO-003760,SUP-009,SKU-00048,WH-EAST,2025-02-10,2025-02-19,2025-02-19,30,5.55,air,23.2,delivered,0,166.5,9,9.0,0.0,1.0
PO-003761,SUP-009,SKU-00048,WH-EAST,2025-03-03,2025-03-31,2025-04-07,25,5.55,ocean,5.38,delivered,0,138.75,28,35.0,7.0,0.0
PO-003762,SUP-009,SKU-00048,WH-EAST,2025-03-17,2025-03-26,2025-03-31,22,5.55,air,16.43,delivered,0,122.1,9,14.0,5.0,0.0
PO-003763,SUP-009,SKU-00048,WH-EAST,2025-04-07,2025-05-05,2025-05-02,28,5.55,ocean,6.28,delivered,0,155.4,28,25.0,-3.0,1.0
PO-003764,SUP-009,SKU-00048,WH-EAST,2025-04-21,2025-05-12,2025-05-03,22,5.55,road,8.13,delivered,0,122.1,21,12.0,-9.0,1.0
PO-003765,SUP-009,SKU-00048,WH-EAST,2025-05-12,2025-05-21,2025-05-17,27,5.55,air,18.68,delivered,0,149.85,9,5.0,-4.0,1.0
PO-003766,SUP-009,SKU-00048,WH-EAST,2025-06-02,2025-06-11,2025-06-15,28,5.55,air,16.65,delivered,0,155.4,9,13.0,4.0,0.0
PO-003767,SUP-009,SKU-00048,WH-EAST,2025-06-16,2025-06-25,2025-06-30,21,5.55,air,16.51,delivered,0,116.55,9,14.0,5.0,0.0
PO-003768,SUP-009,SKU-00048,WH-EAST,2025-06-30,2025-07-23,2025-07-15,23,5.55,rail,7.11,delivered,0,127.65,23,15.0,-8.0,1.0
PO-003769,SUP-009,SKU-00048,WH-EAST,2025-07-21,2025-08-11,2025-07-22,28,5.55,road,7.79,delivered,0,155.4,21,1.0,-20.0,1.0
PO-003770,SUP-009,SKU-00048,WH-EAST,2025-08-11,2025-09-08,2025-09-12,31,5.55,ocean,6.47,delivered,0,172.05,28,32.0,4.0,0.0
PO-003771,SUP-009,SKU-00048,WH-EAST,2025-08-25,2025-09-22,2025-09-19,21,5.55,ocean,3.93,delivered,0,116.55,28,25.0,-3.0,1.0
PO-003772,SUP-009,SKU-00048,WH-EAST,2025-09-22,2025-10-20,2025-10-26,27,5.55,ocean,6.02,delivered,0,149.85,28,34.0,6.0,0.0
PO-003773,SUP-009,SKU-00048,WH-EAST,2025-10-06,2025-10-29,2025-11-08,23,5.55,rail,5.54,delivered,0,127.65,23,33.0,10.0,0.0
PO-003774,SUP-009,SKU-00048,WH-EAST,2025-11-03,2025-12-01,2025-12-06,25,5.55,ocean,5.65,delivered,0,138.75,28,33.0,5.0,0.0
PO-003775,SUP-009,SKU-00048,WH-EAST,2025-11-17,2025-12-15,2025-12-28,26,5.55,ocean,6.7,delivered,0,144.3,28,41.0,13.0,0.0
PO-003776,SUP-009,SKU-00048,WH-EAST,2025-12-15,2025-12-24,,29,5.55,air,19.34,open,0,160.95,9,,,
PO-003777,SUP-019,SKU-00049,WH-EU,2024-01-22,2024-02-15,2024-03-05,884,12.3,ocean,442.28,delivered,0,10873.2,24,43.0,19.0,0.0
PO-003778,SUP-019,SKU-00049,WH-EU,2024-02-05,2024-02-29,2024-03-01,687,12.3,ocean,282.98,delivered,0,8450.1,24,25.0,1.0,0.0
PO-003779,SUP-019,SKU-00049,WH-EU,2024-03-11,2024-04-04,2024-03-19,934,12.3,ocean,408.77,delivered,0,11488.2,24,8.0,-16.0,1.0
PO-003780,SUP-019,SKU-00049,WH-EU,2024-03-25,2024-04-02,2024-04-13,933,12.3,air,1646.56,delivered,0,11475.9,8,19.0,11.0,0.0
PO-003781,SUP-019,SKU-00049,WH-EU,2024-04-08,2024-04-16,2024-04-27,928,12.3,air,1572.12,delivered,0,11414.4,8,19.0,11.0,0.0
PO-003782,SUP-019,SKU-00049,WH-EU,2024-04-22,2024-04-30,2024-05-01,894,12.3,air,1056.43,delivered,0,10996.2,8,9.0,1.0,0.0
PO-003783,SUP-019,SKU-00049,WH-EU,2024-05-06,2024-05-30,2024-05-26,847,12.3,ocean,392.36,delivered,0,10418.1,24,20.0,-4.0,1.0
PO-003784,SUP-019,SKU-00049,WH-EU,2024-05-20,2024-05-28,2024-05-28,991,12.3,air,1247.97,delivered,0,12189.3,8,8.0,0.0,1.0
PO-003785,SUP-019,SKU-00049,WH-EU,2024-06-03,2024-06-22,2024-06-20,866,12.3,rail,545.95,delivered,0,10651.8,19,17.0,-2.0,1.0
PO-003786,SUP-019,SKU-00049,WH-EU,2024-06-10,2024-07-04,2024-07-04,725,12.3,ocean,355.4,delivered,0,8917.5,24,24.0,0.0,1.0
PO-003787,SUP-019,SKU-00049,WH-EU,2024-06-24,2024-07-18,2024-07-13,789,12.3,ocean,430.1,delivered,0,9704.7,24,19.0,-5.0,1.0
PO-003788,SUP-019,SKU-00049,WH-EU,2024-07-08,2024-07-16,2024-07-13,1107,12.3,air,1883.7,delivered,0,13616.1,8,5.0,-3.0,1.0
PO-003789,SUP-019,SKU-00049,WH-EU,2024-07-22,2024-08-15,2024-08-09,997,12.3,ocean,580.04,delivered,0,12263.1,24,18.0,-6.0,1.0
PO-003790,SUP-019,SKU-00049,WH-EU,2024-07-29,2024-08-22,2024-08-19,918,12.3,ocean,468.58,delivered,0,11291.4,24,21.0,-3.0,1.0
PO-003791,SUP-019,SKU-00049,WH-EU,2024-08-19,2024-08-27,2024-09-04,1119,12.3,air,1793.52,delivered,0,13763.7,8,16.0,8.0,0.0
PO-003792,SUP-019,SKU-00049,WH-EU,2024-08-26,2024-09-03,2024-09-01,735,12.3,air,1198.69,delivered,0,9040.5,8,6.0,-2.0,1.0
PO-003793,SUP-019,SKU-00049,WH-EU,2024-09-09,2024-10-03,2024-10-05,857,12.3,ocean,399.97,delivered,0,10541.1,24,26.0,2.0,0.0
PO-003794,SUP-019,SKU-00049,WH-EU,2024-09-23,2024-10-01,2024-09-28,1058,12.3,air,1332.57,delivered,0,13013.4,8,5.0,-3.0,1.0
PO-003795,SUP-019,SKU-00049,WH-EU,2024-10-07,2024-10-31,2024-10-29,983,12.3,ocean,414.99,delivered,0,12090.9,24,22.0,-2.0,1.0
PO-003796,SUP-019,SKU-00049,WH-EU,2024-10-14,2024-10-22,2024-10-23,834,12.3,air,1098.68,delivered,0,10258.2,8,9.0,1.0,0.0
PO-003797,SUP-019,SKU-00049,WH-EU,2024-11-04,2024-11-28,2024-12-05,1134,12.3,ocean,599.26,delivered,0,13948.2,24,31.0,7.0,0.0
PO-003798,SUP-019,SKU-00049,WH-EU,2024-11-18,2024-11-26,2024-11-24,781,12.3,air,1356.17,delivered,0,9606.3,8,6.0,-2.0,1.0
PO-003799,SUP-019,SKU-00049,WH-EU,2024-12-02,2024-12-10,2024-12-09,781,12.3,air,1272.96,delivered,0,9606.3,8,7.0,-1.0,1.0
PO-003800,SUP-019,SKU-00049,WH-EU,2024-12-16,2025-01-09,2025-01-05,818,12.3,ocean,480.06,delivered,0,10061.4,24,20.0,-4.0,1.0
PO-003801,SUP-019,SKU-00049,WH-EU,2024-12-30,2025-01-23,2025-01-24,890,12.3,ocean,432.22,delivered,0,10947.0,24,25.0,1.0,0.0
PO-003802,SUP-019,SKU-00049,WH-EU,2025-01-13,2025-02-06,2025-02-04,766,12.3,ocean,325.8,delivered,0,9421.8,24,22.0,-2.0,1.0
PO-003803,SUP-019,SKU-00049,WH-EU,2025-02-03,2025-02-27,2025-02-25,854,12.3,ocean,467.49,delivered,0,10504.2,24,22.0,-2.0,1.0
PO-003804,SUP-019,SKU-00049,WH-EU,2025-02-17,2025-03-13,2025-03-26,1061,12.3,ocean,578.44,delivered,0,13050.3,24,37.0,13.0,0.0
PO-003805,SUP-019,SKU-00049,WH-EU,2025-03-10,2025-03-18,2025-03-17,854,12.3,air,1042.71,delivered,0,10504.2,8,7.0,-1.0,1.0
PO-003806,SUP-019,SKU-00049,WH-EU,2025-03-31,2025-04-24,2025-04-26,1192,12.3,ocean,678.35,delivered,0,14661.6,24,26.0,2.0,0.0
PO-003807,SUP-019,SKU-00049,WH-EU,2025-04-14,2025-05-08,2025-05-08,723,12.3,ocean,426.13,delivered,0,8892.9,24,24.0,0.0,1.0
PO-003808,SUP-019,SKU-00049,WH-EU,2025-05-05,2025-05-23,2025-05-26,992,12.3,road,689.34,delivered,0,12201.6,18,21.0,3.0,0.0
PO-003809,SUP-019,SKU-00049,WH-EU,2025-05-12,2025-05-20,2025-05-22,820,12.3,air,1113.56,delivered,0,10086.0,8,10.0,2.0,0.0
PO-003810,SUP-019,SKU-00049,WH-EU,2025-06-02,2025-06-10,2025-06-16,1251,12.3,air,1664.46,delivered,0,15387.3,8,14.0,6.0,0.0
PO-003811,SUP-019,SKU-00049,WH-EU,2025-06-16,2025-07-05,2025-06-30,795,12.3,rail,561.7,delivered,0,9778.5,19,14.0,-5.0,1.0
PO-003812,SUP-019,SKU-00049,WH-EU,2025-06-23,2025-07-01,2025-06-29,944,12.3,air,1196.29,delivered,0,11611.2,8,6.0,-2.0,1.0
PO-003813,SUP-019,SKU-00049,WH-EU,2025-07-07,2025-07-31,2025-07-26,1562,12.3,ocean,842.21,delivered,0,19212.6,24,19.0,-5.0,1.0
PO-003814,SUP-019,SKU-00049,WH-EU,2025-07-28,2025-08-21,2025-08-11,713,12.3,ocean,364.19,delivered,0,8769.9,24,14.0,-10.0,1.0
PO-003815,SUP-019,SKU-00049,WH-EU,2025-08-04,2025-08-12,2025-08-13,712,12.3,air,1127.78,delivered,0,8757.6,8,9.0,1.0,0.0
PO-003816,SUP-019,SKU-00049,WH-EU,2025-08-18,2025-09-11,2025-09-13,1740,12.3,ocean,746.48,delivered,0,21402.0,24,26.0,2.0,0.0
PO-003817,SUP-019,SKU-00049,WH-EU,2025-09-22,2025-10-16,2025-10-19,1552,12.3,ocean,796.09,delivered,0,19089.6,24,27.0,3.0,0.0
PO-003818,SUP-019,SKU-00049,WH-EU,2025-10-27,2025-11-15,2025-11-17,1377,12.3,rail,719.93,delivered,0,16937.1,19,21.0,2.0,0.0
PO-003819,SUP-019,SKU-00049,WH-EU,2025-11-17,2025-12-11,2025-12-21,701,12.3,ocean,335.7,delivered,0,8622.3,24,34.0,10.0,0.0
PO-003820,SUP-019,SKU-00049,WH-EU,2025-12-01,2025-12-19,2025-12-16,936,12.3,road,649.58,delivered,0,11512.8,18,15.0,-3.0,1.0
PO-003821,SUP-019,SKU-00049,WH-EU,2025-12-22,2025-12-30,,847,12.3,air,1105.8,open,0,10418.1,8,,,
PO-003822,SUP-019,SKU-00049,WH-SOUTH,2024-01-22,2024-02-15,2024-02-21,732,12.3,ocean,343.88,delivered,0,9003.6,24,30.0,6.0,0.0
PO-003823,SUP-019,SKU-00049,WH-SOUTH,2024-02-12,2024-02-20,2024-02-20,772,12.3,air,1349.65,delivered,0,9495.6,8,8.0,0.0,1.0
PO-003824,SUP-019,SKU-00049,WH-SOUTH,2024-03-11,2024-04-04,2024-03-29,702,12.3,ocean,324.39,delivered,0,8634.6,24,18.0,-6.0,1.0
PO-003825,SUP-019,SKU-00049,WH-SOUTH,2024-03-25,2024-04-18,2024-04-19,782,12.3,ocean,445.95,delivered,0,9618.6,24,25.0,1.0,0.0
PO-003826,SUP-019,SKU-00049,WH-SOUTH,2024-04-08,2024-05-02,2024-05-08,589,12.3,ocean,288.15,delivered,0,7244.7,24,30.0,6.0,0.0
PO-003827,SUP-019,SKU-00049,WH-SOUTH,2024-04-29,2024-05-23,2024-05-21,641,12.3,ocean,327.82,delivered,0,7884.3,24,22.0,-2.0,1.0
PO-003828,SUP-019,SKU-00049,WH-SOUTH,2024-05-13,2024-06-01,2024-06-01,631,12.3,rail,386.91,delivered,0,7761.3,19,19.0,0.0,1.0
PO-003829,SUP-019,SKU-00049,WH-SOUTH,2024-05-27,2024-06-04,2024-06-03,736,12.3,air,1069.05,delivered,0,9052.8,8,7.0,-1.0,1.0
PO-003830,SUP-019,SKU-00049,WH-SOUTH,2024-06-10,2024-06-29,2024-06-30,776,12.3,rail,566.59,delivered,0,9544.8,19,20.0,1.0,0.0
PO-003831,SUP-019,SKU-00049,WH-SOUTH,2024-06-17,2024-06-25,2024-06-23,575,12.3,air,953.57,delivered,0,7072.5,8,6.0,-2.0,1.0
PO-003832,SUP-019,SKU-00049,WH-SOUTH,2024-07-01,2024-07-20,2024-07-19,818,12.3,rail,506.64,delivered,0,10061.4,19,18.0,-1.0,1.0
PO-003833,SUP-019,SKU-00049,WH-SOUTH,2024-07-08,2024-07-26,2024-07-26,661,12.3,road,578.08,delivered,0,8130.3,18,18.0,0.0,1.0
PO-003834,SUP-019,SKU-00049,WH-SOUTH,2024-07-29,2024-08-06,2024-08-05,994,12.3,air,1301.26,delivered,0,12226.2,8,7.0,-1.0,1.0
PO-003835,SUP-019,SKU-00049,WH-SOUTH,2024-08-05,2024-08-29,2024-08-23,655,12.3,ocean,371.32,delivered,0,8056.5,24,18.0,-6.0,1.0
PO-003836,SUP-019,SKU-00049,WH-SOUTH,2024-08-12,2024-09-05,2024-09-14,613,12.3,ocean,275.35,delivered,0,7539.9,24,33.0,9.0,0.0
PO-003837,SUP-019,SKU-00049,WH-SOUTH,2024-08-26,2024-09-13,2024-09-08,561,12.3,road,387.15,delivered,0,6900.3,18,13.0,-5.0,1.0
PO-003838,SUP-019,SKU-00049,WH-SOUTH,2024-09-16,2024-10-04,2024-10-03,988,12.3,road,619.19,delivered,0,12152.4,18,17.0,-1.0,1.0
PO-003839,SUP-019,SKU-00049,WH-SOUTH,2024-10-07,2024-10-25,2024-10-25,838,12.3,road,636.89,delivered,0,10307.4,18,18.0,0.0,1.0
PO-003840,SUP-019,SKU-00049,WH-SOUTH,2024-10-21,2024-10-29,2024-11-01,666,12.3,air,994.53,delivered,0,8191.8,8,11.0,3.0,0.0
PO-003841,SUP-019,SKU-00049,WH-SOUTH,2024-11-04,2024-11-23,2024-11-18,731,12.3,rail,504.07,delivered,0,8991.3,19,14.0,-5.0,1.0
PO-003842,SUP-019,SKU-00049,WH-SOUTH,2024-11-18,2024-12-12,2024-12-12,774,12.3,ocean,433.78,delivered,0,9520.2,24,24.0,0.0,1.0
PO-003843,SUP-019,SKU-00049,WH-SOUTH,2024-12-02,2024-12-10,2024-12-19,730,12.3,air,1018.61,delivered,0,8979.0,8,17.0,9.0,0.0
PO-003844,SUP-019,SKU-00049,WH-SOUTH,2024-12-23,2025-01-11,2025-01-13,631,12.3,rail,366.06,delivered,0,7761.3,19,21.0,2.0,0.0
PO-003845,SUP-019,SKU-00049,WH-SOUTH,2025-01-06,2025-01-14,2025-01-13,587,12.3,air,895.79,delivered,0,7220.1,8,7.0,-1.0,1.0
PO-003846,SUP-019,SKU-00049,WH-SOUTH,2025-01-27,2025-02-04,2025-02-01,812,12.3,air,1241.48,delivered,0,9987.6,8,5.0,-3.0,1.0
PO-003847,SUP-019,SKU-00049,WH-SOUTH,2025-02-10,2025-03-06,2025-03-05,745,12.3,ocean,385.75,delivered,0,9163.5,24,23.0,-1.0,1.0
PO-003848,SUP-019,SKU-00049,WH-SOUTH,2025-02-24,2025-03-04,2025-03-05,759,12.3,air,1076.46,delivered,0,9335.7,8,9.0,1.0,0.0
PO-003849,SUP-019,SKU-00049,WH-SOUTH,2025-03-17,2025-03-25,2025-03-26,818,12.3,air,1126.58,delivered,0,10061.4,8,9.0,1.0,0.0
PO-003850,SUP-019,SKU-00049,WH-SOUTH,2025-03-31,2025-04-24,2025-04-25,1046,12.3,ocean,521.5,delivered,0,12865.8,24,25.0,1.0,0.0
PO-003851,SUP-019,SKU-00049,WH-SOUTH,2025-04-28,2025-05-17,2025-05-10,732,12.3,rail,396.3,delivered,0,9003.6,19,12.0,-7.0,1.0
PO-003852,SUP-019,SKU-00049,WH-SOUTH,2025-05-12,2025-06-05,2025-06-08,1004,12.3,ocean,467.34,delivered,0,12349.2,24,27.0,3.0,0.0
PO-003853,SUP-019,SKU-00049,WH-SOUTH,2025-06-09,2025-06-17,2025-06-20,756,12.3,air,1249.59,delivered,0,9298.8,8,11.0,3.0,0.0
PO-003854,SUP-019,SKU-00049,WH-SOUTH,2025-06-16,2025-06-24,2025-06-25,584,12.3,air,1029.64,delivered,0,7183.2,8,9.0,1.0,0.0
PO-003855,SUP-019,SKU-00049,WH-SOUTH,2025-06-30,2025-07-24,2025-07-27,1016,12.3,ocean,495.47,delivered,0,12496.8,24,27.0,3.0,0.0
PO-003856,SUP-019,SKU-00049,WH-SOUTH,2025-07-28,2025-08-21,2025-08-21,669,12.3,ocean,372.51,delivered,0,8228.7,24,24.0,0.0,1.0
PO-003857,SUP-019,SKU-00049,WH-SOUTH,2025-08-04,2025-08-12,2025-08-18,835,12.3,air,1292.18,delivered,0,10270.5,8,14.0,6.0,0.0
PO-003858,SUP-019,SKU-00049,WH-SOUTH,2025-08-25,2025-09-18,2025-09-27,807,12.3,ocean,358.05,delivered,0,9926.1,24,33.0,9.0,0.0
PO-003859,SUP-019,SKU-00049,WH-SOUTH,2025-09-01,2025-09-09,2025-09-13,693,12.3,air,1003.15,delivered,0,8523.9,8,12.0,4.0,0.0
PO-003860,SUP-019,SKU-00049,WH-SOUTH,2025-09-22,2025-09-30,2025-10-02,697,12.3,air,888.68,delivered,0,8573.1,8,10.0,2.0,0.0
PO-003861,SUP-019,SKU-00049,WH-SOUTH,2025-10-06,2025-10-14,2025-10-14,1152,12.3,air,1810.37,delivered,0,14169.6,8,8.0,0.0,1.0
PO-003862,SUP-019,SKU-00049,WH-SOUTH,2025-10-20,2025-11-13,2025-11-14,997,12.3,ocean,419.65,delivered,0,12263.1,24,25.0,1.0,0.0
PO-003863,SUP-019,SKU-00049,WH-SOUTH,2025-11-17,2025-12-11,2025-12-19,763,12.3,ocean,408.67,delivered,0,9384.9,24,32.0,8.0,0.0
PO-003864,SUP-019,SKU-00049,WH-SOUTH,2025-11-24,2025-12-18,2025-12-15,543,12.3,ocean,281.92,delivered,0,6678.9,24,21.0,-3.0,1.0
PO-003865,SUP-019,SKU-00049,WH-SOUTH,2025-12-22,2025-12-30,,670,12.3,air,1101.26,open,0,8241.0,8,,,
PO-003866,SUP-004,SKU-00050,WH-EAST,2024-01-15,2024-01-24,2024-01-22,344,6.01,air,282.06,delivered,0,2067.44,9,7.0,-2.0,1.0
PO-003867,SUP-004,SKU-00050,WH-EAST,2024-01-29,2024-02-07,2024-02-06,342,6.01,air,269.27,delivered,0,2055.42,9,8.0,-1.0,1.0
PO-003868,SUP-004,SKU-00050,WH-EAST,2024-02-12,2024-02-21,2024-02-22,402,6.01,air,304.8,delivered,0,2416.02,9,10.0,1.0,0.0
PO-003869,SUP-004,SKU-00050,WH-EAST,2024-02-26,2024-03-24,2024-03-22,349,6.01,ocean,81.52,delivered,0,2097.49,27,25.0,-2.0,1.0
PO-003870,SUP-004,SKU-00050,WH-EAST,2024-03-18,2024-04-14,2024-04-12,442,6.01,ocean,103.77,delivered,0,2656.42,27,25.0,-2.0,1.0
PO-003871,SUP-004,SKU-00050,WH-EAST,2024-04-08,2024-05-05,2024-05-12,435,6.01,ocean,125.23,delivered,0,2614.35,27,34.0,7.0,0.0
PO-003872,SUP-004,SKU-00050,WH-EAST,2024-04-29,2024-05-26,2024-05-20,438,6.01,ocean,85.4,delivered,0,2632.38,27,21.0,-6.0,1.0
PO-003873,SUP-004,SKU-00050,WH-EAST,2024-05-27,2024-06-05,2024-06-05,430,6.01,air,299.13,delivered,0,2584.3,9,9.0,0.0,1.0
PO-003874,SUP-004,SKU-00050,WH-EAST,2024-06-10,2024-07-07,2024-07-04,346,6.01,ocean,87.17,delivered,0,2079.46,27,24.0,-3.0,1.0
PO-003875,SUP-004,SKU-00050,WH-EAST,2024-07-01,2024-07-28,2024-07-24,459,6.01,ocean,110.94,delivered,0,2758.59,27,23.0,-4.0,1.0
PO-003876,SUP-004,SKU-00050,WH-EAST,2024-07-15,2024-08-06,2024-08-08,384,6.01,rail,131.82,delivered,0,2307.84,22,24.0,2.0,0.0
PO-003877,SUP-004,SKU-00050,WH-EAST,2024-08-05,2024-09-01,2024-09-04,470,6.01,ocean,127.71,delivered,0,2824.7,27,30.0,3.0,0.0
PO-003878,SUP-004,SKU-00050,WH-EAST,2024-08-19,2024-08-28,2024-08-31,386,6.01,air,317.76,delivered,0,2319.86,9,12.0,3.0,0.0
PO-003879,SUP-004,SKU-00050,WH-EAST,2024-09-09,2024-10-01,2024-10-02,405,6.01,rail,107.52,delivered,0,2434.05,22,23.0,1.0,0.0
PO-003880,SUP-004,SKU-00050,WH-EAST,2024-09-23,2024-10-02,2024-09-30,412,6.01,air,325.05,delivered,0,2476.12,9,7.0,-2.0,1.0
PO-003881,SUP-004,SKU-00050,WH-EAST,2024-10-07,2024-10-29,2024-11-01,376,6.01,rail,120.31,delivered,0,2259.76,22,25.0,3.0,0.0
PO-003882,SUP-004,SKU-00050,WH-EAST,2024-10-21,2024-11-12,2024-11-17,396,6.01,rail,138.02,delivered,0,2379.96,22,27.0,5.0,0.0
PO-003883,SUP-004,SKU-00050,WH-EAST,2024-11-11,2024-12-03,2024-12-09,490,6.01,rail,124.4,delivered,0,2944.9,22,28.0,6.0,0.0
PO-003884,SUP-004,SKU-00050,WH-EAST,2024-11-25,2024-12-17,2024-12-14,352,6.01,rail,96.15,delivered,0,2115.52,22,19.0,-3.0,1.0
PO-003885,SUP-004,SKU-00050,WH-EAST,2024-12-16,2024-12-25,2024-12-26,367,6.01,air,315.57,delivered,0,2205.67,9,10.0,1.0,0.0
PO-003886,SUP-004,SKU-00050,WH-EAST,2024-12-30,2025-01-08,2025-01-08,340,6.01,air,215.3,delivered,0,2043.4,9,9.0,0.0,1.0
PO-003887,SUP-004,SKU-00050,WH-EAST,2025-01-13,2025-01-22,2025-01-23,354,6.01,air,256.61,delivered,0,2127.54,9,10.0,1.0,0.0
PO-003888,SUP-004,SKU-00050,WH-EAST,2025-02-03,2025-02-12,2025-02-13,525,6.01,air,421.18,delivered,0,3155.25,9,10.0,1.0,0.0
PO-003889,SUP-004,SKU-00050,WH-EAST,2025-02-24,2025-03-16,2025-03-18,512,6.01,road,153.74,delivered,0,3077.12,20,22.0,2.0,0.0
PO-003890,SUP-004,SKU-00050,WH-EAST,2025-03-10,2025-04-06,2025-04-04,364,6.01,ocean,89.86,delivered,0,2187.64,27,25.0,-2.0,1.0
PO-003891,SUP-004,SKU-00050,WH-EAST,2025-03-31,2025-04-27,2025-05-01,419,6.01,ocean,89.56,delivered,0,2518.19,27,31.0,4.0,0.0
PO-003892,SUP-004,SKU-00050,WH-EAST,2025-04-14,2025-05-11,2025-05-16,335,6.01,ocean,71.19,delivered,0,2013.35,27,32.0,5.0,0.0
PO-003893,SUP-004,SKU-00050,WH-EAST,2025-05-05,2025-06-01,2025-05-30,355,6.01,ocean,71.72,delivered,0,2133.55,27,25.0,-2.0,1.0
PO-003894,SUP-004,SKU-00050,WH-EAST,2025-05-26,2025-06-22,2025-06-21,532,6.01,ocean,146.06,delivered,0,3197.32,27,26.0,-1.0,1.0
PO-003895,SUP-004,SKU-00050,WH-EAST,2025-06-16,2025-06-25,2025-06-27,442,6.01,air,273.04,delivered,0,2656.42,9,11.0,2.0,0.0
PO-003896,SUP-004,SKU-00050,WH-EAST,2025-07-07,2025-07-27,2025-07-27,401,6.01,road,128.41,delivered,0,2410.01,20,20.0,0.0,1.0
PO-003897,SUP-004,SKU-00050,WH-EAST,2025-07-21,2025-07-30,2025-07-31,546,6.01,air,452.82,delivered,0,3281.46,9,10.0,1.0,0.0
PO-003898,SUP-004,SKU-00050,WH-EAST,2025-08-11,2025-09-07,2025-09-02,408,6.01,ocean,107.99,delivered,0,2452.08,27,22.0,-5.0,1.0
PO-003899,SUP-004,SKU-00050,WH-EAST,2025-08-25,2025-09-21,2025-09-18,468,6.01,ocean,108.71,delivered,0,2812.68,27,24.0,-3.0,1.0
PO-003900,SUP-004,SKU-00050,WH-EAST,2025-09-15,2025-09-24,2025-09-23,488,6.01,air,353.35,delivered,0,2932.88,9,8.0,-1.0,1.0
PO-003901,SUP-004,SKU-00050,WH-EAST,2025-09-29,2025-10-21,2025-10-23,331,6.01,rail,108.79,delivered,0,1989.31,22,24.0,2.0,0.0
PO-003902,SUP-004,SKU-00050,WH-EAST,2025-10-13,2025-11-09,2025-11-07,385,6.01,ocean,92.82,delivered,0,2313.85,27,25.0,-2.0,1.0
PO-003903,SUP-004,SKU-00050,WH-EAST,2025-10-27,2025-11-23,2025-11-27,421,6.01,ocean,90.25,delivered,0,2530.21,27,31.0,4.0,0.0
PO-003904,SUP-004,SKU-00050,WH-EAST,2025-11-17,2025-11-26,2025-11-28,540,6.01,air,395.77,delivered,0,3245.4,9,11.0,2.0,0.0
PO-003905,SUP-004,SKU-00050,WH-EAST,2025-12-08,2025-12-28,,352,6.01,road,112.8,open,0,2115.52,20,,,
PO-003906,SUP-004,SKU-00050,WH-EAST,2025-12-22,2026-01-18,,421,6.01,ocean,88.87,open,0,2530.21,27,,,
PO-003907,SUP-006,SKU-00051,WH-EAST,2024-01-15,2024-02-07,2024-02-15,247,14.44,rail,185.21,delivered,0,3566.68,23,31.0,8.0,0.0
PO-003908,SUP-006,SKU-00051,WH-EAST,2024-02-05,2024-02-26,2024-02-25,251,14.44,road,253.84,delivered,0,3624.44,21,20.0,-1.0,1.0
PO-003909,SUP-006,SKU-00051,WH-EAST,2024-02-26,2024-03-25,2024-03-27,194,14.44,ocean,132.67,delivered,0,2801.36,28,30.0,2.0,0.0
PO-003910,SUP-006,SKU-00051,WH-EAST,2024-03-11,2024-04-03,2024-04-04,188,14.44,rail,132.8,delivered,0,2714.72,23,24.0,1.0,0.0
PO-003911,SUP-006,SKU-00051,WH-EAST,2024-04-01,2024-04-29,2024-04-27,265,14.44,ocean,147.18,delivered,0,3826.6,28,26.0,-2.0,1.0
PO-003912,SUP-006,SKU-00051,WH-EAST,2024-04-22,2024-05-20,2024-05-22,246,14.44,ocean,166.16,delivered,0,3552.24,28,30.0,2.0,0.0
PO-003913,SUP-006,SKU-00051,WH-EAST,2024-05-13,2024-06-10,2024-06-04,217,14.44,ocean,119.43,delivered,0,3133.48,28,22.0,-6.0,1.0
PO-003914,SUP-006,SKU-00051,WH-EAST,2024-06-03,2024-07-01,2024-06-30,230,14.44,ocean,133.03,delivered,0,3321.2,28,27.0,-1.0,1.0
PO-003915,SUP-006,SKU-00051,WH-EAST,2024-06-24,2024-07-22,2024-07-23,262,14.44,ocean,123.98,delivered,0,3783.28,28,29.0,1.0,0.0
PO-003916,SUP-006,SKU-00051,WH-EAST,2024-07-15,2024-07-24,2024-07-25,254,14.44,air,477.97,delivered,0,3667.76,9,10.0,1.0,0.0
PO-003917,SUP-006,SKU-00051,WH-EAST,2024-08-05,2024-08-28,2024-08-30,238,14.44,rail,199.22,delivered,0,3436.72,23,25.0,2.0,0.0
PO-003918,SUP-006,SKU-00051,WH-EAST,2024-08-26,2024-09-04,2024-09-06,243,14.44,air,472.21,delivered,0,3508.92,9,11.0,2.0,0.0
PO-003919,SUP-006,SKU-00051,WH-EAST,2024-09-16,2024-10-14,2024-10-07,261,14.44,ocean,125.26,delivered,0,3768.84,28,21.0,-7.0,1.0
PO-003920,SUP-006,SKU-00051,WH-EAST,2024-10-07,2024-11-04,2024-10-31,290,14.44,ocean,160.71,delivered,0,4187.6,28,24.0,-4.0,1.0
PO-003921,SUP-006,SKU-00051,WH-EAST,2024-10-28,2024-11-06,2024-11-05,241,14.44,air,341.45,delivered,0,3480.04,9,8.0,-1.0,1.0
PO-003922,SUP-006,SKU-00051,WH-EAST,2024-11-11,2024-11-20,2024-11-20,197,14.44,air,295.8,delivered,0,2844.68,9,9.0,0.0,1.0
PO-003923,SUP-006,SKU-00051,WH-EAST,2024-11-25,2024-12-04,2024-12-03,211,14.44,air,318.15,delivered,0,3046.84,9,8.0,-1.0,1.0
PO-003924,SUP-006,SKU-00051,WH-EAST,2024-12-09,2024-12-18,2024-12-19,198,14.44,air,372.79,delivered,0,2859.12,9,10.0,1.0,0.0
PO-003925,SUP-006,SKU-00051,WH-EAST,2024-12-23,2025-01-13,2025-01-05,204,14.44,road,189.74,delivered,0,2945.76,21,13.0,-8.0,1.0
PO-003926,SUP-006,SKU-00051,WH-EAST,2025-01-06,2025-02-03,2025-02-02,198,14.44,ocean,129.99,delivered,0,2859.12,28,27.0,-1.0,1.0
PO-003927,SUP-006,SKU-00051,WH-EAST,2025-01-27,2025-02-24,2025-02-19,266,14.44,ocean,129.9,delivered,0,3841.04,28,23.0,-5.0,1.0
PO-003928,SUP-006,SKU-00051,WH-EAST,2025-02-17,2025-03-17,2025-03-27,260,14.44,ocean,149.5,delivered,0,3754.4,28,38.0,10.0,0.0
PO-003929,SUP-006,SKU-00051,WH-EAST,2025-03-10,2025-03-19,2025-03-20,267,14.44,air,518.81,delivered,0,3855.48,9,10.0,1.0,0.0
PO-003930,SUP-006,SKU-00051,WH-EAST,2025-03-31,2025-04-23,2025-04-19,203,14.44,rail,124.46,delivered,0,2931.32,23,19.0,-4.0,1.0
PO-003931,SUP-006,SKU-00051,WH-EAST,2025-04-14,2025-05-07,2025-05-18,197,14.44,rail,158.19,delivered,0,2844.68,23,34.0,11.0,0.0
PO-003932,SUP-006,SKU-00051,WH-EAST,2025-05-05,2025-05-14,2025-05-15,270,14.44,air,480.5,delivered,0,3898.8,9,10.0,1.0,0.0
PO-003933,SUP-006,SKU-00051,WH-EAST,2025-05-26,2025-06-23,2025-06-26,244,14.44,ocean,113.94,delivered,0,3523.36,28,31.0,3.0,0.0
PO-003934,SUP-006,SKU-00051,WH-EAST,2025-06-16,2025-06-25,2025-06-24,291,14.44,air,425.74,delivered,0,4202.04,9,8.0,-1.0,1.0
PO-003935,SUP-006,SKU-00051,WH-EAST,2025-07-07,2025-07-16,2025-07-18,225,14.44,air,389.2,delivered,0,3249.0,9,11.0,2.0,0.0
PO-003936,SUP-006,SKU-00051,WH-EAST,2025-07-21,2025-08-13,2025-08-16,232,14.44,rail,183.48,delivered,0,3350.08,23,26.0,3.0,0.0
PO-003937,SUP-006,SKU-00051,WH-EAST,2025-08-04,2025-08-25,2025-08-16,203,14.44,road,196.34,delivered,0,2931.32,21,12.0,-9.0,1.0
PO-003938,SUP-006,SKU-00051,WH-EAST,2025-08-25,2025-09-15,2025-09-19,300,14.44,road,227.52,delivered,0,4332.0,21,25.0,4.0,0.0
PO-003939,SUP-006,SKU-00051,WH-EAST,2025-09-08,2025-09-17,2025-09-16,222,14.44,air,311.08,delivered,0,3205.68,9,8.0,-1.0,1.0
PO-003940,SUP-006,SKU-00051,WH-EAST,2025-09-29,2025-10-27,2025-10-30,234,14.44,ocean,155.66,delivered,0,3378.96,28,31.0,3.0,0.0
PO-003941,SUP-006,SKU-00051,WH-EAST,2025-10-13,2025-11-10,2025-11-12,203,14.44,ocean,98.6,delivered,0,2931.32,28,30.0,2.0,0.0
PO-003942,SUP-006,SKU-00051,WH-EAST,2025-11-10,2025-12-08,2025-12-03,300,14.44,ocean,161.31,delivered,0,4332.0,28,23.0,-5.0,1.0
PO-003943,SUP-006,SKU-00051,WH-EAST,2025-12-01,2025-12-10,2025-12-09,257,14.44,air,519.98,delivered,0,3711.08,9,8.0,-1.0,1.0
PO-003944,SUP-006,SKU-00051,WH-EAST,2025-12-15,2026-01-12,,226,14.44,ocean,152.2,open,0,3263.44,28,,,
PO-003945,SUP-006,SKU-00052,WH-SOUTH,2024-01-15,2024-01-24,2024-01-23,104,12.01,air,124.03,delivered,0,1249.04,9,8.0,-1.0,1.0
PO-003946,SUP-006,SKU-00052,WH-SOUTH,2024-01-29,2024-02-26,2024-03-06,118,12.01,ocean,66.56,delivered,0,1417.18,28,37.0,9.0,0.0
PO-003947,SUP-006,SKU-00052,WH-SOUTH,2024-02-12,2024-03-11,2024-03-02,117,12.01,ocean,57.52,delivered,0,1405.17,28,19.0,-9.0,1.0
PO-003948,SUP-006,SKU-00052,WH-SOUTH,2024-03-04,2024-03-25,2024-03-29,105,12.01,road,62.67,delivered,0,1261.05,21,25.0,4.0,0.0
PO-003949,SUP-006,SKU-00052,WH-SOUTH,2024-03-25,2024-04-22,2024-04-21,126,12.01,ocean,62.45,delivered,0,1513.26,28,27.0,-1.0,1.0
PO-003950,SUP-006,SKU-00052,WH-SOUTH,2024-04-15,2024-04-24,2024-04-22,117,12.01,air,168.32,delivered,0,1405.17,9,7.0,-2.0,1.0
PO-003951,SUP-006,SKU-00052,WH-SOUTH,2024-05-06,2024-06-03,2024-06-11,130,12.01,ocean,59.13,delivered,0,1561.3,28,36.0,8.0,0.0
PO-003952,SUP-006,SKU-00052,WH-SOUTH,2024-05-27,2024-06-24,2024-06-25,107,12.01,ocean,45.37,delivered,0,1285.07,28,29.0,1.0,0.0
PO-003953,SUP-006,SKU-00052,WH-SOUTH,2024-06-17,2024-06-26,2024-06-26,103,12.01,air,162.28,delivered,0,1237.03,9,9.0,0.0,1.0
PO-003954,SUP-006,SKU-00052,WH-SOUTH,2024-07-08,2024-08-05,2024-08-04,101,12.01,ocean,39.75,delivered,0,1213.01,28,27.0,-1.0,1.0
PO-003955,SUP-006,SKU-00052,WH-SOUTH,2024-07-29,2024-08-26,2024-08-25,112,12.01,ocean,60.56,delivered,0,1345.12,28,27.0,-1.0,1.0
PO-003956,SUP-006,SKU-00052,WH-SOUTH,2024-08-19,2024-09-16,2024-09-16,141,12.01,ocean,54.91,delivered,0,1693.41,28,28.0,0.0,1.0
PO-003957,SUP-006,SKU-00052,WH-SOUTH,2024-09-09,2024-09-18,2024-09-18,138,12.01,air,174.59,delivered,0,1657.38,9,9.0,0.0,1.0
PO-003958,SUP-006,SKU-00052,WH-SOUTH,2024-09-30,2024-10-28,2024-10-22,129,12.01,ocean,52.29,delivered,0,1549.29,28,22.0,-6.0,1.0
PO-003959,SUP-006,SKU-00052,WH-SOUTH,2024-10-21,2024-10-30,2024-10-30,161,12.01,air,213.01,delivered,0,1933.61,9,9.0,0.0,1.0
PO-003960,SUP-006,SKU-00052,WH-SOUTH,2024-11-04,2024-11-13,2024-11-14,115,12.01,air,161.15,delivered,0,1381.15,9,10.0,1.0,0.0
PO-003961,SUP-006,SKU-00052,WH-SOUTH,2024-11-25,2024-12-04,2024-12-03,133,12.01,air,217.78,delivered,0,1597.33,9,8.0,-1.0,1.0
PO-003962,SUP-006,SKU-00052,WH-SOUTH,2024-12-09,2025-01-06,2025-01-07,100,12.01,ocean,52.75,delivered,0,1201.0,28,29.0,1.0,0.0
PO-003963,SUP-006,SKU-00052,WH-SOUTH,2024-12-23,2025-01-01,2025-01-06,114,12.01,air,190.82,delivered,0,1369.14,9,14.0,5.0,0.0
PO-003964,SUP-006,SKU-00052,WH-SOUTH,2025-01-06,2025-02-03,2025-01-27,108,12.01,ocean,46.88,delivered,0,1297.08,28,21.0,-7.0,1.0
PO-003965,SUP-006,SKU-00052,WH-SOUTH,2025-01-20,2025-01-29,2025-01-28,105,12.01,air,166.43,delivered,0,1261.05,9,8.0,-1.0,1.0
PO-003966,SUP-006,SKU-00052,WH-SOUTH,2025-02-03,2025-03-03,2025-03-06,128,12.01,ocean,52.01,delivered,0,1537.28,28,31.0,3.0,0.0
PO-003967,SUP-006,SKU-00052,WH-SOUTH,2025-02-24,2025-03-05,2025-03-04,150,12.01,air,182.35,delivered,0,1801.5,9,8.0,-1.0,1.0
PO-003968,SUP-006,SKU-00052,WH-SOUTH,2025-03-17,2025-03-26,2025-03-28,119,12.01,air,146.51,delivered,0,1429.19,9,11.0,2.0,0.0
PO-003969,SUP-006,SKU-00052,WH-SOUTH,2025-04-07,2025-05-05,2025-05-04,109,12.01,ocean,50.92,delivered,0,1309.09,28,27.0,-1.0,1.0
PO-003970,SUP-006,SKU-00052,WH-SOUTH,2025-04-28,2025-05-07,2025-05-04,128,12.01,air,186.26,delivered,0,1537.28,9,6.0,-3.0,1.0
PO-003971,SUP-006,SKU-00052,WH-SOUTH,2025-05-19,2025-06-11,2025-06-11,120,12.01,rail,66.71,delivered,0,1441.2,23,23.0,0.0,1.0
PO-003972,SUP-006,SKU-00052,WH-SOUTH,2025-06-09,2025-07-07,2025-07-06,110,12.01,ocean,48.91,delivered,0,1321.1,28,27.0,-1.0,1.0
PO-003973,SUP-006,SKU-00052,WH-SOUTH,2025-07-07,2025-08-04,2025-08-10,142,12.01,ocean,57.19,delivered,0,1705.42,28,34.0,6.0,0.0
PO-003974,SUP-006,SKU-00052,WH-SOUTH,2025-08-04,2025-08-13,2025-08-15,132,12.01,air,223.75,delivered,0,1585.32,9,11.0,2.0,0.0
PO-003975,SUP-006,SKU-00052,WH-SOUTH,2025-08-25,2025-09-22,2025-09-18,114,12.01,ocean,51.96,delivered,0,1369.14,28,24.0,-4.0,1.0
PO-003976,SUP-006,SKU-00052,WH-SOUTH,2025-09-15,2025-10-13,2025-10-07,127,12.01,ocean,62.77,delivered,0,1525.27,28,22.0,-6.0,1.0
PO-003977,SUP-006,SKU-00052,WH-SOUTH,2025-10-06,2025-11-03,2025-10-30,144,12.01,ocean,69.11,delivered,0,1729.44,28,24.0,-4.0,1.0
PO-003978,SUP-006,SKU-00052,WH-SOUTH,2025-10-20,2025-10-29,2025-10-28,120,12.01,air,160.58,delivered,0,1441.2,9,8.0,-1.0,1.0
PO-003979,SUP-006,SKU-00052,WH-SOUTH,2025-11-10,2025-12-03,2025-12-01,135,12.01,rail,73.03,delivered,0,1621.35,23,21.0,-2.0,1.0
PO-003980,SUP-006,SKU-00052,WH-SOUTH,2025-12-01,2025-12-22,2025-12-24,126,12.01,road,83.37,delivered,0,1513.26,21,23.0,2.0,0.0
PO-003981,SUP-006,SKU-00052,WH-SOUTH,2025-12-22,2026-01-19,,121,12.01,ocean,58.55,open,0,1453.21,28,,,
PO-003982,SUP-006,SKU-00052,WH-APAC,2024-01-15,2024-02-07,2024-02-05,156,12.01,rail,106.57,delivered,0,1873.56,23,21.0,-2.0,1.0
PO-003983,SUP-006,SKU-00052,WH-APAC,2024-01-29,2024-02-26,2024-03-01,157,12.01,ocean,69.43,delivered,0,1885.57,28,32.0,4.0,0.0
PO-003984,SUP-006,SKU-00052,WH-APAC,2024-02-19,2024-03-18,2024-03-15,173,12.01,ocean,78.31,delivered,0,2077.73,28,25.0,-3.0,1.0
PO-003985,SUP-006,SKU-00052,WH-APAC,2024-03-11,2024-04-08,2024-04-10,187,12.01,ocean,91.93,delivered,0,2245.87,28,30.0,2.0,0.0
PO-003986,SUP-006,SKU-00052,WH-APAC,2024-04-01,2024-04-29,2024-05-01,162,12.01,ocean,85.53,delivered,0,1945.62,28,30.0,2.0,0.0
PO-003987,SUP-006,SKU-00052,WH-APAC,2024-04-29,2024-05-22,2024-05-20,183,12.01,rail,124.78,delivered,0,2197.83,23,21.0,-2.0,1.0
PO-003988,SUP-006,SKU-00052,WH-APAC,2024-05-20,2024-06-10,2024-06-08,145,12.01,road,88.22,delivered,0,1741.45,21,19.0,-2.0,1.0
PO-003989,SUP-006,SKU-00052,WH-APAC,2024-06-10,2024-07-08,2024-07-11,149,12.01,ocean,82.97,delivered,0,1789.49,28,31.0,3.0,0.0
PO-003990,SUP-006,SKU-00052,WH-APAC,2024-07-01,2024-07-29,2024-07-25,141,12.01,ocean,56.29,delivered,0,1693.41,28,24.0,-4.0,1.0
PO-003991,SUP-006,SKU-00052,WH-APAC,2024-07-22,2024-08-19,2024-08-11,161,12.01,ocean,92.12,delivered,0,1933.61,28,20.0,-8.0,1.0
PO-003992,SUP-006,SKU-00052,WH-APAC,2024-08-12,2024-08-21,2024-08-19,156,12.01,air,205.21,delivered,0,1873.56,9,7.0,-2.0,1.0
PO-003993,SUP-006,SKU-00052,WH-APAC,2024-09-02,2024-09-30,2024-10-10,148,12.01,ocean,72.7,delivered,0,1777.48,28,38.0,10.0,0.0
PO-003994,SUP-006,SKU-00052,WH-APAC,2024-09-23,2024-10-21,2024-10-23,148,12.01,ocean,68.81,delivered,0,1777.48,28,30.0,2.0,0.0
PO-003995,SUP-006,SKU-00052,WH-APAC,2024-10-14,2024-10-23,2024-10-26,152,12.01,air,178.67,delivered,0,1825.52,9,12.0,3.0,0.0
PO-003996,SUP-006,SKU-00052,WH-APAC,2024-10-28,2024-11-25,2024-11-30,137,12.01,ocean,54.86,delivered,0,1645.37,28,33.0,5.0,0.0
PO-003997,SUP-006,SKU-00052,WH-APAC,2024-11-18,2024-12-16,2024-12-18,174,12.01,ocean,91.76,delivered,0,2089.74,28,30.0,2.0,0.0
PO-003998,SUP-006,SKU-00052,WH-APAC,2024-12-09,2024-12-18,2024-12-18,186,12.01,air,276.42,delivered,0,2233.86,9,9.0,0.0,1.0
PO-003999,SUP-006,SKU-00052,WH-APAC,2024-12-30,2025-01-27,2025-01-27,212,12.01,ocean,90.71,delivered,0,2546.12,28,28.0,0.0,1.0
PO-004000,SUP-006,SKU-00052,WH-APAC,2025-01-20,2025-01-29,2025-01-29,177,12.01,air,279.42,delivered,0,2125.77,9,9.0,0.0,1.0
PO-004001,SUP-006,SKU-00052,WH-APAC,2025-02-10,2025-03-10,2025-03-07,164,12.01,ocean,67.33,delivered,0,1969.64,28,25.0,-3.0,1.0
PO-004002,SUP-006,SKU-00052,WH-APAC,2025-03-03,2025-03-31,2025-03-29,145,12.01,ocean,59.3,delivered,0,1741.45,28,26.0,-2.0,1.0
PO-004003,SUP-006,SKU-00052,WH-APAC,2025-03-31,2025-04-09,2025-04-08,178,12.01,air,225.55,delivered,0,2137.78,9,8.0,-1.0,1.0
PO-004004,SUP-006,SKU-00052,WH-APAC,2025-04-28,2025-05-26,2025-05-21,174,12.01,ocean,92.16,delivered,0,2089.74,28,23.0,-5.0,1.0
PO-004005,SUP-006,SKU-00052,WH-APAC,2025-05-26,2025-06-04,2025-06-03,170,12.01,air,239.38,delivered,0,2041.7,9,8.0,-1.0,1.0
PO-004006,SUP-006,SKU-00052,WH-APAC,2025-06-23,2025-07-21,2025-07-19,156,12.01,ocean,79.18,delivered,0,1873.56,28,26.0,-2.0,1.0
PO-004007,SUP-006,SKU-00052,WH-APAC,2025-07-21,2025-07-30,2025-07-30,179,12.01,air,215.12,delivered,0,2149.79,9,9.0,0.0,1.0
PO-004008,SUP-006,SKU-00052,WH-APAC,2025-08-18,2025-08-27,2025-08-25,149,12.01,air,175.02,delivered,0,1789.49,9,7.0,-2.0,1.0
PO-004009,SUP-006,SKU-00052,WH-APAC,2025-09-08,2025-09-17,2025-09-17,156,12.01,air,217.3,delivered,0,1873.56,9,9.0,0.0,1.0
PO-004010,SUP-006,SKU-00052,WH-APAC,2025-09-29,2025-10-08,2025-10-16,154,12.01,air,195.13,delivered,0,1849.54,9,17.0,8.0,0.0
PO-004011,SUP-006,SKU-00052,WH-APAC,2025-10-20,2025-11-17,2025-11-14,156,12.01,ocean,84.22,delivered,0,1873.56,28,25.0,-3.0,1.0
PO-004012,SUP-006,SKU-00052,WH-APAC,2025-11-10,2025-11-19,2025-11-20,163,12.01,air,276.88,delivered,0,1957.63,9,10.0,1.0,0.0
PO-004013,SUP-006,SKU-00052,WH-APAC,2025-12-01,2025-12-29,2025-12-24,140,12.01,ocean,55.54,delivered,0,1681.4,28,23.0,-5.0,1.0
PO-004014,SUP-006,SKU-00052,WH-APAC,2025-12-22,2026-01-12,,172,12.01,road,121.41,open,0,2065.72,21,,,
PO-004015,SUP-022,SKU-00053,WH-EU,2024-01-15,2024-02-02,2024-01-28,818,9.45,ocean,345.2,delivered,0,7730.1,18,13.0,-5.0,1.0
PO-004016,SUP-022,SKU-00053,WH-EU,2024-02-05,2024-02-20,2024-02-18,949,9.45,rail,477.14,delivered,0,8968.05,15,13.0,-2.0,1.0
PO-004017,SUP-022,SKU-00053,WH-EU,2024-02-26,2024-03-12,2024-03-19,867,9.45,rail,473.33,delivered,0,8193.15,15,22.0,7.0,0.0
PO-004018,SUP-022,SKU-00053,WH-EU,2024-03-25,2024-04-12,2024-04-21,972,9.45,ocean,440.78,delivered,0,9185.4,18,27.0,9.0,0.0
PO-004019,SUP-022,SKU-00053,WH-EU,2024-04-22,2024-05-07,2024-05-06,716,9.45,rail,349.7,delivered,0,6766.2,15,14.0,-1.0,1.0
PO-004020,SUP-022,SKU-00053,WH-EU,2024-05-13,2024-05-26,2024-05-28,984,9.45,road,558.24,delivered,0,9298.8,13,15.0,2.0,0.0
PO-004021,SUP-022,SKU-00053,WH-EU,2024-06-03,2024-06-21,2024-06-19,900,9.45,ocean,313.96,delivered,0,8505.0,18,16.0,-2.0,1.0
PO-004022,SUP-022,SKU-00053,WH-EU,2024-06-24,2024-06-30,2024-06-29,1015,9.45,air,968.91,delivered,0,9591.75,6,5.0,-1.0,1.0
PO-004023,SUP-022,SKU-00053,WH-EU,2024-07-08,2024-07-14,2024-07-12,701,9.45,air,831.81,delivered,0,6624.45,6,4.0,-2.0,1.0
PO-004024,SUP-022,SKU-00053,WH-EU,2024-07-22,2024-08-04,2024-08-08,789,9.45,road,448.14,delivered,0,7456.05,13,17.0,4.0,0.0
PO-004025,SUP-022,SKU-00053,WH-EU,2024-08-05,2024-08-11,2024-08-14,726,9.45,air,686.9,delivered,0,6860.7,6,9.0,3.0,0.0
PO-004026,SUP-022,SKU-00053,WH-EU,2024-08-19,2024-09-06,2024-09-08,910,9.45,ocean,403.74,delivered,0,8599.5,18,20.0,2.0,0.0
PO-004027,SUP-022,SKU-00053,WH-EU,2024-09-09,2024-09-22,2024-10-02,751,9.45,road,385.82,delivered,0,7096.95,13,23.0,10.0,0.0
PO-004028,SUP-022,SKU-00053,WH-EU,2024-09-23,2024-10-11,2024-10-06,764,9.45,ocean,318.97,delivered,0,7219.8,18,13.0,-5.0,1.0
PO-004029,SUP-022,SKU-00053,WH-EU,2024-10-14,2024-11-01,2024-11-14,1218,9.45,ocean,516.92,delivered,0,11510.1,18,31.0,13.0,0.0
PO-004030,SUP-022,SKU-00053,WH-EU,2024-11-18,2024-12-06,2024-12-08,668,9.45,ocean,251.37,delivered,0,6312.6,18,20.0,2.0,0.0
PO-004031,SUP-022,SKU-00053,WH-EU,2024-12-02,2024-12-08,2024-12-09,847,9.45,air,1007.5,delivered,0,8004.15,6,7.0,1.0,0.0
PO-004032,SUP-022,SKU-00053,WH-EU,2024-12-16,2025-01-03,2024-12-27,740,9.45,ocean,324.57,delivered,0,6993.0,18,11.0,-7.0,1.0
PO-004033,SUP-022,SKU-00053,WH-EU,2024-12-30,2025-01-17,2025-01-11,1108,9.45,ocean,499.23,delivered,0,10470.6,18,12.0,-6.0,1.0
PO-004034,SUP-022,SKU-00053,WH-EU,2025-01-20,2025-01-26,2025-01-26,1259,9.45,air,1273.79,delivered,0,11897.55,6,6.0,0.0,1.0
PO-004035,SUP-022,SKU-00053,WH-EU,2025-02-03,2025-02-09,2025-02-10,709,9.45,air,757.43,delivered,0,6700.05,6,7.0,1.0,0.0
PO-004036,SUP-022,SKU-00053,WH-EU,2025-02-17,2025-02-23,2025-02-23,945,9.45,air,1186.56,delivered,0,8930.25,6,6.0,0.0,1.0
PO-004037,SUP-022,SKU-00053,WH-EU,2025-03-03,2025-03-21,2025-03-19,1131,9.45,ocean,497.61,delivered,0,10687.95,18,16.0,-2.0,1.0
PO-004038,SUP-022,SKU-00053,WH-EU,2025-03-24,2025-03-30,2025-04-03,689,9.45,air,656.67,delivered,0,6511.05,6,10.0,4.0,0.0
PO-004039,SUP-022,SKU-00053,WH-EU,2025-04-07,2025-04-25,2025-05-03,745,9.45,ocean,323.66,delivered,0,7040.25,18,26.0,8.0,0.0
PO-004040,SUP-022,SKU-00053,WH-EU,2025-04-21,2025-04-27,2025-04-25,770,9.45,air,938.82,delivered,0,7276.5,6,4.0,-2.0,1.0
PO-004041,SUP-022,SKU-00053,WH-EU,2025-05-12,2025-05-25,2025-05-25,1049,9.45,road,634.73,delivered,0,9913.05,13,13.0,0.0,1.0
PO-004042,SUP-022,SKU-00053,WH-EU,2025-06-02,2025-06-08,2025-06-09,1062,9.45,air,1253.48,delivered,0,10035.9,6,7.0,1.0,0.0
PO-004043,SUP-022,SKU-00053,WH-EU,2025-06-16,2025-07-04,2025-07-13,890,9.45,ocean,353.05,delivered,0,8410.5,18,27.0,9.0,0.0
PO-004044,SUP-022,SKU-00053,WH-EU,2025-07-14,2025-07-27,2025-07-21,800,9.45,road,541.16,delivered,0,7560.0,13,7.0,-6.0,1.0
PO-004045,SUP-022,SKU-00053,WH-EU,2025-07-28,2025-08-15,2025-08-14,1300,9.45,ocean,443.17,delivered,0,12285.0,18,17.0,-1.0,1.0
PO-004046,SUP-022,SKU-00053,WH-EU,2025-08-18,2025-09-05,2025-08-24,664,9.45,ocean,252.68,delivered,0,6274.8,18,6.0,-12.0,1.0
PO-004047,SUP-022,SKU-00053,WH-EU,2025-08-25,2025-09-07,2025-09-04,686,9.45,road,401.11,delivered,0,6482.7,13,10.0,-3.0,1.0
PO-004048,SUP-022,SKU-00053,WH-EU,2025-09-08,2025-09-26,2025-09-27,1055,9.45,ocean,424.85,delivered,0,9969.75,18,19.0,1.0,0.0
PO-004049,SUP-022,SKU-00053,WH-EU,2025-09-29,2025-10-05,2025-10-09,697,9.45,air,667.86,delivered,0,6586.65,6,10.0,4.0,0.0
PO-004050,SUP-022,SKU-00053,WH-EU,2025-10-13,2025-10-26,2025-10-24,1279,9.45,road,671.48,delivered,0,12086.55,13,11.0,-2.0,1.0
PO-004051,SUP-022,SKU-00053,WH-EU,2025-11-03,2025-11-21,2025-11-29,1291,9.45,ocean,438.77,delivered,0,12199.95,18,26.0,8.0,0.0
PO-004052,SUP-022,SKU-00053,WH-EU,2025-12-08,2025-12-26,2025-12-25,1205,9.45,ocean,413.45,delivered,0,11387.25,18,17.0,-1.0,1.0
PO-004053,SUP-022,SKU-00053,WH-WEST,2024-01-15,2024-02-02,2024-01-26,1033,9.45,ocean,392.48,delivered,0,9761.85,18,11.0,-7.0,1.0
PO-004054,SUP-022,SKU-00053,WH-WEST,2024-01-29,2024-02-13,2024-02-21,1114,9.45,rail,439.47,delivered,0,10527.3,15,23.0,8.0,0.0
PO-004055,SUP-022,SKU-00053,WH-WEST,2024-02-12,2024-02-18,2024-02-17,956,9.45,air,966.69,delivered,0,9034.2,6,5.0,-1.0,1.0
PO-004056,SUP-022,SKU-00053,WH-WEST,2024-03-04,2024-03-17,2024-03-21,1259,9.45,road,848.6,delivered,0,11897.55,13,17.0,4.0,0.0
PO-004057,SUP-022,SKU-00053,WH-WEST,2024-03-25,2024-04-12,2024-04-12,1244,9.45,ocean,487.87,delivered,0,11755.8,18,18.0,0.0,1.0
PO-004058,SUP-022,SKU-00053,WH-WEST,2024-04-15,2024-05-03,2024-05-18,1180,9.45,ocean,403.75,delivered,0,11151.0,18,33.0,15.0,0.0
PO-004059,SUP-022,SKU-00053,WH-WEST,2024-05-06,2024-05-24,2024-05-24,1045,9.45,ocean,406.6,delivered,0,9875.25,18,18.0,0.0,1.0
PO-004060,SUP-022,SKU-00053,WH-WEST,2024-06-03,2024-06-18,2024-06-19,1108,9.45,rail,456.34,delivered,0,10470.6,15,16.0,1.0,0.0
PO-004061,SUP-022,SKU-00053,WH-WEST,2024-06-17,2024-07-05,2024-07-04,1004,9.45,ocean,424.72,delivered,0,9487.8,18,17.0,-1.0,1.0
PO-004062,SUP-022,SKU-00053,WH-WEST,2024-07-01,2024-07-07,2024-07-05,1221,9.45,air,1227.26,delivered,0,11538.45,6,4.0,-2.0,1.0
PO-004063,SUP-022,SKU-00053,WH-WEST,2024-07-15,2024-08-02,2024-08-05,1102,9.45,ocean,434.34,delivered,0,10413.9,18,21.0,3.0,0.0
PO-004064,SUP-022,SKU-00053,WH-WEST,2024-07-29,2024-08-04,2024-08-08,1123,9.45,air,1218.06,delivered,0,10612.35,6,10.0,4.0,0.0
PO-004065,SUP-022,SKU-00053,WH-WEST,2024-08-19,2024-09-03,2024-09-01,1829,9.45,rail,1005.57,delivered,0,17284.05,15,13.0,-2.0,1.0
PO-004066,SUP-022,SKU-00053,WH-WEST,2024-09-09,2024-09-15,2024-09-19,1233,9.45,air,1296.86,delivered,0,11651.85,6,10.0,4.0,0.0
PO-004067,SUP-022,SKU-00053,WH-WEST,2024-09-23,2024-10-08,2024-10-01,1412,9.45,rail,638.72,delivered,0,13343.4,15,8.0,-7.0,1.0
PO-004068,SUP-022,SKU-00053,WH-WEST,2024-10-07,2024-10-25,2024-10-26,1597,9.45,ocean,546.68,delivered,0,15091.65,18,19.0,1.0,0.0
PO-004069,SUP-022,SKU-00053,WH-WEST,2024-10-28,2024-11-15,2024-11-07,1035,9.45,ocean,362.12,delivered,0,9780.75,18,10.0,-8.0,1.0
PO-004070,SUP-022,SKU-00053,WH-WEST,2024-11-11,2024-11-29,2024-11-26,1946,9.45,ocean,655.9,delivered,0,18389.7,18,15.0,-3.0,1.0
PO-004071,SUP-022,SKU-00053,WH-WEST,2024-12-02,2024-12-17,2024-12-15,995,9.45,rail,407.94,delivered,0,9402.75,15,13.0,-2.0,1.0
PO-004072,SUP-022,SKU-00053,WH-WEST,2024-12-16,2024-12-31,2025-01-07,1270,9.45,rail,707.74,delivered,0,12001.5,15,22.0,7.0,0.0
PO-004073,SUP-022,SKU-00053,WH-WEST,2024-12-30,2025-01-05,2025-01-07,955,9.45,air,1005.06,delivered,0,9024.75,6,8.0,2.0,0.0
PO-004074,SUP-022,SKU-00053,WH-WEST,2025-01-20,2025-01-26,2025-01-26,1460,9.45,air,1982.84,delivered,0,13797.0,6,6.0,0.0,1.0
PO-004075,SUP-022,SKU-00053,WH-WEST,2025-02-03,2025-02-21,2025-02-13,1248,9.45,ocean,466.39,delivered,0,11793.6,18,10.0,-8.0,1.0
PO-004076,SUP-022,SKU-00053,WH-WEST,2025-02-17,2025-03-07,2025-02-21,1433,9.45,ocean,625.7,delivered,0,13541.85,18,4.0,-14.0,1.0
PO-004077,SUP-022,SKU-00053,WH-WEST,2025-03-03,2025-03-09,2025-03-12,1398,9.45,air,1565.55,delivered,0,13211.1,6,9.0,3.0,0.0
PO-004078,SUP-022,SKU-00053,WH-WEST,2025-03-17,2025-04-04,2025-04-12,1052,9.45,ocean,461.49,delivered,0,9941.4,18,26.0,8.0,0.0
PO-004079,SUP-022,SKU-00053,WH-WEST,2025-03-31,2025-04-06,2025-04-08,987,9.45,air,1219.27,delivered,0,9327.15,6,8.0,2.0,0.0
PO-004080,SUP-022,SKU-00053,WH-WEST,2025-04-21,2025-05-09,2025-04-27,1307,9.45,ocean,416.75,delivered,0,12351.15,18,6.0,-12.0,1.0
PO-004081,SUP-022,SKU-00053,WH-WEST,2025-05-05,2025-05-23,2025-05-25,1238,9.45,ocean,454.62,delivered,0,11699.1,18,20.0,2.0,0.0
PO-004082,SUP-022,SKU-00053,WH-WEST,2025-05-19,2025-05-25,2025-05-26,987,9.45,air,1116.12,delivered,0,9327.15,6,7.0,1.0,0.0
PO-004083,SUP-022,SKU-00053,WH-WEST,2025-06-02,2025-06-08,2025-06-10,970,9.45,air,977.45,delivered,0,9166.5,6,8.0,2.0,0.0
PO-004084,SUP-022,SKU-00053,WH-WEST,2025-06-16,2025-07-04,2025-06-22,1093,9.45,ocean,484.5,delivered,0,10328.85,18,6.0,-12.0,1.0
PO-004085,SUP-022,SKU-00053,WH-WEST,2025-06-30,2025-07-15,2025-07-13,1235,9.45,rail,669.38,delivered,0,11670.75,15,13.0,-2.0,1.0
PO-004086,SUP-022,SKU-00053,WH-WEST,2025-07-14,2025-07-20,2025-07-20,1229,9.45,air,1359.21,delivered,0,11614.05,6,6.0,0.0,1.0
PO-004087,SUP-022,SKU-00053,WH-WEST,2025-07-28,2025-08-15,2025-08-20,1606,9.45,ocean,628.15,delivered,0,15176.7,18,23.0,5.0,0.0
PO-004088,SUP-022,SKU-00053,WH-WEST,2025-08-25,2025-09-12,2025-09-19,1153,9.45,ocean,360.66,delivered,0,10895.85,18,25.0,7.0,0.0
PO-004089,SUP-022,SKU-00053,WH-WEST,2025-09-08,2025-09-14,2025-09-16,1072,9.45,air,1184.75,delivered,0,10130.4,6,8.0,2.0,0.0
PO-004090,SUP-022,SKU-00053,WH-WEST,2025-09-22,2025-10-10,2025-10-19,1087,9.45,ocean,373.69,delivered,0,10272.15,18,27.0,9.0,0.0
PO-004091,SUP-022,SKU-00053,WH-WEST,2025-09-29,2025-10-05,2025-10-08,1061,9.45,air,966.6,delivered,0,10026.45,6,9.0,3.0,0.0
PO-004092,SUP-022,SKU-00053,WH-WEST,2025-10-13,2025-10-19,2025-10-23,968,9.45,air,1022.26,delivered,0,9147.6,6,10.0,4.0,0.0
PO-004093,SUP-022,SKU-00053,WH-WEST,2025-10-27,2025-11-14,2025-11-16,1365,9.45,ocean,585.83,delivered,0,12899.25,18,20.0,2.0,0.0
PO-004094,SUP-022,SKU-00053,WH-WEST,2025-11-17,2025-11-23,2025-11-24,1114,9.45,air,1242.71,delivered,0,10527.3,6,7.0,1.0,0.0
PO-004095,SUP-022,SKU-00053,WH-WEST,2025-11-24,2025-11-30,2025-12-01,1286,9.45,air,1656.36,delivered,0,12152.7,6,7.0,1.0,0.0
PO-004096,SUP-022,SKU-00053,WH-WEST,2025-12-08,2025-12-23,2025-12-15,1804,9.45,rail,774.76,delivered,0,17047.8,15,7.0,-8.0,1.0
PO-004097,SUP-022,SKU-00053,WH-WEST,2025-12-22,2026-01-09,,1289,9.45,ocean,479.38,open,0,12181.05,18,,,
PO-004098,SUP-022,SKU-00053,WH-APAC,2024-01-15,2024-02-02,2024-02-11,1025,9.45,ocean,391.85,delivered,0,9686.25,18,27.0,9.0,0.0
PO-004099,SUP-022,SKU-00053,WH-APAC,2024-01-29,2024-02-04,2024-02-03,914,9.45,air,1003.45,delivered,0,8637.3,6,5.0,-1.0,1.0
PO-004100,SUP-022,SKU-00053,WH-APAC,2024-02-19,2024-03-08,2024-03-08,1271,9.45,ocean,567.65,delivered,0,12010.95,18,18.0,0.0,1.0
PO-004101,SUP-022,SKU-00053,WH-APAC,2024-03-11,2024-03-17,2024-03-17,1063,9.45,air,1314.1,delivered,0,10045.35,6,6.0,0.0,1.0
PO-004102,SUP-022,SKU-00053,WH-APAC,2024-04-01,2024-04-07,2024-04-07,1056,9.45,air,1369.84,delivered,0,9979.2,6,6.0,0.0,1.0
PO-004103,SUP-022,SKU-00053,WH-APAC,2024-04-22,2024-05-10,2024-04-28,1105,9.45,ocean,498.0,delivered,0,10442.25,18,6.0,-12.0,1.0
PO-004104,SUP-022,SKU-00053,WH-APAC,2024-05-13,2024-05-31,2024-05-26,1464,9.45,ocean,577.53,delivered,0,13834.8,18,13.0,-5.0,1.0
PO-004105,SUP-022,SKU-00053,WH-APAC,2024-06-03,2024-06-16,2024-06-04,1190,9.45,road,705.08,delivered,0,11245.5,13,1.0,-12.0,1.0
PO-004106,SUP-022,SKU-00053,WH-APAC,2024-06-24,2024-06-30,2024-06-30,1339,9.45,air,1382.78,delivered,0,12653.55,6,6.0,0.0,1.0
PO-004107,SUP-022,SKU-00053,WH-APAC,2024-07-08,2024-07-26,2024-07-31,1156,9.45,ocean,457.64,delivered,0,10924.2,18,23.0,5.0,0.0
PO-004108,SUP-022,SKU-00053,WH-APAC,2024-07-22,2024-07-28,2024-07-31,898,9.45,air,921.96,delivered,0,8486.1,6,9.0,3.0,0.0
PO-004109,SUP-022,SKU-00053,WH-APAC,2024-08-12,2024-08-30,2024-08-26,1117,9.45,ocean,341.49,delivered,0,10555.65,18,14.0,-4.0,1.0
PO-004110,SUP-022,SKU-00053,WH-APAC,2024-08-26,2024-09-10,2024-09-05,971,9.45,rail,449.04,delivered,0,9175.95,15,10.0,-5.0,1.0
PO-004111,SUP-022,SKU-00053,WH-APAC,2024-09-09,2024-09-15,2024-09-15,1262,9.45,air,1518.06,delivered,0,11925.9,6,6.0,0.0,1.0
PO-004112,SUP-022,SKU-00053,WH-APAC,2024-09-23,2024-10-11,2024-11-02,1326,9.45,ocean,417.21,delivered,0,12530.7,18,40.0,22.0,0.0
PO-004113,SUP-022,SKU-00053,WH-APAC,2024-11-04,2024-11-22,2024-11-17,1055,9.45,ocean,334.58,delivered,0,9969.75,18,13.0,-5.0,1.0
PO-004114,SUP-022,SKU-00053,WH-APAC,2024-11-11,2024-11-17,2024-11-13,921,9.45,air,841.64,delivered,0,8703.45,6,2.0,-4.0,1.0
PO-004115,SUP-022,SKU-00053,WH-APAC,2024-11-25,2024-12-01,2024-11-29,1478,9.45,air,1744.34,delivered,0,13967.1,6,4.0,-2.0,1.0
PO-004116,SUP-022,SKU-00053,WH-APAC,2024-12-09,2024-12-27,2025-01-06,1620,9.45,ocean,696.81,delivered,0,15309.0,18,28.0,10.0,0.0
PO-004117,SUP-022,SKU-00053,WH-APAC,2025-01-13,2025-01-31,2025-02-10,1151,9.45,ocean,434.58,delivered,0,10876.95,18,28.0,10.0,0.0
PO-004118,SUP-022,SKU-00053,WH-APAC,2025-01-27,2025-02-14,2025-02-17,903,9.45,ocean,387.99,delivered,0,8533.35,18,21.0,3.0,0.0
PO-004119,SUP-022,SKU-00053,WH-APAC,2025-02-24,2025-03-09,2025-03-06,1155,9.45,road,688.47,delivered,0,10914.75,13,10.0,-3.0,1.0
PO-004120,SUP-022,SKU-00053,WH-APAC,2025-03-10,2025-03-28,2025-03-20,1302,9.45,ocean,405.68,delivered,0,12303.9,18,10.0,-8.0,1.0
PO-004121,SUP-022,SKU-00053,WH-APAC,2025-03-24,2025-04-11,2025-04-11,1071,9.45,ocean,448.03,delivered,0,10120.95,18,18.0,0.0,1.0
PO-004122,SUP-022,SKU-00053,WH-APAC,2025-04-07,2025-04-13,2025-04-15,897,9.45,air,1043.33,delivered,0,8476.65,6,8.0,2.0,0.0
PO-004123,SUP-022,SKU-00053,WH-APAC,2025-04-21,2025-05-09,2025-05-22,971,9.45,ocean,377.6,delivered,0,9175.95,18,31.0,13.0,0.0
PO-004124,SUP-022,SKU-00053,WH-APAC,2025-05-05,2025-05-18,2025-05-16,1083,9.45,road,638.35,delivered,0,10234.35,13,11.0,-2.0,1.0
PO-004125,SUP-022,SKU-00053,WH-APAC,2025-06-02,2025-06-20,2025-06-27,1243,9.45,ocean,466.65,delivered,0,11746.35,18,25.0,7.0,0.0
PO-004126,SUP-022,SKU-00053,WH-APAC,2025-06-30,2025-07-13,2025-07-07,1280,9.45,road,721.25,delivered,0,12096.0,13,7.0,-6.0,1.0
PO-004127,SUP-022,SKU-00053,WH-APAC,2025-07-14,2025-08-01,2025-08-10,1441,9.45,ocean,461.7,delivered,0,13617.45,18,27.0,9.0,0.0
PO-004128,SUP-022,SKU-00053,WH-APAC,2025-08-18,2025-08-24,2025-08-22,1712,9.45,air,1939.32,delivered,0,16178.4,6,4.0,-2.0,1.0
PO-004129,SUP-022,SKU-00053,WH-APAC,2025-09-01,2025-09-19,2025-09-15,1691,9.45,ocean,696.23,delivered,0,15979.95,18,14.0,-4.0,1.0
PO-004130,SUP-022,SKU-00053,WH-APAC,2025-09-22,2025-10-07,2025-10-17,1634,9.45,rail,640.09,delivered,0,15441.3,15,25.0,10.0,0.0
PO-004131,SUP-022,SKU-00053,WH-APAC,2025-10-27,2025-11-14,2025-11-05,1645,9.45,ocean,715.45,delivered,0,15545.25,18,9.0,-9.0,1.0
PO-004132,SUP-022,SKU-00053,WH-APAC,2025-11-10,2025-11-23,2025-11-25,1083,9.45,road,565.15,delivered,0,10234.35,13,15.0,2.0,0.0
PO-004133,SUP-022,SKU-00053,WH-APAC,2025-11-17,2025-11-23,2025-11-26,971,9.45,air,1179.03,delivered,0,9175.95,6,9.0,3.0,0.0
PO-004134,SUP-022,SKU-00053,WH-APAC,2025-12-08,2025-12-26,2025-12-13,1745,9.45,ocean,591.16,delivered,0,16490.25,18,5.0,-13.0,1.0
PO-004135,SUP-022,SKU-00053,WH-APAC,2025-12-22,2026-01-09,,1664,9.45,ocean,676.76,open,0,15724.8,18,,,
PO-004136,SUP-012,SKU-00054,WH-WEST,2024-01-15,2024-02-02,2024-02-08,230,4.65,rail,47.12,delivered,0,1069.5,18,24.0,6.0,0.0
PO-004137,SUP-012,SKU-00054,WH-WEST,2024-01-29,2024-02-05,2024-02-11,238,4.65,air,125.36,delivered,0,1106.7,7,13.0,6.0,0.0
PO-004138,SUP-012,SKU-00054,WH-WEST,2024-02-12,2024-02-19,2024-02-20,218,4.65,air,108.09,delivered,0,1013.7,7,8.0,1.0,0.0
PO-004139,SUP-012,SKU-00054,WH-WEST,2024-02-26,2024-03-14,2024-03-12,223,4.65,road,58.23,delivered,0,1036.95,17,15.0,-2.0,1.0
PO-004140,SUP-012,SKU-00054,WH-WEST,2024-03-18,2024-04-09,2024-04-12,272,4.65,ocean,53.46,delivered,0,1264.8,22,25.0,3.0,0.0
PO-004141,SUP-012,SKU-00054,WH-WEST,2024-04-08,2024-04-15,2024-04-24,295,4.65,air,157.36,delivered,0,1371.75,7,16.0,9.0,0.0
PO-004142,SUP-012,SKU-00054,WH-WEST,2024-04-22,2024-05-14,2024-05-02,219,4.65,ocean,35.11,delivered,0,1018.35,22,10.0,-12.0,1.0
PO-004143,SUP-012,SKU-00054,WH-WEST,2024-05-13,2024-05-30,2024-05-24,211,4.65,road,48.72,delivered,0,981.15,17,11.0,-6.0,1.0
PO-004144,SUP-012,SKU-00054,WH-WEST,2024-06-03,2024-06-21,2024-06-28,253,4.65,rail,50.01,delivered,0,1176.45,18,25.0,7.0,0.0
PO-004145,SUP-012,SKU-00054,WH-WEST,2024-06-24,2024-07-01,,289,4.65,air,183.48,delivered,1,1343.85,7,,,
PO-004146,SUP-012,SKU-00054,WH-WEST,2024-07-15,2024-08-06,2024-08-10,251,4.65,ocean,55.32,delivered,0,1167.15,22,26.0,4.0,0.0
PO-004147,SUP-012,SKU-00054,WH-WEST,2024-07-29,2024-08-05,2024-08-05,218,4.65,air,111.34,delivered,0,1013.7,7,7.0,0.0,1.0
PO-004148,SUP-012,SKU-00054,WH-WEST,2024-08-19,2024-08-26,2024-08-28,270,4.65,air,133.23,delivered,0,1255.5,7,9.0,2.0,0.0
PO-004149,SUP-012,SKU-00054,WH-WEST,2024-09-09,2024-10-01,2024-09-27,287,4.65,ocean,47.72,delivered,0,1334.55,22,18.0,-4.0,1.0
PO-004150,SUP-012,SKU-00054,WH-WEST,2024-09-23,2024-09-30,2024-09-28,280,4.65,air,136.42,delivered,0,1302.0,7,5.0,-2.0,1.0
PO-004151,SUP-012,SKU-00054,WH-WEST,2024-10-14,2024-10-21,2024-10-18,238,4.65,air,125.33,delivered,0,1106.7,7,4.0,-3.0,1.0
PO-004152,SUP-012,SKU-00054,WH-WEST,2024-10-28,2024-11-15,2024-11-14,214,4.65,rail,57.12,delivered,0,995.1,18,17.0,-1.0,1.0
PO-004153,SUP-012,SKU-00054,WH-WEST,2024-11-11,2024-11-29,2024-12-03,266,4.65,rail,50.83,delivered,0,1236.9,18,22.0,4.0,0.0
PO-004154,SUP-012,SKU-00054,WH-WEST,2024-12-02,2024-12-09,2024-12-07,301,4.65,air,145.11,delivered,0,1399.65,7,5.0,-2.0,1.0
PO-004155,SUP-012,SKU-00054,WH-WEST,2024-12-16,2025-01-07,2025-01-06,224,4.65,ocean,41.48,delivered,0,1041.6,22,21.0,-1.0,1.0
PO-004156,SUP-012,SKU-00054,WH-WEST,2024-12-30,2025-01-21,2025-01-10,226,4.65,ocean,46.85,delivered,0,1050.9,22,11.0,-11.0,1.0
PO-004157,SUP-012,SKU-00054,WH-WEST,2025-01-13,2025-02-04,2025-02-01,257,4.65,ocean,52.51,delivered,0,1195.05,22,19.0,-3.0,1.0
PO-004158,SUP-012,SKU-00054,WH-WEST,2025-01-27,2025-02-18,2025-02-16,217,4.65,ocean,48.26,delivered,0,1009.05,22,20.0,-2.0,1.0
PO-004159,SUP-012,SKU-00054,WH-WEST,2025-02-10,2025-03-04,2025-03-06,267,4.65,ocean,48.13,delivered,0,1241.55,22,24.0,2.0,0.0
PO-004160,SUP-012,SKU-00054,WH-WEST,2025-03-03,2025-03-10,2025-03-11,283,4.65,air,173.56,delivered,0,1315.95,7,8.0,1.0,0.0
PO-004161,SUP-012,SKU-00054,WH-WEST,2025-03-24,2025-04-15,2025-04-16,326,4.65,ocean,62.1,delivered,0,1515.9,22,23.0,1.0,0.0
PO-004162,SUP-012,SKU-00054,WH-WEST,2025-04-21,2025-05-13,2025-05-17,283,4.65,ocean,51.86,delivered,0,1315.95,22,26.0,4.0,0.0
PO-004163,SUP-012,SKU-00054,WH-WEST,2025-05-12,2025-06-03,2025-05-31,248,4.65,ocean,49.51,delivered,0,1153.2,22,19.0,-3.0,1.0
PO-004164,SUP-012,SKU-00054,WH-WEST,2025-06-02,2025-06-24,2025-06-17,236,4.65,ocean,35.89,delivered,0,1097.4,22,15.0,-7.0,1.0
PO-004165,SUP-012,SKU-00054,WH-WEST,2025-06-23,2025-07-11,2025-07-08,246,4.65,rail,55.7,delivered,0,1143.9,18,15.0,-3.0,1.0
PO-004166,SUP-012,SKU-00054,WH-WEST,2025-07-21,2025-08-12,2025-08-17,278,4.65,ocean,44.41,delivered,0,1292.7,22,27.0,5.0,0.0
PO-004167,SUP-012,SKU-00054,WH-WEST,2025-08-11,2025-08-18,2025-08-18,237,4.65,air,141.88,delivered,0,1102.05,7,7.0,0.0,1.0
PO-004168,SUP-012,SKU-00054,WH-WEST,2025-09-01,2025-09-19,2025-09-19,267,4.65,rail,72.51,delivered,0,1241.55,18,18.0,0.0,1.0
PO-004169,SUP-012,SKU-00054,WH-WEST,2025-09-22,2025-10-14,2025-10-09,271,4.65,ocean,52.92,delivered,0,1260.15,22,17.0,-5.0,1.0
PO-004170,SUP-012,SKU-00054,WH-WEST,2025-10-06,2025-10-13,2025-10-14,296,4.65,air,173.62,delivered,0,1376.4,7,8.0,1.0,0.0
PO-004171,SUP-012,SKU-00054,WH-WEST,2025-10-27,2025-11-18,2025-11-23,260,4.65,ocean,39.17,delivered,0,1209.0,22,27.0,5.0,0.0
PO-004172,SUP-012,SKU-00054,WH-WEST,2025-11-10,2025-11-17,2025-11-20,270,4.65,air,171.12,delivered,0,1255.5,7,10.0,3.0,0.0
PO-004173,SUP-012,SKU-00054,WH-WEST,2025-12-08,2025-12-30,,302,4.65,ocean,47.65,open,0,1404.3,22,,,
PO-004174,SUP-012,SKU-00054,WH-WEST,2025-12-22,2026-01-13,,220,4.65,ocean,35.94,open,0,1023.0,22,,,
PO-004175,SUP-012,SKU-00054,WH-APAC,2024-01-15,2024-01-22,2024-01-22,181,4.65,air,119.04,delivered,0,841.65,7,7.0,0.0,1.0
PO-004176,SUP-012,SKU-00054,WH-APAC,2024-02-05,2024-02-27,2024-02-24,287,4.65,ocean,47.89,delivered,0,1334.55,22,19.0,-3.0,1.0
PO-004177,SUP-012,SKU-00054,WH-APAC,2024-02-19,2024-02-26,2024-02-28,170,4.65,air,96.77,delivered,0,790.5,7,9.0,2.0,0.0
PO-004178,SUP-012,SKU-00054,WH-APAC,2024-03-11,2024-03-18,2024-03-24,169,4.65,air,78.09,delivered,0,785.85,7,13.0,6.0,0.0
PO-004179,SUP-012,SKU-00054,WH-APAC,2024-04-01,2024-04-19,2024-04-19,189,4.65,rail,36.62,delivered,0,878.85,18,18.0,0.0,1.0
PO-004180,SUP-012,SKU-00054,WH-APAC,2024-04-22,2024-05-09,2024-05-10,224,4.65,road,61.94,delivered,0,1041.6,17,18.0,1.0,0.0
PO-004181,SUP-012,SKU-00054,WH-APAC,2024-05-13,2024-06-04,2024-06-09,219,4.65,ocean,39.54,delivered,0,1018.35,22,27.0,5.0,0.0
PO-004182,SUP-012,SKU-00054,WH-APAC,2024-06-03,2024-06-25,2024-06-24,216,4.65,ocean,46.16,delivered,0,1004.4,22,21.0,-1.0,1.0
PO-004183,SUP-012,SKU-00054,WH-APAC,2024-07-01,2024-07-19,2024-07-30,234,4.65,rail,62.96,delivered,0,1088.1,18,29.0,11.0,0.0
PO-004184,SUP-012,SKU-00054,WH-APAC,2024-07-22,2024-07-29,2024-07-29,223,4.65,air,136.87,delivered,0,1036.95,7,7.0,0.0,1.0
PO-004185,SUP-012,SKU-00054,WH-APAC,2024-08-12,2024-09-03,2024-08-29,172,4.65,ocean,27.37,delivered,0,799.8,22,17.0,-5.0,1.0
PO-004186,SUP-012,SKU-00054,WH-APAC,2024-09-02,2024-09-24,2024-09-26,210,4.65,ocean,41.85,delivered,0,976.5,22,24.0,2.0,0.0
PO-004187,SUP-012,SKU-00054,WH-APAC,2024-09-16,2024-10-08,2024-10-07,197,4.65,ocean,38.5,delivered,0,916.05,22,21.0,-1.0,1.0
PO-004188,SUP-012,SKU-00054,WH-APAC,2024-10-07,2024-10-25,2024-11-08,177,4.65,rail,40.4,delivered,0,823.05,18,32.0,14.0,0.0
PO-004189,SUP-012,SKU-00054,WH-APAC,2024-10-28,2024-11-04,2024-11-05,246,4.65,air,158.9,delivered,0,1143.9,7,8.0,1.0,0.0
PO-004190,SUP-012,SKU-00054,WH-APAC,2024-11-18,2024-12-06,2024-12-05,193,4.65,rail,44.4,delivered,0,897.45,18,17.0,-1.0,1.0
PO-004191,SUP-012,SKU-00054,WH-APAC,2024-12-02,2024-12-24,2025-01-01,208,4.65,ocean,37.02,delivered,0,967.2,22,30.0,8.0,0.0
PO-004192,SUP-012,SKU-00054,WH-APAC,2024-12-16,2024-12-23,2025-01-03,215,4.65,air,111.35,delivered,0,999.75,7,18.0,11.0,0.0
PO-004193,SUP-012,SKU-00054,WH-APAC,2025-01-13,2025-01-20,2025-01-20,203,4.65,air,133.97,delivered,0,943.95,7,7.0,0.0,1.0
PO-004194,SUP-012,SKU-00054,WH-APAC,2025-02-03,2025-02-25,2025-03-05,250,4.65,ocean,53.46,delivered,0,1162.5,22,30.0,8.0,0.0
PO-004195,SUP-012,SKU-00054,WH-APAC,2025-02-24,2025-03-14,2025-03-19,201,4.65,rail,40.92,delivered,0,934.65,18,23.0,5.0,0.0
PO-004196,SUP-012,SKU-00054,WH-APAC,2025-03-17,2025-03-24,2025-04-03,193,4.65,air,87.74,delivered,0,897.45,7,17.0,10.0,0.0
PO-004197,SUP-012,SKU-00054,WH-APAC,2025-04-14,2025-05-02,2025-05-12,239,4.65,rail,60.49,delivered,0,1111.35,18,28.0,10.0,0.0
PO-004198,SUP-012,SKU-00054,WH-APAC,2025-05-05,2025-05-27,2025-05-26,191,4.65,ocean,29.07,delivered,0,888.15,22,21.0,-1.0,1.0
PO-004199,SUP-012,SKU-00054,WH-APAC,2025-06-02,2025-06-24,2025-06-23,202,4.65,ocean,37.43,delivered,0,939.3,22,21.0,-1.0,1.0
PO-004200,SUP-012,SKU-00054,WH-APAC,2025-06-23,2025-07-15,2025-07-20,184,4.65,ocean,29.76,delivered,0,855.6,22,27.0,5.0,0.0
PO-004201,SUP-012,SKU-00054,WH-APAC,2025-07-14,2025-08-05,2025-08-01,181,4.65,ocean,39.76,delivered,0,841.65,22,18.0,-4.0,1.0
PO-004202,SUP-012,SKU-00054,WH-APAC,2025-08-04,2025-08-21,2025-08-22,169,4.65,road,50.36,delivered,0,785.85,17,18.0,1.0,0.0
PO-004203,SUP-012,SKU-00054,WH-APAC,2025-08-25,2025-09-16,2025-09-16,218,4.65,ocean,46.63,delivered,0,1013.7,22,22.0,0.0,1.0
PO-004204,SUP-012,SKU-00054,WH-APAC,2025-09-15,2025-09-22,2025-09-23,215,4.65,air,108.63,delivered,0,999.75,7,8.0,1.0,0.0
PO-004205,SUP-012,SKU-00054,WH-APAC,2025-09-29,2025-10-16,2025-10-12,173,4.65,road,52.46,delivered,0,804.45,17,13.0,-4.0,1.0
PO-004206,SUP-012,SKU-00054,WH-APAC,2025-10-13,2025-11-04,2025-11-08,218,4.65,ocean,44.09,delivered,0,1013.7,22,26.0,4.0,0.0
PO-004207,SUP-012,SKU-00054,WH-APAC,2025-11-03,2025-11-21,2025-11-21,207,4.65,rail,54.08,delivered,0,962.55,18,18.0,0.0,1.0
PO-004208,SUP-012,SKU-00054,WH-APAC,2025-11-24,2025-12-12,2025-12-15,249,4.65,rail,63.68,delivered,0,1157.85,18,21.0,3.0,0.0
PO-004209,SUP-012,SKU-00054,WH-APAC,2025-12-15,2026-01-01,,225,4.65,road,65.91,open,0,1046.25,17,,,
PO-004210,SUP-007,SKU-00055,WH-WEST,2024-01-15,2024-01-22,2024-01-24,56,5.47,air,43.93,delivered,0,306.32,7,9.0,2.0,0.0
PO-004211,SUP-007,SKU-00055,WH-WEST,2024-02-05,2024-02-21,2024-02-21,58,5.47,road,16.72,delivered,0,317.26,16,16.0,0.0,1.0
PO-004212,SUP-007,SKU-00055,WH-WEST,2024-02-26,2024-03-15,2024-03-13,64,5.47,rail,15.99,delivered,0,350.08,18,16.0,-2.0,1.0
PO-004213,SUP-007,SKU-00055,WH-WEST,2024-03-18,2024-04-09,2024-04-05,66,5.47,ocean,13.66,delivered,0,361.02,22,18.0,-4.0,1.0
PO-004214,SUP-007,SKU-00055,WH-WEST,2024-04-01,2024-04-17,2024-04-19,46,5.47,road,15.44,delivered,0,251.62,16,18.0,2.0,0.0
PO-004215,SUP-007,SKU-00055,WH-WEST,2024-04-22,2024-05-14,2024-05-19,66,5.47,ocean,14.11,delivered,0,361.02,22,27.0,5.0,0.0
PO-004216,SUP-007,SKU-00055,WH-WEST,2024-05-06,2024-05-13,2024-05-12,46,5.47,air,31.69,delivered,0,251.62,7,6.0,-1.0,1.0
PO-004217,SUP-007,SKU-00055,WH-WEST,2024-05-27,2024-06-14,2024-06-16,66,5.47,rail,21.4,delivered,0,361.02,18,20.0,2.0,0.0
PO-004218,SUP-007,SKU-00055,WH-WEST,2024-06-10,2024-06-17,2024-06-20,46,5.47,air,33.88,delivered,0,251.62,7,10.0,3.0,0.0
PO-004219,SUP-007,SKU-00055,WH-WEST,2024-06-24,2024-07-01,2024-07-01,46,5.47,air,35.96,delivered,0,251.62,7,7.0,0.0,1.0
PO-004220,SUP-007,SKU-00055,WH-WEST,2024-07-08,2024-07-30,2024-07-28,71,5.47,ocean,13.11,delivered,0,388.37,22,20.0,-2.0,1.0
PO-004221,SUP-007,SKU-00055,WH-WEST,2024-07-29,2024-08-20,2024-08-12,50,5.47,ocean,9.51,delivered,0,273.5,22,14.0,-8.0,1.0
PO-004222,SUP-007,SKU-00055,WH-WEST,2024-08-12,2024-08-28,2024-08-27,68,5.47,road,19.27,delivered,0,371.96,16,15.0,-1.0,1.0
PO-004223,SUP-007,SKU-00055,WH-WEST,2024-09-02,2024-09-20,2024-09-18,79,5.47,rail,21.87,delivered,0,432.13,18,16.0,-2.0,1.0
PO-004224,SUP-007,SKU-00055,WH-WEST,2024-09-23,2024-10-15,2024-10-16,59,5.47,ocean,14.66,delivered,0,322.73,22,23.0,1.0,0.0
PO-004225,SUP-007,SKU-00055,WH-WEST,2024-10-07,2024-10-14,2024-10-18,53,5.47,air,39.13,delivered,0,289.91,7,11.0,4.0,0.0
PO-004226,SUP-007,SKU-00055,WH-WEST,2024-10-28,2024-11-15,2024-11-24,57,5.47,rail,12.54,delivered,0,311.79,18,27.0,9.0,0.0
PO-004227,SUP-007,SKU-00055,WH-WEST,2024-11-11,2024-11-27,2024-11-26,55,5.47,road,16.98,delivered,0,300.85,16,15.0,-1.0,1.0
PO-004228,SUP-007,SKU-00055,WH-WEST,2024-12-09,2024-12-27,2024-12-26,53,5.47,rail,14.25,delivered,0,289.91,18,17.0,-1.0,1.0
PO-004229,SUP-007,SKU-00055,WH-WEST,2024-12-23,2024-12-30,2024-12-28,49,5.47,air,36.97,delivered,0,268.03,7,5.0,-2.0,1.0
PO-004230,SUP-007,SKU-00055,WH-WEST,2025-01-06,2025-01-28,2025-01-30,57,5.47,ocean,14.8,delivered,0,311.79,22,24.0,2.0,0.0
PO-004231,SUP-007,SKU-00055,WH-WEST,2025-01-27,2025-02-03,2025-02-03,55,5.47,air,39.82,delivered,0,300.85,7,7.0,0.0,1.0
PO-004232,SUP-007,SKU-00055,WH-WEST,2025-02-17,2025-02-24,2025-02-25,56,5.47,air,39.12,delivered,0,306.32,7,8.0,1.0,0.0
PO-004233,SUP-007,SKU-00055,WH-WEST,2025-03-10,2025-04-01,2025-03-23,62,5.47,ocean,14.14,delivered,0,339.14,22,13.0,-9.0,1.0
PO-004234,SUP-007,SKU-00055,WH-WEST,2025-03-24,2025-04-09,2025-04-12,56,5.47,road,16.73,delivered,0,306.32,16,19.0,3.0,0.0
PO-004235,SUP-007,SKU-00055,WH-WEST,2025-04-07,2025-04-14,2025-04-16,51,5.47,air,35.53,delivered,0,278.97,7,9.0,2.0,0.0
PO-004236,SUP-007,SKU-00055,WH-WEST,2025-04-28,2025-05-16,2025-05-13,68,5.47,rail,18.64,delivered,0,371.96,18,15.0,-3.0,1.0
PO-004237,SUP-007,SKU-00055,WH-WEST,2025-05-19,2025-06-10,2025-06-13,87,5.47,ocean,17.16,delivered,0,475.89,22,25.0,3.0,0.0
PO-004238,SUP-007,SKU-00055,WH-WEST,2025-06-23,2025-07-15,2025-07-17,74,5.47,ocean,14.59,delivered,0,404.78,22,24.0,2.0,0.0
PO-004239,SUP-007,SKU-00055,WH-WEST,2025-07-21,2025-07-28,2025-07-27,61,5.47,air,40.27,delivered,0,333.67,7,6.0,-1.0,1.0
PO-004240,SUP-007,SKU-00055,WH-WEST,2025-08-04,2025-08-20,2025-08-16,70,5.47,road,18.59,delivered,0,382.9,16,12.0,-4.0,1.0
PO-004241,SUP-007,SKU-00055,WH-WEST,2025-08-18,2025-09-09,2025-09-11,58,5.47,ocean,13.59,delivered,0,317.26,22,24.0,2.0,0.0
PO-004242,SUP-007,SKU-00055,WH-WEST,2025-09-01,2025-09-17,2025-09-17,54,5.47,road,20.5,delivered,0,295.38,16,16.0,0.0,1.0
PO-004243,SUP-007,SKU-00055,WH-WEST,2025-09-22,2025-10-08,2025-10-06,56,5.47,road,20.92,delivered,0,306.32,16,14.0,-2.0,1.0
PO-004244,SUP-007,SKU-00055,WH-WEST,2025-10-06,2025-10-13,2025-10-21,62,5.47,air,40.35,delivered,0,339.14,7,15.0,8.0,0.0
PO-004245,SUP-007,SKU-00055,WH-WEST,2025-10-20,2025-10-27,2025-10-26,50,5.47,air,29.92,delivered,0,273.5,7,6.0,-1.0,1.0
PO-004246,SUP-007,SKU-00055,WH-WEST,2025-11-03,2025-11-25,2025-11-29,61,5.47,ocean,12.65,delivered,0,333.67,22,26.0,4.0,0.0
PO-004247,SUP-007,SKU-00055,WH-WEST,2025-11-10,2025-11-17,2025-11-14,47,5.47,air,33.35,delivered,0,257.09,7,4.0,-3.0,1.0
PO-004248,SUP-007,SKU-00055,WH-WEST,2025-12-01,2025-12-08,2025-12-15,62,5.47,air,48.73,delivered,0,339.14,7,14.0,7.0,0.0
PO-004249,SUP-007,SKU-00055,WH-WEST,2025-12-15,2026-01-06,,47,5.47,ocean,10.5,open,0,257.09,22,,,
PO-004250,SUP-011,SKU-00056,WH-WEST,2024-01-22,2024-02-20,2024-02-21,155,27.92,ocean,163.13,delivered,0,4327.6,29,30.0,1.0,0.0
PO-004251,SUP-011,SKU-00056,WH-WEST,2024-02-12,2024-02-22,2024-02-22,136,27.92,air,404.03,delivered,0,3797.12,10,10.0,0.0,1.0
PO-004252,SUP-011,SKU-00056,WH-WEST,2024-03-04,2024-04-02,2024-03-10,112,27.92,ocean,124.46,delivered,0,3127.04,29,6.0,-23.0,1.0
PO-004253,SUP-011,SKU-00056,WH-WEST,2024-03-18,2024-04-10,2024-03-30,111,27.92,rail,146.33,delivered,0,3099.12,23,12.0,-11.0,1.0
PO-004254,SUP-011,SKU-00056,WH-WEST,2024-04-08,2024-05-07,2024-05-06,126,27.92,ocean,144.17,delivered,0,3517.92,29,28.0,-1.0,1.0
PO-004255,SUP-011,SKU-00056,WH-WEST,2024-04-22,2024-05-13,2024-05-10,98,27.92,road,140.25,delivered,0,2736.16,21,18.0,-3.0,1.0
PO-004256,SUP-011,SKU-00056,WH-WEST,2024-05-13,2024-06-11,2024-05-24,128,27.92,ocean,135.09,delivered,0,3573.76,29,11.0,-18.0,1.0
PO-004257,SUP-011,SKU-00056,WH-WEST,2024-05-27,2024-06-25,2024-06-22,113,27.92,ocean,108.58,delivered,0,3154.96,29,26.0,-3.0,1.0
PO-004258,SUP-011,SKU-00056,WH-WEST,2024-06-17,2024-07-16,2024-07-09,115,27.92,ocean,145.18,delivered,0,3210.8,29,22.0,-7.0,1.0
PO-004259,SUP-011,SKU-00056,WH-WEST,2024-07-08,2024-07-31,2024-07-18,136,27.92,rail,205.06,delivered,0,3797.12,23,10.0,-13.0,1.0
PO-004260,SUP-011,SKU-00056,WH-WEST,2024-07-29,2024-08-08,2024-08-08,130,27.92,air,481.92,delivered,0,3629.6,10,10.0,0.0,1.0
PO-004261,SUP-011,SKU-00056,WH-WEST,2024-08-12,2024-09-04,2024-09-14,98,27.92,rail,121.26,delivered,0,2736.16,23,33.0,10.0,0.0
PO-004262,SUP-011,SKU-00056,WH-WEST,2024-09-09,2024-09-30,2024-09-26,133,27.92,road,245.6,delivered,0,3713.36,21,17.0,-4.0,1.0
PO-004263,SUP-011,SKU-00056,WH-WEST,2024-10-07,2024-11-05,2024-10-31,115,27.92,ocean,131.15,delivered,0,3210.8,29,24.0,-5.0,1.0
PO-004264,SUP-011,SKU-00056,WH-WEST,2024-11-04,2024-12-03,2024-12-12,119,27.92,ocean,156.86,delivered,0,3322.48,29,38.0,9.0,0.0
PO-004265,SUP-011,SKU-00056,WH-WEST,2024-11-25,2024-12-24,2024-12-22,99,27.92,ocean,101.57,delivered,0,2764.08,29,27.0,-2.0,1.0
PO-004266,SUP-011,SKU-00056,WH-WEST,2024-12-16,2025-01-08,,115,27.92,rail,158.5,delivered,1,3210.8,23,,,
PO-004267,SUP-011,SKU-00056,WH-WEST,2024-12-30,2025-01-20,2025-01-15,107,27.92,road,162.38,delivered,0,2987.44,21,16.0,-5.0,1.0
PO-004268,SUP-011,SKU-00056,WH-WEST,2025-01-20,2025-02-18,2025-02-21,129,27.92,ocean,154.54,delivered,0,3601.68,29,32.0,3.0,0.0
PO-004269,SUP-011,SKU-00056,WH-WEST,2025-02-03,2025-02-26,2025-03-10,102,27.92,rail,146.02,delivered,0,2847.84,23,35.0,12.0,0.0
PO-004270,SUP-011,SKU-00056,WH-WEST,2025-02-24,2025-03-25,2025-04-11,100,27.92,ocean,96.55,delivered,0,2792.0,29,46.0,17.0,0.0
PO-004271,SUP-011,SKU-00056,WH-WEST,2025-03-10,2025-04-08,2025-04-12,117,27.92,ocean,106.01,delivered,0,3266.64,29,33.0,4.0,0.0
PO-004272,SUP-011,SKU-00056,WH-WEST,2025-04-14,2025-05-13,2025-05-19,136,27.92,ocean,160.34,delivered,0,3797.12,29,35.0,6.0,0.0
PO-004273,SUP-011,SKU-00056,WH-WEST,2025-04-28,2025-05-08,2025-05-13,141,27.92,air,395.13,delivered,0,3936.72,10,15.0,5.0,0.0
PO-004274,SUP-011,SKU-00056,WH-WEST,2025-05-26,2025-06-24,2025-07-04,151,27.92,ocean,173.58,delivered,0,4215.92,29,39.0,10.0,0.0
PO-004275,SUP-011,SKU-00056,WH-WEST,2025-06-09,2025-06-19,2025-06-14,137,27.92,air,427.86,delivered,0,3825.04,10,5.0,-5.0,1.0
PO-004276,SUP-011,SKU-00056,WH-WEST,2025-06-23,2025-07-03,2025-07-02,159,27.92,air,459.92,delivered,0,4439.28,10,9.0,-1.0,1.0
PO-004277,SUP-011,SKU-00056,WH-WEST,2025-07-21,2025-08-19,2025-08-19,136,27.92,ocean,162.26,delivered,0,3797.12,29,29.0,0.0,1.0
PO-004278,SUP-011,SKU-00056,WH-WEST,2025-08-11,2025-09-09,2025-10-02,135,27.92,ocean,130.39,delivered,0,3769.2,29,52.0,23.0,0.0
PO-004279,SUP-011,SKU-00056,WH-WEST,2025-09-01,2025-09-30,2025-09-25,132,27.92,ocean,122.42,delivered,0,3685.44,29,24.0,-5.0,1.0
PO-004280,SUP-011,SKU-00056,WH-WEST,2025-10-06,2025-10-29,2025-11-10,101,27.92,rail,144.53,delivered,0,2819.92,23,35.0,12.0,0.0
PO-004281,SUP-011,SKU-00056,WH-WEST,2025-10-27,2025-11-25,2025-12-03,125,27.92,ocean,138.86,delivered,0,3490.0,29,37.0,8.0,0.0
PO-004282,SUP-011,SKU-00056,WH-WEST,2025-11-17,2025-11-27,2025-11-25,115,27.92,air,427.46,delivered,0,3210.8,10,8.0,-2.0,1.0
PO-004283,SUP-011,SKU-00056,WH-WEST,2025-12-08,2025-12-18,2025-12-22,127,27.92,air,490.68,delivered,0,3545.84,10,14.0,4.0,0.0
PO-004284,SUP-011,SKU-00056,WH-SOUTH,2024-01-22,2024-02-20,2024-01-31,101,27.92,ocean,109.81,delivered,0,2819.92,29,9.0,-20.0,1.0
PO-004285,SUP-011,SKU-00056,WH-SOUTH,2024-02-12,2024-03-12,2024-02-13,109,27.92,ocean,109.61,delivered,0,3043.28,29,1.0,-28.0,1.0
PO-004286,SUP-011,SKU-00056,WH-SOUTH,2024-02-26,2024-03-07,2024-03-08,99,27.92,air,330.81,delivered,0,2764.08,10,11.0,1.0,0.0
PO-004287,SUP-011,SKU-00056,WH-SOUTH,2024-03-11,2024-04-09,2024-04-16,98,27.92,ocean,121.25,delivered,0,2736.16,29,36.0,7.0,0.0
PO-004288,SUP-011,SKU-00056,WH-SOUTH,2024-03-25,2024-04-23,2024-04-24,87,27.92,ocean,91.84,delivered,0,2429.04,29,30.0,1.0,0.0
PO-004289,SUP-011,SKU-00056,WH-SOUTH,2024-04-22,2024-05-21,2024-05-16,95,27.92,ocean,123.66,delivered,0,2652.4,29,24.0,-5.0,1.0
PO-004290,SUP-011,SKU-00056,WH-SOUTH,2024-05-13,2024-06-11,2024-06-02,87,27.92,ocean,114.25,delivered,0,2429.04,29,20.0,-9.0,1.0
PO-004291,SUP-011,SKU-00056,WH-SOUTH,2024-05-27,2024-06-06,2024-06-06,88,27.92,air,344.21,delivered,0,2456.96,10,10.0,0.0,1.0
PO-004292,SUP-011,SKU-00056,WH-SOUTH,2024-06-10,2024-06-20,2024-06-15,96,27.92,air,355.28,delivered,0,2680.32,10,5.0,-5.0,1.0
PO-004293,SUP-011,SKU-00056,WH-SOUTH,2024-07-01,2024-07-30,2024-07-15,103,27.92,ocean,94.54,delivered,0,2875.76,29,14.0,-15.0,1.0
PO-004294,SUP-011,SKU-00056,WH-SOUTH,2024-07-22,2024-08-20,2024-07-31,92,27.92,ocean,112.68,delivered,0,2568.64,29,9.0,-20.0,1.0
PO-004295,SUP-011,SKU-00056,WH-SOUTH,2024-08-19,2024-08-29,2024-08-29,100,27.92,air,349.41,delivered,0,2792.0,10,10.0,0.0,1.0
PO-004296,SUP-011,SKU-00056,WH-SOUTH,2024-09-16,2024-10-15,2024-10-12,86,27.92,ocean,79.78,delivered,0,2401.12,29,26.0,-3.0,1.0
PO-004297,SUP-011,SKU-00056,WH-SOUTH,2024-10-14,2024-11-12,2024-11-26,93,27.92,ocean,98.29,delivered,0,2596.56,29,43.0,14.0,0.0
PO-004298,SUP-011,SKU-00056,WH-SOUTH,2024-11-11,2024-12-10,2024-12-20,93,27.92,ocean,108.85,delivered,0,2596.56,29,39.0,10.0,0.0
PO-004299,SUP-011,SKU-00056,WH-SOUTH,2024-12-02,2024-12-31,2024-12-20,84,27.92,ocean,76.13,delivered,0,2345.28,29,18.0,-11.0,1.0
PO-004300,SUP-011,SKU-00056,WH-SOUTH,2024-12-23,2025-01-21,2025-01-31,94,27.92,ocean,115.97,delivered,0,2624.48,29,39.0,10.0,0.0
PO-004301,SUP-011,SKU-00056,WH-SOUTH,2025-01-13,2025-02-11,2025-02-12,110,27.92,ocean,139.89,delivered,0,3071.2,29,30.0,1.0,0.0
PO-004302,SUP-011,SKU-00056,WH-SOUTH,2025-02-10,2025-03-11,2025-03-16,105,27.92,ocean,136.03,delivered,0,2931.6,29,34.0,5.0,0.0
PO-004303,SUP-011,SKU-00056,WH-SOUTH,2025-02-24,2025-03-06,2025-03-27,103,27.92,air,344.12,delivered,0,2875.76,10,31.0,21.0,0.0
PO-004304,SUP-011,SKU-00056,WH-SOUTH,2025-03-24,2025-04-22,2025-04-19,92,27.92,ocean,100.43,delivered,0,2568.64,29,26.0,-3.0,1.0
PO-004305,SUP-011,SKU-00056,WH-SOUTH,2025-04-07,2025-05-06,2025-05-05,87,27.92,ocean,103.91,delivered,0,2429.04,29,28.0,-1.0,1.0
PO-004306,SUP-011,SKU-00056,WH-SOUTH,2025-04-21,2025-05-20,2025-06-03,88,27.92,ocean,94.2,delivered,0,2456.96,29,43.0,14.0,0.0
PO-004307,SUP-011,SKU-00056,WH-SOUTH,2025-05-12,2025-06-10,2025-05-23,110,27.92,ocean,126.36,delivered,0,3071.2,29,11.0,-18.0,1.0
PO-004308,SUP-011,SKU-00056,WH-SOUTH,2025-06-02,2025-06-25,2025-06-22,113,27.92,rail,180.82,delivered,0,3154.96,23,20.0,-3.0,1.0
PO-004309,SUP-011,SKU-00056,WH-SOUTH,2025-06-16,2025-06-26,2025-07-02,112,27.92,air,342.93,delivered,0,3127.04,10,16.0,6.0,0.0
PO-004310,SUP-011,SKU-00056,WH-SOUTH,2025-06-30,2025-07-29,2025-07-28,81,27.92,ocean,103.94,delivered,0,2261.52,29,28.0,-1.0,1.0
PO-004311,SUP-011,SKU-00056,WH-SOUTH,2025-07-21,2025-07-31,2025-07-27,90,27.92,air,317.18,delivered,0,2512.8,10,6.0,-4.0,1.0
PO-004312,SUP-011,SKU-00056,WH-SOUTH,2025-08-04,2025-08-14,2025-08-11,94,27.92,air,291.2,delivered,0,2624.48,10,7.0,-3.0,1.0
PO-004313,SUP-011,SKU-00056,WH-SOUTH,2025-09-01,2025-09-22,2025-09-21,112,27.92,road,191.68,delivered,0,3127.04,21,20.0,-1.0,1.0
PO-004314,SUP-011,SKU-00056,WH-SOUTH,2025-09-22,2025-10-21,2025-11-03,87,27.92,ocean,99.33,delivered,0,2429.04,29,42.0,13.0,0.0
PO-004315,SUP-011,SKU-00056,WH-SOUTH,2025-10-13,2025-10-23,2025-10-25,89,27.92,air,313.82,delivered,0,2484.88,10,12.0,2.0,0.0
PO-004316,SUP-011,SKU-00056,WH-SOUTH,2025-11-03,2025-12-02,2025-11-19,96,27.92,ocean,96.91,delivered,0,2680.32,29,16.0,-13.0,1.0
PO-004317,SUP-011,SKU-00056,WH-SOUTH,2025-11-24,2025-12-23,,81,27.92,ocean,106.4,open,0,2261.52,29,,,
PO-004318,SUP-011,SKU-00056,WH-SOUTH,2025-12-15,2026-01-13,,104,27.92,ocean,124.82,open,0,2903.68,29,,,
PO-004319,SUP-011,SKU-00056,WH-EAST,2024-01-29,2024-02-27,2024-02-22,155,27.92,ocean,206.73,delivered,0,4327.6,29,24.0,-5.0,1.0
PO-004320,SUP-011,SKU-00056,WH-EAST,2024-02-19,2024-03-11,2024-03-19,167,27.92,road,225.56,delivered,0,4662.64,21,29.0,8.0,0.0
PO-004321,SUP-011,SKU-00056,WH-EAST,2024-03-04,2024-04-02,2024-03-19,133,27.92,ocean,125.76,delivered,0,3713.36,29,15.0,-14.0,1.0
PO-004322,SUP-011,SKU-00056,WH-EAST,2024-03-25,2024-04-04,2024-04-07,118,27.92,air,344.71,delivered,0,3294.56,10,13.0,3.0,0.0
PO-004323,SUP-011,SKU-00056,WH-EAST,2024-04-08,2024-05-07,2024-04-27,129,27.92,ocean,115.44,delivered,0,3601.68,29,19.0,-10.0,1.0
PO-004324,SUP-011,SKU-00056,WH-EAST,2024-04-22,2024-05-02,2024-05-14,154,27.92,air,524.76,delivered,0,4299.68,10,22.0,12.0,0.0
PO-004325,SUP-011,SKU-00056,WH-EAST,2024-05-06,2024-05-27,2024-05-29,129,27.92,road,192.9,delivered,0,3601.68,21,23.0,2.0,0.0
PO-004326,SUP-011,SKU-00056,WH-EAST,2024-05-20,2024-06-18,2024-07-09,125,27.92,ocean,140.5,delivered,0,3490.0,29,50.0,21.0,0.0
PO-004327,SUP-011,SKU-00056,WH-EAST,2024-06-10,2024-07-09,2024-07-27,149,27.92,ocean,137.84,delivered,0,4160.08,29,47.0,18.0,0.0
PO-004328,SUP-011,SKU-00056,WH-EAST,2024-07-15,2024-07-25,2024-07-27,138,27.92,air,408.4,delivered,0,3852.96,10,12.0,2.0,0.0
PO-004329,SUP-011,SKU-00056,WH-EAST,2024-08-05,2024-08-28,2024-09-14,132,27.92,rail,180.89,delivered,0,3685.44,23,40.0,17.0,0.0
PO-004330,SUP-011,SKU-00056,WH-EAST,2024-08-26,2024-09-05,2024-09-03,129,27.92,air,515.06,delivered,0,3601.68,10,8.0,-2.0,1.0
PO-004331,SUP-011,SKU-00056,WH-EAST,2024-09-23,2024-10-22,2024-10-15,140,27.92,ocean,164.7,delivered,0,3908.8,29,22.0,-7.0,1.0
PO-004332,SUP-011,SKU-00056,WH-EAST,2024-10-21,2024-11-19,2024-11-22,138,27.92,ocean,172.15,delivered,0,3852.96,29,32.0,3.0,0.0
PO-004333,SUP-011,SKU-00056,WH-EAST,2024-11-11,2024-11-21,2024-11-26,115,27.92,air,399.71,delivered,0,3210.8,10,15.0,5.0,0.0
PO-004334,SUP-011,SKU-00056,WH-EAST,2024-12-02,2024-12-31,2025-01-15,130,27.92,ocean,128.2,delivered,0,3629.6,29,44.0,15.0,0.0
PO-004335,SUP-011,SKU-00056,WH-EAST,2024-12-23,2025-01-21,2025-01-15,156,27.92,ocean,161.35,delivered,0,4355.52,29,23.0,-6.0,1.0
PO-004336,SUP-011,SKU-00056,WH-EAST,2025-01-27,2025-02-06,2025-02-15,157,27.92,air,452.95,delivered,0,4383.44,10,19.0,9.0,0.0
PO-004337,SUP-011,SKU-00056,WH-EAST,2025-02-10,2025-03-11,2025-03-13,142,27.92,ocean,141.92,delivered,0,3964.64,29,31.0,2.0,0.0
PO-004338,SUP-011,SKU-00056,WH-EAST,2025-02-24,2025-03-25,2025-04-06,118,27.92,ocean,131.19,delivered,0,3294.56,29,41.0,12.0,0.0
PO-004339,SUP-011,SKU-00056,WH-EAST,2025-03-17,2025-04-15,2025-04-27,148,27.92,ocean,181.97,delivered,0,4132.16,29,41.0,12.0,0.0
PO-004340,SUP-011,SKU-00056,WH-EAST,2025-04-07,2025-05-06,2025-04-12,125,27.92,ocean,140.17,delivered,0,3490.0,29,5.0,-24.0,1.0
PO-004341,SUP-011,SKU-00056,WH-EAST,2025-04-21,2025-05-12,2025-05-12,163,27.92,road,286.05,delivered,0,4550.96,21,21.0,0.0,1.0
PO-004342,SUP-011,SKU-00056,WH-EAST,2025-05-05,2025-06-03,2025-06-26,133,27.92,ocean,154.2,delivered,0,3713.36,29,52.0,23.0,0.0
PO-004343,SUP-011,SKU-00056,WH-EAST,2025-05-19,2025-06-11,2025-06-20,141,27.92,rail,225.54,delivered,0,3936.72,23,32.0,9.0,0.0
PO-004344,SUP-011,SKU-00056,WH-EAST,2025-06-23,2025-07-22,2025-07-11,113,27.92,ocean,101.73,delivered,0,3154.96,29,18.0,-11.0,1.0
PO-004345,SUP-011,SKU-00056,WH-EAST,2025-07-07,2025-07-17,2025-07-18,116,27.92,air,461.94,delivered,0,3238.72,10,11.0,1.0,0.0
PO-004346,SUP-011,SKU-00056,WH-EAST,2025-07-28,2025-08-26,2025-08-14,154,27.92,ocean,146.92,delivered,0,4299.68,29,17.0,-12.0,1.0
PO-004347,SUP-011,SKU-00056,WH-EAST,2025-08-18,2025-09-10,2025-09-18,141,27.92,rail,185.23,delivered,0,3936.72,23,31.0,8.0,0.0
PO-004348,SUP-011,SKU-00056,WH-EAST,2025-09-08,2025-10-07,2025-09-30,124,27.92,ocean,161.51,delivered,0,3462.08,29,22.0,-7.0,1.0
PO-004349,SUP-011,SKU-00056,WH-EAST,2025-09-29,2025-10-09,2025-10-09,143,27.92,air,554.94,delivered,0,3992.56,10,10.0,0.0,1.0
PO-004350,SUP-011,SKU-00056,WH-EAST,2025-10-20,2025-10-30,2025-10-26,166,27.92,air,657.81,delivered,0,4634.72,10,6.0,-4.0,1.0
PO-004351,SUP-011,SKU-00056,WH-EAST,2025-11-10,2025-11-20,2025-11-24,118,27.92,air,423.57,delivered,0,3294.56,10,14.0,4.0,0.0
PO-004352,SUP-011,SKU-00056,WH-EAST,2025-12-01,2025-12-30,2025-12-24,122,27.92,ocean,122.69,delivered,0,3406.24,29,23.0,-6.0,1.0
PO-004353,SUP-011,SKU-00056,WH-EAST,2025-12-22,2026-01-20,,134,27.92,ocean,137.72,open,0,3741.28,29,,,
PO-004354,SUP-012,SKU-00057,WH-WEST,2024-01-15,2024-02-02,2024-02-03,44,19.66,rail,37.46,delivered,0,865.04,18,19.0,1.0,0.0
PO-004355,SUP-012,SKU-00057,WH-WEST,2024-02-05,2024-02-27,2024-03-01,51,19.66,ocean,39.94,delivered,0,1002.66,22,25.0,3.0,0.0
PO-004356,SUP-012,SKU-00057,WH-WEST,2024-02-19,2024-03-12,2024-03-15,38,19.66,ocean,35.05,delivered,0,747.08,22,25.0,3.0,0.0
PO-004357,SUP-012,SKU-00057,WH-WEST,2024-03-18,2024-04-09,2024-04-12,49,19.66,ocean,45.2,delivered,0,963.34,22,25.0,3.0,0.0
PO-004358,SUP-012,SKU-00057,WH-WEST,2024-04-08,2024-04-15,2024-04-16,40,19.66,air,107.69,delivered,0,786.4,7,8.0,1.0,0.0
PO-004359,SUP-012,SKU-00057,WH-WEST,2024-04-29,2024-05-21,2024-05-22,39,19.66,ocean,31.51,delivered,0,766.74,22,23.0,1.0,0.0
PO-004360,SUP-012,SKU-00057,WH-WEST,2024-05-20,2024-05-27,2024-05-28,39,19.66,air,90.35,delivered,0,766.74,7,8.0,1.0,0.0
PO-004361,SUP-012,SKU-00057,WH-WEST,2024-06-17,2024-07-09,2024-07-03,42,19.66,ocean,26.84,delivered,0,825.72,22,16.0,-6.0,1.0
PO-004362,SUP-012,SKU-00057,WH-WEST,2024-07-15,2024-08-06,2024-08-17,48,19.66,ocean,34.2,delivered,0,943.68,22,33.0,11.0,0.0
PO-004363,SUP-012,SKU-00057,WH-WEST,2024-08-05,2024-08-12,2024-08-12,39,19.66,air,87.08,delivered,0,766.74,7,7.0,0.0,1.0
PO-004364,SUP-012,SKU-00057,WH-WEST,2024-08-26,2024-09-17,2024-09-19,39,19.66,ocean,36.42,delivered,0,766.74,22,24.0,2.0,0.0
PO-004365,SUP-012,SKU-00057,WH-WEST,2024-09-16,2024-09-23,2024-09-22,55,19.66,air,151.29,delivered,0,1081.3,7,6.0,-1.0,1.0
PO-004366,SUP-012,SKU-00057,WH-WEST,2024-09-30,2024-10-22,2024-10-23,49,19.66,ocean,39.71,delivered,0,963.34,22,23.0,1.0,0.0
PO-004367,SUP-012,SKU-00057,WH-WEST,2024-10-14,2024-10-21,2024-10-22,45,19.66,air,123.88,delivered,0,884.7,7,8.0,1.0,0.0
PO-004368,SUP-012,SKU-00057,WH-WEST,2024-10-28,2024-11-19,2024-11-29,49,19.66,ocean,37.13,delivered,0,963.34,22,32.0,10.0,0.0
PO-004369,SUP-012,SKU-00057,WH-WEST,2024-11-11,2024-11-18,2024-11-21,45,19.66,air,92.02,delivered,0,884.7,7,10.0,3.0,0.0
PO-004370,SUP-012,SKU-00057,WH-WEST,2024-12-02,2024-12-19,2025-01-01,50,19.66,road,54.16,delivered,0,983.0,17,30.0,13.0,0.0
PO-004371,SUP-012,SKU-00057,WH-WEST,2024-12-16,2024-12-23,2024-12-23,44,19.66,air,86.74,delivered,0,865.04,7,7.0,0.0,1.0
PO-004372,SUP-012,SKU-00057,WH-WEST,2025-01-06,2025-01-28,2025-01-28,47,19.66,ocean,31.06,delivered,0,924.02,22,22.0,0.0,1.0
PO-004373,SUP-012,SKU-00057,WH-WEST,2025-01-20,2025-01-27,2025-01-30,47,19.66,air,126.45,delivered,0,924.02,7,10.0,3.0,0.0
PO-004374,SUP-012,SKU-00057,WH-WEST,2025-02-10,2025-03-04,2025-03-01,49,19.66,ocean,38.36,delivered,0,963.34,22,19.0,-3.0,1.0
PO-004375,SUP-012,SKU-00057,WH-WEST,2025-02-24,2025-03-03,2025-03-01,42,19.66,air,94.9,delivered,0,825.72,7,5.0,-2.0,1.0
PO-004376,SUP-012,SKU-00057,WH-WEST,2025-03-17,2025-04-08,2025-04-03,46,19.66,ocean,33.65,delivered,0,904.36,22,17.0,-5.0,1.0
PO-004377,SUP-012,SKU-00057,WH-WEST,2025-03-31,2025-04-07,2025-04-08,48,19.66,air,132.56,delivered,0,943.68,7,8.0,1.0,0.0
PO-004378,SUP-012,SKU-00057,WH-WEST,2025-04-21,2025-04-28,2025-04-29,36,19.66,air,93.69,delivered,0,707.76,7,8.0,1.0,0.0
PO-004379,SUP-012,SKU-00057,WH-WEST,2025-05-12,2025-06-03,,43,19.66,ocean,31.5,delivered,1,845.38,22,,,
PO-004380,SUP-012,SKU-00057,WH-WEST,2025-06-02,2025-06-20,2025-06-22,37,19.66,rail,36.25,delivered,0,727.42,18,20.0,2.0,0.0
PO-004381,SUP-012,SKU-00057,WH-WEST,2025-06-23,2025-07-11,2025-07-07,43,19.66,rail,43.47,delivered,0,845.38,18,14.0,-4.0,1.0
PO-004382,SUP-012,SKU-00057,WH-WEST,2025-07-07,2025-07-29,2025-07-31,39,19.66,ocean,35.33,delivered,0,766.74,22,24.0,2.0,0.0
PO-004383,SUP-012,SKU-00057,WH-WEST,2025-07-21,2025-07-28,2025-07-29,37,19.66,air,87.0,delivered,0,727.42,7,8.0,1.0,0.0
PO-004384,SUP-012,SKU-00057,WH-WEST,2025-08-11,2025-09-02,2025-08-31,50,19.66,ocean,41.13,delivered,0,983.0,22,20.0,-2.0,1.0
PO-004385,SUP-012,SKU-00057,WH-WEST,2025-08-25,2025-09-16,2025-09-18,40,19.66,ocean,32.35,delivered,0,786.4,22,24.0,2.0,0.0
PO-004386,SUP-012,SKU-00057,WH-WEST,2025-09-15,2025-09-22,2025-09-24,54,19.66,air,141.61,delivered,0,1061.64,7,9.0,2.0,0.0
PO-004387,SUP-012,SKU-00057,WH-WEST,2025-09-29,2025-10-16,2025-10-27,45,19.66,road,47.55,delivered,0,884.7,17,28.0,11.0,0.0
PO-004388,SUP-012,SKU-00057,WH-WEST,2025-10-13,2025-10-20,2025-10-21,49,19.66,air,102.56,delivered,0,963.34,7,8.0,1.0,0.0
PO-004389,SUP-012,SKU-00057,WH-WEST,2025-11-03,2025-11-25,2025-11-26,69,19.66,ocean,45.88,delivered,0,1356.54,22,23.0,1.0,0.0
PO-004390,SUP-012,SKU-00057,WH-WEST,2025-12-01,2025-12-23,2025-12-23,69,19.66,ocean,53.64,delivered,0,1356.54,22,22.0,0.0,1.0
PO-004391,SUP-012,SKU-00057,WH-APAC,2024-01-15,2024-01-22,2024-01-23,59,19.66,air,117.65,delivered,0,1159.94,7,8.0,1.0,0.0
PO-004392,SUP-012,SKU-00057,WH-APAC,2024-01-29,2024-02-05,2024-02-14,51,19.66,air,114.81,delivered,0,1002.66,7,16.0,9.0,0.0
PO-004393,SUP-012,SKU-00057,WH-APAC,2024-02-19,2024-03-08,2024-03-06,68,19.66,rail,79.17,delivered,0,1336.88,18,16.0,-2.0,1.0
PO-004394,SUP-012,SKU-00057,WH-APAC,2024-03-04,2024-03-11,2024-03-20,48,19.66,air,103.78,delivered,0,943.68,7,16.0,9.0,0.0
PO-004395,SUP-012,SKU-00057,WH-APAC,2024-03-25,2024-04-16,2024-04-15,61,19.66,ocean,56.46,delivered,0,1199.26,22,21.0,-1.0,1.0
PO-004396,SUP-012,SKU-00057,WH-APAC,2024-04-15,2024-05-07,2024-05-05,48,19.66,ocean,35.11,delivered,0,943.68,22,20.0,-2.0,1.0
PO-004397,SUP-012,SKU-00057,WH-APAC,2024-05-06,2024-05-28,2024-05-24,73,19.66,ocean,61.64,delivered,0,1435.18,22,18.0,-4.0,1.0
PO-004398,SUP-012,SKU-00057,WH-APAC,2024-05-27,2024-06-03,2024-06-03,64,19.66,air,129.57,delivered,0,1258.24,7,7.0,0.0,1.0
PO-004399,SUP-012,SKU-00057,WH-APAC,2024-06-17,2024-07-09,2024-07-08,47,19.66,ocean,40.44,delivered,0,924.02,22,21.0,-1.0,1.0
PO-004400,SUP-012,SKU-00057,WH-APAC,2024-07-08,2024-07-15,2024-07-14,51,19.66,air,126.52,delivered,0,1002.66,7,6.0,-1.0,1.0
PO-004401,SUP-012,SKU-00057,WH-APAC,2024-07-29,2024-08-05,2024-08-05,53,19.66,air,122.47,delivered,0,1041.98,7,7.0,0.0,1.0
PO-004402,SUP-012,SKU-00057,WH-APAC,2024-08-12,2024-08-19,2024-08-18,51,19.66,air,121.04,delivered,0,1002.66,7,6.0,-1.0,1.0
PO-004403,SUP-012,SKU-00057,WH-APAC,2024-08-26,2024-09-17,2024-09-20,55,19.66,ocean,39.45,delivered,0,1081.3,22,25.0,3.0,0.0
PO-004404,SUP-012,SKU-00057,WH-APAC,2024-09-09,2024-10-01,2024-09-29,53,19.66,ocean,37.25,delivered,0,1041.98,22,20.0,-2.0,1.0
PO-004405,SUP-012,SKU-00057,WH-APAC,2024-09-30,2024-10-22,2024-10-18,67,19.66,ocean,44.03,delivered,0,1317.22,22,18.0,-4.0,1.0
PO-004406,SUP-012,SKU-00057,WH-APAC,2024-10-14,2024-10-21,2024-10-23,57,19.66,air,156.47,delivered,0,1120.62,7,9.0,2.0,0.0
PO-004407,SUP-012,SKU-00057,WH-APAC,2024-10-28,2024-11-15,2024-11-22,120,19.66,rail,134.83,delivered,0,2359.2,18,25.0,7.0,0.0
PO-004408,SUP-012,SKU-00057,WH-APAC,2024-12-02,2024-12-09,2024-12-11,72,19.66,air,187.32,delivered,0,1415.52,7,9.0,2.0,0.0
PO-004409,SUP-012,SKU-00057,WH-APAC,2024-12-16,2025-01-07,2025-01-12,87,19.66,ocean,57.53,delivered,0,1710.42,22,27.0,5.0,0.0
PO-004410,SUP-012,SKU-00057,WH-APAC,2025-01-13,2025-01-20,2025-01-20,51,19.66,air,104.07,delivered,0,1002.66,7,7.0,0.0,1.0
PO-004411,SUP-012,SKU-00057,WH-APAC,2025-01-27,2025-02-18,2025-02-20,60,19.66,ocean,46.97,delivered,0,1179.6,22,24.0,2.0,0.0
PO-004412,SUP-012,SKU-00057,WH-APAC,2025-02-10,2025-02-17,2025-02-20,64,19.66,air,152.69,delivered,0,1258.24,7,10.0,3.0,0.0
PO-004413,SUP-012,SKU-00057,WH-APAC,2025-03-10,2025-03-28,2025-03-28,67,19.66,rail,77.24,delivered,0,1317.22,18,18.0,0.0,1.0
PO-004414,SUP-012,SKU-00057,WH-APAC,2025-03-24,2025-03-31,2025-04-02,57,19.66,air,123.88,delivered,0,1120.62,7,9.0,2.0,0.0
PO-004415,SUP-012,SKU-00057,WH-APAC,2025-04-14,2025-04-21,2025-05-03,61,19.66,air,134.0,delivered,0,1199.26,7,19.0,12.0,0.0
PO-004416,SUP-012,SKU-00057,WH-APAC,2025-05-05,2025-05-12,2025-05-12,53,19.66,air,104.41,delivered,0,1041.98,7,7.0,0.0,1.0
PO-004417,SUP-012,SKU-00057,WH-APAC,2025-05-26,2025-06-17,2025-06-18,60,19.66,ocean,51.95,delivered,0,1179.6,22,23.0,1.0,0.0
PO-004418,SUP-012,SKU-00057,WH-APAC,2025-06-16,2025-06-23,2025-06-23,64,19.66,air,130.21,delivered,0,1258.24,7,7.0,0.0,1.0
PO-004419,SUP-012,SKU-00057,WH-APAC,2025-06-30,2025-07-07,2025-07-09,49,19.66,air,136.19,delivered,0,963.34,7,9.0,2.0,0.0
PO-004420,SUP-012,SKU-00057,WH-APAC,2025-07-21,2025-07-28,2025-07-30,69,19.66,air,185.98,delivered,0,1356.54,7,9.0,2.0,0.0
PO-004421,SUP-012,SKU-00057,WH-APAC,2025-08-04,2025-08-26,2025-08-28,53,19.66,ocean,39.53,delivered,0,1041.98,22,24.0,2.0,0.0
PO-004422,SUP-012,SKU-00057,WH-APAC,2025-08-18,2025-08-25,2025-08-29,66,19.66,air,162.66,delivered,0,1297.56,7,11.0,4.0,0.0
PO-004423,SUP-012,SKU-00057,WH-APAC,2025-09-08,2025-09-30,2025-10-01,63,19.66,ocean,40.35,delivered,0,1238.58,22,23.0,1.0,0.0
PO-004424,SUP-012,SKU-00057,WH-APAC,2025-09-22,2025-09-29,2025-09-29,61,19.66,air,124.18,delivered,0,1199.26,7,7.0,0.0,1.0
PO-004425,SUP-012,SKU-00057,WH-APAC,2025-10-13,2025-10-20,2025-10-21,90,19.66,air,187.66,delivered,0,1769.4,7,8.0,1.0,0.0
PO-004426,SUP-012,SKU-00057,WH-APAC,2025-10-27,2025-11-14,2025-11-09,88,19.66,rail,90.26,delivered,0,1730.08,18,13.0,-5.0,1.0
PO-004427,SUP-012,SKU-00057,WH-APAC,2025-11-10,2025-12-02,2025-12-12,48,19.66,ocean,40.37,delivered,0,943.68,22,32.0,10.0,0.0
PO-004428,SUP-012,SKU-00057,WH-APAC,2025-11-17,2025-12-09,2025-12-14,48,19.66,ocean,43.02,delivered,0,943.68,22,27.0,5.0,0.0
PO-004429,SUP-012,SKU-00057,WH-APAC,2025-12-15,2026-01-06,,57,19.66,ocean,51.73,open,0,1120.62,22,,,
PO-004430,SUP-012,SKU-00057,WH-APAC,2025-12-22,2026-01-13,,47,19.66,ocean,34.83,open,0,924.02,22,,,
PO-004431,SUP-012,SKU-00057,WH-EU,2024-01-15,2024-02-06,2024-02-11,57,19.66,ocean,43.23,delivered,0,1120.62,22,27.0,5.0,0.0
PO-004432,SUP-012,SKU-00057,WH-EU,2024-01-29,2024-02-20,2024-02-15,47,19.66,ocean,33.25,delivered,0,924.02,22,17.0,-5.0,1.0
PO-004433,SUP-012,SKU-00057,WH-EU,2024-02-19,2024-02-26,2024-02-26,54,19.66,air,122.52,delivered,0,1061.64,7,7.0,0.0,1.0
PO-004434,SUP-012,SKU-00057,WH-EU,2024-03-11,2024-03-18,2024-03-26,71,19.66,air,150.77,delivered,0,1395.86,7,15.0,8.0,0.0
PO-004435,SUP-012,SKU-00057,WH-EU,2024-04-01,2024-04-19,2024-04-22,61,19.66,rail,53.0,delivered,0,1199.26,18,21.0,3.0,0.0
PO-004436,SUP-012,SKU-00057,WH-EU,2024-04-22,2024-05-14,2024-05-13,55,19.66,ocean,37.4,delivered,0,1081.3,22,21.0,-1.0,1.0
PO-004437,SUP-012,SKU-00057,WH-EU,2024-05-13,2024-05-31,2024-06-07,61,19.66,rail,68.15,delivered,0,1199.26,18,25.0,7.0,0.0
PO-004438,SUP-012,SKU-00057,WH-EU,2024-06-03,2024-06-25,2024-07-09,47,19.66,ocean,30.67,delivered,0,924.02,22,36.0,14.0,0.0
PO-004439,SUP-012,SKU-00057,WH-EU,2024-07-01,2024-07-08,2024-07-08,53,19.66,air,103.97,delivered,0,1041.98,7,7.0,0.0,1.0
PO-004440,SUP-012,SKU-00057,WH-EU,2024-07-22,2024-08-09,2024-08-05,56,19.66,rail,62.26,delivered,0,1100.96,18,14.0,-4.0,1.0
PO-004441,SUP-012,SKU-00057,WH-EU,2024-08-12,2024-09-03,2024-08-28,63,19.66,ocean,58.63,delivered,0,1238.58,22,16.0,-6.0,1.0
PO-004442,SUP-012,SKU-00057,WH-EU,2024-08-26,2024-09-13,2024-09-18,52,19.66,rail,56.67,delivered,0,1022.32,18,23.0,5.0,0.0
PO-004443,SUP-012,SKU-00057,WH-EU,2024-09-09,2024-10-01,2024-09-29,51,19.66,ocean,34.96,delivered,0,1002.66,22,20.0,-2.0,1.0
PO-004444,SUP-012,SKU-00057,WH-EU,2024-09-30,2024-10-22,2024-10-23,79,19.66,ocean,61.12,delivered,0,1553.14,22,23.0,1.0,0.0
PO-004445,SUP-012,SKU-00057,WH-EU,2024-10-28,2024-11-14,2024-11-19,108,19.66,road,108.94,delivered,0,2123.28,17,22.0,5.0,0.0
PO-004446,SUP-012,SKU-00057,WH-EU,2024-11-25,2024-12-17,2024-12-18,86,19.66,ocean,64.37,delivered,0,1690.76,22,23.0,1.0,0.0
PO-004447,SUP-012,SKU-00057,WH-EU,2024-12-23,2025-01-14,2025-01-07,65,19.66,ocean,54.48,delivered,0,1277.9,22,15.0,-7.0,1.0
PO-004448,SUP-012,SKU-00057,WH-EU,2025-01-06,2025-01-13,2025-01-13,60,19.66,air,141.76,delivered,0,1179.6,7,7.0,0.0,1.0
PO-004449,SUP-012,SKU-00057,WH-EU,2025-01-20,2025-01-27,2025-01-26,60,19.66,air,143.36,delivered,0,1179.6,7,6.0,-1.0,1.0
PO-004450,SUP-012,SKU-00057,WH-EU,2025-02-03,2025-02-25,2025-02-24,67,19.66,ocean,51.45,delivered,0,1317.22,22,21.0,-1.0,1.0
PO-004451,SUP-012,SKU-00057,WH-EU,2025-02-17,2025-03-06,2025-03-04,58,19.66,road,64.21,delivered,0,1140.28,17,15.0,-2.0,1.0
PO-004452,SUP-012,SKU-00057,WH-EU,2025-03-10,2025-04-01,2025-03-27,72,19.66,ocean,63.64,delivered,0,1415.52,22,17.0,-5.0,1.0
PO-004453,SUP-012,SKU-00057,WH-EU,2025-03-24,2025-04-15,2025-04-20,53,19.66,ocean,38.75,delivered,0,1041.98,22,27.0,5.0,0.0
PO-004454,SUP-012,SKU-00057,WH-EU,2025-04-14,2025-04-21,2025-04-22,60,19.66,air,169.41,delivered,0,1179.6,7,8.0,1.0,0.0
PO-004455,SUP-012,SKU-00057,WH-EU,2025-05-05,2025-05-27,2025-06-08,60,19.66,ocean,44.0,delivered,0,1179.6,22,34.0,12.0,0.0
PO-004456,SUP-012,SKU-00057,WH-EU,2025-05-26,2025-06-12,2025-06-16,60,19.66,road,57.32,delivered,0,1179.6,17,21.0,4.0,0.0
PO-004457,SUP-012,SKU-00057,WH-EU,2025-06-23,2025-07-11,2025-07-08,48,19.66,rail,49.99,delivered,0,943.68,18,15.0,-3.0,1.0
PO-004458,SUP-012,SKU-00057,WH-EU,2025-07-14,2025-08-05,2025-08-12,64,19.66,ocean,45.77,delivered,0,1258.24,22,29.0,7.0,0.0
PO-004459,SUP-012,SKU-00057,WH-EU,2025-07-28,2025-08-04,2025-08-05,56,19.66,air,120.06,delivered,0,1100.96,7,8.0,1.0,0.0
PO-004460,SUP-012,SKU-00057,WH-EU,2025-08-18,2025-09-09,2025-09-04,71,19.66,ocean,58.77,delivered,0,1395.86,22,17.0,-5.0,1.0
PO-004461,SUP-012,SKU-00057,WH-EU,2025-09-01,2025-09-08,2025-09-08,54,19.66,air,126.81,delivered,0,1061.64,7,7.0,0.0,1.0
PO-004462,SUP-012,SKU-00057,WH-EU,2025-09-15,2025-09-22,2025-09-24,70,19.66,air,157.52,delivered,0,1376.2,7,9.0,2.0,0.0
PO-004463,SUP-012,SKU-00057,WH-EU,2025-09-22,2025-10-14,2025-10-23,47,19.66,ocean,35.23,delivered,0,924.02,22,31.0,9.0,0.0
PO-004464,SUP-012,SKU-00057,WH-EU,2025-10-06,2025-10-13,2025-10-16,78,19.66,air,180.33,delivered,0,1533.48,7,10.0,3.0,0.0
PO-004465,SUP-012,SKU-00057,WH-EU,2025-10-27,2025-11-03,2025-11-13,86,19.66,air,243.3,delivered,0,1690.76,7,17.0,10.0,0.0
PO-004466,SUP-012,SKU-00057,WH-EU,2025-11-17,2025-12-09,2025-12-07,78,19.66,ocean,54.21,delivered,0,1533.48,22,20.0,-2.0,1.0
PO-004467,SUP-012,SKU-00057,WH-EU,2025-12-01,2025-12-08,2025-12-10,47,19.66,air,100.42,delivered,0,924.02,7,9.0,2.0,0.0
PO-004468,SUP-012,SKU-00057,WH-EU,2025-12-15,2025-12-22,2025-12-23,61,19.66,air,163.08,delivered,0,1199.26,7,8.0,1.0,0.0
PO-004469,SUP-018,SKU-00058,WH-EU,2024-01-15,2024-02-05,2024-02-04,227,2.18,ocean,17.78,delivered,0,494.86,21,20.0,-1.0,1.0
PO-004470,SUP-018,SKU-00058,WH-EU,2024-01-29,2024-02-05,2024-02-09,234,2.18,air,72.73,delivered,0,510.12,7,11.0,4.0,0.0
PO-004471,SUP-018,SKU-00058,WH-EU,2024-02-19,2024-03-07,2024-03-05,256,2.18,rail,31.72,delivered,0,558.08,17,15.0,-2.0,1.0
PO-004472,SUP-018,SKU-00058,WH-EU,2024-03-11,2024-03-18,2024-03-19,262,2.18,air,71.8,delivered,0,571.16,7,8.0,1.0,0.0
PO-004473,SUP-018,SKU-00058,WH-EU,2024-04-01,2024-04-08,2024-04-09,265,2.18,air,73.16,delivered,0,577.7,7,8.0,1.0,0.0
PO-004474,SUP-018,SKU-00058,WH-EU,2024-04-15,2024-04-22,2024-04-22,208,2.18,air,58.13,delivered,0,453.44,7,7.0,0.0,1.0
PO-004475,SUP-018,SKU-00058,WH-EU,2024-05-06,2024-05-23,2024-05-14,267,2.18,rail,28.41,delivered,0,582.06,17,8.0,-9.0,1.0
PO-004476,SUP-018,SKU-00058,WH-EU,2024-05-20,2024-06-10,2024-06-10,307,2.18,ocean,31.52,delivered,0,669.26,21,21.0,0.0,1.0
PO-004477,SUP-018,SKU-00058,WH-EU,2024-06-10,2024-07-01,2024-07-02,207,2.18,ocean,20.62,delivered,0,451.26,21,22.0,1.0,0.0
PO-004478,SUP-018,SKU-00058,WH-EU,2024-07-01,2024-07-22,2024-07-17,232,2.18,ocean,23.14,delivered,0,505.76,21,16.0,-5.0,1.0
PO-004479,SUP-018,SKU-00058,WH-EU,2024-07-22,2024-08-08,2024-08-05,279,2.18,rail,31.37,delivered,0,608.22,17,14.0,-3.0,1.0
PO-004480,SUP-018,SKU-00058,WH-EU,2024-08-12,2024-09-02,2024-09-08,279,2.18,ocean,24.22,delivered,0,608.22,21,27.0,6.0,0.0
PO-004481,SUP-018,SKU-00058,WH-EU,2024-08-26,2024-09-02,2024-09-03,223,2.18,air,54.28,delivered,0,486.14,7,8.0,1.0,0.0
PO-004482,SUP-018,SKU-00058,WH-EU,2024-09-23,2024-10-14,2024-10-17,305,2.18,ocean,29.03,delivered,0,664.9,21,24.0,3.0,0.0
PO-004483,SUP-018,SKU-00058,WH-EU,2024-09-30,2024-10-07,2024-10-05,197,2.18,air,51.39,delivered,0,429.46,7,5.0,-2.0,1.0
PO-004484,SUP-018,SKU-00058,WH-EU,2024-10-14,2024-10-21,2024-10-22,197,2.18,air,45.04,delivered,0,429.46,7,8.0,1.0,0.0
PO-004485,SUP-018,SKU-00058,WH-EU,2024-10-28,2024-11-18,2024-11-21,340,2.18,ocean,31.09,delivered,0,741.2,21,24.0,3.0,0.0
PO-004486,SUP-018,SKU-00058,WH-EU,2024-11-25,2024-12-11,2024-12-14,283,2.18,road,34.15,delivered,0,616.94,16,19.0,3.0,0.0
PO-004487,SUP-018,SKU-00058,WH-EU,2024-12-09,2024-12-16,2024-12-15,219,2.18,air,48.39,delivered,0,477.42,7,6.0,-1.0,1.0
PO-004488,SUP-018,SKU-00058,WH-EU,2024-12-30,2025-01-20,2025-01-25,339,2.18,ocean,30.75,delivered,0,739.02,21,26.0,5.0,0.0
PO-004489,SUP-018,SKU-00058,WH-EU,2025-01-27,2025-02-17,2025-02-13,222,2.18,ocean,21.09,delivered,0,483.96,21,17.0,-4.0,1.0
PO-004490,SUP-018,SKU-00058,WH-EU,2025-02-10,2025-02-17,2025-02-18,280,2.18,air,84.32,delivered,0,610.4,7,8.0,1.0,0.0
PO-004491,SUP-018,SKU-00058,WH-EU,2025-02-24,2025-03-17,2025-03-23,280,2.18,ocean,29.17,delivered,0,610.4,21,27.0,6.0,0.0
PO-004492,SUP-018,SKU-00058,WH-EU,2025-03-10,2025-03-17,2025-03-19,222,2.18,air,58.44,delivered,0,483.96,7,9.0,2.0,0.0
PO-004493,SUP-018,SKU-00058,WH-EU,2025-03-31,2025-04-21,2025-04-26,212,2.18,ocean,16.23,delivered,0,462.16,21,26.0,5.0,0.0
PO-004494,SUP-018,SKU-00058,WH-EU,2025-04-14,2025-04-21,,250,2.18,air,62.99,delivered,1,545.0,7,,,
PO-004495,SUP-018,SKU-00058,WH-EU,2025-05-05,2025-05-21,2025-05-18,275,2.18,road,31.13,delivered,0,599.5,16,13.0,-3.0,1.0
PO-004496,SUP-018,SKU-00058,WH-EU,2025-05-19,2025-06-09,2025-06-05,202,2.18,ocean,20.4,delivered,0,440.36,21,17.0,-4.0,1.0
PO-004497,SUP-018,SKU-00058,WH-EU,2025-06-02,2025-06-09,2025-06-12,251,2.18,air,66.27,delivered,0,547.18,7,10.0,3.0,0.0
PO-004498,SUP-018,SKU-00058,WH-EU,2025-06-16,2025-07-07,2025-07-05,243,2.18,ocean,20.34,delivered,0,529.74,21,19.0,-2.0,1.0
PO-004499,SUP-018,SKU-00058,WH-EU,2025-06-30,2025-07-07,2025-07-07,259,2.18,air,77.23,delivered,0,564.62,7,7.0,0.0,1.0
PO-004500,SUP-018,SKU-00058,WH-EU,2025-07-21,2025-08-06,2025-08-18,268,2.18,road,39.27,delivered,0,584.24,16,28.0,12.0,0.0
PO-004501,SUP-018,SKU-00058,WH-EU,2025-08-04,2025-08-11,2025-08-13,234,2.18,air,65.07,delivered,0,510.12,7,9.0,2.0,0.0
PO-004502,SUP-018,SKU-00058,WH-EU,2025-08-25,2025-09-15,2025-09-16,253,2.18,ocean,23.17,delivered,0,551.54,21,22.0,1.0,0.0
PO-004503,SUP-018,SKU-00058,WH-EU,2025-09-08,2025-09-25,2025-10-01,249,2.18,rail,27.16,delivered,0,542.82,17,23.0,6.0,0.0
PO-004504,SUP-018,SKU-00058,WH-EU,2025-09-29,2025-10-06,2025-10-02,253,2.18,air,56.3,delivered,0,551.54,7,3.0,-4.0,1.0
PO-004505,SUP-018,SKU-00058,WH-EU,2025-10-13,2025-11-03,2025-10-25,335,2.18,ocean,23.95,delivered,0,730.3,21,12.0,-9.0,1.0
PO-004506,SUP-018,SKU-00058,WH-EU,2025-10-27,2025-11-13,2025-11-08,246,2.18,rail,30.47,delivered,0,536.28,17,12.0,-5.0,1.0
PO-004507,SUP-018,SKU-00058,WH-EU,2025-11-10,2025-11-27,2025-11-20,330,2.18,rail,37.39,delivered,0,719.4,17,10.0,-7.0,1.0
PO-004508,SUP-018,SKU-00058,WH-EU,2025-11-24,2025-12-15,2025-12-19,317,2.18,ocean,31.56,delivered,0,691.06,21,25.0,4.0,0.0
PO-004509,SUP-018,SKU-00058,WH-EU,2025-12-22,2026-01-12,,280,2.18,ocean,24.31,open,0,610.4,21,,,
PO-004510,SUP-006,SKU-00059,WH-EAST,2024-01-15,2024-02-12,2024-02-10,59,5.72,ocean,16.01,delivered,0,337.48,28,26.0,-2.0,1.0
PO-004511,SUP-006,SKU-00059,WH-EAST,2024-02-05,2024-02-14,2024-02-15,70,5.72,air,46.52,delivered,0,400.4,9,10.0,1.0,0.0
PO-004512,SUP-006,SKU-00059,WH-EAST,2024-02-26,2024-03-06,2024-03-05,65,5.72,air,45.77,delivered,0,371.8,9,8.0,-1.0,1.0
PO-004513,SUP-006,SKU-00059,WH-EAST,2024-03-18,2024-04-15,2024-04-12,52,5.72,ocean,12.53,delivered,0,297.44,28,25.0,-3.0,1.0
PO-004514,SUP-006,SKU-00059,WH-EAST,2024-04-08,2024-05-06,2024-05-04,63,5.72,ocean,12.06,delivered,0,360.36,28,26.0,-2.0,1.0
PO-004515,SUP-006,SKU-00059,WH-EAST,2024-04-22,2024-05-20,2024-05-29,52,5.72,ocean,10.73,delivered,0,297.44,28,37.0,9.0,0.0
PO-004516,SUP-006,SKU-00059,WH-EAST,2024-05-13,2024-06-03,2024-06-09,53,5.72,road,15.19,delivered,0,303.16,21,27.0,6.0,0.0
PO-004517,SUP-006,SKU-00059,WH-EAST,2024-06-03,2024-07-01,2024-06-27,53,5.72,ocean,11.31,delivered,0,303.16,28,24.0,-4.0,1.0
PO-004518,SUP-006,SKU-00059,WH-EAST,2024-06-24,2024-07-22,2024-07-20,50,5.72,ocean,12.24,delivered,0,286.0,28,26.0,-2.0,1.0
PO-004519,SUP-006,SKU-00059,WH-EAST,2024-07-08,2024-08-05,2024-07-31,45,5.72,ocean,10.24,delivered,0,257.4,28,23.0,-5.0,1.0
PO-004520,SUP-006,SKU-00059,WH-EAST,2024-07-22,2024-08-19,2024-08-13,49,5.72,ocean,11.86,delivered,0,280.28,28,22.0,-6.0,1.0
PO-004521,SUP-006,SKU-00059,WH-EAST,2024-08-05,2024-09-02,2024-09-02,46,5.72,ocean,9.42,delivered,0,263.12,28,28.0,0.0,1.0
PO-004522,SUP-006,SKU-00059,WH-EAST,2024-08-19,2024-08-28,2024-08-26,69,5.72,air,55.99,delivered,0,394.68,9,7.0,-2.0,1.0
PO-004523,SUP-006,SKU-00059,WH-EAST,2024-09-09,2024-10-07,2024-10-10,62,5.72,ocean,14.92,delivered,0,354.64,28,31.0,3.0,0.0
PO-004524,SUP-006,SKU-00059,WH-EAST,2024-09-23,2024-10-02,2024-10-02,61,5.72,air,46.67,delivered,0,348.92,9,9.0,0.0,1.0
PO-004525,SUP-006,SKU-00059,WH-EAST,2024-10-14,2024-11-11,2024-11-13,68,5.72,ocean,16.74,delivered,0,388.96,28,30.0,2.0,0.0
PO-004526,SUP-006,SKU-00059,WH-EAST,2024-11-04,2024-11-13,2024-11-13,64,5.72,air,39.23,delivered,0,366.08,9,9.0,0.0,1.0
PO-004527,SUP-006,SKU-00059,WH-EAST,2024-11-25,2024-12-23,2024-12-29,52,5.72,ocean,10.33,delivered,0,297.44,28,34.0,6.0,0.0
PO-004528,SUP-006,SKU-00059,WH-EAST,2024-12-09,2024-12-30,2024-12-31,51,5.72,road,18.57,delivered,0,291.72,21,22.0,1.0,0.0
PO-004529,SUP-006,SKU-00059,WH-EAST,2024-12-30,2025-01-08,2025-01-09,45,5.72,air,36.6,delivered,0,257.4,9,10.0,1.0,0.0
PO-004530,SUP-006,SKU-00059,WH-EAST,2025-01-13,2025-01-22,2025-01-21,60,5.72,air,38.84,delivered,0,343.2,9,8.0,-1.0,1.0
PO-004531,SUP-006,SKU-00059,WH-EAST,2025-01-27,2025-02-24,2025-02-23,69,5.72,ocean,13.46,delivered,0,394.68,28,27.0,-1.0,1.0
PO-004532,SUP-006,SKU-00059,WH-EAST,2025-02-10,2025-02-19,2025-02-20,55,5.72,air,44.74,delivered,0,314.6,9,10.0,1.0,0.0
PO-004533,SUP-006,SKU-00059,WH-EAST,2025-03-03,2025-03-31,2025-03-30,52,5.72,ocean,10.46,delivered,0,297.44,28,27.0,-1.0,1.0
PO-004534,SUP-006,SKU-00059,WH-EAST,2025-03-24,2025-04-21,2025-04-19,64,5.72,ocean,14.09,delivered,0,366.08,28,26.0,-2.0,1.0
PO-004535,SUP-006,SKU-00059,WH-EAST,2025-04-07,2025-05-05,2025-04-27,45,5.72,ocean,12.31,delivered,0,257.4,28,20.0,-8.0,1.0
PO-004536,SUP-006,SKU-00059,WH-EAST,2025-04-28,2025-05-26,2025-05-24,58,5.72,ocean,14.0,delivered,0,331.76,28,26.0,-2.0,1.0
PO-004537,SUP-006,SKU-00059,WH-EAST,2025-05-12,2025-05-21,2025-05-23,76,5.72,air,50.42,delivered,0,434.72,9,11.0,2.0,0.0
PO-004538,SUP-006,SKU-00059,WH-EAST,2025-06-02,2025-06-11,2025-06-14,59,5.72,air,42.26,delivered,0,337.48,9,12.0,3.0,0.0
PO-004539,SUP-006,SKU-00059,WH-EAST,2025-06-16,2025-06-25,2025-06-26,49,5.72,air,30.99,delivered,0,280.28,9,10.0,1.0,0.0
PO-004540,SUP-006,SKU-00059,WH-EAST,2025-06-30,2025-07-28,2025-08-03,56,5.72,ocean,14.49,delivered,0,320.32,28,34.0,6.0,0.0
PO-004541,SUP-006,SKU-00059,WH-EAST,2025-07-14,2025-08-11,2025-08-11,63,5.72,ocean,14.82,delivered,0,360.36,28,28.0,0.0,1.0
PO-004542,SUP-006,SKU-00059,WH-EAST,2025-08-11,2025-08-20,2025-08-22,48,5.72,air,31.55,delivered,0,274.56,9,11.0,2.0,0.0
PO-004543,SUP-006,SKU-00059,WH-EAST,2025-08-25,2025-09-22,2025-09-23,51,5.72,ocean,12.82,delivered,0,291.72,28,29.0,1.0,0.0
PO-004544,SUP-006,SKU-00059,WH-EAST,2025-09-08,2025-10-06,2025-10-12,64,5.72,ocean,16.44,delivered,0,366.08,28,34.0,6.0,0.0
PO-004545,SUP-006,SKU-00059,WH-EAST,2025-10-06,2025-10-15,2025-10-14,63,5.72,air,48.45,delivered,0,360.36,9,8.0,-1.0,1.0
PO-004546,SUP-006,SKU-00059,WH-EAST,2025-10-20,2025-11-17,2025-11-19,57,5.72,ocean,13.58,delivered,0,326.04,28,30.0,2.0,0.0
PO-004547,SUP-006,SKU-00059,WH-EAST,2025-11-03,2025-11-12,2025-11-13,58,5.72,air,39.7,delivered,0,331.76,9,10.0,1.0,0.0
PO-004548,SUP-006,SKU-00059,WH-EAST,2025-11-17,2025-11-26,2025-11-23,56,5.72,air,33.56,delivered,0,320.32,9,6.0,-3.0,1.0
PO-004549,SUP-006,SKU-00059,WH-EAST,2025-12-01,2025-12-10,2025-12-19,88,5.72,air,51.85,delivered,0,503.36,9,18.0,9.0,0.0
PO-004550,SUP-006,SKU-00059,WH-EAST,2025-12-08,2025-12-29,2025-12-24,49,5.72,road,18.94,delivered,0,280.28,21,16.0,-5.0,1.0
PO-004551,SUP-006,SKU-00059,WH-APAC,2024-01-15,2024-02-12,2024-02-17,54,5.72,ocean,11.69,delivered,0,308.88,28,33.0,5.0,0.0
PO-004552,SUP-006,SKU-00059,WH-APAC,2024-02-05,2024-02-14,2024-02-13,74,5.72,air,51.77,delivered,0,423.28,9,8.0,-1.0,1.0
PO-004553,SUP-006,SKU-00059,WH-APAC,2024-02-19,2024-03-18,2024-03-13,51,5.72,ocean,9.84,delivered,0,291.72,28,23.0,-5.0,1.0
PO-004554,SUP-006,SKU-00059,WH-APAC,2024-03-11,2024-04-08,2024-04-07,76,5.72,ocean,17.92,delivered,0,434.72,28,27.0,-1.0,1.0
PO-004555,SUP-006,SKU-00059,WH-APAC,2024-04-01,2024-04-29,2024-04-26,73,5.72,ocean,15.56,delivered,0,417.56,28,25.0,-3.0,1.0
PO-004556,SUP-006,SKU-00059,WH-APAC,2024-04-22,2024-05-13,2024-05-09,61,5.72,road,18.52,delivered,0,348.92,21,17.0,-4.0,1.0
PO-004557,SUP-006,SKU-00059,WH-APAC,2024-05-13,2024-05-22,2024-05-22,78,5.72,air,53.39,delivered,0,446.16,9,9.0,0.0,1.0
PO-004558,SUP-006,SKU-00059,WH-APAC,2024-06-03,2024-07-01,2024-06-30,70,5.72,ocean,12.86,delivered,0,400.4,28,27.0,-1.0,1.0
PO-004559,SUP-006,SKU-00059,WH-APAC,2024-06-17,2024-07-15,2024-07-18,56,5.72,ocean,12.44,delivered,0,320.32,28,31.0,3.0,0.0
PO-004560,SUP-006,SKU-00059,WH-APAC,2024-07-08,2024-07-17,2024-07-20,60,5.72,air,46.62,delivered,0,343.2,9,12.0,3.0,0.0
PO-004561,SUP-006,SKU-00059,WH-APAC,2024-07-22,2024-08-19,2024-08-23,59,5.72,ocean,12.13,delivered,0,337.48,28,32.0,4.0,0.0
PO-004562,SUP-006,SKU-00059,WH-APAC,2024-08-05,2024-09-02,2024-09-01,56,5.72,ocean,15.29,delivered,0,320.32,28,27.0,-1.0,1.0
PO-004563,SUP-006,SKU-00059,WH-APAC,2024-09-02,2024-09-23,2024-09-18,76,5.72,road,28.93,delivered,0,434.72,21,16.0,-5.0,1.0
PO-004564,SUP-006,SKU-00059,WH-APAC,2024-09-16,2024-09-25,2024-09-24,73,5.72,air,59.26,delivered,0,417.56,9,8.0,-1.0,1.0
PO-004565,SUP-006,SKU-00059,WH-APAC,2024-10-07,2024-11-04,2024-11-04,75,5.72,ocean,17.59,delivered,0,429.0,28,28.0,0.0,1.0
PO-004566,SUP-006,SKU-00059,WH-APAC,2024-10-21,2024-11-11,2024-11-19,56,5.72,road,19.09,delivered,0,320.32,21,29.0,8.0,0.0
PO-004567,SUP-006,SKU-00059,WH-APAC,2024-11-11,2024-12-09,2024-12-11,56,5.72,ocean,13.75,delivered,0,320.32,28,30.0,2.0,0.0
PO-004568,SUP-006,SKU-00059,WH-APAC,2024-11-25,2024-12-16,2024-12-19,54,5.72,road,17.72,delivered,0,308.88,21,24.0,3.0,0.0
PO-004569,SUP-006,SKU-00059,WH-APAC,2024-12-16,2024-12-25,2024-12-26,78,5.72,air,60.5,delivered,0,446.16,9,10.0,1.0,0.0
PO-004570,SUP-006,SKU-00059,WH-APAC,2024-12-30,2025-01-22,2025-01-21,65,5.72,rail,19.04,delivered,0,371.8,23,22.0,-1.0,1.0
PO-004571,SUP-006,SKU-00059,WH-APAC,2025-01-13,2025-02-05,2025-02-05,57,5.72,rail,15.07,delivered,0,326.04,23,23.0,0.0,1.0
PO-004572,SUP-006,SKU-00059,WH-APAC,2025-01-27,2025-02-19,2025-02-13,53,5.72,rail,17.22,delivered,0,303.16,23,17.0,-6.0,1.0
PO-004573,SUP-006,SKU-00059,WH-APAC,2025-02-10,2025-02-19,2025-02-20,51,5.72,air,34.2,delivered,0,291.72,9,10.0,1.0,0.0
PO-004574,SUP-006,SKU-00059,WH-APAC,2025-02-24,2025-03-05,2025-03-07,56,5.72,air,31.74,delivered,0,320.32,9,11.0,2.0,0.0
PO-004575,SUP-006,SKU-00059,WH-APAC,2025-03-10,2025-04-02,2025-04-10,66,5.72,rail,19.34,delivered,0,377.52,23,31.0,8.0,0.0
PO-004576,SUP-006,SKU-00059,WH-APAC,2025-03-24,2025-04-21,2025-04-22,67,5.72,ocean,16.79,delivered,0,383.24,28,29.0,1.0,0.0
PO-004577,SUP-006,SKU-00059,WH-APAC,2025-04-21,2025-05-14,2025-05-17,80,5.72,rail,26.32,delivered,0,457.6,23,26.0,3.0,0.0
PO-004578,SUP-006,SKU-00059,WH-APAC,2025-05-05,2025-05-14,2025-05-14,71,5.72,air,54.13,delivered,0,406.12,9,9.0,0.0,1.0
PO-004579,SUP-006,SKU-00059,WH-APAC,2025-05-26,2025-06-23,2025-06-16,73,5.72,ocean,14.39,delivered,0,417.56,28,21.0,-7.0,1.0
PO-004580,SUP-006,SKU-00059,WH-APAC,2025-06-09,2025-07-07,2025-07-15,69,5.72,ocean,15.6,delivered,0,394.68,28,36.0,8.0,0.0
PO-004581,SUP-006,SKU-00059,WH-APAC,2025-06-23,2025-07-21,2025-07-17,53,5.72,ocean,11.86,delivered,0,303.16,28,24.0,-4.0,1.0
PO-004582,SUP-006,SKU-00059,WH-APAC,2025-07-21,2025-08-18,2025-08-20,72,5.72,ocean,13.19,delivered,0,411.84,28,30.0,2.0,0.0
PO-004583,SUP-006,SKU-00059,WH-APAC,2025-08-11,2025-09-08,2025-09-12,65,5.72,ocean,13.82,delivered,0,371.8,28,32.0,4.0,0.0
PO-004584,SUP-006,SKU-00059,WH-APAC,2025-09-01,2025-09-10,2025-09-12,82,5.72,air,51.05,delivered,0,469.04,9,11.0,2.0,0.0
PO-004585,SUP-006,SKU-00059,WH-APAC,2025-09-22,2025-10-13,2025-10-09,57,5.72,road,22.07,delivered,0,326.04,21,17.0,-4.0,1.0
PO-004586,SUP-006,SKU-00059,WH-APAC,2025-10-06,2025-10-15,2025-10-16,77,5.72,air,56.0,delivered,0,440.44,9,10.0,1.0,0.0
PO-004587,SUP-006,SKU-00059,WH-APAC,2025-10-20,2025-11-17,2025-11-20,72,5.72,ocean,18.17,delivered,0,411.84,28,31.0,3.0,0.0
PO-004588,SUP-006,SKU-00059,WH-APAC,2025-11-03,2025-11-12,2025-11-11,83,5.72,air,59.75,delivered,0,474.76,9,8.0,-1.0,1.0
PO-004589,SUP-006,SKU-00059,WH-APAC,2025-11-24,2025-12-22,2025-12-20,73,5.72,ocean,16.29,delivered,0,417.56,28,26.0,-2.0,1.0
PO-004590,SUP-006,SKU-00059,WH-APAC,2025-12-01,2025-12-10,2025-12-10,56,5.72,air,36.85,delivered,0,320.32,9,9.0,0.0,1.0
PO-004591,SUP-006,SKU-00059,WH-APAC,2025-12-15,2025-12-24,2025-12-25,66,5.72,air,37.5,delivered,0,377.52,9,10.0,1.0,0.0
PO-004592,SUP-006,SKU-00059,WH-WEST,2024-01-15,2024-02-07,2024-02-05,46,5.72,rail,13.79,delivered,0,263.12,23,21.0,-2.0,1.0
PO-004593,SUP-006,SKU-00059,WH-WEST,2024-02-05,2024-03-04,2024-03-09,59,5.72,ocean,14.0,delivered,0,337.48,28,33.0,5.0,0.0
PO-004594,SUP-006,SKU-00059,WH-WEST,2024-02-26,2024-03-06,2024-03-06,64,5.72,air,49.58,delivered,0,366.08,9,9.0,0.0,1.0
PO-004595,SUP-006,SKU-00059,WH-WEST,2024-03-18,2024-04-15,2024-04-17,45,5.72,ocean,11.28,delivered,0,257.4,28,30.0,2.0,0.0
PO-004596,SUP-006,SKU-00059,WH-WEST,2024-04-01,2024-04-29,2024-05-06,44,5.72,ocean,11.35,delivered,0,251.68,28,35.0,7.0,0.0
PO-004597,SUP-006,SKU-00059,WH-WEST,2024-04-22,2024-05-15,2024-05-17,54,5.72,rail,15.4,delivered,0,308.88,23,25.0,2.0,0.0
PO-004598,SUP-006,SKU-00059,WH-WEST,2024-05-13,2024-06-10,2024-06-09,60,5.72,ocean,13.72,delivered,0,343.2,28,27.0,-1.0,1.0
PO-004599,SUP-006,SKU-00059,WH-WEST,2024-05-27,2024-06-19,2024-06-22,50,5.72,rail,15.96,delivered,0,286.0,23,26.0,3.0,0.0
PO-004600,SUP-006,SKU-00059,WH-WEST,2024-06-17,2024-07-10,2024-07-10,57,5.72,rail,17.24,delivered,0,326.04,23,23.0,0.0,1.0
PO-004601,SUP-006,SKU-00059,WH-WEST,2024-07-01,2024-07-24,2024-07-25,56,5.72,rail,18.78,delivered,0,320.32,23,24.0,1.0,0.0
PO-004602,SUP-006,SKU-00059,WH-WEST,2024-07-15,2024-08-12,2024-08-13,45,5.72,ocean,9.78,delivered,0,257.4,28,29.0,1.0,0.0
PO-004603,SUP-006,SKU-00059,WH-WEST,2024-08-05,2024-08-28,2024-08-30,65,5.72,rail,15.3,delivered,0,371.8,23,25.0,2.0,0.0
PO-004604,SUP-006,SKU-00059,WH-WEST,2024-08-19,2024-08-28,2024-08-28,59,5.72,air,47.85,delivered,0,337.48,9,9.0,0.0,1.0
PO-004605,SUP-006,SKU-00059,WH-WEST,2024-09-09,2024-10-07,2024-10-11,74,5.72,ocean,16.99,delivered,0,423.28,28,32.0,4.0,0.0
PO-004606,SUP-006,SKU-00059,WH-WEST,2024-09-23,2024-10-02,2024-10-13,47,5.72,air,30.68,delivered,0,268.84,9,20.0,11.0,0.0
PO-004607,SUP-006,SKU-00059,WH-WEST,2024-10-21,2024-11-11,2024-11-08,52,5.72,road,15.42,delivered,0,297.44,21,18.0,-3.0,1.0
PO-004608,SUP-006,SKU-00059,WH-WEST,2024-11-04,2024-12-02,2024-12-06,57,5.72,ocean,11.36,delivered,0,326.04,28,32.0,4.0,0.0
PO-004609,SUP-006,SKU-00059,WH-WEST,2024-11-18,2024-12-16,2024-12-11,61,5.72,ocean,13.34,delivered,0,348.92,28,23.0,-5.0,1.0
PO-004610,SUP-006,SKU-00059,WH-WEST,2024-12-16,2025-01-13,2025-01-09,69,5.72,ocean,15.45,delivered,0,394.68,28,24.0,-4.0,1.0
PO-004611,SUP-006,SKU-00059,WH-WEST,2024-12-23,2025-01-15,2025-01-20,45,5.72,rail,11.19,delivered,0,257.4,23,28.0,5.0,0.0
PO-004612,SUP-006,SKU-00059,WH-WEST,2025-01-20,2025-02-17,2025-02-18,63,5.72,ocean,15.54,delivered,0,360.36,28,29.0,1.0,0.0
PO-004613,SUP-006,SKU-00059,WH-WEST,2025-02-03,2025-02-12,2025-02-12,52,5.72,air,39.75,delivered,0,297.44,9,9.0,0.0,1.0
PO-004614,SUP-006,SKU-00059,WH-WEST,2025-02-17,2025-02-26,2025-02-25,44,5.72,air,26.44,delivered,0,251.68,9,8.0,-1.0,1.0
PO-004615,SUP-006,SKU-00059,WH-WEST,2025-03-03,2025-03-12,2025-03-12,55,5.72,air,45.29,delivered,0,314.6,9,9.0,0.0,1.0
PO-004616,SUP-006,SKU-00059,WH-WEST,2025-03-17,2025-04-07,2025-03-31,66,5.72,road,26.08,delivered,0,377.52,21,14.0,-7.0,1.0
PO-004617,SUP-006,SKU-00059,WH-WEST,2025-03-31,2025-04-21,2025-04-18,56,5.72,road,17.44,delivered,0,320.32,21,18.0,-3.0,1.0
PO-004618,SUP-006,SKU-00059,WH-WEST,2025-04-14,2025-05-12,2025-05-12,45,5.72,ocean,11.37,delivered,0,257.4,28,28.0,0.0,1.0
PO-004619,SUP-006,SKU-00059,WH-WEST,2025-04-28,2025-05-26,2025-06-01,59,5.72,ocean,11.79,delivered,0,337.48,28,34.0,6.0,0.0
PO-004620,SUP-006,SKU-00059,WH-WEST,2025-05-19,2025-05-28,2025-05-29,67,5.72,air,44.45,delivered,0,383.24,9,10.0,1.0,0.0
PO-004621,SUP-006,SKU-00059,WH-WEST,2025-06-09,2025-06-18,2025-06-18,53,5.72,air,36.85,delivered,0,303.16,9,9.0,0.0,1.0
PO-004622,SUP-006,SKU-00059,WH-WEST,2025-06-23,2025-07-14,2025-07-13,59,5.72,road,17.02,delivered,0,337.48,21,20.0,-1.0,1.0
PO-004623,SUP-006,SKU-00059,WH-WEST,2025-07-07,2025-08-04,2025-08-08,50,5.72,ocean,9.28,delivered,0,286.0,28,32.0,4.0,0.0
PO-004624,SUP-006,SKU-00059,WH-WEST,2025-07-21,2025-07-30,2025-07-30,71,5.72,air,46.97,delivered,0,406.12,9,9.0,0.0,1.0
PO-004625,SUP-006,SKU-00059,WH-WEST,2025-08-04,2025-09-01,2025-08-29,43,5.72,ocean,8.88,delivered,0,245.96,28,25.0,-3.0,1.0
PO-004626,SUP-006,SKU-00059,WH-WEST,2025-08-18,2025-09-15,2025-09-17,52,5.72,ocean,11.1,delivered,0,297.44,28,30.0,2.0,0.0
PO-004627,SUP-006,SKU-00059,WH-WEST,2025-09-01,2025-09-29,2025-09-21,58,5.72,ocean,12.3,delivered,0,331.76,28,20.0,-8.0,1.0
PO-004628,SUP-006,SKU-00059,WH-WEST,2025-09-22,2025-10-20,2025-10-09,53,5.72,ocean,11.16,delivered,0,303.16,28,17.0,-11.0,1.0
PO-004629,SUP-006,SKU-00059,WH-WEST,2025-10-06,2025-10-27,2025-10-22,63,5.72,road,19.17,delivered,0,360.36,21,16.0,-5.0,1.0
PO-004630,SUP-006,SKU-00059,WH-WEST,2025-10-20,2025-11-17,2025-11-22,62,5.72,ocean,11.72,delivered,0,354.64,28,33.0,5.0,0.0
PO-004631,SUP-006,SKU-00059,WH-WEST,2025-11-03,2025-11-26,2025-11-28,59,5.72,rail,16.77,delivered,0,337.48,23,25.0,2.0,0.0
PO-004632,SUP-006,SKU-00059,WH-WEST,2025-12-01,2025-12-29,2025-12-22,69,5.72,ocean,18.83,delivered,0,394.68,28,21.0,-7.0,1.0
PO-004633,SUP-006,SKU-00059,WH-WEST,2025-12-08,2026-01-05,,43,5.72,ocean,11.38,open,0,245.96,28,,,
PO-004634,SUP-003,SKU-00060,WH-SOUTH,2024-01-15,2024-02-14,2024-02-24,47,3.81,ocean,7.26,delivered,0,179.07,30,40.0,10.0,0.0
PO-004635,SUP-003,SKU-00060,WH-SOUTH,2024-01-29,2024-02-28,2024-03-03,45,3.81,ocean,6.66,delivered,0,171.45,30,34.0,4.0,0.0
PO-004636,SUP-003,SKU-00060,WH-SOUTH,2024-02-12,2024-02-22,2024-02-21,43,3.81,air,17.09,delivered,0,163.83,10,9.0,-1.0,1.0
PO-004637,SUP-003,SKU-00060,WH-SOUTH,2024-03-11,2024-04-10,2024-03-22,55,3.81,ocean,9.74,delivered,0,209.55,30,11.0,-19.0,1.0
PO-004638,SUP-003,SKU-00060,WH-SOUTH,2024-04-01,2024-04-11,2024-04-08,59,3.81,air,31.12,delivered,0,224.79,10,7.0,-3.0,1.0
PO-004639,SUP-003,SKU-00060,WH-SOUTH,2024-04-22,2024-05-16,2024-05-17,55,3.81,rail,10.21,delivered,0,209.55,24,25.0,1.0,0.0
PO-004640,SUP-003,SKU-00060,WH-SOUTH,2024-05-13,2024-05-23,2024-05-31,50,3.81,air,21.61,delivered,0,190.5,10,18.0,8.0,0.0
PO-004641,SUP-003,SKU-00060,WH-SOUTH,2024-06-03,2024-06-13,2024-06-14,49,3.81,air,26.7,delivered,0,186.69,10,11.0,1.0,0.0
PO-004642,SUP-003,SKU-00060,WH-SOUTH,2024-07-08,2024-07-18,2024-07-19,57,3.81,air,21.52,delivered,0,217.17,10,11.0,1.0,0.0
PO-004643,SUP-003,SKU-00060,WH-SOUTH,2024-08-05,2024-08-15,2024-08-19,54,3.81,air,21.09,delivered,0,205.74,10,14.0,4.0,0.0
PO-004644,SUP-003,SKU-00060,WH-SOUTH,2024-08-26,2024-09-05,2024-09-06,52,3.81,air,24.35,delivered,0,198.12,10,11.0,1.0,0.0
PO-004645,SUP-003,SKU-00060,WH-SOUTH,2024-09-16,2024-10-16,2024-10-29,52,3.81,ocean,7.8,delivered,0,198.12,30,43.0,13.0,0.0
PO-004646,SUP-003,SKU-00060,WH-SOUTH,2024-09-30,2024-10-30,2024-10-21,45,3.81,ocean,7.3,delivered,0,171.45,30,21.0,-9.0,1.0
PO-004647,SUP-003,SKU-00060,WH-SOUTH,2024-10-28,2024-11-27,2024-11-23,63,3.81,ocean,9.89,delivered,0,240.03,30,26.0,-4.0,1.0
PO-004648,SUP-003,SKU-00060,WH-SOUTH,2024-11-11,2024-11-21,2024-11-17,44,3.81,air,19.62,delivered,0,167.64,10,6.0,-4.0,1.0
PO-004649,SUP-003,SKU-00060,WH-SOUTH,2024-11-25,2024-12-05,2024-12-06,56,3.81,air,22.28,delivered,0,213.36,10,11.0,1.0,0.0
PO-004650,SUP-003,SKU-00060,WH-SOUTH,2024-12-09,2024-12-19,2024-12-19,63,3.81,air,28.18,delivered,0,240.03,10,10.0,0.0,1.0
PO-004651,SUP-003,SKU-00060,WH-SOUTH,2024-12-23,2025-01-02,2025-01-01,56,3.81,air,27.2,delivered,0,213.36,10,9.0,-1.0,1.0
PO-004652,SUP-003,SKU-00060,WH-SOUTH,2025-01-06,2025-01-28,2025-02-05,59,3.81,road,11.52,delivered,0,224.79,22,30.0,8.0,0.0
PO-004653,SUP-003,SKU-00060,WH-SOUTH,2025-01-20,2025-01-30,2025-01-28,51,3.81,air,19.52,delivered,0,194.31,10,8.0,-2.0,1.0
PO-004654,SUP-003,SKU-00060,WH-SOUTH,2025-02-03,2025-02-13,2025-02-15,54,3.81,air,28.78,delivered,0,205.74,10,12.0,2.0,0.0
PO-004655,SUP-003,SKU-00060,WH-SOUTH,2025-02-17,2025-03-19,2025-04-04,57,3.81,ocean,10.25,delivered,0,217.17,30,46.0,16.0,0.0
PO-004656,SUP-003,SKU-00060,WH-SOUTH,2025-03-03,2025-03-27,2025-03-16,47,3.81,rail,8.72,delivered,0,179.07,24,13.0,-11.0,1.0
PO-004657,SUP-003,SKU-00060,WH-SOUTH,2025-03-24,2025-04-03,2025-04-01,60,3.81,air,31.59,delivered,0,228.6,10,8.0,-2.0,1.0
PO-004658,SUP-003,SKU-00060,WH-SOUTH,2025-04-14,2025-05-06,2025-04-24,55,3.81,road,11.12,delivered,0,209.55,22,10.0,-12.0,1.0
PO-004659,SUP-003,SKU-00060,WH-SOUTH,2025-04-28,2025-05-28,2025-05-31,54,3.81,ocean,9.02,delivered,0,205.74,30,33.0,3.0,0.0
PO-004660,SUP-003,SKU-00060,WH-SOUTH,2025-05-12,2025-06-05,2025-06-07,53,3.81,rail,9.0,delivered,0,201.93,24,26.0,2.0,0.0
PO-004661,SUP-003,SKU-00060,WH-SOUTH,2025-06-09,2025-06-19,2025-06-18,52,3.81,air,26.86,delivered,0,198.12,10,9.0,-1.0,1.0
PO-004662,SUP-003,SKU-00060,WH-SOUTH,2025-06-30,2025-07-30,2025-08-12,47,3.81,ocean,6.39,delivered,0,179.07,30,43.0,13.0,0.0
PO-004663,SUP-003,SKU-00060,WH-SOUTH,2025-07-21,2025-08-12,2025-08-17,44,3.81,road,9.01,delivered,0,167.64,22,27.0,5.0,0.0
PO-004664,SUP-003,SKU-00060,WH-SOUTH,2025-08-11,2025-08-21,2025-08-22,44,3.81,air,17.61,delivered,0,167.64,10,11.0,1.0,0.0
PO-004665,SUP-003,SKU-00060,WH-SOUTH,2025-09-01,2025-10-01,2025-09-18,56,3.81,ocean,7.72,delivered,0,213.36,30,17.0,-13.0,1.0
PO-004666,SUP-003,SKU-00060,WH-SOUTH,2025-09-15,2025-10-15,2025-10-10,53,3.81,ocean,8.91,delivered,0,201.93,30,25.0,-5.0,1.0
PO-004667,SUP-003,SKU-00060,WH-SOUTH,2025-09-29,2025-10-29,2025-10-22,65,3.81,ocean,8.22,delivered,0,247.65,30,23.0,-7.0,1.0
PO-004668,SUP-003,SKU-00060,WH-SOUTH,2025-10-20,2025-11-19,2025-11-29,64,3.81,ocean,8.95,delivered,0,243.84,30,40.0,10.0,0.0
PO-004669,SUP-003,SKU-00060,WH-SOUTH,2025-11-03,2025-12-03,2025-12-04,50,3.81,ocean,6.88,delivered,0,190.5,30,31.0,1.0,0.0
PO-004670,SUP-003,SKU-00060,WH-SOUTH,2025-12-08,2026-01-01,,79,3.81,rail,14.08,open,0,300.99,24,,,
PO-004671,SUP-003,SKU-00060,WH-SOUTH,2025-12-22,2026-01-01,,56,3.81,air,30.31,open,0,213.36,10,,,
PO-004672,SUP-003,SKU-00060,WH-EU,2024-01-15,2024-02-08,2024-02-21,37,3.81,rail,8.13,delivered,0,140.97,24,37.0,13.0,0.0
PO-004673,SUP-003,SKU-00060,WH-EU,2024-01-29,2024-02-28,2024-02-27,35,3.81,ocean,5.31,delivered,0,133.35,30,29.0,-1.0,1.0
PO-004674,SUP-003,SKU-00060,WH-EU,2024-02-26,2024-03-27,2024-03-15,42,3.81,ocean,6.89,delivered,0,160.02,30,18.0,-12.0,1.0
PO-004675,SUP-003,SKU-00060,WH-EU,2024-03-18,2024-04-17,2024-04-24,50,3.81,ocean,7.73,delivered,0,190.5,30,37.0,7.0,0.0
PO-004676,SUP-003,SKU-00060,WH-EU,2024-04-08,2024-05-08,2024-05-15,36,3.81,ocean,6.31,delivered,0,137.16,30,37.0,7.0,0.0
PO-004677,SUP-003,SKU-00060,WH-EU,2024-05-13,2024-06-06,2024-05-24,39,3.81,rail,6.25,delivered,0,148.59,24,11.0,-13.0,1.0
PO-004678,SUP-003,SKU-00060,WH-EU,2024-06-10,2024-07-04,2024-07-04,39,3.81,rail,8.07,delivered,0,148.59,24,24.0,0.0,1.0
PO-004679,SUP-003,SKU-00060,WH-EU,2024-07-08,2024-08-07,2024-07-27,34,3.81,ocean,4.62,delivered,0,129.54,30,19.0,-11.0,1.0
PO-004680,SUP-003,SKU-00060,WH-EU,2024-08-05,2024-09-04,2024-09-05,34,3.81,ocean,4.93,delivered,0,129.54,30,31.0,1.0,0.0
PO-004681,SUP-003,SKU-00060,WH-EU,2024-08-26,2024-09-25,2024-09-28,35,3.81,ocean,5.39,delivered,0,133.35,30,33.0,3.0,0.0
PO-004682,SUP-003,SKU-00060,WH-EU,2024-09-23,2024-10-23,2024-10-23,50,3.81,ocean,6.63,delivered,0,190.5,30,30.0,0.0,1.0
PO-004683,SUP-003,SKU-00060,WH-EU,2024-10-14,2024-11-13,2024-11-14,36,3.81,ocean,4.98,delivered,0,137.16,30,31.0,1.0,0.0
PO-004684,SUP-003,SKU-00060,WH-EU,2024-11-04,2024-12-04,2024-12-11,45,3.81,ocean,5.94,delivered,0,171.45,30,37.0,7.0,0.0
PO-004685,SUP-003,SKU-00060,WH-EU,2024-11-18,2024-12-12,2024-11-28,35,3.81,rail,6.3,delivered,0,133.35,24,10.0,-14.0,1.0
PO-004686,SUP-003,SKU-00060,WH-EU,2024-12-02,2025-01-01,2024-12-21,36,3.81,ocean,6.54,delivered,0,137.16,30,19.0,-11.0,1.0
PO-004687,SUP-003,SKU-00060,WH-EU,2024-12-23,2025-01-22,2025-01-30,43,3.81,ocean,7.61,delivered,0,163.83,30,38.0,8.0,0.0
PO-004688,SUP-003,SKU-00060,WH-EU,2025-01-06,2025-02-05,2025-02-07,36,3.81,ocean,4.68,delivered,0,137.16,30,32.0,2.0,0.0
PO-004689,SUP-003,SKU-00060,WH-EU,2025-02-10,2025-03-12,2025-03-10,48,3.81,ocean,5.93,delivered,0,182.88,30,28.0,-2.0,1.0
PO-004690,SUP-003,SKU-00060,WH-EU,2025-02-24,2025-03-26,2025-03-18,38,3.81,ocean,5.01,delivered,0,144.78,30,22.0,-8.0,1.0
PO-004691,SUP-003,SKU-00060,WH-EU,2025-03-17,2025-04-08,2025-04-08,34,3.81,road,9.03,delivered,0,129.54,22,22.0,0.0,1.0
PO-004692,SUP-003,SKU-00060,WH-EU,2025-04-07,2025-05-07,2025-05-03,44,3.81,ocean,6.01,delivered,0,167.64,30,26.0,-4.0,1.0
PO-004693,SUP-003,SKU-00060,WH-EU,2025-04-21,2025-05-21,2025-05-26,35,3.81,ocean,5.89,delivered,0,133.35,30,35.0,5.0,0.0
PO-004694,SUP-003,SKU-00060,WH-EU,2025-05-12,2025-06-11,2025-05-25,40,3.81,ocean,7.31,delivered,0,152.4,30,13.0,-17.0,1.0
PO-004695,SUP-003,SKU-00060,WH-EU,2025-06-09,2025-07-01,2025-07-07,44,3.81,road,8.66,delivered,0,167.64,22,28.0,6.0,0.0
PO-004696,SUP-003,SKU-00060,WH-EU,2025-06-30,2025-07-22,2025-07-14,34,3.81,road,9.26,delivered,0,129.54,22,14.0,-8.0,1.0
PO-004697,SUP-003,SKU-00060,WH-EU,2025-07-28,2025-08-27,2025-08-23,42,3.81,ocean,5.29,delivered,0,160.02,30,26.0,-4.0,1.0
PO-004698,SUP-003,SKU-00060,WH-EU,2025-08-18,2025-09-11,2025-09-08,37,3.81,rail,7.6,delivered,0,140.97,24,21.0,-3.0,1.0
PO-004699,SUP-003,SKU-00060,WH-EU,2025-09-08,2025-10-02,2025-09-29,33,3.81,rail,6.22,delivered,0,125.73,24,21.0,-3.0,1.0
PO-004700,SUP-003,SKU-00060,WH-EU,2025-09-22,2025-10-22,2025-10-08,37,3.81,ocean,5.9,delivered,0,140.97,30,16.0,-14.0,1.0
PO-004701,SUP-003,SKU-00060,WH-EU,2025-10-13,2025-10-23,2025-10-24,48,3.81,air,25.13,delivered,0,182.88,10,11.0,1.0,0.0
PO-004702,SUP-003,SKU-00060,WH-EU,2025-10-27,2025-11-26,2025-12-03,36,3.81,ocean,4.81,delivered,0,137.16,30,37.0,7.0,0.0
PO-004703,SUP-003,SKU-00060,WH-EU,2025-11-10,2025-11-20,2025-11-18,40,3.81,air,14.89,delivered,0,152.4,10,8.0,-2.0,1.0
PO-004704,SUP-003,SKU-00060,WH-EU,2025-11-24,2025-12-24,,46,3.81,ocean,5.69,open,0,175.26,30,,,
PO-004705,SUP-003,SKU-00060,WH-EU,2025-12-08,2026-01-07,,40,3.81,ocean,5.01,open,0,152.4,30,,,
PO-004706,SUP-010,SKU-00061,WH-WEST,2024-01-15,2024-01-25,2024-01-26,169,5.24,air,112.99,delivered,0,885.56,10,11.0,1.0,0.0
PO-004707,SUP-010,SKU-00061,WH-WEST,2024-01-29,2024-02-23,2024-02-24,158,5.24,rail,39.3,delivered,0,827.92,25,26.0,1.0,0.0
PO-004708,SUP-010,SKU-00061,WH-WEST,2024-02-19,2024-03-20,2024-03-14,200,5.24,ocean,38.89,delivered,0,1048.0,30,24.0,-6.0,1.0
PO-004709,SUP-010,SKU-00061,WH-WEST,2024-03-11,2024-04-10,2024-04-19,211,5.24,ocean,41.94,delivered,0,1105.64,30,39.0,9.0,0.0
PO-004710,SUP-010,SKU-00061,WH-WEST,2024-03-25,2024-04-16,2024-04-11,157,5.24,road,55.76,delivered,0,822.68,22,17.0,-5.0,1.0
PO-004711,SUP-010,SKU-00061,WH-WEST,2024-04-15,2024-04-25,2024-04-26,150,5.24,air,95.05,delivered,0,786.0,10,11.0,1.0,0.0
PO-004712,SUP-010,SKU-00061,WH-WEST,2024-04-29,2024-05-09,2024-05-20,184,5.24,air,130.88,delivered,0,964.16,10,21.0,11.0,0.0
PO-004713,SUP-010,SKU-00061,WH-WEST,2024-05-13,2024-06-12,2024-06-07,154,5.24,ocean,25.85,delivered,0,806.96,30,25.0,-5.0,1.0
PO-004714,SUP-010,SKU-00061,WH-WEST,2024-06-03,2024-06-13,2024-06-13,232,5.24,air,158.73,delivered,0,1215.68,10,10.0,0.0,1.0
PO-004715,SUP-010,SKU-00061,WH-WEST,2024-06-17,2024-06-27,2024-06-28,171,5.24,air,93.18,delivered,0,896.04,10,11.0,1.0,0.0
PO-004716,SUP-010,SKU-00061,WH-WEST,2024-07-01,2024-07-11,2024-07-15,186,5.24,air,106.87,delivered,0,974.64,10,14.0,4.0,0.0
PO-004717,SUP-010,SKU-00061,WH-WEST,2024-07-15,2024-08-14,2024-08-17,162,5.24,ocean,38.71,delivered,0,848.88,30,33.0,3.0,0.0
PO-004718,SUP-010,SKU-00061,WH-WEST,2024-07-29,2024-08-28,2024-08-24,204,5.24,ocean,46.11,delivered,0,1068.96,30,26.0,-4.0,1.0
PO-004719,SUP-010,SKU-00061,WH-WEST,2024-08-26,2024-09-17,2024-09-19,248,5.24,road,90.22,delivered,0,1299.52,22,24.0,2.0,0.0
PO-004720,SUP-010,SKU-00061,WH-WEST,2024-09-09,2024-10-09,2024-10-17,185,5.24,ocean,31.84,delivered,0,969.4,30,38.0,8.0,0.0
PO-004721,SUP-010,SKU-00061,WH-WEST,2024-09-30,2024-10-30,2024-11-02,174,5.24,ocean,38.4,delivered,0,911.76,30,33.0,3.0,0.0
PO-004722,SUP-010,SKU-00061,WH-WEST,2024-10-21,2024-11-15,2024-11-15,180,5.24,rail,54.9,delivered,0,943.2,25,25.0,0.0,1.0
PO-004723,SUP-010,SKU-00061,WH-WEST,2024-11-04,2024-12-04,2024-11-25,165,5.24,ocean,34.72,delivered,0,864.6,30,21.0,-9.0,1.0
PO-004724,SUP-010,SKU-00061,WH-WEST,2024-11-18,2024-12-13,2024-12-17,179,5.24,rail,48.55,delivered,0,937.96,25,29.0,4.0,0.0
PO-004725,SUP-010,SKU-00061,WH-WEST,2024-12-02,2025-01-01,2025-01-05,221,5.24,ocean,49.95,delivered,0,1158.04,30,34.0,4.0,0.0
PO-004726,SUP-010,SKU-00061,WH-WEST,2024-12-23,2025-01-22,2025-01-21,166,5.24,ocean,33.94,delivered,0,869.84,30,29.0,-1.0,1.0
PO-004727,SUP-010,SKU-00061,WH-WEST,2025-01-13,2025-01-23,2025-01-23,170,5.24,air,102.43,delivered,0,890.8,10,10.0,0.0,1.0
PO-004728,SUP-010,SKU-00061,WH-WEST,2025-01-27,2025-02-26,2025-02-27,168,5.24,ocean,36.5,delivered,0,880.32,30,31.0,1.0,0.0
PO-004729,SUP-010,SKU-00061,WH-WEST,2025-02-10,2025-02-20,2025-02-21,290,5.24,air,163.18,delivered,0,1519.6,10,11.0,1.0,0.0
PO-004730,SUP-010,SKU-00061,WH-WEST,2025-03-10,2025-04-01,2025-04-06,221,5.24,road,82.12,delivered,0,1158.04,22,27.0,5.0,0.0
PO-004731,SUP-010,SKU-00061,WH-WEST,2025-03-24,2025-04-18,2025-04-19,214,5.24,rail,57.17,delivered,0,1121.36,25,26.0,1.0,0.0
PO-004732,SUP-010,SKU-00061,WH-WEST,2025-04-14,2025-05-14,2025-05-23,164,5.24,ocean,32.8,delivered,0,859.36,30,39.0,9.0,0.0
PO-004733,SUP-010,SKU-00061,WH-WEST,2025-04-28,2025-05-08,2025-05-07,169,5.24,air,96.88,delivered,0,885.56,10,9.0,-1.0,1.0
PO-004734,SUP-010,SKU-00061,WH-WEST,2025-05-12,2025-05-22,2025-05-31,183,5.24,air,132.02,delivered,0,958.92,10,19.0,9.0,0.0
PO-004735,SUP-010,SKU-00061,WH-WEST,2025-05-26,2025-06-17,2025-06-23,160,5.24,road,43.97,delivered,0,838.4,22,28.0,6.0,0.0
PO-004736,SUP-010,SKU-00061,WH-WEST,2025-06-09,2025-06-19,2025-06-18,244,5.24,air,176.6,delivered,0,1278.56,10,9.0,-1.0,1.0
PO-004737,SUP-010,SKU-00061,WH-WEST,2025-06-30,2025-07-30,2025-07-14,214,5.24,ocean,41.24,delivered,0,1121.36,30,14.0,-16.0,1.0
PO-004738,SUP-010,SKU-00061,WH-WEST,2025-07-14,2025-07-24,2025-07-25,231,5.24,air,173.46,delivered,0,1210.44,10,11.0,1.0,0.0
PO-004739,SUP-010,SKU-00061,WH-WEST,2025-07-28,2025-08-07,2025-08-07,282,5.24,air,184.71,delivered,0,1477.68,10,10.0,0.0,1.0
PO-004740,SUP-010,SKU-00061,WH-WEST,2025-08-11,2025-09-10,2025-09-13,187,5.24,ocean,45.37,delivered,0,979.88,30,33.0,3.0,0.0
PO-004741,SUP-010,SKU-00061,WH-WEST,2025-08-25,2025-09-04,2025-08-30,252,5.24,air,164.01,delivered,0,1320.48,10,5.0,-5.0,1.0
PO-004742,SUP-010,SKU-00061,WH-WEST,2025-09-08,2025-10-08,2025-10-07,205,5.24,ocean,42.49,delivered,0,1074.2,30,29.0,-1.0,1.0
PO-004743,SUP-010,SKU-00061,WH-WEST,2025-09-22,2025-10-22,2025-10-17,180,5.24,ocean,33.44,delivered,0,943.2,30,25.0,-5.0,1.0
PO-004744,SUP-010,SKU-00061,WH-WEST,2025-10-13,2025-11-12,2025-11-14,183,5.24,ocean,31.57,delivered,0,958.92,30,32.0,2.0,0.0
PO-004745,SUP-010,SKU-00061,WH-WEST,2025-10-27,2025-11-21,2025-11-15,230,5.24,rail,63.65,delivered,0,1205.2,25,19.0,-6.0,1.0
PO-004746,SUP-010,SKU-00061,WH-WEST,2025-11-24,2025-12-24,2025-12-22,218,5.24,ocean,46.84,delivered,0,1142.32,30,28.0,-2.0,1.0
PO-004747,SUP-010,SKU-00061,WH-WEST,2025-12-08,2026-01-07,,243,5.24,ocean,47.78,open,0,1273.32,30,,,
PO-004748,SUP-010,SKU-00061,WH-EAST,2024-01-15,2024-02-14,2024-02-10,156,5.24,ocean,31.53,delivered,0,817.44,30,26.0,-4.0,1.0
PO-004749,SUP-010,SKU-00061,WH-EAST,2024-02-05,2024-02-27,2024-02-25,185,5.24,road,49.02,delivered,0,969.4,22,20.0,-2.0,1.0
PO-004750,SUP-010,SKU-00061,WH-EAST,2024-02-19,2024-03-20,2024-03-30,131,5.24,ocean,27.33,delivered,0,686.44,30,40.0,10.0,0.0
PO-004751,SUP-010,SKU-00061,WH-EAST,2024-03-11,2024-04-10,2024-04-10,195,5.24,ocean,46.85,delivered,0,1021.8,30,30.0,0.0,1.0
PO-004752,SUP-010,SKU-00061,WH-EAST,2024-04-08,2024-05-08,2024-05-14,191,5.24,ocean,39.54,delivered,0,1000.84,30,36.0,6.0,0.0
PO-004753,SUP-010,SKU-00061,WH-EAST,2024-04-22,2024-05-02,2024-05-03,162,5.24,air,114.02,delivered,0,848.88,10,11.0,1.0,0.0
PO-004754,SUP-010,SKU-00061,WH-EAST,2024-05-13,2024-06-04,2024-06-09,175,5.24,road,65.35,delivered,0,917.0,22,27.0,5.0,0.0
PO-004755,SUP-010,SKU-00061,WH-EAST,2024-06-03,2024-06-13,2024-06-11,209,5.24,air,107.22,delivered,0,1095.16,10,8.0,-2.0,1.0
PO-004756,SUP-010,SKU-00061,WH-EAST,2024-06-24,2024-07-19,2024-07-25,159,5.24,rail,37.53,delivered,0,833.16,25,31.0,6.0,0.0
PO-004757,SUP-010,SKU-00061,WH-EAST,2024-07-08,2024-07-18,2024-07-21,132,5.24,air,90.03,delivered,0,691.68,10,13.0,3.0,0.0
PO-004758,SUP-010,SKU-00061,WH-EAST,2024-07-22,2024-08-21,2024-08-29,149,5.24,ocean,28.28,delivered,0,780.76,30,38.0,8.0,0.0
PO-004759,SUP-010,SKU-00061,WH-EAST,2024-08-05,2024-09-04,2024-09-07,179,5.24,ocean,35.93,delivered,0,937.96,30,33.0,3.0,0.0
PO-004760,SUP-010,SKU-00061,WH-EAST,2024-09-02,2024-10-02,2024-09-24,130,5.24,ocean,30.62,delivered,0,681.2,30,22.0,-8.0,1.0
PO-004761,SUP-010,SKU-00061,WH-EAST,2024-09-16,2024-10-16,2024-10-03,134,5.24,ocean,28.74,delivered,0,702.16,30,17.0,-13.0,1.0
PO-004762,SUP-010,SKU-00061,WH-EAST,2024-09-30,2024-10-30,2024-10-29,158,5.24,ocean,31.0,delivered,0,827.92,30,29.0,-1.0,1.0
PO-004763,SUP-010,SKU-00061,WH-EAST,2024-10-14,2024-11-13,2024-11-11,157,5.24,ocean,29.42,delivered,0,822.68,30,28.0,-2.0,1.0
PO-004764,SUP-010,SKU-00061,WH-EAST,2024-11-04,2024-11-29,2024-12-05,163,5.24,rail,36.01,delivered,0,854.12,25,31.0,6.0,0.0
PO-004765,SUP-010,SKU-00061,WH-EAST,2024-11-18,2024-11-28,2024-11-26,218,5.24,air,153.73,delivered,0,1142.32,10,8.0,-2.0,1.0
PO-004766,SUP-010,SKU-00061,WH-EAST,2024-12-09,2025-01-08,2025-01-11,210,5.24,ocean,40.53,delivered,0,1100.4,30,33.0,3.0,0.0
PO-004767,SUP-010,SKU-00061,WH-EAST,2024-12-30,2025-01-29,2025-01-26,200,5.24,ocean,44.91,delivered,0,1048.0,30,27.0,-3.0,1.0
PO-004768,SUP-010,SKU-00061,WH-EAST,2025-01-27,2025-02-18,2025-02-20,179,5.24,road,48.26,delivered,0,937.96,22,24.0,2.0,0.0
PO-004769,SUP-010,SKU-00061,WH-EAST,2025-02-10,2025-02-20,2025-02-20,195,5.24,air,110.14,delivered,0,1021.8,10,10.0,0.0,1.0
PO-004770,SUP-010,SKU-00061,WH-EAST,2025-03-03,2025-03-25,2025-03-19,176,5.24,road,63.01,delivered,0,922.24,22,16.0,-6.0,1.0
PO-004771,SUP-010,SKU-00061,WH-EAST,2025-03-17,2025-04-16,2025-04-16,171,5.24,ocean,36.29,delivered,0,896.04,30,30.0,0.0,1.0
PO-004772,SUP-010,SKU-00061,WH-EAST,2025-03-31,2025-04-30,2025-04-29,169,5.24,ocean,30.07,delivered,0,885.56,30,29.0,-1.0,1.0
PO-004773,SUP-010,SKU-00061,WH-EAST,2025-04-21,2025-05-21,2025-06-01,136,5.24,ocean,32.71,delivered,0,712.64,30,41.0,11.0,0.0
PO-004774,SUP-010,SKU-00061,WH-EAST,2025-05-05,2025-05-15,2025-05-25,173,5.24,air,87.19,delivered,0,906.52,10,20.0,10.0,0.0
PO-004775,SUP-010,SKU-00061,WH-EAST,2025-06-02,2025-06-12,2025-06-12,211,5.24,air,150.03,delivered,0,1105.64,10,10.0,0.0,1.0
PO-004776,SUP-010,SKU-00061,WH-EAST,2025-06-16,2025-07-16,2025-07-09,203,5.24,ocean,48.05,delivered,0,1063.72,30,23.0,-7.0,1.0
PO-004777,SUP-010,SKU-00061,WH-EAST,2025-06-30,2025-07-10,2025-07-09,159,5.24,air,110.46,delivered,0,833.16,10,9.0,-1.0,1.0
PO-004778,SUP-010,SKU-00061,WH-EAST,2025-07-14,2025-08-13,2025-08-14,132,5.24,ocean,27.03,delivered,0,691.68,30,31.0,1.0,0.0
PO-004779,SUP-010,SKU-00061,WH-EAST,2025-07-28,2025-08-19,2025-08-20,189,5.24,road,65.33,delivered,0,990.36,22,23.0,1.0,0.0
PO-004780,SUP-010,SKU-00061,WH-EAST,2025-08-18,2025-09-12,2025-09-11,149,5.24,rail,44.82,delivered,0,780.76,25,24.0,-1.0,1.0
PO-004781,SUP-010,SKU-00061,WH-EAST,2025-09-01,2025-10-01,2025-09-26,210,5.24,ocean,46.71,delivered,0,1100.4,30,25.0,-5.0,1.0
PO-004782,SUP-010,SKU-00061,WH-EAST,2025-09-22,2025-10-02,2025-10-06,199,5.24,air,117.8,delivered,0,1042.76,10,14.0,4.0,0.0
PO-004783,SUP-010,SKU-00061,WH-EAST,2025-10-06,2025-10-16,2025-10-16,163,5.24,air,116.99,delivered,0,854.12,10,10.0,0.0,1.0
PO-004784,SUP-010,SKU-00061,WH-EAST,2025-10-20,2025-11-19,2025-11-15,204,5.24,ocean,47.34,delivered,0,1068.96,30,26.0,-4.0,1.0
PO-004785,SUP-010,SKU-00061,WH-EAST,2025-11-03,2025-11-13,2025-11-10,188,5.24,air,132.28,delivered,0,985.12,10,7.0,-3.0,1.0
PO-004786,SUP-010,SKU-00061,WH-EAST,2025-11-24,2025-12-24,2025-12-26,252,5.24,ocean,54.88,delivered,0,1320.48,30,32.0,2.0,0.0
PO-004787,SUP-010,SKU-00061,WH-EAST,2025-12-08,2025-12-18,2025-12-19,158,5.24,air,97.8,delivered,0,827.92,10,11.0,1.0,0.0
PO-004788,SUP-015,SKU-00062,WH-EU,2024-01-22,2024-02-08,2024-02-07,20,31.43,ocean,24.26,delivered,0,628.6,17,16.0,-1.0,1.0
PO-004789,SUP-015,SKU-00062,WH-EU,2024-02-12,2024-02-29,2024-03-03,18,31.43,ocean,20.4,delivered,0,565.74,17,20.0,3.0,0.0
PO-004790,SUP-015,SKU-00062,WH-EU,2024-03-04,2024-03-10,2024-03-10,15,31.43,air,56.1,delivered,0,471.45,6,6.0,0.0,1.0
PO-004791,SUP-015,SKU-00062,WH-EU,2024-03-18,2024-03-30,2024-03-30,15,31.43,road,29.81,delivered,0,471.45,12,12.0,0.0,1.0
PO-004792,SUP-015,SKU-00062,WH-EU,2024-04-08,2024-04-25,2024-04-24,21,31.43,ocean,23.69,delivered,0,660.03,17,16.0,-1.0,1.0
PO-004793,SUP-015,SKU-00062,WH-EU,2024-04-29,2024-05-11,2024-05-11,16,31.43,road,33.94,delivered,0,502.88,12,12.0,0.0,1.0
PO-004794,SUP-015,SKU-00062,WH-EU,2024-05-20,2024-06-03,2024-06-01,19,31.43,rail,31.27,delivered,0,597.17,14,12.0,-2.0,1.0
PO-004795,SUP-015,SKU-00062,WH-EU,2024-06-10,2024-06-16,2024-06-17,20,31.43,air,76.36,delivered,0,628.6,6,7.0,1.0,0.0
PO-004796,SUP-015,SKU-00062,WH-EU,2024-07-01,2024-07-18,2024-07-17,20,31.43,ocean,29.69,delivered,0,628.6,17,16.0,-1.0,1.0
PO-004797,SUP-015,SKU-00062,WH-EU,2024-07-22,2024-08-08,2024-08-08,18,31.43,ocean,23.26,delivered,0,565.74,17,17.0,0.0,1.0
PO-004798,SUP-015,SKU-00062,WH-EU,2024-08-12,2024-08-29,2024-08-25,18,31.43,ocean,20.38,delivered,0,565.74,17,13.0,-4.0,1.0
PO-004799,SUP-015,SKU-00062,WH-EU,2024-09-02,2024-09-19,2024-09-20,20,31.43,ocean,26.33,delivered,0,628.6,17,18.0,1.0,0.0
PO-004800,SUP-015,SKU-00062,WH-EU,2024-09-23,2024-10-07,2024-10-11,15,31.43,rail,22.69,delivered,0,471.45,14,18.0,4.0,0.0
PO-004801,SUP-015,SKU-00062,WH-EU,2024-10-14,2024-10-31,2024-10-28,20,31.43,ocean,20.2,delivered,0,628.6,17,14.0,-3.0,1.0
PO-004802,SUP-015,SKU-00062,WH-EU,2024-11-04,2024-11-18,2024-11-14,20,31.43,rail,32.39,delivered,0,628.6,14,10.0,-4.0,1.0
PO-004803,SUP-015,SKU-00062,WH-EU,2024-11-25,2024-12-12,2024-12-12,23,31.43,ocean,23.47,delivered,0,722.89,17,17.0,0.0,1.0
PO-004804,SUP-015,SKU-00062,WH-EU,2024-12-23,2024-12-29,2024-12-26,20,31.43,air,72.18,delivered,0,628.6,6,3.0,-3.0,1.0
PO-004805,SUP-015,SKU-00062,WH-EU,2025-01-06,2025-01-18,2025-01-17,19,31.43,road,38.64,delivered,0,597.17,12,11.0,-1.0,1.0
PO-004806,SUP-015,SKU-00062,WH-EU,2025-01-20,2025-02-06,2025-02-06,17,31.43,ocean,25.22,delivered,0,534.31,17,17.0,0.0,1.0
PO-004807,SUP-015,SKU-00062,WH-EU,2025-02-10,2025-02-27,2025-02-23,20,31.43,ocean,20.49,delivered,0,628.6,17,13.0,-4.0,1.0
PO-004808,SUP-015,SKU-00062,WH-EU,2025-03-03,2025-03-15,2025-03-14,21,31.43,road,46.52,delivered,0,660.03,12,11.0,-1.0,1.0
PO-004809,SUP-015,SKU-00062,WH-EU,2025-03-17,2025-03-31,2025-03-30,15,31.43,rail,25.81,delivered,0,471.45,14,13.0,-1.0,1.0
PO-004810,SUP-015,SKU-00062,WH-EU,2025-03-31,2025-04-17,2025-04-18,16,31.43,ocean,16.25,delivered,0,502.88,17,18.0,1.0,0.0
PO-004811,SUP-015,SKU-00062,WH-EU,2025-04-14,2025-04-20,2025-04-20,15,31.43,air,60.54,delivered,0,471.45,6,6.0,0.0,1.0
PO-004812,SUP-015,SKU-00062,WH-EU,2025-05-05,2025-05-22,2025-05-28,21,31.43,ocean,26.08,delivered,0,660.03,17,23.0,6.0,0.0
PO-004813,SUP-015,SKU-00062,WH-EU,2025-06-02,2025-06-19,2025-07-02,16,31.43,ocean,21.63,delivered,0,502.88,17,30.0,13.0,0.0
PO-004814,SUP-015,SKU-00062,WH-EU,2025-06-16,2025-06-22,2025-06-23,15,31.43,air,64.92,delivered,0,471.45,6,7.0,1.0,0.0
PO-004815,SUP-015,SKU-00062,WH-EU,2025-07-07,2025-07-24,2025-07-23,15,31.43,ocean,15.36,delivered,0,471.45,17,16.0,-1.0,1.0
PO-004816,SUP-015,SKU-00062,WH-EU,2025-07-28,2025-08-14,2025-08-11,19,31.43,ocean,22.37,delivered,0,597.17,17,14.0,-3.0,1.0
PO-004817,SUP-015,SKU-00062,WH-EU,2025-08-18,2025-09-04,2025-09-06,20,31.43,ocean,25.57,delivered,0,628.6,17,19.0,2.0,0.0
PO-004818,SUP-015,SKU-00062,WH-EU,2025-09-15,2025-10-02,2025-09-29,25,31.43,ocean,32.99,delivered,0,785.75,17,14.0,-3.0,1.0
PO-004819,SUP-015,SKU-00062,WH-EU,2025-10-06,2025-10-12,2025-10-11,19,31.43,air,65.94,delivered,0,597.17,6,5.0,-1.0,1.0
PO-004820,SUP-015,SKU-00062,WH-EU,2025-10-20,2025-11-06,2025-11-07,16,31.43,ocean,21.57,delivered,0,502.88,17,18.0,1.0,0.0
PO-004821,SUP-015,SKU-00062,WH-EU,2025-11-03,2025-11-20,2025-11-20,15,31.43,ocean,15.84,delivered,0,471.45,17,17.0,0.0,1.0
PO-004822,SUP-015,SKU-00062,WH-EU,2025-11-17,2025-11-23,2025-11-23,16,31.43,air,60.37,delivered,0,502.88,6,6.0,0.0,1.0
PO-004823,SUP-015,SKU-00062,WH-EU,2025-12-01,2025-12-18,2025-12-20,19,31.43,ocean,19.75,delivered,0,597.17,17,19.0,2.0,0.0
PO-004824,SUP-015,SKU-00062,WH-EU,2025-12-22,2026-01-08,,19,31.43,ocean,19.84,open,0,597.17,17,,,
PO-004825,SUP-015,SKU-00062,WH-SOUTH,2024-01-15,2024-01-21,2024-01-23,14,31.43,air,57.56,delivered,0,440.02,6,8.0,2.0,0.0
PO-004826,SUP-015,SKU-00062,WH-SOUTH,2024-02-05,2024-02-22,2024-02-26,20,31.43,ocean,29.58,delivered,0,628.6,17,21.0,4.0,0.0
PO-004827,SUP-015,SKU-00062,WH-SOUTH,2024-03-04,2024-03-10,2024-03-10,17,31.43,air,62.28,delivered,0,534.31,6,6.0,0.0,1.0
PO-004828,SUP-015,SKU-00062,WH-SOUTH,2024-03-25,2024-04-06,2024-04-06,16,31.43,road,30.44,delivered,0,502.88,12,12.0,0.0,1.0
PO-004829,SUP-015,SKU-00062,WH-SOUTH,2024-04-15,2024-04-29,2024-04-30,22,31.43,rail,34.06,delivered,0,691.46,14,15.0,1.0,0.0
PO-004830,SUP-015,SKU-00062,WH-SOUTH,2024-05-13,2024-05-19,2024-05-18,20,31.43,air,66.02,delivered,0,628.6,6,5.0,-1.0,1.0
PO-004831,SUP-015,SKU-00062,WH-SOUTH,2024-06-03,2024-06-20,2024-06-18,19,31.43,ocean,23.78,delivered,0,597.17,17,15.0,-2.0,1.0
PO-004832,SUP-015,SKU-00062,WH-SOUTH,2024-06-24,2024-07-11,2024-07-03,17,31.43,ocean,18.26,delivered,0,534.31,17,9.0,-8.0,1.0
PO-004833,SUP-015,SKU-00062,WH-SOUTH,2024-07-15,2024-08-01,2024-08-05,18,31.43,ocean,23.65,delivered,0,565.74,17,21.0,4.0,0.0
PO-004834,SUP-015,SKU-00062,WH-SOUTH,2024-08-12,2024-08-18,2024-08-19,16,31.43,air,60.18,delivered,0,502.88,6,7.0,1.0,0.0
PO-004835,SUP-015,SKU-00062,WH-SOUTH,2024-08-26,2024-09-09,2024-09-09,14,31.43,rail,20.32,delivered,0,440.02,14,14.0,0.0,1.0
PO-004836,SUP-015,SKU-00062,WH-SOUTH,2024-09-16,2024-09-30,2024-09-30,16,31.43,rail,29.9,delivered,0,502.88,14,14.0,0.0,1.0
PO-004837,SUP-015,SKU-00062,WH-SOUTH,2024-09-30,2024-10-17,2024-10-21,14,31.43,ocean,18.12,delivered,0,440.02,17,21.0,4.0,0.0
PO-004838,SUP-015,SKU-00062,WH-SOUTH,2024-10-14,2024-10-20,2024-10-19,14,31.43,air,45.88,delivered,0,440.02,6,5.0,-1.0,1.0
PO-004839,SUP-015,SKU-00062,WH-SOUTH,2024-11-04,2024-11-10,2024-11-08,17,31.43,air,56.96,delivered,0,534.31,6,4.0,-2.0,1.0
PO-004840,SUP-015,SKU-00062,WH-SOUTH,2024-11-25,2024-12-07,2024-12-08,19,31.43,road,38.43,delivered,0,597.17,12,13.0,1.0,0.0
PO-004841,SUP-015,SKU-00062,WH-SOUTH,2024-12-16,2025-01-02,2024-12-30,20,31.43,ocean,21.66,delivered,0,628.6,17,14.0,-3.0,1.0
PO-004842,SUP-015,SKU-00062,WH-SOUTH,2025-01-06,2025-01-23,2025-01-21,19,31.43,ocean,22.75,delivered,0,597.17,17,15.0,-2.0,1.0
PO-004843,SUP-015,SKU-00062,WH-SOUTH,2025-01-27,2025-02-10,2025-02-09,17,31.43,rail,30.98,delivered,0,534.31,14,13.0,-1.0,1.0
PO-004844,SUP-015,SKU-00062,WH-SOUTH,2025-02-17,2025-02-23,2025-02-21,20,31.43,air,64.49,delivered,0,628.6,6,4.0,-2.0,1.0
PO-004845,SUP-015,SKU-00062,WH-SOUTH,2025-03-03,2025-03-20,2025-03-20,16,31.43,ocean,17.54,delivered,0,502.88,17,17.0,0.0,1.0
PO-004846,SUP-015,SKU-00062,WH-SOUTH,2025-03-24,2025-04-05,2025-04-06,18,31.43,road,27.91,delivered,0,565.74,12,13.0,1.0,0.0
PO-004847,SUP-015,SKU-00062,WH-SOUTH,2025-04-14,2025-04-28,2025-05-01,19,31.43,rail,27.09,delivered,0,597.17,14,17.0,3.0,0.0
PO-004848,SUP-015,SKU-00062,WH-SOUTH,2025-05-05,2025-05-11,2025-05-08,15,31.43,air,59.67,delivered,0,471.45,6,3.0,-3.0,1.0
PO-004849,SUP-015,SKU-00062,WH-SOUTH,2025-05-26,2025-06-12,2025-06-13,18,31.43,ocean,21.06,delivered,0,565.74,17,18.0,1.0,0.0
PO-004850,SUP-015,SKU-00062,WH-SOUTH,2025-06-16,2025-06-30,2025-06-30,14,31.43,rail,20.32,delivered,0,440.02,14,14.0,0.0,1.0
PO-004851,SUP-015,SKU-00062,WH-SOUTH,2025-06-30,2025-07-17,2025-07-18,15,31.43,ocean,18.22,delivered,0,471.45,17,18.0,1.0,0.0
PO-004852,SUP-015,SKU-00062,WH-SOUTH,2025-07-21,2025-08-04,2025-08-03,17,31.43,rail,28.0,delivered,0,534.31,14,13.0,-1.0,1.0
PO-004853,SUP-015,SKU-00062,WH-SOUTH,2025-08-11,2025-08-23,2025-08-25,20,31.43,road,41.19,delivered,0,628.6,12,14.0,2.0,0.0
PO-004854,SUP-015,SKU-00062,WH-SOUTH,2025-09-01,2025-09-18,2025-09-16,16,31.43,ocean,21.97,delivered,0,502.88,17,15.0,-2.0,1.0
PO-004855,SUP-015,SKU-00062,WH-SOUTH,2025-09-22,2025-09-28,2025-09-27,20,31.43,air,87.17,delivered,0,628.6,6,5.0,-1.0,1.0
PO-004856,SUP-015,SKU-00062,WH-SOUTH,2025-10-06,2025-10-18,2025-10-20,16,31.43,road,35.14,delivered,0,502.88,12,14.0,2.0,0.0
PO-004857,SUP-015,SKU-00062,WH-SOUTH,2025-10-20,2025-11-06,2025-11-06,15,31.43,ocean,18.08,delivered,0,471.45,17,17.0,0.0,1.0
PO-004858,SUP-015,SKU-00062,WH-SOUTH,2025-11-03,2025-11-20,2025-11-20,14,31.43,ocean,16.12,delivered,0,440.02,17,17.0,0.0,1.0
PO-004859,SUP-015,SKU-00062,WH-SOUTH,2025-11-17,2025-11-23,2025-11-23,15,31.43,air,64.38,delivered,0,471.45,6,6.0,0.0,1.0
PO-004860,SUP-015,SKU-00062,WH-SOUTH,2025-12-01,2025-12-18,2025-12-16,14,31.43,ocean,15.41,delivered,0,440.02,17,15.0,-2.0,1.0
PO-004861,SUP-015,SKU-00062,WH-SOUTH,2025-12-15,2026-01-01,,15,31.43,ocean,17.3,open,0,471.45,17,,,
PO-004862,SUP-015,SKU-00062,WH-EAST,2024-01-15,2024-02-01,2024-01-29,25,31.43,ocean,34.5,delivered,0,785.75,17,14.0,-3.0,1.0
PO-004863,SUP-015,SKU-00062,WH-EAST,2024-02-05,2024-02-22,2024-02-23,24,31.43,ocean,31.85,delivered,0,754.32,17,18.0,1.0,0.0
PO-004864,SUP-015,SKU-00062,WH-EAST,2024-02-26,2024-03-14,2024-03-13,25,31.43,ocean,28.55,delivered,0,785.75,17,16.0,-1.0,1.0
PO-004865,SUP-015,SKU-00062,WH-EAST,2024-03-18,2024-04-04,2024-04-02,27,31.43,ocean,29.68,delivered,0,848.61,17,15.0,-2.0,1.0
PO-004866,SUP-015,SKU-00062,WH-EAST,2024-04-08,2024-04-25,2024-04-26,26,31.43,ocean,29.39,delivered,0,817.18,17,18.0,1.0,0.0
PO-004867,SUP-015,SKU-00062,WH-EAST,2024-04-29,2024-05-16,2024-05-10,21,31.43,ocean,28.6,delivered,0,660.03,17,11.0,-6.0,1.0
PO-004868,SUP-015,SKU-00062,WH-EAST,2024-05-20,2024-06-06,2024-06-06,24,31.43,ocean,25.21,delivered,0,754.32,17,17.0,0.0,1.0
PO-004869,SUP-015,SKU-00062,WH-EAST,2024-06-10,2024-06-27,2024-06-25,25,31.43,ocean,28.51,delivered,0,785.75,17,15.0,-2.0,1.0
PO-004870,SUP-015,SKU-00062,WH-EAST,2024-07-01,2024-07-07,2024-07-07,23,31.43,air,74.89,delivered,0,722.89,6,6.0,0.0,1.0
PO-004871,SUP-015,SKU-00062,WH-EAST,2024-07-22,2024-08-08,2024-08-03,22,31.43,ocean,29.77,delivered,0,691.46,17,12.0,-5.0,1.0
PO-004872,SUP-015,SKU-00062,WH-EAST,2024-08-12,2024-08-29,2024-08-30,26,31.43,ocean,36.63,delivered,0,817.18,17,18.0,1.0,0.0
PO-004873,SUP-015,SKU-00062,WH-EAST,2024-09-02,2024-09-19,2024-09-24,21,31.43,ocean,27.16,delivered,0,660.03,17,22.0,5.0,0.0
PO-004874,SUP-015,SKU-00062,WH-EAST,2024-09-23,2024-09-29,2024-09-26,22,31.43,air,79.16,delivered,0,691.46,6,3.0,-3.0,1.0
PO-004875,SUP-015,SKU-00062,WH-EAST,2024-10-07,2024-10-19,2024-10-18,20,31.43,road,32.58,delivered,0,628.6,12,11.0,-1.0,1.0
PO-004876,SUP-015,SKU-00062,WH-EAST,2024-10-21,2024-11-07,2024-11-10,22,31.43,ocean,29.05,delivered,0,691.46,17,20.0,3.0,0.0
PO-004877,SUP-015,SKU-00062,WH-EAST,2024-11-04,2024-11-21,2024-11-18,21,31.43,ocean,24.67,delivered,0,660.03,17,14.0,-3.0,1.0
PO-004878,SUP-015,SKU-00062,WH-EAST,2024-11-25,2024-12-12,2024-12-08,25,31.43,ocean,34.86,delivered,0,785.75,17,13.0,-4.0,1.0
PO-004879,SUP-015,SKU-00062,WH-EAST,2024-12-09,2024-12-15,2024-12-16,22,31.43,air,76.09,delivered,0,691.46,6,7.0,1.0,0.0
PO-004880,SUP-015,SKU-00062,WH-EAST,2024-12-23,2025-01-09,2025-01-13,21,31.43,ocean,28.37,delivered,0,660.03,17,21.0,4.0,0.0
PO-004881,SUP-015,SKU-00062,WH-EAST,2025-01-06,2025-01-23,2025-01-26,22,31.43,ocean,29.78,delivered,0,691.46,17,20.0,3.0,0.0
PO-004882,SUP-015,SKU-00062,WH-EAST,2025-01-27,2025-02-13,2025-02-07,25,31.43,ocean,34.7,delivered,0,785.75,17,11.0,-6.0,1.0
PO-004883,SUP-015,SKU-00062,WH-EAST,2025-02-10,2025-02-16,2025-02-15,25,31.43,air,105.38,delivered,0,785.75,6,5.0,-1.0,1.0
PO-004884,SUP-015,SKU-00062,WH-EAST,2025-02-24,2025-03-02,2025-03-08,25,31.43,air,93.37,delivered,0,785.75,6,12.0,6.0,0.0
PO-004885,SUP-015,SKU-00062,WH-EAST,2025-03-10,2025-03-24,2025-03-26,23,31.43,rail,33.92,delivered,0,722.89,14,16.0,2.0,0.0
PO-004886,SUP-015,SKU-00062,WH-EAST,2025-03-24,2025-03-30,2025-03-29,20,31.43,air,63.58,delivered,0,628.6,6,5.0,-1.0,1.0
PO-004887,SUP-015,SKU-00062,WH-EAST,2025-04-07,2025-04-24,2025-05-03,21,31.43,ocean,29.74,delivered,0,660.03,17,26.0,9.0,0.0
PO-004888,SUP-015,SKU-00062,WH-EAST,2025-04-21,2025-04-27,2025-04-27,22,31.43,air,82.75,delivered,0,691.46,6,6.0,0.0,1.0
PO-004889,SUP-015,SKU-00062,WH-EAST,2025-05-12,2025-05-18,2025-05-17,23,31.43,air,73.3,delivered,0,722.89,6,5.0,-1.0,1.0
PO-004890,SUP-015,SKU-00062,WH-EAST,2025-05-26,2025-06-01,2025-05-30,24,31.43,air,101.69,delivered,0,754.32,6,4.0,-2.0,1.0
PO-004891,SUP-015,SKU-00062,WH-EAST,2025-06-09,2025-06-26,2025-06-19,22,31.43,ocean,31.57,delivered,0,691.46,17,10.0,-7.0,1.0
PO-004892,SUP-015,SKU-00062,WH-EAST,2025-06-23,2025-07-10,2025-07-13,26,31.43,ocean,32.36,delivered,0,817.18,17,20.0,3.0,0.0
PO-004893,SUP-015,SKU-00062,WH-EAST,2025-07-21,2025-08-07,2025-08-08,27,31.43,ocean,29.5,delivered,0,848.61,17,18.0,1.0,0.0
PO-004894,SUP-015,SKU-00062,WH-EAST,2025-08-11,2025-08-28,2025-08-26,20,31.43,ocean,23.73,delivered,0,628.6,17,15.0,-2.0,1.0
PO-004895,SUP-015,SKU-00062,WH-EAST,2025-08-25,2025-08-31,2025-08-30,22,31.43,air,84.64,delivered,0,691.46,6,5.0,-1.0,1.0
PO-004896,SUP-015,SKU-00062,WH-EAST,2025-09-08,2025-09-25,2025-10-01,21,31.43,ocean,28.32,delivered,0,660.03,17,23.0,6.0,0.0
PO-004897,SUP-015,SKU-00062,WH-EAST,2025-09-22,2025-09-28,2025-09-28,22,31.43,air,86.73,delivered,0,691.46,6,6.0,0.0,1.0
PO-004898,SUP-015,SKU-00062,WH-EAST,2025-10-13,2025-10-30,2025-10-28,31,31.43,ocean,43.4,delivered,0,974.33,17,15.0,-2.0,1.0
PO-004899,SUP-015,SKU-00062,WH-EAST,2025-11-03,2025-11-15,2025-11-13,33,31.43,road,64.57,delivered,0,1037.19,12,10.0,-2.0,1.0
PO-004900,SUP-015,SKU-00062,WH-EAST,2025-11-17,2025-12-04,2025-12-04,20,31.43,ocean,26.25,delivered,0,628.6,17,17.0,0.0,1.0
PO-004901,SUP-015,SKU-00062,WH-EAST,2025-12-01,2025-12-18,2025-12-22,23,31.43,ocean,29.71,delivered,0,722.89,17,21.0,4.0,0.0
PO-004902,SUP-015,SKU-00062,WH-EAST,2025-12-15,2025-12-21,2025-12-20,20,31.43,air,69.89,delivered,0,628.6,6,5.0,-1.0,1.0
PO-004903,SUP-011,SKU-00063,WH-SOUTH,2024-01-22,2024-02-14,2024-02-06,236,6.49,rail,75.0,delivered,0,1531.64,23,15.0,-8.0,1.0
PO-004904,SUP-011,SKU-00063,WH-SOUTH,2024-02-12,2024-03-12,2024-03-14,251,6.49,ocean,61.3,delivered,0,1628.99,29,31.0,2.0,0.0
PO-004905,SUP-011,SKU-00063,WH-SOUTH,2024-02-26,2024-03-26,2024-03-25,206,6.49,ocean,47.86,delivered,0,1336.94,29,28.0,-1.0,1.0
PO-004906,SUP-011,SKU-00063,WH-SOUTH,2024-03-25,2024-04-17,2024-04-19,252,6.49,rail,73.46,delivered,0,1635.48,23,25.0,2.0,0.0
PO-004907,SUP-011,SKU-00063,WH-SOUTH,2024-04-08,2024-05-07,2024-05-22,204,6.49,ocean,59.46,delivered,0,1323.96,29,44.0,15.0,0.0
PO-004908,SUP-011,SKU-00063,WH-SOUTH,2024-04-29,2024-05-28,2024-06-12,269,6.49,ocean,71.51,delivered,0,1745.81,29,44.0,15.0,0.0
PO-004909,SUP-011,SKU-00063,WH-SOUTH,2024-05-27,2024-06-25,2024-06-28,189,6.49,ocean,43.67,delivered,0,1226.61,29,32.0,3.0,0.0
PO-004910,SUP-011,SKU-00063,WH-SOUTH,2024-06-24,2024-07-23,2024-07-09,267,6.49,ocean,72.01,delivered,0,1732.83,29,15.0,-14.0,1.0
PO-004911,SUP-011,SKU-00063,WH-SOUTH,2024-07-15,2024-08-13,2024-08-11,258,6.49,ocean,58.0,delivered,0,1674.42,29,27.0,-2.0,1.0
PO-004912,SUP-011,SKU-00063,WH-SOUTH,2024-08-05,2024-08-15,2024-08-17,242,6.49,air,224.44,delivered,0,1570.58,10,12.0,2.0,0.0
PO-004913,SUP-011,SKU-00063,WH-SOUTH,2024-09-02,2024-09-12,2024-09-11,236,6.49,air,183.92,delivered,0,1531.64,10,9.0,-1.0,1.0
PO-004914,SUP-011,SKU-00063,WH-SOUTH,2024-09-23,2024-10-14,2024-11-01,195,6.49,road,75.93,delivered,0,1265.55,21,39.0,18.0,0.0
PO-004915,SUP-011,SKU-00063,WH-SOUTH,2024-10-21,2024-11-19,2024-11-29,225,6.49,ocean,48.29,delivered,0,1460.25,29,39.0,10.0,0.0
PO-004916,SUP-011,SKU-00063,WH-SOUTH,2024-11-11,2024-11-21,,191,6.49,air,137.58,delivered,1,1239.59,10,,,
PO-004917,SUP-011,SKU-00063,WH-SOUTH,2024-12-02,2024-12-31,2025-01-14,221,6.49,ocean,59.68,delivered,0,1434.29,29,43.0,14.0,0.0
PO-004918,SUP-011,SKU-00063,WH-SOUTH,2024-12-23,2025-01-21,2025-01-20,231,6.49,ocean,65.9,delivered,0,1499.19,29,28.0,-1.0,1.0
PO-004919,SUP-011,SKU-00063,WH-SOUTH,2025-01-20,2025-02-10,2025-02-16,186,6.49,road,61.87,delivered,0,1207.14,21,27.0,6.0,0.0
PO-004920,SUP-011,SKU-00063,WH-SOUTH,2025-02-10,2025-02-20,2025-02-15,255,6.49,air,198.13,delivered,0,1654.95,10,5.0,-5.0,1.0
PO-004921,SUP-011,SKU-00063,WH-SOUTH,2025-02-24,2025-03-19,2025-03-22,208,6.49,rail,70.74,delivered,0,1349.92,23,26.0,3.0,0.0
PO-004922,SUP-011,SKU-00063,WH-SOUTH,2025-03-10,2025-04-08,2025-03-30,238,6.49,ocean,69.2,delivered,0,1544.62,29,20.0,-9.0,1.0
PO-004923,SUP-011,SKU-00063,WH-SOUTH,2025-03-31,2025-04-10,2025-04-08,277,6.49,air,211.88,delivered,0,1797.73,10,8.0,-2.0,1.0
PO-004924,SUP-011,SKU-00063,WH-SOUTH,2025-04-14,2025-04-24,2025-04-27,249,6.49,air,169.74,delivered,0,1616.01,10,13.0,3.0,0.0
PO-004925,SUP-011,SKU-00063,WH-SOUTH,2025-04-28,2025-05-27,2025-05-15,215,6.49,ocean,45.39,delivered,0,1395.35,29,17.0,-12.0,1.0
PO-004926,SUP-011,SKU-00063,WH-SOUTH,2025-05-12,2025-06-10,2025-06-27,316,6.49,ocean,88.88,delivered,0,2050.84,29,46.0,17.0,0.0
PO-004927,SUP-011,SKU-00063,WH-SOUTH,2025-05-26,2025-06-16,2025-06-22,250,6.49,road,86.63,delivered,0,1622.5,21,27.0,6.0,0.0
PO-004928,SUP-011,SKU-00063,WH-SOUTH,2025-07-07,2025-08-05,2025-07-26,234,6.49,ocean,54.47,delivered,0,1518.66,29,19.0,-10.0,1.0
PO-004929,SUP-011,SKU-00063,WH-SOUTH,2025-07-28,2025-08-26,2025-08-29,266,6.49,ocean,55.89,delivered,0,1726.34,29,32.0,3.0,0.0
PO-004930,SUP-011,SKU-00063,WH-SOUTH,2025-08-18,2025-09-16,2025-09-09,236,6.49,ocean,53.46,delivered,0,1531.64,29,22.0,-7.0,1.0
PO-004931,SUP-011,SKU-00063,WH-SOUTH,2025-09-15,2025-10-08,2025-10-10,237,6.49,rail,78.34,delivered,0,1538.13,23,25.0,2.0,0.0
PO-004932,SUP-011,SKU-00063,WH-SOUTH,2025-10-13,2025-10-23,2025-10-21,244,6.49,air,212.31,delivered,0,1583.56,10,8.0,-2.0,1.0
PO-004933,SUP-011,SKU-00063,WH-SOUTH,2025-11-03,2025-11-13,2025-11-13,251,6.49,air,233.32,delivered,0,1628.99,10,10.0,0.0,1.0
PO-004934,SUP-011,SKU-00063,WH-SOUTH,2025-11-24,2025-12-23,,216,6.49,ocean,47.48,open,0,1401.84,29,,,
PO-004935,SUP-011,SKU-00063,WH-SOUTH,2025-12-15,2026-01-05,,254,6.49,road,82.87,open,0,1648.46,21,,,
PO-004936,SUP-011,SKU-00063,WH-WEST,2024-01-22,2024-02-12,2024-02-11,304,6.49,road,131.07,delivered,0,1972.96,21,20.0,-1.0,1.0
PO-004937,SUP-011,SKU-00063,WH-WEST,2024-02-12,2024-03-12,2024-03-23,313,6.49,ocean,88.78,delivered,0,2031.37,29,40.0,11.0,0.0
PO-004938,SUP-011,SKU-00063,WH-WEST,2024-02-26,2024-03-20,2024-03-25,266,6.49,rail,86.08,delivered,0,1726.34,23,28.0,5.0,0.0
PO-004939,SUP-011,SKU-00063,WH-WEST,2024-04-01,2024-04-24,2024-04-29,310,6.49,rail,101.21,delivered,0,2011.9,23,28.0,5.0,0.0
PO-004940,SUP-011,SKU-00063,WH-WEST,2024-04-15,2024-05-14,2024-05-01,249,6.49,ocean,53.87,delivered,0,1616.01,29,16.0,-13.0,1.0
PO-004941,SUP-011,SKU-00063,WH-WEST,2024-05-06,2024-05-16,2024-05-15,260,6.49,air,183.64,delivered,0,1687.4,10,9.0,-1.0,1.0
PO-004942,SUP-011,SKU-00063,WH-WEST,2024-05-20,2024-06-18,2024-07-06,281,6.49,ocean,66.39,delivered,0,1823.69,29,47.0,18.0,0.0
PO-004943,SUP-011,SKU-00063,WH-WEST,2024-06-03,2024-06-13,2024-06-21,235,6.49,air,158.09,delivered,0,1525.15,10,18.0,8.0,0.0
PO-004944,SUP-011,SKU-00063,WH-WEST,2024-06-24,2024-07-23,2024-07-21,255,6.49,ocean,71.56,delivered,0,1654.95,29,27.0,-2.0,1.0
PO-004945,SUP-011,SKU-00063,WH-WEST,2024-07-15,2024-07-25,2024-08-03,268,6.49,air,215.74,delivered,0,1739.32,10,19.0,9.0,0.0
PO-004946,SUP-011,SKU-00063,WH-WEST,2024-08-05,2024-09-03,2024-09-07,294,6.49,ocean,87.56,delivered,0,1908.06,29,33.0,4.0,0.0
PO-004947,SUP-011,SKU-00063,WH-WEST,2024-09-02,2024-09-12,2024-09-14,287,6.49,air,267.14,delivered,0,1862.63,10,12.0,2.0,0.0
PO-004948,SUP-011,SKU-00063,WH-WEST,2024-09-23,2024-10-22,2024-10-29,258,6.49,ocean,58.47,delivered,0,1674.42,29,36.0,7.0,0.0
PO-004949,SUP-011,SKU-00063,WH-WEST,2024-10-21,2024-11-19,2024-11-14,290,6.49,ocean,80.08,delivered,0,1882.1,29,24.0,-5.0,1.0
PO-004950,SUP-011,SKU-00063,WH-WEST,2024-11-18,2024-11-28,2024-12-02,306,6.49,air,280.26,delivered,0,1985.94,10,14.0,4.0,0.0
PO-004951,SUP-011,SKU-00063,WH-WEST,2024-12-09,2025-01-07,2025-01-10,309,6.49,ocean,75.64,delivered,0,2005.41,29,32.0,3.0,0.0
PO-004952,SUP-011,SKU-00063,WH-WEST,2024-12-30,2025-01-28,2025-02-03,282,6.49,ocean,65.35,delivered,0,1830.18,29,35.0,6.0,0.0
PO-004953,SUP-011,SKU-00063,WH-WEST,2025-01-20,2025-02-18,2025-02-19,289,6.49,ocean,67.27,delivered,0,1875.61,29,30.0,1.0,0.0
PO-004954,SUP-011,SKU-00063,WH-WEST,2025-02-10,2025-03-11,2025-03-04,278,6.49,ocean,83.65,delivered,0,1804.22,29,22.0,-7.0,1.0
PO-004955,SUP-011,SKU-00063,WH-WEST,2025-02-24,2025-03-25,2025-03-15,264,6.49,ocean,57.57,delivered,0,1713.36,29,19.0,-10.0,1.0
PO-004956,SUP-011,SKU-00063,WH-WEST,2025-03-10,2025-04-02,2025-04-07,301,6.49,rail,108.11,delivered,0,1953.49,23,28.0,5.0,0.0
PO-004957,SUP-011,SKU-00063,WH-WEST,2025-03-24,2025-04-22,2025-04-17,278,6.49,ocean,58.32,delivered,0,1804.22,29,24.0,-5.0,1.0
PO-004958,SUP-011,SKU-00063,WH-WEST,2025-04-14,2025-05-13,2025-05-30,291,6.49,ocean,67.06,delivered,0,1888.59,29,46.0,17.0,0.0
PO-004959,SUP-011,SKU-00063,WH-WEST,2025-04-28,2025-05-27,,286,6.49,ocean,59.47,delivered,1,1856.14,29,,,
PO-004960,SUP-011,SKU-00063,WH-WEST,2025-05-26,2025-06-18,2025-07-04,348,6.49,rail,107.02,delivered,0,2258.52,23,39.0,16.0,0.0
PO-004961,SUP-011,SKU-00063,WH-WEST,2025-06-09,2025-07-08,2025-07-21,251,6.49,ocean,70.63,delivered,0,1628.99,29,42.0,13.0,0.0
PO-004962,SUP-011,SKU-00063,WH-WEST,2025-07-14,2025-08-12,2025-08-11,289,6.49,ocean,64.01,delivered,0,1875.61,29,28.0,-1.0,1.0
PO-004963,SUP-011,SKU-00063,WH-WEST,2025-08-04,2025-09-02,2025-09-03,277,6.49,ocean,78.72,delivered,0,1797.73,29,30.0,1.0,0.0
PO-004964,SUP-011,SKU-00063,WH-WEST,2025-08-25,2025-09-23,2025-10-15,265,6.49,ocean,67.25,delivered,0,1719.85,29,51.0,22.0,0.0
PO-004965,SUP-011,SKU-00063,WH-WEST,2025-09-15,2025-10-14,2025-10-21,261,6.49,ocean,75.86,delivered,0,1693.89,29,36.0,7.0,0.0
PO-004966,SUP-011,SKU-00063,WH-WEST,2025-10-20,2025-11-18,2025-11-18,252,6.49,ocean,59.77,delivered,0,1635.48,29,29.0,0.0,1.0
PO-004967,SUP-011,SKU-00063,WH-WEST,2025-11-10,2025-12-09,2025-12-03,289,6.49,ocean,75.3,delivered,0,1875.61,29,23.0,-6.0,1.0
PO-004968,SUP-011,SKU-00063,WH-WEST,2025-12-01,2025-12-30,,285,6.49,ocean,74.87,open,0,1849.65,29,,,
PO-004969,SUP-011,SKU-00063,WH-WEST,2025-12-22,2026-01-01,,334,6.49,air,214.97,open,0,2167.66,10,,,
PO-004970,SUP-011,SKU-00063,WH-EAST,2024-01-22,2024-02-01,2024-02-11,362,6.49,air,283.7,delivered,0,2349.38,10,20.0,10.0,0.0
PO-004971,SUP-011,SKU-00063,WH-EAST,2024-02-12,2024-02-22,2024-02-18,339,6.49,air,262.02,delivered,0,2200.11,10,6.0,-4.0,1.0
PO-004972,SUP-011,SKU-00063,WH-EAST,2024-03-04,2024-03-14,2024-03-15,393,6.49,air,300.24,delivered,0,2550.57,10,11.0,1.0,0.0
PO-004973,SUP-011,SKU-00063,WH-EAST,2024-03-18,2024-04-16,2024-04-09,286,6.49,ocean,76.74,delivered,0,1856.14,29,22.0,-7.0,1.0
PO-004974,SUP-011,SKU-00063,WH-EAST,2024-04-01,2024-04-30,2024-04-24,284,6.49,ocean,65.21,delivered,0,1843.16,29,23.0,-6.0,1.0
PO-004975,SUP-011,SKU-00063,WH-EAST,2024-04-15,2024-05-14,2024-04-28,275,6.49,ocean,79.59,delivered,0,1784.75,29,13.0,-16.0,1.0
PO-004976,SUP-011,SKU-00063,WH-EAST,2024-04-29,2024-05-28,2024-05-21,285,6.49,ocean,71.62,delivered,0,1849.65,29,22.0,-7.0,1.0
PO-004977,SUP-011,SKU-00063,WH-EAST,2024-05-13,2024-06-11,2024-06-04,283,6.49,ocean,66.27,delivered,0,1836.67,29,22.0,-7.0,1.0
PO-004978,SUP-011,SKU-00063,WH-EAST,2024-05-27,2024-06-17,2024-06-10,284,6.49,road,113.63,delivered,0,1843.16,21,14.0,-7.0,1.0
PO-004979,SUP-011,SKU-00063,WH-EAST,2024-06-10,2024-06-20,2024-06-16,289,6.49,air,206.58,delivered,0,1875.61,10,6.0,-4.0,1.0
PO-004980,SUP-011,SKU-00063,WH-EAST,2024-06-24,2024-07-04,2024-07-04,264,6.49,air,228.84,delivered,0,1713.36,10,10.0,0.0,1.0
PO-004981,SUP-011,SKU-00063,WH-EAST,2024-07-15,2024-07-25,2024-07-23,320,6.49,air,271.44,delivered,0,2076.8,10,8.0,-2.0,1.0
PO-004982,SUP-011,SKU-00063,WH-EAST,2024-07-29,2024-08-27,2024-08-26,267,6.49,ocean,75.44,delivered,0,1732.83,29,28.0,-1.0,1.0
PO-004983,SUP-011,SKU-00063,WH-EAST,2024-08-19,2024-09-17,2024-09-26,287,6.49,ocean,80.69,delivered,0,1862.63,29,38.0,9.0,0.0
PO-004984,SUP-011,SKU-00063,WH-EAST,2024-09-09,2024-09-19,2024-09-20,265,6.49,air,193.08,delivered,0,1719.85,10,11.0,1.0,0.0
PO-004985,SUP-011,SKU-00063,WH-EAST,2024-10-07,2024-11-05,2024-11-21,320,6.49,ocean,91.96,delivered,0,2076.8,29,45.0,16.0,0.0
PO-004986,SUP-011,SKU-00063,WH-EAST,2024-11-04,2024-11-25,2024-12-02,289,6.49,road,108.39,delivered,0,1875.61,21,28.0,7.0,0.0
PO-004987,SUP-011,SKU-00063,WH-EAST,2024-12-02,2024-12-31,2024-12-30,362,6.49,ocean,103.83,delivered,0,2349.38,29,28.0,-1.0,1.0
PO-004988,SUP-011,SKU-00063,WH-EAST,2024-12-23,2025-01-21,2025-01-22,322,6.49,ocean,100.02,delivered,0,2089.78,29,30.0,1.0,0.0
PO-004989,SUP-011,SKU-00063,WH-EAST,2025-01-13,2025-02-11,2025-01-30,364,6.49,ocean,99.54,delivered,0,2362.36,29,17.0,-12.0,1.0
PO-004990,SUP-011,SKU-00063,WH-EAST,2025-02-03,2025-02-24,2025-02-21,381,6.49,road,129.97,delivered,0,2472.69,21,18.0,-3.0,1.0
PO-004991,SUP-011,SKU-00063,WH-EAST,2025-02-17,2025-02-27,2025-03-01,331,6.49,air,249.2,delivered,0,2148.19,10,12.0,2.0,0.0
PO-004992,SUP-011,SKU-00063,WH-EAST,2025-03-03,2025-04-01,2025-04-05,299,6.49,ocean,88.73,delivered,0,1940.51,29,33.0,4.0,0.0
PO-004993,SUP-011,SKU-00063,WH-EAST,2025-03-17,2025-04-15,2025-04-14,345,6.49,ocean,103.62,delivered,0,2239.05,29,28.0,-1.0,1.0
PO-004994,SUP-011,SKU-00063,WH-EAST,2025-04-14,2025-04-24,2025-04-29,368,6.49,air,256.41,delivered,0,2388.32,10,15.0,5.0,0.0
PO-004995,SUP-011,SKU-00063,WH-EAST,2025-04-28,2025-05-19,2025-06-10,319,6.49,road,107.15,delivered,0,2070.31,21,43.0,22.0,0.0
PO-004996,SUP-011,SKU-00063,WH-EAST,2025-05-12,2025-06-10,2025-06-14,421,6.49,ocean,107.93,delivered,0,2732.29,29,33.0,4.0,0.0
PO-004997,SUP-011,SKU-00063,WH-EAST,2025-06-23,2025-07-22,2025-07-10,351,6.49,ocean,103.63,delivered,0,2277.99,29,17.0,-12.0,1.0
PO-004998,SUP-011,SKU-00063,WH-EAST,2025-07-07,2025-08-05,2025-08-19,268,6.49,ocean,58.66,delivered,0,1739.32,29,43.0,14.0,0.0
PO-004999,SUP-011,SKU-00063,WH-EAST,2025-07-21,2025-07-31,2025-07-31,276,6.49,air,251.71,delivered,0,1791.24,10,10.0,0.0,1.0
PO-005000,SUP-011,SKU-00063,WH-EAST,2025-08-11,2025-09-09,2025-09-06,304,6.49,ocean,80.29,delivered,0,1972.96,29,26.0,-3.0,1.0
PO-005001,SUP-011,SKU-00063,WH-EAST,2025-09-01,2025-09-30,2025-09-22,343,6.49,ocean,73.66,delivered,0,2226.07,29,21.0,-8.0,1.0
PO-005002,SUP-011,SKU-00063,WH-EAST,2025-09-22,2025-10-02,2025-10-05,302,6.49,air,240.69,delivered,0,1959.98,10,13.0,3.0,0.0
PO-005003,SUP-011,SKU-00063,WH-EAST,2025-10-13,2025-11-11,2025-11-04,272,6.49,ocean,79.5,delivered,0,1765.28,29,22.0,-7.0,1.0
PO-005004,SUP-011,SKU-00063,WH-EAST,2025-11-03,2025-12-02,2025-12-02,319,6.49,ocean,79.14,delivered,0,2070.31,29,29.0,0.0,1.0
PO-005005,SUP-011,SKU-00063,WH-EAST,2025-11-24,2025-12-04,2025-12-05,341,6.49,air,300.06,delivered,0,2213.09,10,11.0,1.0,0.0
PO-005006,SUP-011,SKU-00063,WH-EAST,2025-12-15,2026-01-13,,358,6.49,ocean,101.08,open,0,2323.42,29,,,
PO-005007,SUP-022,SKU-00064,WH-SOUTH,2024-01-15,2024-01-30,2024-01-29,740,4.93,rail,159.76,delivered,0,3648.2,15,14.0,-1.0,1.0
PO-005008,SUP-022,SKU-00064,WH-SOUTH,2024-01-29,2024-02-16,2024-02-09,714,4.93,ocean,167.57,delivered,0,3520.02,18,11.0,-7.0,1.0
PO-005009,SUP-022,SKU-00064,WH-SOUTH,2024-02-19,2024-03-08,2024-03-17,813,4.93,ocean,160.88,delivered,0,4008.09,18,27.0,9.0,0.0
PO-005010,SUP-022,SKU-00064,WH-SOUTH,2024-03-11,2024-03-17,2024-03-18,611,4.93,air,390.05,delivered,0,3012.23,6,7.0,1.0,0.0
PO-005011,SUP-022,SKU-00064,WH-SOUTH,2024-04-01,2024-04-19,2024-04-06,589,4.93,ocean,98.81,delivered,0,2903.77,18,5.0,-13.0,1.0
PO-005012,SUP-022,SKU-00064,WH-SOUTH,2024-04-22,2024-05-10,2024-05-19,729,4.93,ocean,163.63,delivered,0,3593.97,18,27.0,9.0,0.0
PO-005013,SUP-022,SKU-00064,WH-SOUTH,2024-05-13,2024-05-19,2024-05-20,695,4.93,air,399.45,delivered,0,3426.35,6,7.0,1.0,0.0
PO-005014,SUP-022,SKU-00064,WH-SOUTH,2024-06-03,2024-06-21,2024-06-26,669,4.93,ocean,145.92,delivered,0,3298.17,18,23.0,5.0,0.0
PO-005015,SUP-022,SKU-00064,WH-SOUTH,2024-06-24,2024-06-30,2024-06-30,755,4.93,air,514.16,delivered,0,3722.15,6,6.0,0.0,1.0
PO-005016,SUP-022,SKU-00064,WH-SOUTH,2024-07-15,2024-07-21,2024-07-18,760,4.93,air,529.82,delivered,0,3746.8,6,3.0,-3.0,1.0
PO-005017,SUP-022,SKU-00064,WH-SOUTH,2024-07-29,2024-08-11,2024-08-20,743,4.93,road,233.93,delivered,0,3662.99,13,22.0,9.0,0.0
PO-005018,SUP-022,SKU-00064,WH-SOUTH,2024-08-12,2024-08-18,2024-08-16,681,4.93,air,345.36,delivered,0,3357.33,6,4.0,-2.0,1.0
PO-005019,SUP-022,SKU-00064,WH-SOUTH,2024-08-26,2024-09-08,2024-09-06,644,4.93,road,206.7,delivered,0,3174.92,13,11.0,-2.0,1.0
PO-005020,SUP-022,SKU-00064,WH-SOUTH,2024-09-09,2024-09-24,2024-09-19,731,4.93,rail,188.23,delivered,0,3603.83,15,10.0,-5.0,1.0
PO-005021,SUP-022,SKU-00064,WH-SOUTH,2024-09-23,2024-10-11,2024-10-22,728,4.93,ocean,162.82,delivered,0,3589.04,18,29.0,11.0,0.0
PO-005022,SUP-022,SKU-00064,WH-SOUTH,2024-10-07,2024-10-13,2024-10-12,696,4.93,air,436.33,delivered,0,3431.28,6,5.0,-1.0,1.0
PO-005023,SUP-022,SKU-00064,WH-SOUTH,2024-10-21,2024-10-27,2024-10-28,696,4.93,air,465.47,delivered,0,3431.28,6,7.0,1.0,0.0
PO-005024,SUP-022,SKU-00064,WH-SOUTH,2024-11-04,2024-11-22,2024-12-01,862,4.93,ocean,156.67,delivered,0,4249.66,18,27.0,9.0,0.0
PO-005025,SUP-022,SKU-00064,WH-SOUTH,2024-12-02,2024-12-15,2024-12-22,653,4.93,road,216.6,delivered,0,3219.29,13,20.0,7.0,0.0
PO-005026,SUP-022,SKU-00064,WH-SOUTH,2024-12-16,2024-12-22,2024-12-29,771,4.93,air,389.44,delivered,0,3801.03,6,13.0,7.0,0.0
PO-005027,SUP-022,SKU-00064,WH-SOUTH,2024-12-30,2025-01-17,2025-01-17,623,4.93,ocean,103.94,delivered,0,3071.39,18,18.0,0.0,1.0
PO-005028,SUP-022,SKU-00064,WH-SOUTH,2025-01-13,2025-01-19,2025-01-18,707,4.93,air,420.77,delivered,0,3485.51,6,5.0,-1.0,1.0
PO-005029,SUP-022,SKU-00064,WH-SOUTH,2025-01-27,2025-02-14,2025-02-12,589,4.93,ocean,102.94,delivered,0,2903.77,18,16.0,-2.0,1.0
PO-005030,SUP-022,SKU-00064,WH-SOUTH,2025-02-10,2025-02-28,2025-03-12,607,4.93,ocean,109.45,delivered,0,2992.51,18,30.0,12.0,0.0
PO-005031,SUP-022,SKU-00064,WH-SOUTH,2025-02-24,2025-03-02,2025-02-26,655,4.93,air,329.88,delivered,0,3229.15,6,2.0,-4.0,1.0
PO-005032,SUP-022,SKU-00064,WH-SOUTH,2025-03-10,2025-03-25,2025-03-18,597,4.93,rail,152.89,delivered,0,2943.21,15,8.0,-7.0,1.0
PO-005033,SUP-022,SKU-00064,WH-SOUTH,2025-03-24,2025-03-30,2025-04-06,617,4.93,air,327.12,delivered,0,3041.81,6,13.0,7.0,0.0
PO-005034,SUP-022,SKU-00064,WH-SOUTH,2025-04-14,2025-04-27,2025-04-24,800,4.93,road,211.14,delivered,0,3944.0,13,10.0,-3.0,1.0
PO-005035,SUP-022,SKU-00064,WH-SOUTH,2025-05-05,2025-05-18,2025-05-19,753,4.93,road,214.1,delivered,0,3712.29,13,14.0,1.0,0.0
PO-005036,SUP-022,SKU-00064,WH-SOUTH,2025-05-26,2025-06-13,2025-06-19,808,4.93,ocean,185.51,delivered,0,3983.44,18,24.0,6.0,0.0
PO-005037,SUP-022,SKU-00064,WH-SOUTH,2025-06-09,2025-06-15,2025-06-13,616,4.93,air,382.56,delivered,0,3036.88,6,4.0,-2.0,1.0
PO-005038,SUP-022,SKU-00064,WH-SOUTH,2025-06-30,2025-07-06,2025-07-09,826,4.93,air,487.29,delivered,0,4072.18,6,9.0,3.0,0.0
PO-005039,SUP-022,SKU-00064,WH-SOUTH,2025-07-14,2025-08-01,2025-08-07,694,4.93,ocean,136.24,delivered,0,3421.42,18,24.0,6.0,0.0
PO-005040,SUP-022,SKU-00064,WH-SOUTH,2025-07-28,2025-08-03,2025-08-03,730,4.93,air,384.32,delivered,0,3598.9,6,6.0,0.0,1.0
PO-005041,SUP-022,SKU-00064,WH-SOUTH,2025-08-11,2025-08-29,2025-08-29,1038,4.93,ocean,198.16,delivered,0,5117.34,18,18.0,0.0,1.0
PO-005042,SUP-022,SKU-00064,WH-SOUTH,2025-09-01,2025-09-07,2025-09-08,896,4.93,air,602.94,delivered,0,4417.28,6,7.0,1.0,0.0
PO-005043,SUP-022,SKU-00064,WH-SOUTH,2025-09-15,2025-09-21,2025-09-20,1284,4.93,air,712.99,delivered,0,6330.12,6,5.0,-1.0,1.0
PO-005044,SUP-022,SKU-00064,WH-SOUTH,2025-09-29,2025-10-17,2025-10-09,937,4.93,ocean,217.96,delivered,0,4619.41,18,10.0,-8.0,1.0
PO-005045,SUP-022,SKU-00064,WH-SOUTH,2025-10-13,2025-10-31,2025-11-11,973,4.93,ocean,174.3,delivered,0,4796.89,18,29.0,11.0,0.0
PO-005046,SUP-022,SKU-00064,WH-SOUTH,2025-11-17,2025-12-05,2025-12-17,921,4.93,ocean,146.56,delivered,0,4540.53,18,30.0,12.0,0.0
PO-005047,SUP-022,SKU-00064,WH-SOUTH,2025-12-22,2026-01-09,,847,4.93,ocean,180.88,open,0,4175.71,18,,,
PO-005048,SUP-012,SKU-00065,WH-EU,2024-01-15,2024-02-06,2024-02-07,85,54.52,ocean,182.35,delivered,0,4634.2,22,23.0,1.0,0.0
PO-005049,SUP-012,SKU-00065,WH-EU,2024-01-29,2024-02-16,2024-02-22,71,54.52,rail,155.02,delivered,0,3870.92,18,24.0,6.0,0.0
PO-005050,SUP-012,SKU-00065,WH-EU,2024-02-19,2024-03-12,2024-03-09,89,54.52,ocean,167.8,delivered,0,4852.28,22,19.0,-3.0,1.0
PO-005051,SUP-012,SKU-00065,WH-EU,2024-03-11,2024-04-02,2024-04-08,103,54.52,ocean,218.51,delivered,0,5615.56,22,28.0,6.0,0.0
PO-005052,SUP-012,SKU-00065,WH-EU,2024-04-01,2024-04-08,2024-04-09,77,54.52,air,466.66,delivered,0,4198.04,7,8.0,1.0,0.0
PO-005053,SUP-012,SKU-00065,WH-EU,2024-04-29,2024-05-17,2024-05-21,78,54.52,rail,229.81,delivered,0,4252.56,18,22.0,4.0,0.0
PO-005054,SUP-012,SKU-00065,WH-EU,2024-05-20,2024-06-07,2024-06-07,76,54.52,rail,212.15,delivered,0,4143.52,18,18.0,0.0,1.0
PO-005055,SUP-012,SKU-00065,WH-EU,2024-06-10,2024-07-02,2024-06-24,80,54.52,ocean,190.48,delivered,0,4361.6,22,14.0,-8.0,1.0
PO-005056,SUP-012,SKU-00065,WH-EU,2024-07-01,2024-07-23,2024-07-23,79,54.52,ocean,188.85,delivered,0,4307.08,22,22.0,0.0,1.0
PO-005057,SUP-012,SKU-00065,WH-EU,2024-07-22,2024-08-13,2024-08-19,81,54.52,ocean,151.94,delivered,0,4416.12,22,28.0,6.0,0.0
PO-005058,SUP-012,SKU-00065,WH-EU,2024-08-12,2024-08-19,2024-08-21,89,54.52,air,623.2,delivered,0,4852.28,7,9.0,2.0,0.0
PO-005059,SUP-012,SKU-00065,WH-EU,2024-09-02,2024-09-24,2024-09-27,99,54.52,ocean,187.72,delivered,0,5397.48,22,25.0,3.0,0.0
PO-005060,SUP-012,SKU-00065,WH-EU,2024-09-23,2024-09-30,2024-10-01,81,54.52,air,433.91,delivered,0,4416.12,7,8.0,1.0,0.0
PO-005061,SUP-012,SKU-00065,WH-EU,2024-10-14,2024-11-01,2024-10-30,90,54.52,rail,286.59,delivered,0,4906.8,18,16.0,-2.0,1.0
PO-005062,SUP-012,SKU-00065,WH-EU,2024-11-04,2024-11-21,2024-11-18,105,54.52,road,337.81,delivered,0,5724.6,17,14.0,-3.0,1.0
PO-005063,SUP-012,SKU-00065,WH-EU,2024-11-18,2024-12-06,2024-12-04,72,54.52,rail,224.79,delivered,0,3925.44,18,16.0,-2.0,1.0
PO-005064,SUP-012,SKU-00065,WH-EU,2024-12-09,2024-12-16,2024-12-15,107,54.52,air,748.41,delivered,0,5833.64,7,6.0,-1.0,1.0
PO-005065,SUP-012,SKU-00065,WH-EU,2024-12-30,2025-01-21,2025-01-20,105,54.52,ocean,208.0,delivered,0,5724.6,22,21.0,-1.0,1.0
PO-005066,SUP-012,SKU-00065,WH-EU,2025-01-13,2025-01-20,2025-01-27,71,54.52,air,424.83,delivered,0,3870.92,7,14.0,7.0,0.0
PO-005067,SUP-012,SKU-00065,WH-EU,2025-02-10,2025-02-17,2025-02-19,93,54.52,air,684.42,delivered,0,5070.36,7,9.0,2.0,0.0
PO-005068,SUP-012,SKU-00065,WH-EU,2025-03-03,2025-03-25,2025-03-24,87,54.52,ocean,164.17,delivered,0,4743.24,22,21.0,-1.0,1.0
PO-005069,SUP-012,SKU-00065,WH-EU,2025-03-24,2025-04-11,2025-04-14,77,54.52,rail,214.65,delivered,0,4198.04,18,21.0,3.0,0.0
PO-005070,SUP-012,SKU-00065,WH-EU,2025-04-14,2025-05-02,2025-05-07,74,54.52,rail,169.11,delivered,0,4034.48,18,23.0,5.0,0.0
PO-005071,SUP-012,SKU-00065,WH-EU,2025-05-05,2025-05-12,2025-05-11,74,54.52,air,419.44,delivered,0,4034.48,7,6.0,-1.0,1.0
PO-005072,SUP-012,SKU-00065,WH-EU,2025-05-26,2025-06-12,2025-06-17,75,54.52,road,255.59,delivered,0,4089.0,17,22.0,5.0,0.0
PO-005073,SUP-012,SKU-00065,WH-EU,2025-06-23,2025-07-15,2025-07-12,83,54.52,ocean,154.76,delivered,0,4525.16,22,19.0,-3.0,1.0
PO-005074,SUP-012,SKU-00065,WH-EU,2025-07-14,2025-07-21,2025-07-23,75,54.52,air,453.63,delivered,0,4089.0,7,9.0,2.0,0.0
PO-005075,SUP-012,SKU-00065,WH-EU,2025-08-04,2025-08-21,2025-08-24,91,54.52,road,341.97,delivered,0,4961.32,17,20.0,3.0,0.0
PO-005076,SUP-012,SKU-00065,WH-EU,2025-08-25,2025-09-16,2025-09-18,75,54.52,ocean,179.98,delivered,0,4089.0,22,24.0,2.0,0.0
PO-005077,SUP-012,SKU-00065,WH-EU,2025-09-15,2025-10-07,2025-10-07,74,54.52,ocean,186.12,delivered,0,4034.48,22,22.0,0.0,1.0
PO-005078,SUP-012,SKU-00065,WH-EU,2025-10-06,2025-10-28,2025-10-27,88,54.52,ocean,193.62,delivered,0,4797.76,22,21.0,-1.0,1.0
PO-005079,SUP-012,SKU-00065,WH-EU,2025-10-20,2025-10-27,2025-10-27,82,54.52,air,507.27,delivered,0,4470.64,7,7.0,0.0,1.0
PO-005080,SUP-012,SKU-00065,WH-EU,2025-11-10,2025-11-28,2025-12-06,77,54.52,rail,176.69,delivered,0,4198.04,18,26.0,8.0,0.0
PO-005081,SUP-012,SKU-00065,WH-EU,2025-12-01,2025-12-23,2025-12-25,87,54.52,ocean,203.76,delivered,0,4743.24,22,24.0,2.0,0.0
PO-005082,SUP-012,SKU-00065,WH-EU,2025-12-22,2025-12-29,,93,54.52,air,614.62,open,0,5070.36,7,,,
PO-005083,SUP-004,SKU-00066,WH-APAC,2024-01-15,2024-02-06,2024-01-30,84,6.69,rail,25.14,delivered,0,561.96,22,15.0,-7.0,1.0
PO-005084,SUP-004,SKU-00066,WH-APAC,2024-01-29,2024-02-07,2024-02-05,63,6.69,air,52.84,delivered,0,421.47,9,7.0,-2.0,1.0
PO-005085,SUP-004,SKU-00066,WH-APAC,2024-02-19,2024-03-17,2024-03-14,72,6.69,ocean,21.96,delivered,0,481.68,27,24.0,-3.0,1.0
PO-005086,SUP-004,SKU-00066,WH-APAC,2024-03-11,2024-04-07,2024-04-10,69,6.69,ocean,16.7,delivered,0,461.61,27,30.0,3.0,0.0
PO-005087,SUP-004,SKU-00066,WH-APAC,2024-04-01,2024-04-28,2024-05-06,69,6.69,ocean,16.58,delivered,0,461.61,27,35.0,8.0,0.0
PO-005088,SUP-004,SKU-00066,WH-APAC,2024-04-22,2024-05-19,2024-05-27,59,6.69,ocean,15.61,delivered,0,394.71,27,35.0,8.0,0.0
PO-005089,SUP-004,SKU-00066,WH-APAC,2024-05-13,2024-05-22,2024-05-23,60,6.69,air,47.09,delivered,0,401.4,9,10.0,1.0,0.0
PO-005090,SUP-004,SKU-00066,WH-APAC,2024-06-03,2024-06-12,2024-06-14,76,6.69,air,51.81,delivered,0,508.44,9,11.0,2.0,0.0
PO-005091,SUP-004,SKU-00066,WH-APAC,2024-06-24,2024-07-21,2024-07-24,79,6.69,ocean,22.94,delivered,0,528.51,27,30.0,3.0,0.0
PO-005092,SUP-004,SKU-00066,WH-APAC,2024-07-08,2024-08-04,2024-07-27,68,6.69,ocean,19.29,delivered,0,454.92,27,19.0,-8.0,1.0
PO-005093,SUP-004,SKU-00066,WH-APAC,2024-08-05,2024-09-01,2024-09-11,99,6.69,ocean,29.72,delivered,0,662.31,27,37.0,10.0,0.0
PO-005094,SUP-004,SKU-00066,WH-APAC,2024-08-19,2024-09-15,2024-09-15,65,6.69,ocean,15.14,delivered,0,434.85,27,27.0,0.0,1.0
PO-005095,SUP-004,SKU-00066,WH-APAC,2024-09-23,2024-10-20,2024-10-27,89,6.69,ocean,23.53,delivered,0,595.41,27,34.0,7.0,0.0
PO-005096,SUP-004,SKU-00066,WH-APAC,2024-10-07,2024-10-16,2024-10-15,75,6.69,air,52.34,delivered,0,501.75,9,8.0,-1.0,1.0
PO-005097,SUP-004,SKU-00066,WH-APAC,2024-10-28,2024-11-19,2024-11-22,69,6.69,rail,25.52,delivered,0,461.61,22,25.0,3.0,0.0
PO-005098,SUP-004,SKU-00066,WH-APAC,2024-11-11,2024-11-20,2024-11-18,83,6.69,air,58.25,delivered,0,555.27,9,7.0,-2.0,1.0
PO-005099,SUP-004,SKU-00066,WH-APAC,2024-11-25,2024-12-04,2024-12-04,64,6.69,air,54.54,delivered,0,428.16,9,9.0,0.0,1.0
PO-005100,SUP-004,SKU-00066,WH-APAC,2024-12-09,2024-12-18,2024-12-18,83,6.69,air,70.31,delivered,0,555.27,9,9.0,0.0,1.0
PO-005101,SUP-004,SKU-00066,WH-APAC,2024-12-23,2025-01-01,2025-01-04,74,6.69,air,70.94,delivered,0,495.06,9,12.0,3.0,0.0
PO-005102,SUP-004,SKU-00066,WH-APAC,2025-01-06,2025-02-02,2025-01-26,71,6.69,ocean,22.56,delivered,0,474.99,27,20.0,-7.0,1.0
PO-005103,SUP-004,SKU-00066,WH-APAC,2025-01-20,2025-02-16,2025-02-17,74,6.69,ocean,21.2,delivered,0,495.06,27,28.0,1.0,0.0
PO-005104,SUP-004,SKU-00066,WH-APAC,2025-02-03,2025-03-02,2025-03-08,59,6.69,ocean,17.61,delivered,0,394.71,27,33.0,6.0,0.0
PO-005105,SUP-004,SKU-00066,WH-APAC,2025-02-24,2025-03-05,2025-03-04,62,6.69,air,40.57,delivered,0,414.78,9,8.0,-1.0,1.0
PO-005106,SUP-004,SKU-00066,WH-APAC,2025-03-17,2025-04-13,2025-04-25,67,6.69,ocean,15.26,delivered,0,448.23,27,39.0,12.0,0.0
PO-005107,SUP-004,SKU-00066,WH-APAC,2025-04-07,2025-05-04,2025-04-29,67,6.69,ocean,17.93,delivered,0,448.23,27,22.0,-5.0,1.0
PO-005108,SUP-004,SKU-00066,WH-APAC,2025-05-05,2025-06-01,2025-06-02,61,6.69,ocean,18.91,delivered,0,408.09,27,28.0,1.0,0.0
PO-005109,SUP-004,SKU-00066,WH-APAC,2025-05-26,2025-06-22,2025-06-19,65,6.69,ocean,17.05,delivered,0,434.85,27,24.0,-3.0,1.0
PO-005110,SUP-004,SKU-00066,WH-APAC,2025-06-16,2025-07-13,2025-07-09,75,6.69,ocean,19.91,delivered,0,501.75,27,23.0,-4.0,1.0
PO-005111,SUP-004,SKU-00066,WH-APAC,2025-07-07,2025-08-03,2025-07-28,77,6.69,ocean,24.05,delivered,0,515.13,27,21.0,-6.0,1.0
PO-005112,SUP-004,SKU-00066,WH-APAC,2025-07-28,2025-08-24,2025-09-01,84,6.69,ocean,24.65,delivered,0,561.96,27,35.0,8.0,0.0
PO-005113,SUP-004,SKU-00066,WH-APAC,2025-08-11,2025-09-07,2025-09-01,71,6.69,ocean,19.57,delivered,0,474.99,27,21.0,-6.0,1.0
PO-005114,SUP-004,SKU-00066,WH-APAC,2025-09-15,2025-10-12,2025-10-09,99,6.69,ocean,21.34,delivered,0,662.31,27,24.0,-3.0,1.0
PO-005115,SUP-004,SKU-00066,WH-APAC,2025-09-29,2025-10-08,2025-10-07,65,6.69,air,45.55,delivered,0,434.85,9,8.0,-1.0,1.0
PO-005116,SUP-004,SKU-00066,WH-APAC,2025-10-20,2025-11-16,2025-11-15,98,6.69,ocean,28.2,delivered,0,655.62,27,26.0,-1.0,1.0
PO-005117,SUP-004,SKU-00066,WH-APAC,2025-11-03,2025-11-12,2025-11-12,66,6.69,air,44.21,delivered,0,441.54,9,9.0,0.0,1.0
PO-005118,SUP-004,SKU-00066,WH-APAC,2025-11-24,2025-12-21,2025-12-27,93,6.69,ocean,26.01,delivered,0,622.17,27,33.0,6.0,0.0
PO-005119,SUP-004,SKU-00066,WH-APAC,2025-12-08,2025-12-17,2025-12-20,71,6.69,air,62.96,delivered,0,474.99,9,12.0,3.0,0.0
PO-005120,SUP-004,SKU-00066,WH-EU,2024-01-15,2024-02-04,2024-02-07,112,6.69,road,40.28,delivered,0,749.28,20,23.0,3.0,0.0
PO-005121,SUP-004,SKU-00066,WH-EU,2024-01-29,2024-02-25,2024-02-24,97,6.69,ocean,23.69,delivered,0,648.93,27,26.0,-1.0,1.0
PO-005122,SUP-004,SKU-00066,WH-EU,2024-02-19,2024-03-12,2024-03-10,114,6.69,rail,32.0,delivered,0,762.66,22,20.0,-2.0,1.0
PO-005123,SUP-004,SKU-00066,WH-EU,2024-03-11,2024-03-31,2024-03-31,112,6.69,road,42.61,delivered,0,749.28,20,20.0,0.0,1.0
PO-005124,SUP-004,SKU-00066,WH-EU,2024-04-01,2024-04-28,2024-04-23,116,6.69,ocean,28.57,delivered,0,776.04,27,22.0,-5.0,1.0
PO-005125,SUP-004,SKU-00066,WH-EU,2024-04-22,2024-05-19,2024-05-23,99,6.69,ocean,30.81,delivered,0,662.31,27,31.0,4.0,0.0
PO-005126,SUP-004,SKU-00066,WH-EU,2024-05-06,2024-05-26,2024-05-20,88,6.69,road,34.65,delivered,0,588.72,20,14.0,-6.0,1.0
PO-005127,SUP-004,SKU-00066,WH-EU,2024-05-27,2024-06-23,2024-06-30,107,6.69,ocean,32.86,delivered,0,715.83,27,34.0,7.0,0.0
PO-005128,SUP-004,SKU-00066,WH-EU,2024-06-17,2024-06-26,2024-06-28,133,6.69,air,100.45,delivered,0,889.77,9,11.0,2.0,0.0
PO-005129,SUP-004,SKU-00066,WH-EU,2024-07-08,2024-08-04,2024-08-01,87,6.69,ocean,18.7,delivered,0,582.03,27,24.0,-3.0,1.0
PO-005130,SUP-004,SKU-00066,WH-EU,2024-07-22,2024-08-13,2024-08-20,100,6.69,rail,32.68,delivered,0,669.0,22,29.0,7.0,0.0
PO-005131,SUP-004,SKU-00066,WH-EU,2024-08-05,2024-08-27,2024-08-27,101,6.69,rail,37.06,delivered,0,675.69,22,22.0,0.0,1.0
PO-005132,SUP-004,SKU-00066,WH-EU,2024-08-26,2024-09-04,2024-09-04,128,6.69,air,112.35,delivered,0,856.32,9,9.0,0.0,1.0
PO-005133,SUP-004,SKU-00066,WH-EU,2024-09-09,2024-10-06,2024-10-10,162,6.69,ocean,41.7,delivered,0,1083.78,27,31.0,4.0,0.0
PO-005134,SUP-004,SKU-00066,WH-EU,2024-09-16,2024-09-25,2024-09-27,85,6.69,air,62.7,delivered,0,568.65,9,11.0,2.0,0.0
PO-005135,SUP-004,SKU-00066,WH-EU,2024-10-07,2024-10-29,2024-11-02,90,6.69,rail,29.79,delivered,0,602.1,22,26.0,4.0,0.0
PO-005136,SUP-004,SKU-00066,WH-EU,2024-10-21,2024-11-17,2024-11-22,93,6.69,ocean,23.43,delivered,0,622.17,27,32.0,5.0,0.0
PO-005137,SUP-004,SKU-00066,WH-EU,2024-11-04,2024-12-01,2024-12-01,91,6.69,ocean,27.7,delivered,0,608.79,27,27.0,0.0,1.0
PO-005138,SUP-004,SKU-00066,WH-EU,2024-11-25,2024-12-17,2024-12-17,114,6.69,rail,40.1,delivered,0,762.66,22,22.0,0.0,1.0
PO-005139,SUP-004,SKU-00066,WH-EU,2024-12-09,2024-12-18,2024-12-16,138,6.69,air,107.12,delivered,0,923.22,9,7.0,-2.0,1.0
PO-005140,SUP-004,SKU-00066,WH-EU,2024-12-30,2025-01-08,2025-01-10,124,6.69,air,85.24,delivered,0,829.56,9,11.0,2.0,0.0
PO-005141,SUP-004,SKU-00066,WH-EU,2025-01-13,2025-02-09,2025-02-05,131,6.69,ocean,38.94,delivered,0,876.39,27,23.0,-4.0,1.0
PO-005142,SUP-004,SKU-00066,WH-EU,2025-01-27,2025-02-05,2025-02-06,103,6.69,air,84.96,delivered,0,689.07,9,10.0,1.0,0.0
PO-005143,SUP-004,SKU-00066,WH-EU,2025-02-17,2025-03-09,2025-03-11,107,6.69,road,40.29,delivered,0,715.83,20,22.0,2.0,0.0
PO-005144,SUP-004,SKU-00066,WH-EU,2025-03-03,2025-03-30,2025-03-30,86,6.69,ocean,25.25,delivered,0,575.34,27,27.0,0.0,1.0
PO-005145,SUP-004,SKU-00066,WH-EU,2025-03-24,2025-04-02,2025-04-07,109,6.69,air,103.06,delivered,0,729.21,9,14.0,5.0,0.0
PO-005146,SUP-004,SKU-00066,WH-EU,2025-04-14,2025-05-11,2025-05-12,92,6.69,ocean,23.19,delivered,0,615.48,27,28.0,1.0,0.0
PO-005147,SUP-004,SKU-00066,WH-EU,2025-05-05,2025-05-25,2025-05-30,117,6.69,road,52.29,delivered,0,782.73,20,25.0,5.0,0.0
PO-005148,SUP-004,SKU-00066,WH-EU,2025-05-26,2025-06-04,2025-06-04,113,6.69,air,75.01,delivered,0,755.97,9,9.0,0.0,1.0
PO-005149,SUP-004,SKU-00066,WH-EU,2025-06-16,2025-07-13,2025-07-09,122,6.69,ocean,33.78,delivered,0,816.18,27,23.0,-4.0,1.0
PO-005150,SUP-004,SKU-00066,WH-EU,2025-06-30,2025-07-09,2025-07-09,96,6.69,air,86.27,delivered,0,642.24,9,9.0,0.0,1.0
PO-005151,SUP-004,SKU-00066,WH-EU,2025-07-21,2025-08-10,2025-08-06,130,6.69,road,45.87,delivered,0,869.7,20,16.0,-4.0,1.0
PO-005152,SUP-004,SKU-00066,WH-EU,2025-08-04,2025-08-13,2025-08-14,117,6.69,air,95.36,delivered,0,782.73,9,10.0,1.0,0.0
PO-005153,SUP-004,SKU-00066,WH-EU,2025-08-18,2025-09-14,2025-09-18,115,6.69,ocean,25.66,delivered,0,769.35,27,31.0,4.0,0.0
PO-005154,SUP-004,SKU-00066,WH-EU,2025-09-01,2025-09-10,2025-09-06,137,6.69,air,105.57,delivered,0,916.53,9,5.0,-4.0,1.0
PO-005155,SUP-004,SKU-00066,WH-EU,2025-09-15,2025-10-12,2025-10-14,90,6.69,ocean,23.93,delivered,0,602.1,27,29.0,2.0,0.0
PO-005156,SUP-004,SKU-00066,WH-EU,2025-09-29,2025-10-19,2025-10-18,146,6.69,road,62.53,delivered,0,976.74,20,19.0,-1.0,1.0
PO-005157,SUP-004,SKU-00066,WH-EU,2025-10-20,2025-11-16,2025-11-17,122,6.69,ocean,35.27,delivered,0,816.18,27,28.0,1.0,0.0
PO-005158,SUP-004,SKU-00066,WH-EU,2025-11-03,2025-11-25,2025-11-24,130,6.69,rail,51.8,delivered,0,869.7,22,21.0,-1.0,1.0
PO-005159,SUP-004,SKU-00066,WH-EU,2025-12-01,2025-12-10,2025-12-07,140,6.69,air,122.7,delivered,0,936.6,9,6.0,-3.0,1.0
PO-005160,SUP-004,SKU-00066,WH-EU,2025-12-15,2026-01-06,,128,6.69,rail,42.34,open,0,856.32,22,,,
PO-005161,SUP-004,SKU-00066,WH-EAST,2024-01-15,2024-02-11,2024-02-20,113,6.69,ocean,35.14,delivered,0,755.97,27,36.0,9.0,0.0
PO-005162,SUP-004,SKU-00066,WH-EAST,2024-01-29,2024-02-25,2024-02-22,101,6.69,ocean,26.05,delivered,0,675.69,27,24.0,-3.0,1.0
PO-005163,SUP-004,SKU-00066,WH-EAST,2024-03-04,2024-03-13,2024-03-12,107,6.69,air,94.55,delivered,0,715.83,9,8.0,-1.0,1.0
PO-005164,SUP-004,SKU-00066,WH-EAST,2024-03-25,2024-04-16,2024-04-14,111,6.69,rail,38.39,delivered,0,742.59,22,20.0,-2.0,1.0
PO-005165,SUP-004,SKU-00066,WH-EAST,2024-04-15,2024-05-12,2024-05-11,104,6.69,ocean,22.33,delivered,0,695.76,27,26.0,-1.0,1.0
PO-005166,SUP-004,SKU-00066,WH-EAST,2024-05-06,2024-06-02,2024-05-31,110,6.69,ocean,35.26,delivered,0,735.9,27,25.0,-2.0,1.0
PO-005167,SUP-004,SKU-00066,WH-EAST,2024-05-27,2024-06-23,2024-06-23,112,6.69,ocean,33.82,delivered,0,749.28,27,27.0,0.0,1.0
PO-005168,SUP-004,SKU-00066,WH-EAST,2024-06-17,2024-06-26,2024-06-25,123,6.69,air,86.54,delivered,0,822.87,9,8.0,-1.0,1.0
PO-005169,SUP-004,SKU-00066,WH-EAST,2024-07-08,2024-08-04,2024-07-29,121,6.69,ocean,34.95,delivered,0,809.49,27,21.0,-6.0,1.0
PO-005170,SUP-004,SKU-00066,WH-EAST,2024-07-22,2024-08-18,2024-08-22,110,6.69,ocean,31.92,delivered,0,735.9,27,31.0,4.0,0.0
PO-005171,SUP-004,SKU-00066,WH-EAST,2024-08-05,2024-09-01,2024-08-24,85,6.69,ocean,24.49,delivered,0,568.65,27,19.0,-8.0,1.0
PO-005172,SUP-004,SKU-00066,WH-EAST,2024-08-26,2024-09-17,2024-09-15,105,6.69,rail,29.18,delivered,0,702.45,22,20.0,-2.0,1.0
PO-005173,SUP-004,SKU-00066,WH-EAST,2024-09-09,2024-10-01,2024-10-05,138,6.69,rail,51.45,delivered,0,923.22,22,26.0,4.0,0.0
PO-005174,SUP-004,SKU-00066,WH-EAST,2024-09-23,2024-10-02,2024-09-30,109,6.69,air,96.03,delivered,0,729.21,9,7.0,-2.0,1.0
PO-005175,SUP-004,SKU-00066,WH-EAST,2024-10-14,2024-11-03,2024-11-03,112,6.69,road,51.86,delivered,0,749.28,20,20.0,0.0,1.0
PO-005176,SUP-004,SKU-00066,WH-EAST,2024-10-28,2024-11-06,2024-11-04,135,6.69,air,91.29,delivered,0,903.15,9,7.0,-2.0,1.0
PO-005177,SUP-004,SKU-00066,WH-EAST,2024-11-18,2024-12-10,2024-12-13,143,6.69,rail,44.67,delivered,0,956.67,22,25.0,3.0,0.0
PO-005178,SUP-004,SKU-00066,WH-EAST,2024-12-02,2024-12-11,2024-12-13,104,6.69,air,90.48,delivered,0,695.76,9,11.0,2.0,0.0
PO-005179,SUP-004,SKU-00066,WH-EAST,2024-12-23,2025-01-19,2025-01-22,94,6.69,ocean,24.78,delivered,0,628.86,27,30.0,3.0,0.0
PO-005180,SUP-004,SKU-00066,WH-EAST,2025-01-06,2025-01-15,2025-01-20,102,6.69,air,79.74,delivered,0,682.38,9,14.0,5.0,0.0
PO-005181,SUP-004,SKU-00066,WH-EAST,2025-01-27,2025-02-05,2025-02-07,114,6.69,air,73.25,delivered,0,762.66,9,11.0,2.0,0.0
PO-005182,SUP-004,SKU-00066,WH-EAST,2025-02-10,2025-02-19,2025-02-17,109,6.69,air,93.53,delivered,0,729.21,9,7.0,-2.0,1.0
PO-005183,SUP-004,SKU-00066,WH-EAST,2025-02-24,2025-03-18,2025-03-09,93,6.69,rail,29.75,delivered,0,622.17,22,13.0,-9.0,1.0
PO-005184,SUP-004,SKU-00066,WH-EAST,2025-03-17,2025-04-08,2025-03-30,112,6.69,rail,43.37,delivered,0,749.28,22,13.0,-9.0,1.0
PO-005185,SUP-004,SKU-00066,WH-EAST,2025-04-07,2025-05-04,2025-05-05,106,6.69,ocean,27.28,delivered,0,709.14,27,28.0,1.0,0.0
PO-005186,SUP-004,SKU-00066,WH-EAST,2025-04-28,2025-05-07,2025-05-07,96,6.69,air,83.94,delivered,0,642.24,9,9.0,0.0,1.0
PO-005187,SUP-004,SKU-00066,WH-EAST,2025-05-19,2025-06-15,2025-06-04,125,6.69,ocean,39.3,delivered,0,836.25,27,16.0,-11.0,1.0
PO-005188,SUP-004,SKU-00066,WH-EAST,2025-06-09,2025-06-29,2025-06-28,126,6.69,road,42.01,delivered,0,842.94,20,19.0,-1.0,1.0
PO-005189,SUP-004,SKU-00066,WH-EAST,2025-06-23,2025-07-02,2025-07-05,99,6.69,air,85.44,delivered,0,662.31,9,12.0,3.0,0.0
PO-005190,SUP-004,SKU-00066,WH-EAST,2025-07-07,2025-08-03,2025-07-27,104,6.69,ocean,22.36,delivered,0,695.76,27,20.0,-7.0,1.0
PO-005191,SUP-004,SKU-00066,WH-EAST,2025-07-21,2025-08-17,2025-08-23,118,6.69,ocean,29.0,delivered,0,789.42,27,33.0,6.0,0.0
PO-005192,SUP-004,SKU-00066,WH-EAST,2025-08-04,2025-08-31,2025-08-29,99,6.69,ocean,25.17,delivered,0,662.31,27,25.0,-2.0,1.0
PO-005193,SUP-004,SKU-00066,WH-EAST,2025-09-01,2025-09-21,2025-09-22,110,6.69,road,48.78,delivered,0,735.9,20,21.0,1.0,0.0
PO-005194,SUP-004,SKU-00066,WH-EAST,2025-09-15,2025-09-24,2025-09-24,123,6.69,air,99.36,delivered,0,822.87,9,9.0,0.0,1.0
PO-005195,SUP-004,SKU-00066,WH-EAST,2025-09-29,2025-10-08,2025-10-11,100,6.69,air,69.63,delivered,0,669.0,9,12.0,3.0,0.0
PO-005196,SUP-004,SKU-00066,WH-EAST,2025-10-06,2025-11-02,2025-11-04,86,6.69,ocean,27.48,delivered,0,575.34,27,29.0,2.0,0.0
PO-005197,SUP-004,SKU-00066,WH-EAST,2025-10-20,2025-11-09,2025-11-08,140,6.69,road,53.26,delivered,0,936.6,20,19.0,-1.0,1.0
PO-005198,SUP-004,SKU-00066,WH-EAST,2025-11-10,2025-12-07,2025-12-06,136,6.69,ocean,37.24,delivered,0,909.84,27,26.0,-1.0,1.0
PO-005199,SUP-004,SKU-00066,WH-EAST,2025-11-17,2025-11-26,2025-11-28,84,6.69,air,66.72,delivered,0,561.96,9,11.0,2.0,0.0
PO-005200,SUP-004,SKU-00066,WH-EAST,2025-12-08,2025-12-28,,135,6.69,road,61.27,open,0,903.15,20,,,
PO-005201,SUP-004,SKU-00066,WH-EAST,2025-12-22,2025-12-31,,112,6.69,air,84.01,open,0,749.28,9,,,
PO-005202,SUP-014,SKU-00067,WH-EAST,2024-01-22,2024-02-07,2024-02-10,876,13.53,road,603.9,delivered,0,11852.28,16,19.0,3.0,0.0
PO-005203,SUP-014,SKU-00067,WH-EAST,2024-02-12,2024-02-19,2024-02-17,693,13.53,air,930.62,delivered,0,9376.29,7,5.0,-2.0,1.0
PO-005204,SUP-014,SKU-00067,WH-EAST,2024-03-04,2024-03-26,2024-03-19,756,13.53,ocean,409.01,delivered,0,10228.68,22,15.0,-7.0,1.0
PO-005205,SUP-014,SKU-00067,WH-EAST,2024-03-18,2024-04-09,2024-04-09,626,13.53,ocean,354.22,delivered,0,8469.78,22,22.0,0.0,1.0
PO-005206,SUP-014,SKU-00067,WH-EAST,2024-04-01,2024-04-08,2024-04-09,595,13.53,air,833.43,delivered,0,8050.35,7,8.0,1.0,0.0
PO-005207,SUP-014,SKU-00067,WH-EAST,2024-04-15,2024-05-03,2024-05-04,757,13.53,rail,610.95,delivered,0,10242.21,18,19.0,1.0,0.0
PO-005208,SUP-014,SKU-00067,WH-EAST,2024-04-29,2024-05-06,2024-05-06,723,13.53,air,1211.62,delivered,0,9782.19,7,7.0,0.0,1.0
PO-005209,SUP-014,SKU-00067,WH-EAST,2024-05-20,2024-06-11,2024-06-20,650,13.53,ocean,290.92,delivered,0,8794.5,22,31.0,9.0,0.0
PO-005210,SUP-014,SKU-00067,WH-EAST,2024-06-03,2024-06-25,2024-06-28,639,13.53,ocean,310.5,delivered,0,8645.67,22,25.0,3.0,0.0
PO-005211,SUP-014,SKU-00067,WH-EAST,2024-07-01,2024-07-19,2024-07-22,722,13.53,rail,551.47,delivered,0,9768.66,18,21.0,3.0,0.0
PO-005212,SUP-014,SKU-00067,WH-EAST,2024-07-15,2024-07-22,2024-07-22,708,13.53,air,1185.65,delivered,0,9579.24,7,7.0,0.0,1.0
PO-005213,SUP-014,SKU-00067,WH-EAST,2024-08-05,2024-08-12,2024-08-09,736,13.53,air,1209.48,delivered,0,9958.08,7,4.0,-3.0,1.0
PO-005214,SUP-014,SKU-00067,WH-EAST,2024-08-19,2024-09-10,2024-09-06,603,13.53,ocean,289.15,delivered,0,8158.59,22,18.0,-4.0,1.0
PO-005215,SUP-014,SKU-00067,WH-EAST,2024-09-02,2024-09-09,2024-09-08,687,13.53,air,1203.22,delivered,0,9295.11,7,6.0,-1.0,1.0
PO-005216,SUP-014,SKU-00067,WH-EAST,2024-09-16,2024-10-04,2024-10-04,626,13.53,rail,445.58,delivered,0,8469.78,18,18.0,0.0,1.0
PO-005217,SUP-014,SKU-00067,WH-EAST,2024-09-30,2024-10-22,2024-10-26,649,13.53,ocean,293.23,delivered,0,8780.97,22,26.0,4.0,0.0
PO-005218,SUP-014,SKU-00067,WH-EAST,2024-10-14,2024-10-21,2024-10-21,617,13.53,air,950.97,delivered,0,8348.01,7,7.0,0.0,1.0
PO-005219,SUP-014,SKU-00067,WH-EAST,2024-10-28,2024-11-19,2024-11-23,597,13.53,ocean,274.49,delivered,0,8077.41,22,26.0,4.0,0.0
PO-005220,SUP-014,SKU-00067,WH-EAST,2024-11-11,2024-12-03,2024-11-22,611,13.53,ocean,344.91,delivered,0,8266.83,22,11.0,-11.0,1.0
PO-005221,SUP-014,SKU-00067,WH-EAST,2024-12-02,2024-12-24,2024-12-26,749,13.53,ocean,450.72,delivered,0,10133.97,22,24.0,2.0,0.0
PO-005222,SUP-014,SKU-00067,WH-EAST,2024-12-23,2025-01-14,2025-01-08,731,13.53,ocean,439.06,delivered,0,9890.43,22,16.0,-6.0,1.0
PO-005223,SUP-014,SKU-00067,WH-EAST,2025-01-13,2025-01-29,2025-02-02,584,13.53,road,468.67,delivered,0,7901.52,16,20.0,4.0,0.0
PO-005224,SUP-014,SKU-00067,WH-EAST,2025-01-27,2025-02-03,2025-02-07,609,13.53,air,1015.01,delivered,0,8239.77,7,11.0,4.0,0.0
PO-005225,SUP-014,SKU-00067,WH-EAST,2025-02-17,2025-03-11,2025-03-11,729,13.53,ocean,471.54,delivered,0,9863.37,22,22.0,0.0,1.0
PO-005226,SUP-014,SKU-00067,WH-EAST,2025-03-10,2025-04-01,2025-04-03,748,13.53,ocean,426.64,delivered,0,10120.44,22,24.0,2.0,0.0
PO-005227,SUP-014,SKU-00067,WH-EAST,2025-03-31,2025-04-07,2025-04-06,732,13.53,air,1174.0,delivered,0,9903.96,7,6.0,-1.0,1.0
PO-005228,SUP-014,SKU-00067,WH-EAST,2025-04-21,2025-04-28,2025-04-24,681,13.53,air,923.81,delivered,0,9213.93,7,3.0,-4.0,1.0
PO-005229,SUP-014,SKU-00067,WH-EAST,2025-05-05,2025-05-12,2025-05-15,679,13.53,air,1275.54,delivered,0,9186.87,7,10.0,3.0,0.0
PO-005230,SUP-014,SKU-00067,WH-EAST,2025-05-26,2025-06-17,2025-06-11,764,13.53,ocean,479.34,delivered,0,10336.92,22,16.0,-6.0,1.0
PO-005231,SUP-014,SKU-00067,WH-EAST,2025-06-09,2025-06-16,2025-06-19,574,13.53,air,952.44,delivered,0,7766.22,7,10.0,3.0,0.0
PO-005232,SUP-014,SKU-00067,WH-EAST,2025-06-23,2025-07-11,2025-07-16,763,13.53,rail,567.98,delivered,0,10323.39,18,23.0,5.0,0.0
PO-005233,SUP-014,SKU-00067,WH-EAST,2025-07-07,2025-07-14,2025-07-19,717,13.53,air,1252.56,delivered,0,9701.01,7,12.0,5.0,0.0
PO-005234,SUP-014,SKU-00067,WH-EAST,2025-07-28,2025-08-19,2025-08-07,604,13.53,ocean,366.9,delivered,0,8172.12,22,10.0,-12.0,1.0
PO-005235,SUP-014,SKU-00067,WH-EAST,2025-08-18,2025-09-09,2025-09-12,783,13.53,ocean,392.31,delivered,0,10593.99,22,25.0,3.0,0.0
PO-005236,SUP-014,SKU-00067,WH-EAST,2025-09-01,2025-09-08,2025-09-09,697,13.53,air,1089.07,delivered,0,9430.41,7,8.0,1.0,0.0
PO-005237,SUP-014,SKU-00067,WH-EAST,2025-09-22,2025-10-10,2025-10-16,651,13.53,rail,427.82,delivered,0,8808.03,18,24.0,6.0,0.0
PO-005238,SUP-014,SKU-00067,WH-EAST,2025-10-06,2025-10-13,2025-10-14,704,13.53,air,1186.42,delivered,0,9525.12,7,8.0,1.0,0.0
PO-005239,SUP-014,SKU-00067,WH-EAST,2025-10-27,2025-11-03,2025-11-02,693,13.53,air,1256.5,delivered,0,9376.29,7,6.0,-1.0,1.0
PO-005240,SUP-014,SKU-00067,WH-EAST,2025-11-10,2025-12-02,2025-12-01,657,13.53,ocean,302.17,delivered,0,8889.21,22,21.0,-1.0,1.0
PO-005241,SUP-014,SKU-00067,WH-EAST,2025-11-24,2025-12-01,2025-12-03,551,13.53,air,779.87,delivered,0,7455.03,7,9.0,2.0,0.0
PO-005242,SUP-014,SKU-00067,WH-EAST,2025-12-08,2025-12-30,,561,13.53,ocean,295.93,open,0,7590.33,22,,,
PO-005243,SUP-013,SKU-00068,WH-SOUTH,2024-01-22,2024-02-09,2024-02-07,241,85.26,rail,1124.1,delivered,0,20547.66,18,16.0,-2.0,1.0
PO-005244,SUP-013,SKU-00068,WH-SOUTH,2024-02-05,2024-02-12,2024-02-13,163,85.26,air,1450.07,delivered,0,13897.38,7,8.0,1.0,0.0
PO-005245,SUP-013,SKU-00068,WH-SOUTH,2024-02-26,2024-03-04,2024-03-07,181,85.26,air,2063.87,delivered,0,15432.06,7,10.0,3.0,0.0
PO-005246,SUP-013,SKU-00068,WH-SOUTH,2024-03-18,2024-03-25,2024-03-27,205,85.26,air,2190.19,delivered,0,17478.3,7,9.0,2.0,0.0
PO-005247,SUP-013,SKU-00068,WH-SOUTH,2024-04-01,2024-04-23,2024-04-30,199,85.26,ocean,787.8,delivered,0,16966.74,22,29.0,7.0,0.0
PO-005248,SUP-013,SKU-00068,WH-SOUTH,2024-04-15,2024-04-22,2024-05-01,181,85.26,air,1566.87,delivered,0,15432.06,7,16.0,9.0,0.0
PO-005249,SUP-013,SKU-00068,WH-SOUTH,2024-05-13,2024-06-04,2024-05-29,212,85.26,ocean,712.76,delivered,0,18075.12,22,16.0,-6.0,1.0
PO-005250,SUP-013,SKU-00068,WH-SOUTH,2024-05-27,2024-06-03,2024-06-06,194,85.26,air,2323.1,delivered,0,16540.44,7,10.0,3.0,0.0
PO-005251,SUP-013,SKU-00068,WH-SOUTH,2024-06-17,2024-07-05,2024-07-14,216,85.26,rail,785.42,delivered,0,18416.16,18,27.0,9.0,0.0
PO-005252,SUP-013,SKU-00068,WH-SOUTH,2024-07-01,2024-07-08,2024-07-10,202,85.26,air,2024.59,delivered,0,17222.52,7,9.0,2.0,0.0
PO-005253,SUP-013,SKU-00068,WH-SOUTH,2024-07-22,2024-07-29,2024-07-29,263,85.26,air,3153.37,delivered,0,22423.38,7,7.0,0.0,1.0
PO-005254,SUP-013,SKU-00068,WH-SOUTH,2024-08-05,2024-08-23,2024-08-21,166,85.26,rail,604.38,delivered,0,14153.16,18,16.0,-2.0,1.0
PO-005255,SUP-013,SKU-00068,WH-SOUTH,2024-08-19,2024-08-26,2024-08-26,259,85.26,air,2400.62,delivered,0,22082.34,7,7.0,0.0,1.0
PO-005256,SUP-013,SKU-00068,WH-SOUTH,2024-09-02,2024-09-24,2024-09-28,210,85.26,ocean,716.14,delivered,0,17904.6,22,26.0,4.0,0.0
PO-005257,SUP-013,SKU-00068,WH-SOUTH,2024-09-16,2024-09-23,2024-09-23,184,85.26,air,1632.5,delivered,0,15687.84,7,7.0,0.0,1.0
PO-005258,SUP-013,SKU-00068,WH-SOUTH,2024-09-30,2024-10-22,2024-10-16,156,85.26,ocean,605.37,delivered,0,13300.56,22,16.0,-6.0,1.0
PO-005259,SUP-013,SKU-00068,WH-SOUTH,2024-10-14,2024-10-21,2024-10-20,218,85.26,air,2246.45,delivered,0,18586.68,7,6.0,-1.0,1.0
PO-005260,SUP-013,SKU-00068,WH-SOUTH,2024-10-28,2024-11-13,2024-11-11,194,85.26,road,1188.39,delivered,0,16540.44,16,14.0,-2.0,1.0
PO-005261,SUP-013,SKU-00068,WH-SOUTH,2024-11-11,2024-12-03,2024-12-11,181,85.26,ocean,520.2,delivered,0,15432.06,22,30.0,8.0,0.0
PO-005262,SUP-013,SKU-00068,WH-SOUTH,2024-11-25,2024-12-02,2024-12-05,201,85.26,air,2075.82,delivered,0,17137.26,7,10.0,3.0,0.0
PO-005263,SUP-013,SKU-00068,WH-SOUTH,2024-12-16,2025-01-07,2024-12-30,190,85.26,ocean,717.29,delivered,0,16199.4,22,14.0,-8.0,1.0
PO-005264,SUP-013,SKU-00068,WH-SOUTH,2024-12-30,2025-01-15,2025-01-13,181,85.26,road,843.56,delivered,0,15432.06,16,14.0,-2.0,1.0
PO-005265,SUP-013,SKU-00068,WH-SOUTH,2025-01-13,2025-01-20,2025-01-20,183,85.26,air,1516.77,delivered,0,15602.58,7,7.0,0.0,1.0
PO-005266,SUP-013,SKU-00068,WH-SOUTH,2025-01-27,2025-02-18,2025-02-07,174,85.26,ocean,483.17,delivered,0,14835.24,22,11.0,-11.0,1.0
PO-005267,SUP-013,SKU-00068,WH-SOUTH,2025-02-17,2025-03-05,2025-02-27,217,85.26,road,1291.95,delivered,0,18501.42,16,10.0,-6.0,1.0
PO-005268,SUP-013,SKU-00068,WH-SOUTH,2025-03-10,2025-04-01,2025-04-09,167,85.26,ocean,644.97,delivered,0,14238.42,22,30.0,8.0,0.0
PO-005269,SUP-013,SKU-00068,WH-SOUTH,2025-03-31,2025-04-07,2025-04-07,221,85.26,air,2215.57,delivered,0,18842.46,7,7.0,0.0,1.0
PO-005270,SUP-013,SKU-00068,WH-SOUTH,2025-04-21,2025-05-13,2025-05-25,233,85.26,ocean,730.22,delivered,0,19865.58,22,34.0,12.0,0.0
PO-005271,SUP-013,SKU-00068,WH-SOUTH,2025-05-05,2025-05-12,2025-05-12,192,85.26,air,2109.62,delivered,0,16369.92,7,7.0,0.0,1.0
PO-005272,SUP-013,SKU-00068,WH-SOUTH,2025-05-26,2025-06-02,2025-06-02,223,85.26,air,2203.14,delivered,0,19012.98,7,7.0,0.0,1.0
PO-005273,SUP-013,SKU-00068,WH-SOUTH,2025-06-02,2025-06-09,2025-06-09,168,85.26,air,1438.09,delivered,0,14323.68,7,7.0,0.0,1.0
PO-005274,SUP-013,SKU-00068,WH-SOUTH,2025-06-16,2025-07-08,2025-06-30,235,85.26,ocean,671.54,delivered,0,20036.1,22,14.0,-8.0,1.0
PO-005275,SUP-013,SKU-00068,WH-SOUTH,2025-06-30,2025-07-22,2025-07-19,203,85.26,ocean,809.03,delivered,0,17307.78,22,19.0,-3.0,1.0
PO-005276,SUP-013,SKU-00068,WH-SOUTH,2025-07-14,2025-08-05,2025-07-31,222,85.26,ocean,880.52,delivered,0,18927.72,22,17.0,-5.0,1.0
PO-005277,SUP-013,SKU-00068,WH-SOUTH,2025-07-28,2025-08-04,2025-07-31,164,85.26,air,1348.99,delivered,0,13982.64,7,3.0,-4.0,1.0
PO-005278,SUP-013,SKU-00068,WH-SOUTH,2025-08-11,2025-09-02,2025-08-15,226,85.26,ocean,920.85,delivered,0,19268.76,22,4.0,-18.0,1.0
PO-005279,SUP-013,SKU-00068,WH-SOUTH,2025-08-25,2025-09-16,2025-09-30,238,85.26,ocean,946.15,delivered,0,20291.88,22,36.0,14.0,0.0
PO-005280,SUP-013,SKU-00068,WH-SOUTH,2025-09-08,2025-09-15,2025-09-20,170,85.26,air,1977.03,delivered,0,14494.2,7,12.0,5.0,0.0
PO-005281,SUP-013,SKU-00068,WH-SOUTH,2025-09-29,2025-10-06,2025-10-04,187,85.26,air,1892.21,delivered,0,15943.62,7,5.0,-2.0,1.0
PO-005282,SUP-013,SKU-00068,WH-SOUTH,2025-10-13,2025-10-20,2025-10-18,168,85.26,air,1679.81,delivered,0,14323.68,7,5.0,-2.0,1.0
PO-005283,SUP-013,SKU-00068,WH-SOUTH,2025-10-27,2025-11-18,2025-11-03,199,85.26,ocean,581.48,delivered,0,16966.74,22,7.0,-15.0,1.0
PO-005284,SUP-013,SKU-00068,WH-SOUTH,2025-11-10,2025-11-17,2025-11-18,175,85.26,air,1440.47,delivered,0,14920.5,7,8.0,1.0,0.0
PO-005285,SUP-013,SKU-00068,WH-SOUTH,2025-12-01,2025-12-23,2025-12-23,205,85.26,ocean,834.19,delivered,0,17478.3,22,22.0,0.0,1.0
PO-005286,SUP-013,SKU-00068,WH-SOUTH,2025-12-15,2025-12-22,2025-12-21,161,85.26,air,1587.15,delivered,0,13726.86,7,6.0,-1.0,1.0
PO-005287,SUP-013,SKU-00068,WH-EAST,2024-01-15,2024-02-02,2024-02-03,138,85.26,rail,625.26,delivered,0,11765.88,18,19.0,1.0,0.0
PO-005288,SUP-013,SKU-00068,WH-EAST,2024-01-29,2024-02-16,2024-02-19,162,85.26,rail,733.5,delivered,0,13812.12,18,21.0,3.0,0.0
PO-005289,SUP-013,SKU-00068,WH-EAST,2024-02-12,2024-03-01,2024-03-06,154,85.26,rail,779.72,delivered,0,13130.04,18,23.0,5.0,0.0
PO-005290,SUP-013,SKU-00068,WH-EAST,2024-03-04,2024-03-26,2024-03-13,165,85.26,ocean,592.56,delivered,0,14067.9,22,9.0,-13.0,1.0
PO-005291,SUP-013,SKU-00068,WH-EAST,2024-03-25,2024-04-16,2024-04-21,210,85.26,ocean,674.49,delivered,0,17904.6,22,27.0,5.0,0.0
PO-005292,SUP-013,SKU-00068,WH-EAST,2024-04-15,2024-04-22,2024-04-25,156,85.26,air,1775.43,delivered,0,13300.56,7,10.0,3.0,0.0
PO-005293,SUP-013,SKU-00068,WH-EAST,2024-05-06,2024-05-28,2024-06-05,169,85.26,ocean,576.47,delivered,0,14408.94,22,30.0,8.0,0.0
PO-005294,SUP-013,SKU-00068,WH-EAST,2024-05-20,2024-06-05,2024-06-05,191,85.26,road,1129.9,delivered,0,16284.66,16,16.0,0.0,1.0
PO-005295,SUP-013,SKU-00068,WH-EAST,2024-06-17,2024-07-03,2024-07-04,165,85.26,road,898.75,delivered,0,14067.9,16,17.0,1.0,0.0
PO-005296,SUP-013,SKU-00068,WH-EAST,2024-07-01,2024-07-08,2024-07-09,201,85.26,air,2377.12,delivered,0,17137.26,7,8.0,1.0,0.0
PO-005297,SUP-013,SKU-00068,WH-EAST,2024-07-15,2024-08-02,2024-07-21,174,85.26,rail,617.44,delivered,0,14835.24,18,6.0,-12.0,1.0
PO-005298,SUP-013,SKU-00068,WH-EAST,2024-07-22,2024-08-07,2024-08-09,172,85.26,road,885.09,delivered,0,14664.72,16,18.0,2.0,0.0
PO-005299,SUP-013,SKU-00068,WH-EAST,2024-08-05,2024-08-12,2024-08-13,171,85.26,air,1560.49,delivered,0,14579.46,7,8.0,1.0,0.0
PO-005300,SUP-013,SKU-00068,WH-EAST,2024-08-19,2024-09-10,2024-09-20,287,85.26,ocean,894.12,delivered,0,24469.62,22,32.0,10.0,0.0
PO-005301,SUP-013,SKU-00068,WH-EAST,2024-09-30,2024-10-18,2024-10-17,195,85.26,rail,936.63,delivered,0,16625.7,18,17.0,-1.0,1.0
PO-005302,SUP-013,SKU-00068,WH-EAST,2024-10-14,2024-10-21,2024-10-22,171,85.26,air,1473.06,delivered,0,14579.46,7,8.0,1.0,0.0
PO-005303,SUP-013,SKU-00068,WH-EAST,2024-10-28,2024-11-19,2024-11-30,148,85.26,ocean,434.38,delivered,0,12618.48,22,33.0,11.0,0.0
PO-005304,SUP-013,SKU-00068,WH-EAST,2024-11-11,2024-11-18,2024-11-16,174,85.26,air,1684.82,delivered,0,14835.24,7,5.0,-2.0,1.0
PO-005305,SUP-013,SKU-00068,WH-EAST,2024-12-02,2024-12-18,2024-12-14,182,85.26,road,1041.31,delivered,0,15517.32,16,12.0,-4.0,1.0
PO-005306,SUP-013,SKU-00068,WH-EAST,2024-12-23,2025-01-14,2025-01-15,186,85.26,ocean,715.72,delivered,0,15858.36,22,23.0,1.0,0.0
PO-005307,SUP-013,SKU-00068,WH-EAST,2025-01-06,2025-01-13,2025-01-12,161,85.26,air,1807.73,delivered,0,13726.86,7,6.0,-1.0,1.0
PO-005308,SUP-013,SKU-00068,WH-EAST,2025-01-27,2025-02-03,2025-02-02,161,85.26,air,1918.83,delivered,0,13726.86,7,6.0,-1.0,1.0
PO-005309,SUP-013,SKU-00068,WH-EAST,2025-02-10,2025-03-04,2025-02-26,135,85.26,ocean,430.58,delivered,0,11510.1,22,16.0,-6.0,1.0
PO-005310,SUP-013,SKU-00068,WH-EAST,2025-02-24,2025-03-18,2025-03-15,136,85.26,ocean,409.59,delivered,0,11595.36,22,19.0,-3.0,1.0
PO-005311,SUP-013,SKU-00068,WH-EAST,2025-03-10,2025-03-28,2025-04-15,137,85.26,rail,685.2,delivered,0,11680.62,18,36.0,18.0,0.0
PO-005312,SUP-013,SKU-00068,WH-EAST,2025-03-24,2025-04-09,2025-04-13,153,85.26,road,894.38,delivered,0,13044.78,16,20.0,4.0,0.0
PO-005313,SUP-013,SKU-00068,WH-EAST,2025-04-21,2025-05-13,2025-05-04,201,85.26,ocean,752.97,delivered,0,17137.26,22,13.0,-9.0,1.0
PO-005314,SUP-013,SKU-00068,WH-EAST,2025-05-05,2025-05-27,2025-05-22,196,85.26,ocean,626.36,delivered,0,16710.96,22,17.0,-5.0,1.0
PO-005315,SUP-013,SKU-00068,WH-EAST,2025-05-19,2025-06-10,2025-06-09,170,85.26,ocean,539.56,delivered,0,14494.2,22,21.0,-1.0,1.0
PO-005316,SUP-013,SKU-00068,WH-EAST,2025-06-02,2025-06-09,2025-06-18,196,85.26,air,1721.39,delivered,0,16710.96,7,16.0,9.0,0.0
PO-005317,SUP-013,SKU-00068,WH-EAST,2025-06-23,2025-07-15,2025-07-14,192,85.26,ocean,598.54,delivered,0,16369.92,22,21.0,-1.0,1.0
PO-005318,SUP-013,SKU-00068,WH-EAST,2025-07-07,2025-07-14,2025-07-18,174,85.26,air,1888.9,delivered,0,14835.24,7,11.0,4.0,0.0
PO-005319,SUP-013,SKU-00068,WH-EAST,2025-07-28,2025-08-04,2025-08-04,227,85.26,air,2432.97,delivered,0,19354.02,7,7.0,0.0,1.0
PO-005320,SUP-013,SKU-00068,WH-EAST,2025-08-11,2025-09-02,2025-08-24,220,85.26,ocean,784.22,delivered,0,18757.2,22,13.0,-9.0,1.0
PO-005321,SUP-013,SKU-00068,WH-EAST,2025-08-25,2025-09-01,2025-08-28,186,85.26,air,2259.74,delivered,0,15858.36,7,3.0,-4.0,1.0
PO-005322,SUP-013,SKU-00068,WH-EAST,2025-09-08,2025-09-24,2025-09-20,215,85.26,road,1122.22,delivered,0,18330.9,16,12.0,-4.0,1.0
PO-005323,SUP-013,SKU-00068,WH-EAST,2025-09-22,2025-10-14,2025-10-05,194,85.26,ocean,791.05,delivered,0,16540.44,22,13.0,-9.0,1.0
PO-005324,SUP-013,SKU-00068,WH-EAST,2025-10-06,2025-10-28,2025-10-31,194,85.26,ocean,734.1,delivered,0,16540.44,22,25.0,3.0,0.0
PO-005325,SUP-013,SKU-00068,WH-EAST,2025-10-20,2025-10-27,2025-10-27,157,85.26,air,1760.7,delivered,0,13385.82,7,7.0,0.0,1.0
PO-005326,SUP-013,SKU-00068,WH-EAST,2025-11-03,2025-11-19,2025-11-26,137,85.26,road,615.94,delivered,0,11680.62,16,23.0,7.0,0.0
PO-005327,SUP-013,SKU-00068,WH-EAST,2025-11-17,2025-12-09,2025-12-09,151,85.26,ocean,526.36,delivered,0,12874.26,22,22.0,0.0,1.0
PO-005328,SUP-013,SKU-00068,WH-EAST,2025-12-01,2025-12-19,2025-12-16,145,85.26,rail,524.15,delivered,0,12362.7,18,15.0,-3.0,1.0
PO-005329,SUP-013,SKU-00068,WH-EAST,2025-12-15,2026-01-06,2025-12-25,148,85.26,ocean,447.44,delivered,0,12618.48,22,10.0,-12.0,1.0
PO-005330,SUP-013,SKU-00068,WH-WEST,2024-01-15,2024-02-06,2024-02-08,175,85.26,ocean,674.75,delivered,0,14920.5,22,24.0,2.0,0.0
PO-005331,SUP-013,SKU-00068,WH-WEST,2024-02-05,2024-02-12,2024-02-25,205,85.26,air,1695.6,delivered,0,17478.3,7,20.0,13.0,0.0
PO-005332,SUP-013,SKU-00068,WH-WEST,2024-02-26,2024-03-04,2024-03-02,228,85.26,air,2071.87,delivered,0,19439.28,7,5.0,-2.0,1.0
PO-005333,SUP-013,SKU-00068,WH-WEST,2024-03-11,2024-03-18,2024-03-23,198,85.26,air,2022.11,delivered,0,16881.48,7,12.0,5.0,0.0
PO-005334,SUP-013,SKU-00068,WH-WEST,2024-03-25,2024-04-01,2024-04-03,197,85.26,air,2079.07,delivered,0,16796.22,7,9.0,2.0,0.0
PO-005335,SUP-013,SKU-00068,WH-WEST,2024-04-08,2024-04-15,2024-04-12,171,85.26,air,1949.2,delivered,0,14579.46,7,4.0,-3.0,1.0
PO-005336,SUP-013,SKU-00068,WH-WEST,2024-04-29,2024-05-21,2024-05-28,231,85.26,ocean,740.53,delivered,0,19695.06,22,29.0,7.0,0.0
PO-005337,SUP-013,SKU-00068,WH-WEST,2024-05-13,2024-05-20,2024-05-19,198,85.26,air,1707.44,delivered,0,16881.48,7,6.0,-1.0,1.0
PO-005338,SUP-013,SKU-00068,WH-WEST,2024-06-03,2024-06-10,2024-06-09,219,85.26,air,2681.67,delivered,0,18671.94,7,6.0,-1.0,1.0
PO-005339,SUP-013,SKU-00068,WH-WEST,2024-06-17,2024-06-24,2024-06-24,214,85.26,air,1981.98,delivered,0,18245.64,7,7.0,0.0,1.0
PO-005340,SUP-013,SKU-00068,WH-WEST,2024-07-01,2024-07-23,2024-07-29,232,85.26,ocean,688.98,delivered,0,19780.32,22,28.0,6.0,0.0
PO-005341,SUP-013,SKU-00068,WH-WEST,2024-07-15,2024-07-22,2024-07-24,213,85.26,air,2146.88,delivered,0,18160.38,7,9.0,2.0,0.0
PO-005342,SUP-013,SKU-00068,WH-WEST,2024-08-05,2024-08-27,2024-08-28,236,85.26,ocean,723.25,delivered,0,20121.36,22,23.0,1.0,0.0
PO-005343,SUP-013,SKU-00068,WH-WEST,2024-08-19,2024-08-26,2024-09-01,219,85.26,air,2194.82,delivered,0,18671.94,7,13.0,6.0,0.0
PO-005344,SUP-013,SKU-00068,WH-WEST,2024-09-09,2024-09-16,2024-09-16,174,85.26,air,1564.63,delivered,0,14835.24,7,7.0,0.0,1.0
PO-005345,SUP-013,SKU-00068,WH-WEST,2024-09-23,2024-09-30,2024-09-26,247,85.26,air,3016.64,delivered,0,21059.22,7,3.0,-4.0,1.0
PO-005346,SUP-013,SKU-00068,WH-WEST,2024-10-07,2024-10-14,2024-10-15,207,85.26,air,2412.88,delivered,0,17648.82,7,8.0,1.0,0.0
PO-005347,SUP-013,SKU-00068,WH-WEST,2024-10-14,2024-11-05,2024-11-09,174,85.26,ocean,537.7,delivered,0,14835.24,22,26.0,4.0,0.0
PO-005348,SUP-013,SKU-00068,WH-WEST,2024-10-28,2024-11-19,2024-11-20,249,85.26,ocean,840.86,delivered,0,21229.74,22,23.0,1.0,0.0
PO-005349,SUP-013,SKU-00068,WH-WEST,2024-11-25,2024-12-17,2024-12-12,256,85.26,ocean,1022.87,delivered,0,21826.56,22,17.0,-5.0,1.0
PO-005350,SUP-013,SKU-00068,WH-WEST,2024-12-09,2024-12-16,2024-12-12,177,85.26,air,1643.83,delivered,0,15091.02,7,3.0,-4.0,1.0
PO-005351,SUP-013,SKU-00068,WH-WEST,2024-12-23,2025-01-14,2025-01-12,209,85.26,ocean,639.5,delivered,0,17819.34,22,20.0,-2.0,1.0
PO-005352,SUP-013,SKU-00068,WH-WEST,2025-01-13,2025-02-04,2025-02-15,197,85.26,ocean,800.44,delivered,0,16796.22,22,33.0,11.0,0.0
PO-005353,SUP-013,SKU-00068,WH-WEST,2025-01-27,2025-02-18,2025-02-10,178,85.26,ocean,666.17,delivered,0,15176.28,22,14.0,-8.0,1.0
PO-005354,SUP-013,SKU-00068,WH-WEST,2025-02-17,2025-03-11,2025-03-02,175,85.26,ocean,609.2,delivered,0,14920.5,22,13.0,-9.0,1.0
PO-005355,SUP-013,SKU-00068,WH-WEST,2025-03-03,2025-03-25,2025-03-24,173,85.26,ocean,499.38,delivered,0,14749.98,22,21.0,-1.0,1.0
PO-005356,SUP-013,SKU-00068,WH-WEST,2025-03-17,2025-04-08,2025-04-09,182,85.26,ocean,695.74,delivered,0,15517.32,22,23.0,1.0,0.0
PO-005357,SUP-013,SKU-00068,WH-WEST,2025-04-07,2025-04-25,2025-05-13,252,85.26,rail,1279.86,delivered,0,21485.52,18,36.0,18.0,0.0
PO-005358,SUP-013,SKU-00068,WH-WEST,2025-04-21,2025-04-28,2025-04-26,203,85.26,air,2260.61,delivered,0,17307.78,7,5.0,-2.0,1.0
PO-005359,SUP-013,SKU-00068,WH-WEST,2025-05-12,2025-05-19,2025-05-18,203,85.26,air,2190.67,delivered,0,17307.78,7,6.0,-1.0,1.0
PO-005360,SUP-013,SKU-00068,WH-WEST,2025-05-26,2025-06-17,2025-06-18,200,85.26,ocean,744.74,delivered,0,17052.0,22,23.0,1.0,0.0
PO-005361,SUP-013,SKU-00068,WH-WEST,2025-06-02,2025-06-09,2025-06-11,203,85.26,air,1782.51,delivered,0,17307.78,7,9.0,2.0,0.0
PO-005362,SUP-013,SKU-00068,WH-WEST,2025-06-23,2025-07-15,2025-07-18,242,85.26,ocean,680.26,delivered,0,20632.92,22,25.0,3.0,0.0
PO-005363,SUP-013,SKU-00068,WH-WEST,2025-07-07,2025-07-14,2025-07-12,213,85.26,air,1878.89,delivered,0,18160.38,7,5.0,-2.0,1.0
PO-005364,SUP-013,SKU-00068,WH-WEST,2025-07-28,2025-08-19,2025-08-18,296,85.26,ocean,854.91,delivered,0,25236.96,22,21.0,-1.0,1.0
PO-005365,SUP-013,SKU-00068,WH-WEST,2025-08-18,2025-09-09,2025-09-09,181,85.26,ocean,712.94,delivered,0,15432.06,22,22.0,0.0,1.0
PO-005366,SUP-013,SKU-00068,WH-WEST,2025-09-01,2025-09-08,2025-09-12,243,85.26,air,2369.89,delivered,0,20718.18,7,11.0,4.0,0.0
PO-005367,SUP-013,SKU-00068,WH-WEST,2025-09-22,2025-10-14,2025-11-03,252,85.26,ocean,887.44,delivered,0,21485.52,22,42.0,20.0,0.0
PO-005368,SUP-013,SKU-00068,WH-WEST,2025-10-06,2025-10-13,2025-10-17,203,85.26,air,2379.23,delivered,0,17307.78,7,11.0,4.0,0.0
PO-005369,SUP-013,SKU-00068,WH-WEST,2025-11-03,2025-11-21,2025-11-24,220,85.26,rail,985.44,delivered,0,18757.2,18,21.0,3.0,0.0
PO-005370,SUP-013,SKU-00068,WH-WEST,2025-11-17,2025-11-24,2025-11-23,204,85.26,air,2203.62,delivered,0,17393.04,7,6.0,-1.0,1.0
PO-005371,SUP-013,SKU-00068,WH-WEST,2025-12-01,2025-12-08,2025-12-09,178,85.26,air,1775.68,delivered,0,15176.28,7,8.0,1.0,0.0
PO-005372,SUP-013,SKU-00068,WH-WEST,2025-12-15,2026-01-06,,200,85.26,ocean,781.31,open,0,17052.0,22,,,
PO-005373,SUP-015,SKU-00069,WH-SOUTH,2024-01-22,2024-02-08,2024-02-09,1675,6.23,ocean,492.93,delivered,0,10435.25,17,18.0,1.0,0.0
PO-005374,SUP-015,SKU-00069,WH-SOUTH,2024-02-12,2024-02-29,2024-02-28,1723,6.23,ocean,500.6,delivered,0,10734.29,17,16.0,-1.0,1.0
PO-005375,SUP-015,SKU-00069,WH-SOUTH,2024-03-04,2024-03-10,2024-03-08,1728,6.23,air,1055.44,delivered,0,10765.44,6,4.0,-2.0,1.0
PO-005376,SUP-015,SKU-00069,WH-SOUTH,2024-03-18,2024-04-04,2024-03-31,1355,6.23,ocean,335.83,delivered,0,8441.65,17,13.0,-4.0,1.0
PO-005377,SUP-015,SKU-00069,WH-SOUTH,2024-04-08,2024-04-22,2024-04-27,1735,6.23,rail,468.12,delivered,0,10809.05,14,19.0,5.0,0.0
PO-005378,SUP-015,SKU-00069,WH-SOUTH,2024-05-06,2024-05-23,2024-05-28,1793,6.23,ocean,524.0,delivered,0,11170.39,17,22.0,5.0,0.0
PO-005379,SUP-015,SKU-00069,WH-SOUTH,2024-06-03,2024-06-20,2024-06-19,1560,6.23,ocean,447.08,delivered,0,9718.8,17,16.0,-1.0,1.0
PO-005380,SUP-015,SKU-00069,WH-SOUTH,2024-06-17,2024-06-23,2024-06-24,1336,6.23,air,974.73,delivered,0,8323.28,6,7.0,1.0,0.0
PO-005381,SUP-015,SKU-00069,WH-SOUTH,2024-07-15,2024-07-21,2024-07-21,1621,6.23,air,1400.23,delivered,0,10098.83,6,6.0,0.0,1.0
PO-005382,SUP-015,SKU-00069,WH-SOUTH,2024-08-05,2024-08-11,2024-08-10,1438,6.23,air,1114.64,delivered,0,8958.74,6,5.0,-1.0,1.0
PO-005383,SUP-015,SKU-00069,WH-SOUTH,2024-08-26,2024-09-12,2024-09-13,1599,6.23,ocean,399.65,delivered,0,9961.77,17,18.0,1.0,0.0
PO-005384,SUP-015,SKU-00069,WH-SOUTH,2024-09-09,2024-09-15,2024-09-18,1297,6.23,air,912.82,delivered,0,8080.31,6,9.0,3.0,0.0
PO-005385,SUP-015,SKU-00069,WH-SOUTH,2024-09-30,2024-10-17,2024-10-19,1804,6.23,ocean,408.5,delivered,0,11238.92,17,19.0,2.0,0.0
PO-005386,SUP-015,SKU-00069,WH-SOUTH,2024-10-21,2024-10-27,2024-10-27,1439,6.23,air,1041.57,delivered,0,8964.97,6,6.0,0.0,1.0
PO-005387,SUP-015,SKU-00069,WH-SOUTH,2024-11-04,2024-11-21,2024-11-22,1405,6.23,ocean,413.78,delivered,0,8753.15,17,18.0,1.0,0.0
PO-005388,SUP-015,SKU-00069,WH-SOUTH,2024-11-18,2024-11-24,2024-11-23,1385,6.23,air,1041.32,delivered,0,8628.55,6,5.0,-1.0,1.0
PO-005389,SUP-015,SKU-00069,WH-SOUTH,2024-12-02,2024-12-16,2024-12-13,1271,6.23,rail,318.03,delivered,0,7918.33,14,11.0,-3.0,1.0
PO-005390,SUP-015,SKU-00069,WH-SOUTH,2024-12-16,2025-01-02,2025-01-03,1869,6.23,ocean,421.13,delivered,0,11643.87,17,18.0,1.0,0.0
PO-005391,SUP-015,SKU-00069,WH-SOUTH,2025-01-06,2025-01-23,2025-01-27,1464,6.23,ocean,309.82,delivered,0,9120.72,17,21.0,4.0,0.0
PO-005392,SUP-015,SKU-00069,WH-SOUTH,2025-01-20,2025-01-26,2025-01-25,1432,6.23,air,1010.6,delivered,0,8921.36,6,5.0,-1.0,1.0
PO-005393,SUP-015,SKU-00069,WH-SOUTH,2025-02-03,2025-02-09,2025-02-09,1479,6.23,air,1249.51,delivered,0,9214.17,6,6.0,0.0,1.0
PO-005394,SUP-015,SKU-00069,WH-SOUTH,2025-02-17,2025-03-06,2025-03-03,1629,6.23,ocean,398.2,delivered,0,10148.67,17,14.0,-3.0,1.0
PO-005395,SUP-015,SKU-00069,WH-SOUTH,2025-03-03,2025-03-20,2025-03-16,1374,6.23,ocean,354.16,delivered,0,8560.02,17,13.0,-4.0,1.0
PO-005396,SUP-015,SKU-00069,WH-SOUTH,2025-03-17,2025-03-29,2025-03-30,1713,6.23,road,640.42,delivered,0,10671.99,12,13.0,1.0,0.0
PO-005397,SUP-015,SKU-00069,WH-SOUTH,2025-03-31,2025-04-14,2025-04-14,1542,6.23,rail,417.63,delivered,0,9606.66,14,14.0,0.0,1.0
PO-005398,SUP-015,SKU-00069,WH-SOUTH,2025-04-14,2025-05-01,2025-05-04,1267,6.23,ocean,319.67,delivered,0,7893.41,17,20.0,3.0,0.0
PO-005399,SUP-015,SKU-00069,WH-SOUTH,2025-05-05,2025-05-22,2025-05-24,1874,6.23,ocean,523.07,delivered,0,11675.02,17,19.0,2.0,0.0
PO-005400,SUP-015,SKU-00069,WH-SOUTH,2025-05-26,2025-06-12,2025-06-11,1349,6.23,ocean,335.01,delivered,0,8404.27,17,16.0,-1.0,1.0
PO-005401,SUP-015,SKU-00069,WH-SOUTH,2025-06-16,2025-07-03,2025-07-09,2006,6.23,ocean,470.78,delivered,0,12497.38,17,23.0,6.0,0.0
PO-005402,SUP-015,SKU-00069,WH-SOUTH,2025-07-14,2025-07-20,2025-07-22,1459,6.23,air,1125.2,delivered,0,9089.57,6,8.0,2.0,0.0
PO-005403,SUP-015,SKU-00069,WH-SOUTH,2025-08-04,2025-08-10,2025-08-11,1764,6.23,air,1388.04,delivered,0,10989.72,6,7.0,1.0,0.0
PO-005404,SUP-015,SKU-00069,WH-SOUTH,2025-08-18,2025-08-24,2025-08-24,1539,6.23,air,1015.44,delivered,0,9587.97,6,6.0,0.0,1.0
PO-005405,SUP-015,SKU-00069,WH-SOUTH,2025-09-01,2025-09-18,2025-09-20,1631,6.23,ocean,347.63,delivered,0,10161.13,17,19.0,2.0,0.0
PO-005406,SUP-015,SKU-00069,WH-SOUTH,2025-09-15,2025-09-21,2025-09-22,1265,6.23,air,1018.43,delivered,0,7880.95,6,7.0,1.0,0.0
PO-005407,SUP-015,SKU-00069,WH-SOUTH,2025-10-06,2025-10-20,2025-10-17,1492,6.23,rail,380.63,delivered,0,9295.16,14,11.0,-3.0,1.0
PO-005408,SUP-015,SKU-00069,WH-SOUTH,2025-10-20,2025-10-26,2025-10-25,2003,6.23,air,1363.21,delivered,0,12478.69,6,5.0,-1.0,1.0
PO-005409,SUP-015,SKU-00069,WH-SOUTH,2025-11-03,2025-11-20,2025-11-25,1721,6.23,ocean,433.86,delivered,0,10721.83,17,22.0,5.0,0.0
PO-005410,SUP-015,SKU-00069,WH-SOUTH,2025-12-01,2025-12-18,2025-12-26,2027,6.23,ocean,476.76,delivered,0,12628.21,17,25.0,8.0,0.0
PO-005411,SUP-005,SKU-00070,WH-EAST,2024-01-15,2024-01-17,2024-01-16,68,1.4,air,10.5,delivered,0,95.2,2,1.0,-1.0,1.0
PO-005412,SUP-005,SKU-00070,WH-EAST,2024-02-05,2024-02-07,2024-02-07,92,1.4,air,14.02,delivered,0,128.8,2,2.0,0.0,1.0
PO-005413,SUP-005,SKU-00070,WH-EAST,2024-02-19,2024-02-24,2024-02-24,68,1.4,rail,5.7,delivered,0,95.2,5,5.0,0.0,1.0
PO-005414,SUP-005,SKU-00070,WH-EAST,2024-03-11,2024-03-16,2024-03-25,97,1.4,rail,7.77,delivered,0,135.8,5,14.0,9.0,0.0
PO-005415,SUP-005,SKU-00070,WH-EAST,2024-04-08,2024-04-13,2024-04-14,79,1.4,rail,5.94,delivered,0,110.6,5,6.0,1.0,0.0
PO-005416,SUP-005,SKU-00070,WH-EAST,2024-04-29,2024-05-04,2024-05-01,96,1.4,road,8.76,delivered,0,134.4,5,2.0,-3.0,1.0
PO-005417,SUP-005,SKU-00070,WH-EAST,2024-05-13,2024-05-18,2024-05-22,69,1.4,rail,5.05,delivered,0,96.6,5,9.0,4.0,0.0
PO-005418,SUP-005,SKU-00070,WH-EAST,2024-06-03,2024-06-08,2024-06-09,80,1.4,road,6.72,delivered,0,112.0,5,6.0,1.0,0.0
PO-005419,SUP-005,SKU-00070,WH-EAST,2024-06-24,2024-06-29,2024-06-28,79,1.4,road,6.13,delivered,0,110.6,5,4.0,-1.0,1.0
PO-005420,SUP-005,SKU-00070,WH-EAST,2024-07-15,2024-07-20,2024-07-22,83,1.4,road,7.44,delivered,0,116.2,5,7.0,2.0,0.0
PO-005421,SUP-005,SKU-00070,WH-EAST,2024-08-12,2024-08-17,2024-08-19,89,1.4,rail,6.37,delivered,0,124.6,5,7.0,2.0,0.0
PO-005422,SUP-005,SKU-00070,WH-EAST,2024-09-09,2024-09-14,2024-09-13,75,1.4,rail,5.42,delivered,0,105.0,5,4.0,-1.0,1.0
PO-005423,SUP-005,SKU-00070,WH-EAST,2024-09-30,2024-10-05,2024-10-11,68,1.4,road,6.81,delivered,0,95.2,5,11.0,6.0,0.0
PO-005424,SUP-005,SKU-00070,WH-EAST,2024-10-28,2024-11-02,2024-11-03,82,1.4,road,6.83,delivered,0,114.8,5,6.0,1.0,0.0
PO-005425,SUP-005,SKU-00070,WH-EAST,2024-11-25,2024-11-30,2024-12-08,86,1.4,road,6.97,delivered,0,120.4,5,13.0,8.0,0.0
PO-005426,SUP-005,SKU-00070,WH-EAST,2024-12-30,2025-01-04,2025-01-04,88,1.4,road,6.94,delivered,0,123.2,5,5.0,0.0,1.0
PO-005427,SUP-005,SKU-00070,WH-EAST,2025-01-20,2025-01-25,2025-01-26,73,1.4,road,5.32,delivered,0,102.2,5,6.0,1.0,0.0
PO-005428,SUP-005,SKU-00070,WH-EAST,2025-02-10,2025-02-15,2025-02-16,77,1.4,road,7.24,delivered,0,107.8,5,6.0,1.0,0.0
PO-005429,SUP-005,SKU-00070,WH-EAST,2025-03-03,2025-03-08,2025-03-06,85,1.4,road,6.52,delivered,0,119.0,5,3.0,-2.0,1.0
PO-005430,SUP-005,SKU-00070,WH-EAST,2025-03-24,2025-03-29,2025-03-28,90,1.4,road,8.62,delivered,0,126.0,5,4.0,-1.0,1.0
PO-005431,SUP-005,SKU-00070,WH-EAST,2025-04-14,2025-04-19,2025-04-17,84,1.4,rail,5.76,delivered,0,117.6,5,3.0,-2.0,1.0
PO-005432,SUP-005,SKU-00070,WH-EAST,2025-04-28,2025-04-30,2025-04-29,71,1.4,air,11.85,delivered,0,99.4,2,1.0,-1.0,1.0
PO-005433,SUP-005,SKU-00070,WH-EAST,2025-05-19,2025-05-24,2025-05-24,84,1.4,road,7.61,delivered,0,117.6,5,5.0,0.0,1.0
PO-005434,SUP-005,SKU-00070,WH-EAST,2025-06-09,2025-06-14,2025-06-13,76,1.4,rail,5.01,delivered,0,106.4,5,4.0,-1.0,1.0
PO-005435,SUP-005,SKU-00070,WH-EAST,2025-06-30,2025-07-05,2025-07-04,70,1.4,rail,5.13,delivered,0,98.0,5,4.0,-1.0,1.0
PO-005436,SUP-005,SKU-00070,WH-EAST,2025-07-21,2025-07-26,2025-07-26,66,1.4,rail,4.36,delivered,0,92.4,5,5.0,0.0,1.0
PO-005437,SUP-005,SKU-00070,WH-EAST,2025-08-11,2025-08-16,2025-08-15,82,1.4,rail,5.35,delivered,0,114.8,5,4.0,-1.0,1.0
PO-005438,SUP-005,SKU-00070,WH-EAST,2025-09-08,2025-09-13,2025-09-11,70,1.4,road,6.38,delivered,0,98.0,5,3.0,-2.0,1.0
PO-005439,SUP-005,SKU-00070,WH-EAST,2025-10-06,2025-10-11,2025-10-08,73,1.4,rail,5.64,delivered,0,102.2,5,2.0,-3.0,1.0
PO-005440,SUP-005,SKU-00070,WH-EAST,2025-11-03,2025-11-05,2025-11-06,66,1.4,air,10.73,delivered,0,92.4,2,3.0,1.0,0.0
PO-005441,SUP-005,SKU-00070,WH-EAST,2025-11-24,2025-11-29,2025-11-29,70,1.4,rail,4.25,delivered,0,98.0,5,5.0,0.0,1.0
PO-005442,SUP-005,SKU-00070,WH-EAST,2025-12-22,2025-12-24,2025-12-24,77,1.4,air,13.25,delivered,0,107.8,2,2.0,0.0,1.0
PO-005443,SUP-005,SKU-00070,WH-APAC,2024-01-15,2024-01-20,2024-01-19,77,1.4,rail,5.35,delivered,0,107.8,5,4.0,-1.0,1.0
PO-005444,SUP-005,SKU-00070,WH-APAC,2024-01-29,2024-02-03,2024-02-01,70,1.4,road,6.28,delivered,0,98.0,5,3.0,-2.0,1.0
PO-005445,SUP-005,SKU-00070,WH-APAC,2024-02-19,2024-02-21,2024-02-21,101,1.4,air,18.92,delivered,0,141.4,2,2.0,0.0,1.0
PO-005446,SUP-005,SKU-00070,WH-APAC,2024-03-11,2024-03-16,2024-03-13,86,1.4,rail,5.83,delivered,0,120.4,5,2.0,-3.0,1.0
PO-005447,SUP-005,SKU-00070,WH-APAC,2024-03-25,2024-03-30,2024-03-29,70,1.4,rail,4.27,delivered,0,98.0,5,4.0,-1.0,1.0
PO-005448,SUP-005,SKU-00070,WH-APAC,2024-04-08,2024-04-13,2024-04-16,73,1.4,road,7.31,delivered,0,102.2,5,8.0,3.0,0.0
PO-005449,SUP-005,SKU-00070,WH-APAC,2024-04-29,2024-05-04,2024-05-07,100,1.4,road,6.99,delivered,0,140.0,5,8.0,3.0,0.0
PO-005450,SUP-005,SKU-00070,WH-APAC,2024-05-20,2024-05-22,2024-05-30,75,1.4,air,12.67,delivered,0,105.0,2,10.0,8.0,0.0
PO-005451,SUP-005,SKU-00070,WH-APAC,2024-06-10,2024-06-15,2024-06-16,75,1.4,road,6.77,delivered,0,105.0,5,6.0,1.0,0.0
PO-005452,SUP-005,SKU-00070,WH-APAC,2024-07-01,2024-07-03,2024-07-02,90,1.4,air,16.76,delivered,0,126.0,2,1.0,-1.0,1.0
PO-005453,SUP-005,SKU-00070,WH-APAC,2024-07-22,2024-07-27,2024-07-29,87,1.4,road,8.37,delivered,0,121.8,5,7.0,2.0,0.0
PO-005454,SUP-005,SKU-00070,WH-APAC,2024-08-12,2024-08-14,2024-08-14,69,1.4,air,9.9,delivered,0,96.6,2,2.0,0.0,1.0
PO-005455,SUP-005,SKU-00070,WH-APAC,2024-09-02,2024-09-07,2024-09-07,81,1.4,road,5.83,delivered,0,113.4,5,5.0,0.0,1.0
PO-005456,SUP-005,SKU-00070,WH-APAC,2024-09-30,2024-10-05,2024-10-06,84,1.4,rail,5.51,delivered,0,117.6,5,6.0,1.0,0.0
PO-005457,SUP-005,SKU-00070,WH-APAC,2024-10-28,2024-11-02,2024-10-30,86,1.4,road,6.21,delivered,0,120.4,5,2.0,-3.0,1.0
PO-005458,SUP-005,SKU-00070,WH-APAC,2024-11-18,2024-11-23,2024-11-24,85,1.4,road,6.73,delivered,0,119.0,5,6.0,1.0,0.0
PO-005459,SUP-005,SKU-00070,WH-APAC,2024-12-09,2024-12-11,2024-12-11,76,1.4,air,12.32,delivered,0,106.4,2,2.0,0.0,1.0
PO-005460,SUP-005,SKU-00070,WH-APAC,2024-12-30,2025-01-04,2025-01-03,77,1.4,road,5.83,delivered,0,107.8,5,4.0,-1.0,1.0
PO-005461,SUP-005,SKU-00070,WH-APAC,2025-01-20,2025-01-25,2025-02-02,79,1.4,rail,5.32,delivered,0,110.6,5,13.0,8.0,0.0
PO-005462,SUP-005,SKU-00070,WH-APAC,2025-02-17,2025-02-19,2025-02-19,85,1.4,air,13.42,delivered,0,119.0,2,2.0,0.0,1.0
PO-005463,SUP-005,SKU-00070,WH-APAC,2025-03-10,2025-03-12,2025-03-14,94,1.4,air,15.33,delivered,0,131.6,2,4.0,2.0,0.0
PO-005464,SUP-005,SKU-00070,WH-APAC,2025-03-31,2025-04-05,2025-04-09,80,1.4,rail,5.71,delivered,0,112.0,5,9.0,4.0,0.0
PO-005465,SUP-005,SKU-00070,WH-APAC,2025-04-21,2025-04-26,2025-04-27,73,1.4,rail,5.18,delivered,0,102.2,5,6.0,1.0,0.0
PO-005466,SUP-005,SKU-00070,WH-APAC,2025-05-12,2025-05-17,2025-05-23,91,1.4,road,7.17,delivered,0,127.4,5,11.0,6.0,0.0
PO-005467,SUP-005,SKU-00070,WH-APAC,2025-06-09,2025-06-14,2025-06-15,77,1.4,rail,4.65,delivered,0,107.8,5,6.0,1.0,0.0
PO-005468,SUP-005,SKU-00070,WH-APAC,2025-06-30,2025-07-05,2025-07-05,74,1.4,road,7.03,delivered,0,103.6,5,5.0,0.0,1.0
PO-005469,SUP-005,SKU-00070,WH-APAC,2025-07-21,2025-07-26,2025-07-25,74,1.4,rail,4.16,delivered,0,103.6,5,4.0,-1.0,1.0
PO-005470,SUP-005,SKU-00070,WH-APAC,2025-08-11,2025-08-16,2025-08-17,85,1.4,road,6.5,delivered,0,119.0,5,6.0,1.0,0.0
PO-005471,SUP-005,SKU-00070,WH-APAC,2025-09-08,2025-09-13,2025-09-14,76,1.4,road,7.6,delivered,0,106.4,5,6.0,1.0,0.0
PO-005472,SUP-005,SKU-00070,WH-APAC,2025-10-06,2025-10-11,2025-10-10,72,1.4,road,5.68,delivered,0,100.8,5,4.0,-1.0,1.0
PO-005473,SUP-005,SKU-00070,WH-APAC,2025-11-03,2025-11-05,2025-11-07,77,1.4,air,11.3,delivered,0,107.8,2,4.0,2.0,0.0
PO-005474,SUP-005,SKU-00070,WH-APAC,2025-11-24,2025-11-29,2025-11-25,80,1.4,rail,6.21,delivered,0,112.0,5,1.0,-4.0,1.0
PO-005475,SUP-005,SKU-00070,WH-APAC,2025-12-22,2025-12-27,,88,1.4,road,7.13,open,0,123.2,5,,,
PO-005476,SUP-019,SKU-00071,WH-EAST,2024-01-22,2024-02-15,2024-02-15,1103,5.41,ocean,281.74,delivered,0,5967.23,24,24.0,0.0,1.0
PO-005477,SUP-019,SKU-00071,WH-EAST,2024-02-05,2024-02-29,2024-03-02,901,5.41,ocean,226.09,delivered,0,4874.41,24,26.0,2.0,0.0
PO-005478,SUP-019,SKU-00071,WH-EAST,2024-02-26,2024-03-21,2024-03-28,1110,5.41,ocean,272.93,delivered,0,6005.1,24,31.0,7.0,0.0
PO-005479,SUP-019,SKU-00071,WH-EAST,2024-03-11,2024-03-29,2024-04-04,1031,5.41,road,385.59,delivered,0,5577.71,18,24.0,6.0,0.0
PO-005480,SUP-019,SKU-00071,WH-EAST,2024-04-08,2024-05-02,2024-05-02,1093,5.41,ocean,251.0,delivered,0,5913.13,24,24.0,0.0,1.0
PO-005481,SUP-019,SKU-00071,WH-EAST,2024-04-22,2024-05-16,2024-05-26,893,5.41,ocean,228.65,delivered,0,4831.13,24,34.0,10.0,0.0
PO-005482,SUP-019,SKU-00071,WH-EAST,2024-05-13,2024-05-21,2024-05-20,1177,5.41,air,902.52,delivered,0,6367.57,8,7.0,-1.0,1.0
PO-005483,SUP-019,SKU-00071,WH-EAST,2024-06-03,2024-06-27,2024-06-24,1125,5.41,ocean,234.36,delivered,0,6086.25,24,21.0,-3.0,1.0
PO-005484,SUP-019,SKU-00071,WH-EAST,2024-06-17,2024-07-11,2024-07-22,960,5.41,ocean,232.59,delivered,0,5193.6,24,35.0,11.0,0.0
PO-005485,SUP-019,SKU-00071,WH-EAST,2024-07-01,2024-07-09,2024-07-09,930,5.41,air,697.36,delivered,0,5031.3,8,8.0,0.0,1.0
PO-005486,SUP-019,SKU-00071,WH-EAST,2024-07-15,2024-08-08,2024-08-03,924,5.41,ocean,197.85,delivered,0,4998.84,24,19.0,-5.0,1.0
PO-005487,SUP-019,SKU-00071,WH-EAST,2024-07-29,2024-08-16,2024-08-22,886,5.41,road,268.04,delivered,0,4793.26,18,24.0,6.0,0.0
PO-005488,SUP-019,SKU-00071,WH-EAST,2024-08-12,2024-09-05,2024-08-30,1054,5.41,ocean,271.02,delivered,0,5702.14,24,18.0,-6.0,1.0
PO-005489,SUP-019,SKU-00071,WH-EAST,2024-09-02,2024-09-26,2024-09-19,1313,5.41,ocean,325.62,delivered,0,7103.33,24,17.0,-7.0,1.0
PO-005490,SUP-019,SKU-00071,WH-EAST,2024-09-16,2024-09-24,2024-09-25,1086,5.41,air,591.03,delivered,0,5875.26,8,9.0,1.0,0.0
PO-005491,SUP-019,SKU-00071,WH-EAST,2024-10-07,2024-10-31,2024-11-03,1267,5.41,ocean,287.75,delivered,0,6854.47,24,27.0,3.0,0.0
PO-005492,SUP-019,SKU-00071,WH-EAST,2024-10-21,2024-10-29,2024-10-30,977,5.41,air,676.58,delivered,0,5285.57,8,9.0,1.0,0.0
PO-005493,SUP-019,SKU-00071,WH-EAST,2024-11-18,2024-11-26,2024-11-25,1146,5.41,air,870.34,delivered,0,6199.86,8,7.0,-1.0,1.0
PO-005494,SUP-019,SKU-00071,WH-EAST,2024-12-02,2024-12-10,2024-12-10,924,5.41,air,719.18,delivered,0,4998.84,8,8.0,0.0,1.0
PO-005495,SUP-019,SKU-00071,WH-EAST,2024-12-23,2025-01-16,2025-01-19,1308,5.41,ocean,282.33,delivered,0,7076.28,24,27.0,3.0,0.0
PO-005496,SUP-019,SKU-00071,WH-EAST,2025-01-13,2025-01-21,2025-01-18,1080,5.41,air,735.82,delivered,0,5842.8,8,5.0,-3.0,1.0
PO-005497,SUP-019,SKU-00071,WH-EAST,2025-02-03,2025-02-27,2025-02-21,939,5.41,ocean,233.89,delivered,0,5079.99,24,18.0,-6.0,1.0
PO-005498,SUP-019,SKU-00071,WH-EAST,2025-02-24,2025-03-14,2025-03-18,1058,5.41,road,365.16,delivered,0,5723.78,18,22.0,4.0,0.0
PO-005499,SUP-019,SKU-00071,WH-EAST,2025-03-17,2025-04-10,2025-04-13,982,5.41,ocean,201.03,delivered,0,5312.62,24,27.0,3.0,0.0
PO-005500,SUP-019,SKU-00071,WH-EAST,2025-04-07,2025-04-26,2025-04-26,959,5.41,rail,229.97,delivered,0,5188.19,19,19.0,0.0,1.0
PO-005501,SUP-019,SKU-00071,WH-EAST,2025-04-21,2025-05-15,2025-05-17,902,5.41,ocean,161.59,delivered,0,4879.82,24,26.0,2.0,0.0
PO-005502,SUP-019,SKU-00071,WH-EAST,2025-05-12,2025-05-30,2025-05-25,1193,5.41,road,397.66,delivered,0,6454.13,18,13.0,-5.0,1.0
PO-005503,SUP-019,SKU-00071,WH-EAST,2025-05-26,2025-06-19,2025-06-11,943,5.41,ocean,188.54,delivered,0,5101.63,24,16.0,-8.0,1.0
PO-005504,SUP-019,SKU-00071,WH-EAST,2025-06-16,2025-07-10,2025-07-04,1192,5.41,ocean,253.96,delivered,0,6448.72,24,18.0,-6.0,1.0
PO-005505,SUP-019,SKU-00071,WH-EAST,2025-06-30,2025-07-08,2025-07-07,1194,5.41,air,659.97,delivered,0,6459.54,8,7.0,-1.0,1.0
PO-005506,SUP-019,SKU-00071,WH-EAST,2025-07-14,2025-08-01,2025-07-30,938,5.41,road,302.4,delivered,0,5074.58,18,16.0,-2.0,1.0
PO-005507,SUP-019,SKU-00071,WH-EAST,2025-07-28,2025-08-21,2025-08-11,906,5.41,ocean,217.23,delivered,0,4901.46,24,14.0,-10.0,1.0
PO-005508,SUP-019,SKU-00071,WH-EAST,2025-08-11,2025-08-30,2025-09-11,1135,5.41,rail,283.72,delivered,0,6140.35,19,31.0,12.0,0.0
PO-005509,SUP-019,SKU-00071,WH-EAST,2025-09-01,2025-09-25,2025-09-27,1277,5.41,ocean,324.17,delivered,0,6908.57,24,26.0,2.0,0.0
PO-005510,SUP-019,SKU-00071,WH-EAST,2025-09-22,2025-09-30,2025-10-01,889,5.41,air,518.51,delivered,0,4809.49,8,9.0,1.0,0.0
PO-005511,SUP-019,SKU-00071,WH-EAST,2025-10-13,2025-10-21,2025-10-24,1269,5.41,air,896.09,delivered,0,6865.29,8,11.0,3.0,0.0
PO-005512,SUP-019,SKU-00071,WH-EAST,2025-10-27,2025-11-20,2025-11-26,890,5.41,ocean,216.53,delivered,0,4814.9,24,30.0,6.0,0.0
PO-005513,SUP-019,SKU-00071,WH-EAST,2025-11-10,2025-12-04,2025-11-28,952,5.41,ocean,187.47,delivered,0,5150.32,24,18.0,-6.0,1.0
PO-005514,SUP-019,SKU-00071,WH-EAST,2025-12-08,2025-12-26,2025-12-28,1241,5.41,road,439.36,delivered,0,6713.81,18,20.0,2.0,0.0
PO-005515,SUP-003,SKU-00072,WH-SOUTH,2024-01-15,2024-01-25,2024-01-29,50,9.53,air,63.38,delivered,0,476.5,10,14.0,4.0,0.0
PO-005516,SUP-003,SKU-00072,WH-SOUTH,2024-01-29,2024-02-08,2024-02-11,46,9.53,air,59.95,delivered,0,438.38,10,13.0,3.0,0.0
PO-005517,SUP-003,SKU-00072,WH-SOUTH,2024-02-19,2024-03-20,2024-03-18,61,9.53,ocean,20.16,delivered,0,581.33,30,28.0,-2.0,1.0
PO-005518,SUP-003,SKU-00072,WH-SOUTH,2024-03-11,2024-04-02,2024-04-03,63,9.53,road,39.84,delivered,0,600.39,22,23.0,1.0,0.0
PO-005519,SUP-003,SKU-00072,WH-SOUTH,2024-04-01,2024-05-01,2024-04-18,53,9.53,ocean,23.84,delivered,0,505.09,30,17.0,-13.0,1.0
PO-005520,SUP-003,SKU-00072,WH-SOUTH,2024-04-15,2024-05-15,2024-04-27,47,9.53,ocean,19.53,delivered,0,447.91,30,12.0,-18.0,1.0
PO-005521,SUP-003,SKU-00072,WH-SOUTH,2024-05-06,2024-06-05,2024-06-25,59,9.53,ocean,25.49,delivered,0,562.27,30,50.0,20.0,0.0
PO-005522,SUP-003,SKU-00072,WH-SOUTH,2024-05-27,2024-06-26,2024-07-09,53,9.53,ocean,17.83,delivered,0,505.09,30,43.0,13.0,0.0
PO-005523,SUP-003,SKU-00072,WH-SOUTH,2024-07-08,2024-08-07,2024-08-11,58,9.53,ocean,21.84,delivered,0,552.74,30,34.0,4.0,0.0
PO-005524,SUP-003,SKU-00072,WH-SOUTH,2024-08-05,2024-09-04,2024-09-08,59,9.53,ocean,22.39,delivered,0,562.27,30,34.0,4.0,0.0
PO-005525,SUP-003,SKU-00072,WH-SOUTH,2024-08-26,2024-09-17,2024-09-26,48,9.53,road,30.66,delivered,0,457.44,22,31.0,9.0,0.0
PO-005526,SUP-003,SKU-00072,WH-SOUTH,2024-09-16,2024-10-16,2024-10-23,45,9.53,ocean,14.66,delivered,0,428.85,30,37.0,7.0,0.0
PO-005527,SUP-003,SKU-00072,WH-SOUTH,2024-10-07,2024-11-06,2024-11-05,58,9.53,ocean,25.41,delivered,0,552.74,30,29.0,-1.0,1.0
PO-005528,SUP-003,SKU-00072,WH-SOUTH,2024-10-28,2024-11-27,2024-12-10,48,9.53,ocean,17.59,delivered,0,457.44,30,43.0,13.0,0.0
PO-005529,SUP-003,SKU-00072,WH-SOUTH,2024-11-11,2024-11-21,2024-11-25,50,9.53,air,49.87,delivered,0,476.5,10,14.0,4.0,0.0
PO-005530,SUP-003,SKU-00072,WH-SOUTH,2024-12-02,2025-01-01,2024-12-15,60,9.53,ocean,18.73,delivered,0,571.8,30,13.0,-17.0,1.0
PO-005531,SUP-003,SKU-00072,WH-SOUTH,2024-12-16,2025-01-15,2025-01-18,48,9.53,ocean,15.33,delivered,0,457.44,30,33.0,3.0,0.0
PO-005532,SUP-003,SKU-00072,WH-SOUTH,2024-12-30,2025-01-29,2025-02-09,58,9.53,ocean,19.1,delivered,0,552.74,30,41.0,11.0,0.0
PO-005533,SUP-003,SKU-00072,WH-SOUTH,2025-01-27,2025-02-18,2025-02-18,62,9.53,road,30.39,delivered,0,590.86,22,22.0,0.0,1.0
PO-005534,SUP-003,SKU-00072,WH-SOUTH,2025-02-17,2025-03-11,2025-03-17,44,9.53,road,22.43,delivered,0,419.32,22,28.0,6.0,0.0
PO-005535,SUP-003,SKU-00072,WH-SOUTH,2025-03-03,2025-04-02,2025-03-22,49,9.53,ocean,18.84,delivered,0,466.97,30,19.0,-11.0,1.0
PO-005536,SUP-003,SKU-00072,WH-SOUTH,2025-03-24,2025-04-03,2025-03-29,63,9.53,air,57.88,delivered,0,600.39,10,5.0,-5.0,1.0
PO-005537,SUP-003,SKU-00072,WH-SOUTH,2025-04-07,2025-05-07,2025-05-02,48,9.53,ocean,19.6,delivered,0,457.44,30,25.0,-5.0,1.0
PO-005538,SUP-003,SKU-00072,WH-SOUTH,2025-04-28,2025-05-22,2025-05-22,58,9.53,rail,32.05,delivered,0,552.74,24,24.0,0.0,1.0
PO-005539,SUP-003,SKU-00072,WH-SOUTH,2025-05-19,2025-06-18,2025-06-19,58,9.53,ocean,20.63,delivered,0,552.74,30,31.0,1.0,0.0
PO-005540,SUP-003,SKU-00072,WH-SOUTH,2025-06-09,2025-07-09,2025-07-03,55,9.53,ocean,25.08,delivered,0,524.15,30,24.0,-6.0,1.0
PO-005541,SUP-003,SKU-00072,WH-SOUTH,2025-06-30,2025-07-30,2025-08-02,51,9.53,ocean,21.49,delivered,0,486.03,30,33.0,3.0,0.0
PO-005542,SUP-003,SKU-00072,WH-SOUTH,2025-07-21,2025-08-20,2025-08-18,57,9.53,ocean,21.7,delivered,0,543.21,30,28.0,-2.0,1.0
PO-005543,SUP-003,SKU-00072,WH-SOUTH,2025-08-11,2025-08-21,2025-08-17,51,9.53,air,54.38,delivered,0,486.03,10,6.0,-4.0,1.0
PO-005544,SUP-003,SKU-00072,WH-SOUTH,2025-09-01,2025-09-11,2025-09-11,56,9.53,air,55.18,delivered,0,533.68,10,10.0,0.0,1.0
PO-005545,SUP-003,SKU-00072,WH-SOUTH,2025-09-22,2025-10-16,2025-10-23,64,9.53,rail,35.06,delivered,0,609.92,24,31.0,7.0,0.0
PO-005546,SUP-003,SKU-00072,WH-SOUTH,2025-10-06,2025-10-16,2025-10-17,64,9.53,air,69.54,delivered,0,609.92,10,11.0,1.0,0.0
PO-005547,SUP-003,SKU-00072,WH-SOUTH,2025-11-03,2025-12-03,2025-12-08,62,9.53,ocean,24.4,delivered,0,590.86,30,35.0,5.0,0.0
PO-005548,SUP-003,SKU-00072,WH-SOUTH,2025-11-17,2025-11-27,2025-11-28,52,9.53,air,53.28,delivered,0,495.56,10,11.0,1.0,0.0
PO-005549,SUP-003,SKU-00072,WH-SOUTH,2025-12-08,2025-12-18,2025-12-17,60,9.53,air,71.83,delivered,0,571.8,10,9.0,-1.0,1.0
PO-005550,SUP-003,SKU-00072,WH-SOUTH,2025-12-22,2026-01-21,,67,9.53,ocean,24.55,open,0,638.51,30,,,
PO-005551,SUP-003,SKU-00072,WH-APAC,2024-01-15,2024-02-08,2024-02-05,63,9.53,rail,29.82,delivered,0,600.39,24,21.0,-3.0,1.0
PO-005552,SUP-003,SKU-00072,WH-APAC,2024-01-29,2024-02-22,2024-03-13,58,9.53,rail,28.43,delivered,0,552.74,24,44.0,20.0,0.0
PO-005553,SUP-003,SKU-00072,WH-APAC,2024-02-12,2024-02-22,2024-02-24,57,9.53,air,53.91,delivered,0,543.21,10,12.0,2.0,0.0
PO-005554,SUP-003,SKU-00072,WH-APAC,2024-03-04,2024-03-26,2024-03-13,82,9.53,road,52.56,delivered,0,781.46,22,9.0,-13.0,1.0
PO-005555,SUP-003,SKU-00072,WH-APAC,2024-03-25,2024-04-24,2024-04-16,70,9.53,ocean,31.17,delivered,0,667.1,30,22.0,-8.0,1.0
PO-005556,SUP-003,SKU-00072,WH-APAC,2024-04-08,2024-05-02,2024-04-26,56,9.53,rail,30.4,delivered,0,533.68,24,18.0,-6.0,1.0
PO-005557,SUP-003,SKU-00072,WH-APAC,2024-04-29,2024-05-29,2024-05-23,72,9.53,ocean,30.08,delivered,0,686.16,30,24.0,-6.0,1.0
PO-005558,SUP-003,SKU-00072,WH-APAC,2024-05-20,2024-06-19,2024-06-08,65,9.53,ocean,26.86,delivered,0,619.45,30,19.0,-11.0,1.0
PO-005559,SUP-003,SKU-00072,WH-APAC,2024-06-10,2024-06-20,2024-06-21,59,9.53,air,78.33,delivered,0,562.27,10,11.0,1.0,0.0
PO-005560,SUP-003,SKU-00072,WH-APAC,2024-07-01,2024-07-23,2024-07-21,56,9.53,road,29.67,delivered,0,533.68,22,20.0,-2.0,1.0
PO-005561,SUP-003,SKU-00072,WH-APAC,2024-07-22,2024-08-15,2024-08-21,60,9.53,rail,29.8,delivered,0,571.8,24,30.0,6.0,0.0
PO-005562,SUP-003,SKU-00072,WH-APAC,2024-08-12,2024-09-11,2024-09-08,58,9.53,ocean,22.01,delivered,0,552.74,30,27.0,-3.0,1.0
PO-005563,SUP-003,SKU-00072,WH-APAC,2024-09-02,2024-10-02,2024-09-21,63,9.53,ocean,22.93,delivered,0,600.39,30,19.0,-11.0,1.0
PO-005564,SUP-003,SKU-00072,WH-APAC,2024-09-23,2024-10-23,2024-10-13,66,9.53,ocean,29.29,delivered,0,628.98,30,20.0,-10.0,1.0
PO-005565,SUP-003,SKU-00072,WH-APAC,2024-10-14,2024-11-13,2024-11-11,75,9.53,ocean,31.73,delivered,0,714.75,30,28.0,-2.0,1.0
PO-005566,SUP-003,SKU-00072,WH-APAC,2024-10-28,2024-11-27,2024-12-04,57,9.53,ocean,24.83,delivered,0,543.21,30,37.0,7.0,0.0
PO-005567,SUP-003,SKU-00072,WH-APAC,2024-11-18,2024-12-12,2024-12-24,67,9.53,rail,26.59,delivered,0,638.51,24,36.0,12.0,0.0
PO-005568,SUP-003,SKU-00072,WH-APAC,2024-12-09,2024-12-31,2025-01-11,68,9.53,road,45.51,delivered,0,648.04,22,33.0,11.0,0.0
PO-005569,SUP-003,SKU-00072,WH-APAC,2024-12-30,2025-01-09,2025-01-08,68,9.53,air,87.52,delivered,0,648.04,10,9.0,-1.0,1.0
PO-005570,SUP-003,SKU-00072,WH-APAC,2025-01-20,2025-01-30,2025-01-28,83,9.53,air,77.43,delivered,0,790.99,10,8.0,-2.0,1.0
PO-005571,SUP-003,SKU-00072,WH-APAC,2025-02-03,2025-02-25,2025-02-28,60,9.53,road,32.12,delivered,0,571.8,22,25.0,3.0,0.0
PO-005572,SUP-003,SKU-00072,WH-APAC,2025-02-17,2025-02-27,2025-02-27,58,9.53,air,61.12,delivered,0,552.74,10,10.0,0.0,1.0
PO-005573,SUP-003,SKU-00072,WH-APAC,2025-03-03,2025-04-02,2025-04-09,61,9.53,ocean,26.62,delivered,0,581.33,30,37.0,7.0,0.0
PO-005574,SUP-003,SKU-00072,WH-APAC,2025-03-24,2025-04-17,2025-04-04,84,9.53,rail,38.25,delivered,0,800.52,24,11.0,-13.0,1.0
PO-005575,SUP-003,SKU-00072,WH-APAC,2025-04-14,2025-05-14,2025-05-16,64,9.53,ocean,28.72,delivered,0,609.92,30,32.0,2.0,0.0
PO-005576,SUP-003,SKU-00072,WH-APAC,2025-05-05,2025-06-04,2025-06-01,71,9.53,ocean,23.12,delivered,0,676.63,30,27.0,-3.0,1.0
PO-005577,SUP-003,SKU-00072,WH-APAC,2025-05-26,2025-06-17,2025-06-10,66,9.53,road,32.71,delivered,0,628.98,22,15.0,-7.0,1.0
PO-005578,SUP-003,SKU-00072,WH-APAC,2025-06-16,2025-07-16,2025-08-08,65,9.53,ocean,26.27,delivered,0,619.45,30,53.0,23.0,0.0
PO-005579,SUP-003,SKU-00072,WH-APAC,2025-07-07,2025-08-06,2025-07-31,67,9.53,ocean,28.47,delivered,0,638.51,30,24.0,-6.0,1.0
PO-005580,SUP-003,SKU-00072,WH-APAC,2025-08-11,2025-09-10,2025-09-03,70,9.53,ocean,25.99,delivered,0,667.1,30,23.0,-7.0,1.0
PO-005581,SUP-003,SKU-00072,WH-APAC,2025-09-01,2025-09-11,2025-09-15,66,9.53,air,79.23,delivered,0,628.98,10,14.0,4.0,0.0
PO-005582,SUP-003,SKU-00072,WH-APAC,2025-09-22,2025-10-22,2025-10-09,76,9.53,ocean,24.91,delivered,0,724.28,30,17.0,-13.0,1.0
PO-005583,SUP-003,SKU-00072,WH-APAC,2025-10-06,2025-10-16,2025-10-13,81,9.53,air,92.41,delivered,0,771.93,10,7.0,-3.0,1.0
PO-005584,SUP-003,SKU-00072,WH-APAC,2025-10-20,2025-11-19,2025-11-15,60,9.53,ocean,20.71,delivered,0,571.8,30,26.0,-4.0,1.0
PO-005585,SUP-003,SKU-00072,WH-APAC,2025-11-03,2025-12-03,2025-12-07,62,9.53,ocean,19.82,delivered,0,590.86,30,34.0,4.0,0.0
PO-005586,SUP-003,SKU-00072,WH-APAC,2025-11-17,2025-12-11,2025-12-20,56,9.53,rail,27.8,delivered,0,533.68,24,33.0,9.0,0.0
PO-005587,SUP-003,SKU-00072,WH-APAC,2025-12-08,2026-01-07,2025-12-22,59,9.53,ocean,20.61,delivered,0,562.27,30,14.0,-16.0,1.0
PO-005588,SUP-003,SKU-00072,WH-APAC,2025-12-22,2026-01-21,,64,9.53,ocean,23.44,open,0,609.92,30,,,
PO-005589,SUP-010,SKU-00073,WH-EAST,2024-01-15,2024-02-06,2024-02-04,657,6.65,road,306.29,delivered,0,4369.05,22,20.0,-2.0,1.0
PO-005590,SUP-010,SKU-00073,WH-EAST,2024-01-29,2024-02-23,2024-03-11,773,6.65,rail,289.85,delivered,0,5140.45,25,42.0,17.0,0.0
PO-005591,SUP-010,SKU-00073,WH-EAST,2024-02-19,2024-03-20,2024-03-05,784,6.65,ocean,239.27,delivered,0,5213.6,30,15.0,-15.0,1.0
PO-005592,SUP-010,SKU-00073,WH-EAST,2024-03-18,2024-04-17,2024-04-16,740,6.65,ocean,165.69,delivered,0,4921.0,30,29.0,-1.0,1.0
PO-005593,SUP-010,SKU-00073,WH-EAST,2024-04-08,2024-05-08,2024-05-01,710,6.65,ocean,219.54,delivered,0,4721.5,30,23.0,-7.0,1.0
PO-005594,SUP-010,SKU-00073,WH-EAST,2024-04-29,2024-05-29,2024-06-01,654,6.65,ocean,179.8,delivered,0,4349.1,30,33.0,3.0,0.0
PO-005595,SUP-010,SKU-00073,WH-EAST,2024-05-20,2024-06-19,2024-06-21,730,6.65,ocean,158.87,delivered,0,4854.5,30,32.0,2.0,0.0
PO-005596,SUP-010,SKU-00073,WH-EAST,2024-06-03,2024-06-13,2024-06-13,580,6.65,air,420.65,delivered,0,3857.0,10,10.0,0.0,1.0
PO-005597,SUP-010,SKU-00073,WH-EAST,2024-06-24,2024-07-24,2024-07-19,790,6.65,ocean,188.98,delivered,0,5253.5,30,25.0,-5.0,1.0
PO-005598,SUP-010,SKU-00073,WH-EAST,2024-07-08,2024-07-18,2024-07-19,596,6.65,air,386.79,delivered,0,3963.4,10,11.0,1.0,0.0
PO-005599,SUP-010,SKU-00073,WH-EAST,2024-07-22,2024-08-21,2024-08-29,616,6.65,ocean,137.29,delivered,0,4096.4,30,38.0,8.0,0.0
PO-005600,SUP-010,SKU-00073,WH-EAST,2024-08-05,2024-09-04,2024-09-05,791,6.65,ocean,187.98,delivered,0,5260.15,30,31.0,1.0,0.0
PO-005601,SUP-010,SKU-00073,WH-EAST,2024-09-02,2024-10-02,2024-09-30,645,6.65,ocean,174.76,delivered,0,4289.25,30,28.0,-2.0,1.0
PO-005602,SUP-010,SKU-00073,WH-EAST,2024-09-16,2024-09-26,2024-09-23,856,6.65,air,801.23,delivered,0,5692.4,10,7.0,-3.0,1.0
PO-005603,SUP-010,SKU-00073,WH-EAST,2024-09-30,2024-10-30,2024-11-04,818,6.65,ocean,236.96,delivered,0,5439.7,30,35.0,5.0,0.0
PO-005604,SUP-010,SKU-00073,WH-EAST,2024-10-14,2024-11-13,2024-11-13,812,6.65,ocean,254.77,delivered,0,5399.8,30,30.0,0.0,1.0
PO-005605,SUP-010,SKU-00073,WH-EAST,2024-11-11,2024-11-21,2024-11-19,656,6.65,air,484.25,delivered,0,4362.4,10,8.0,-2.0,1.0
PO-005606,SUP-010,SKU-00073,WH-EAST,2024-11-25,2024-12-25,2024-12-23,724,6.65,ocean,207.13,delivered,0,4814.6,30,28.0,-2.0,1.0
PO-005607,SUP-010,SKU-00073,WH-EAST,2024-12-09,2024-12-31,2024-12-31,752,6.65,road,308.56,delivered,0,5000.8,22,22.0,0.0,1.0
PO-005608,SUP-010,SKU-00073,WH-EAST,2024-12-30,2025-01-29,2025-01-23,749,6.65,ocean,217.24,delivered,0,4980.85,30,24.0,-6.0,1.0
PO-005609,SUP-010,SKU-00073,WH-EAST,2025-01-13,2025-01-23,2025-01-19,688,6.65,air,571.37,delivered,0,4575.2,10,6.0,-4.0,1.0
PO-005610,SUP-010,SKU-00073,WH-EAST,2025-01-27,2025-02-06,2025-02-13,587,6.65,air,424.52,delivered,0,3903.55,10,17.0,7.0,0.0
PO-005611,SUP-010,SKU-00073,WH-EAST,2025-02-10,2025-03-04,2025-03-03,622,6.65,road,203.07,delivered,0,4136.3,22,21.0,-1.0,1.0
PO-005612,SUP-010,SKU-00073,WH-EAST,2025-02-24,2025-03-26,2025-04-05,602,6.65,ocean,150.67,delivered,0,4003.3,30,40.0,10.0,0.0
PO-005613,SUP-010,SKU-00073,WH-EAST,2025-03-17,2025-03-27,2025-03-26,778,6.65,air,711.88,delivered,0,5173.7,10,9.0,-1.0,1.0
PO-005614,SUP-010,SKU-00073,WH-EAST,2025-04-07,2025-04-17,2025-04-16,814,6.65,air,644.67,delivered,0,5413.1,10,9.0,-1.0,1.0
PO-005615,SUP-010,SKU-00073,WH-EAST,2025-04-28,2025-05-20,2025-05-21,819,6.65,road,359.18,delivered,0,5446.35,22,23.0,1.0,0.0
PO-005616,SUP-010,SKU-00073,WH-EAST,2025-05-19,2025-06-13,2025-06-14,783,6.65,rail,271.0,delivered,0,5206.95,25,26.0,1.0,0.0
PO-005617,SUP-010,SKU-00073,WH-EAST,2025-06-09,2025-07-04,2025-07-04,858,6.65,rail,250.26,delivered,0,5705.7,25,25.0,0.0,1.0
PO-005618,SUP-010,SKU-00073,WH-EAST,2025-06-23,2025-07-15,2025-07-19,613,6.65,road,237.86,delivered,0,4076.45,22,26.0,4.0,0.0
PO-005619,SUP-010,SKU-00073,WH-EAST,2025-07-14,2025-08-13,2025-08-12,897,6.65,ocean,208.7,delivered,0,5965.05,30,29.0,-1.0,1.0
PO-005620,SUP-010,SKU-00073,WH-EAST,2025-07-28,2025-08-27,2025-08-30,754,6.65,ocean,230.5,delivered,0,5014.1,30,33.0,3.0,0.0
PO-005621,SUP-010,SKU-00073,WH-EAST,2025-08-25,2025-09-24,2025-09-13,894,6.65,ocean,236.05,delivered,0,5945.1,30,19.0,-11.0,1.0
PO-005622,SUP-010,SKU-00073,WH-EAST,2025-09-08,2025-09-18,2025-09-18,824,6.65,air,649.72,delivered,0,5479.6,10,10.0,0.0,1.0
PO-005623,SUP-010,SKU-00073,WH-EAST,2025-09-22,2025-10-22,2025-10-08,742,6.65,ocean,186.31,delivered,0,4934.3,30,16.0,-14.0,1.0
PO-005624,SUP-010,SKU-00073,WH-EAST,2025-10-06,2025-10-16,2025-10-17,1049,6.65,air,732.82,delivered,0,6975.85,10,11.0,1.0,0.0
PO-005625,SUP-010,SKU-00073,WH-EAST,2025-10-20,2025-10-30,2025-10-29,894,6.65,air,777.63,delivered,0,5945.1,10,9.0,-1.0,1.0
PO-005626,SUP-010,SKU-00073,WH-EAST,2025-11-03,2025-11-28,2025-11-28,894,6.65,rail,333.34,delivered,0,5945.1,25,25.0,0.0,1.0
PO-005627,SUP-010,SKU-00073,WH-EAST,2025-11-17,2025-11-27,2025-11-28,875,6.65,air,619.04,delivered,0,5818.75,10,11.0,1.0,0.0
PO-005628,SUP-010,SKU-00073,WH-EAST,2025-12-08,2025-12-18,2025-12-14,650,6.65,air,488.38,delivered,0,4322.5,10,6.0,-4.0,1.0
PO-005629,SUP-010,SKU-00073,WH-EAST,2025-12-22,2026-01-16,,749,6.65,rail,288.93,open,0,4980.85,25,,,
PO-005630,SUP-010,SKU-00073,WH-EU,2024-01-15,2024-02-14,2024-02-10,350,6.65,ocean,93.55,delivered,0,2327.5,30,26.0,-4.0,1.0
PO-005631,SUP-010,SKU-00073,WH-EU,2024-01-29,2024-02-28,2024-02-26,474,6.65,ocean,113.82,delivered,0,3152.1,30,28.0,-2.0,1.0
PO-005632,SUP-010,SKU-00073,WH-EU,2024-02-19,2024-03-12,2024-03-09,345,6.65,road,162.76,delivered,0,2294.25,22,19.0,-3.0,1.0
PO-005633,SUP-010,SKU-00073,WH-EU,2024-03-11,2024-04-10,2024-03-29,395,6.65,ocean,122.95,delivered,0,2626.75,30,18.0,-12.0,1.0
PO-005634,SUP-010,SKU-00073,WH-EU,2024-04-01,2024-04-26,2024-05-05,361,6.65,rail,133.79,delivered,0,2400.65,25,34.0,9.0,0.0
PO-005635,SUP-010,SKU-00073,WH-EU,2024-04-22,2024-05-14,2024-05-08,376,6.65,road,140.69,delivered,0,2500.4,22,16.0,-6.0,1.0
PO-005636,SUP-010,SKU-00073,WH-EU,2024-05-13,2024-06-07,2024-06-13,411,6.65,rail,136.91,delivered,0,2733.15,25,31.0,6.0,0.0
PO-005637,SUP-010,SKU-00073,WH-EU,2024-06-03,2024-06-13,2024-06-15,508,6.65,air,446.71,delivered,0,3378.2,10,12.0,2.0,0.0
PO-005638,SUP-010,SKU-00073,WH-EU,2024-06-24,2024-07-24,2024-07-17,348,6.65,ocean,87.04,delivered,0,2314.2,30,23.0,-7.0,1.0
PO-005639,SUP-010,SKU-00073,WH-EU,2024-07-08,2024-07-18,2024-07-16,356,6.65,air,296.5,delivered,0,2367.4,10,8.0,-2.0,1.0
PO-005640,SUP-010,SKU-00073,WH-EU,2024-07-22,2024-08-01,2024-08-05,425,6.65,air,384.41,delivered,0,2826.25,10,14.0,4.0,0.0
PO-005641,SUP-010,SKU-00073,WH-EU,2024-08-05,2024-09-04,2024-09-01,410,6.65,ocean,110.26,delivered,0,2726.5,30,27.0,-3.0,1.0
PO-005642,SUP-010,SKU-00073,WH-EU,2024-08-19,2024-09-18,2024-09-30,387,6.65,ocean,114.72,delivered,0,2573.55,30,42.0,12.0,0.0
PO-005643,SUP-010,SKU-00073,WH-EU,2024-09-09,2024-10-09,2024-10-03,488,6.65,ocean,136.54,delivered,0,3245.2,30,24.0,-6.0,1.0
PO-005644,SUP-010,SKU-00073,WH-EU,2024-10-07,2024-11-06,2024-11-02,342,6.65,ocean,94.07,delivered,0,2274.3,30,26.0,-4.0,1.0
PO-005645,SUP-010,SKU-00073,WH-EU,2024-10-21,2024-11-15,2024-11-16,400,6.65,rail,153.58,delivered,0,2660.0,25,26.0,1.0,0.0
PO-005646,SUP-010,SKU-00073,WH-EU,2024-11-11,2024-11-21,2024-11-19,518,6.65,air,454.05,delivered,0,3444.7,10,8.0,-2.0,1.0
PO-005647,SUP-010,SKU-00073,WH-EU,2024-11-25,2024-12-17,2024-12-22,363,6.65,road,152.82,delivered,0,2413.95,22,27.0,5.0,0.0
PO-005648,SUP-010,SKU-00073,WH-EU,2024-12-09,2025-01-08,2025-01-12,451,6.65,ocean,103.7,delivered,0,2999.15,30,34.0,4.0,0.0
PO-005649,SUP-010,SKU-00073,WH-EU,2024-12-30,2025-01-29,2025-02-03,418,6.65,ocean,110.33,delivered,0,2779.7,30,35.0,5.0,0.0
PO-005650,SUP-010,SKU-00073,WH-EU,2025-01-20,2025-02-19,2025-02-20,329,6.65,ocean,86.22,delivered,0,2187.85,30,31.0,1.0,0.0
PO-005651,SUP-010,SKU-00073,WH-EU,2025-02-10,2025-03-12,2025-03-19,431,6.65,ocean,118.63,delivered,0,2866.15,30,37.0,7.0,0.0
PO-005652,SUP-010,SKU-00073,WH-EU,2025-02-24,2025-03-26,2025-03-27,321,6.65,ocean,99.12,delivered,0,2134.65,30,31.0,1.0,0.0
PO-005653,SUP-010,SKU-00073,WH-EU,2025-03-24,2025-04-03,2025-04-07,380,6.65,air,259.22,delivered,0,2527.0,10,14.0,4.0,0.0
PO-005654,SUP-010,SKU-00073,WH-EU,2025-04-14,2025-04-24,2025-04-24,406,6.65,air,323.08,delivered,0,2699.9,10,10.0,0.0,1.0
PO-005655,SUP-010,SKU-00073,WH-EU,2025-04-28,2025-05-28,2025-05-23,309,6.65,ocean,75.74,delivered,0,2054.85,30,25.0,-5.0,1.0
PO-005656,SUP-010,SKU-00073,WH-EU,2025-05-19,2025-05-29,2025-05-29,374,6.65,air,271.12,delivered,0,2487.1,10,10.0,0.0,1.0
PO-005657,SUP-010,SKU-00073,WH-EU,2025-06-09,2025-07-09,2025-07-12,481,6.65,ocean,141.02,delivered,0,3198.65,30,33.0,3.0,0.0
PO-005658,SUP-010,SKU-00073,WH-EU,2025-06-23,2025-07-23,2025-07-23,365,6.65,ocean,92.37,delivered,0,2427.25,30,30.0,0.0,1.0
PO-005659,SUP-010,SKU-00073,WH-EU,2025-07-21,2025-08-20,2025-08-20,396,6.65,ocean,86.89,delivered,0,2633.4,30,30.0,0.0,1.0
PO-005660,SUP-010,SKU-00073,WH-EU,2025-08-04,2025-08-14,2025-08-13,532,6.65,air,479.13,delivered,0,3537.8,10,9.0,-1.0,1.0
PO-005661,SUP-010,SKU-00073,WH-EU,2025-08-25,2025-09-24,2025-09-27,428,6.65,ocean,96.66,delivered,0,2846.2,30,33.0,3.0,0.0
PO-005662,SUP-010,SKU-00073,WH-EU,2025-09-08,2025-09-18,2025-09-16,440,6.65,air,338.06,delivered,0,2926.0,10,8.0,-2.0,1.0
PO-005663,SUP-010,SKU-00073,WH-EU,2025-09-22,2025-10-22,2025-10-24,377,6.65,ocean,104.41,delivered,0,2507.05,30,32.0,2.0,0.0
PO-005664,SUP-010,SKU-00073,WH-EU,2025-10-06,2025-10-16,2025-10-19,577,6.65,air,413.14,delivered,0,3837.05,10,13.0,3.0,0.0
PO-005665,SUP-010,SKU-00073,WH-EU,2025-10-27,2025-11-26,2025-12-07,355,6.65,ocean,102.39,delivered,0,2360.75,30,41.0,11.0,0.0
PO-005666,SUP-010,SKU-00073,WH-EU,2025-11-10,2025-12-10,2025-12-08,481,6.65,ocean,117.75,delivered,0,3198.65,30,28.0,-2.0,1.0
PO-005667,SUP-010,SKU-00073,WH-EU,2025-12-15,2026-01-14,,434,6.65,ocean,133.17,open,0,2886.1,30,,,
PO-005668,SUP-021,SKU-00074,WH-EAST,2024-01-15,2024-01-26,2024-01-21,37,15.48,air,67.09,delivered,0,572.76,11,6.0,-5.0,1.0
PO-005669,SUP-021,SKU-00074,WH-EAST,2024-01-29,2024-02-22,2024-03-12,33,15.48,road,30.38,delivered,0,510.84,24,43.0,19.0,0.0
PO-005670,SUP-021,SKU-00074,WH-EAST,2024-02-19,2024-03-14,2024-03-04,47,15.48,road,42.24,delivered,0,727.56,24,14.0,-10.0,1.0
PO-005671,SUP-021,SKU-00074,WH-EAST,2024-03-11,2024-04-13,2024-04-19,36,15.48,ocean,17.9,delivered,0,557.28,33,39.0,6.0,0.0
PO-005672,SUP-021,SKU-00074,WH-EAST,2024-03-25,2024-04-27,2024-05-03,34,15.48,ocean,20.4,delivered,0,526.32,33,39.0,6.0,0.0
PO-005673,SUP-021,SKU-00074,WH-EAST,2024-04-15,2024-04-26,2024-04-20,34,15.48,air,63.32,delivered,0,526.32,11,5.0,-6.0,1.0
PO-005674,SUP-021,SKU-00074,WH-EAST,2024-05-06,2024-05-30,2024-06-09,34,15.48,road,29.74,delivered,0,526.32,24,34.0,10.0,0.0
PO-005675,SUP-021,SKU-00074,WH-EAST,2024-05-27,2024-06-07,2024-06-07,43,15.48,air,72.81,delivered,0,665.64,11,11.0,0.0,1.0
PO-005676,SUP-021,SKU-00074,WH-EAST,2024-06-17,2024-07-20,2024-07-12,41,15.48,ocean,24.45,delivered,0,634.68,33,25.0,-8.0,1.0
PO-005677,SUP-021,SKU-00074,WH-EAST,2024-07-08,2024-08-10,2024-08-27,44,15.48,ocean,24.56,delivered,0,681.12,33,50.0,17.0,0.0
PO-005678,SUP-021,SKU-00074,WH-EAST,2024-07-29,2024-08-31,2024-08-31,39,15.48,ocean,25.48,delivered,0,603.72,33,33.0,0.0,1.0
PO-005679,SUP-021,SKU-00074,WH-EAST,2024-09-02,2024-09-13,2024-09-08,36,15.48,air,71.02,delivered,0,557.28,11,6.0,-5.0,1.0
PO-005680,SUP-021,SKU-00074,WH-EAST,2024-09-23,2024-10-17,2024-10-18,45,15.48,road,35.45,delivered,0,696.6,24,25.0,1.0,0.0
PO-005681,SUP-021,SKU-00074,WH-EAST,2024-10-07,2024-11-09,2024-11-01,31,15.48,ocean,21.38,delivered,0,479.88,33,25.0,-8.0,1.0
PO-005682,SUP-021,SKU-00074,WH-EAST,2024-10-21,2024-11-23,2024-11-28,31,15.48,ocean,17.03,delivered,0,479.88,33,38.0,5.0,0.0
PO-005683,SUP-021,SKU-00074,WH-EAST,2024-11-11,2024-12-14,2024-12-18,39,15.48,ocean,25.99,delivered,0,603.72,33,37.0,4.0,0.0
PO-005684,SUP-021,SKU-00074,WH-EAST,2024-12-02,2024-12-13,2024-12-17,44,15.48,air,67.93,delivered,0,681.12,11,15.0,4.0,0.0
PO-005685,SUP-021,SKU-00074,WH-EAST,2024-12-23,2025-01-25,2025-02-19,34,15.48,ocean,23.54,delivered,0,526.32,33,58.0,25.0,0.0
PO-005686,SUP-021,SKU-00074,WH-EAST,2025-01-13,2025-02-15,2025-02-10,45,15.48,ocean,22.91,delivered,0,696.6,33,28.0,-5.0,1.0
PO-005687,SUP-021,SKU-00074,WH-EAST,2025-02-17,2025-03-22,2025-03-17,40,15.48,ocean,28.84,delivered,0,619.2,33,28.0,-5.0,1.0
PO-005688,SUP-021,SKU-00074,WH-EAST,2025-03-10,2025-04-12,2025-04-16,38,15.48,ocean,21.85,delivered,0,588.24,33,37.0,4.0,0.0
PO-005689,SUP-021,SKU-00074,WH-EAST,2025-03-24,2025-04-26,2025-04-06,38,15.48,ocean,27.68,delivered,0,588.24,33,13.0,-20.0,1.0
PO-005690,SUP-021,SKU-00074,WH-EAST,2025-04-14,2025-05-17,2025-05-29,41,15.48,ocean,23.49,delivered,0,634.68,33,45.0,12.0,0.0
PO-005691,SUP-021,SKU-00074,WH-EAST,2025-05-05,2025-06-07,2025-06-02,37,15.48,ocean,24.56,delivered,0,572.76,33,28.0,-5.0,1.0
PO-005692,SUP-021,SKU-00074,WH-EAST,2025-06-02,2025-06-29,2025-07-14,32,15.48,rail,21.25,delivered,0,495.36,27,42.0,15.0,0.0
PO-005693,SUP-021,SKU-00074,WH-EAST,2025-06-23,2025-07-26,2025-08-02,38,15.48,ocean,26.26,delivered,0,588.24,33,40.0,7.0,0.0
PO-005694,SUP-021,SKU-00074,WH-EAST,2025-07-14,2025-08-07,2025-08-17,36,15.48,road,29.0,delivered,0,557.28,24,34.0,10.0,0.0
PO-005695,SUP-021,SKU-00074,WH-EAST,2025-08-04,2025-09-06,2025-09-07,33,15.48,ocean,24.39,delivered,0,510.84,33,34.0,1.0,0.0
PO-005696,SUP-021,SKU-00074,WH-EAST,2025-08-25,2025-09-27,2025-09-13,33,15.48,ocean,23.44,delivered,0,510.84,33,19.0,-14.0,1.0
PO-005697,SUP-021,SKU-00074,WH-EAST,2025-09-15,2025-10-18,2025-10-09,42,15.48,ocean,22.32,delivered,0,650.16,33,24.0,-9.0,1.0
PO-005698,SUP-021,SKU-00074,WH-EAST,2025-10-06,2025-11-08,2025-11-04,37,15.48,ocean,20.1,delivered,0,572.76,33,29.0,-4.0,1.0
PO-005699,SUP-021,SKU-00074,WH-EAST,2025-10-27,2025-11-29,2025-11-21,38,15.48,ocean,25.68,delivered,0,588.24,33,25.0,-8.0,1.0
PO-005700,SUP-021,SKU-00074,WH-EAST,2025-11-17,2025-12-20,,36,15.48,ocean,23.47,open,0,557.28,33,,,
PO-005701,SUP-021,SKU-00074,WH-EAST,2025-12-08,2026-01-04,,42,15.48,rail,31.3,open,0,650.16,27,,,
PO-005702,SUP-021,SKU-00074,WH-APAC,2024-01-15,2024-02-08,2024-02-24,41,15.48,road,45.16,delivered,0,634.68,24,40.0,16.0,0.0
PO-005703,SUP-021,SKU-00074,WH-APAC,2024-02-05,2024-03-09,2024-03-04,59,15.48,ocean,36.64,delivered,0,913.32,33,28.0,-5.0,1.0
PO-005704,SUP-021,SKU-00074,WH-APAC,2024-03-04,2024-04-06,2024-04-23,50,15.48,ocean,28.32,delivered,0,774.0,33,50.0,17.0,0.0
PO-005705,SUP-021,SKU-00074,WH-APAC,2024-03-18,2024-04-20,2024-04-04,38,15.48,ocean,24.9,delivered,0,588.24,33,17.0,-16.0,1.0
PO-005706,SUP-021,SKU-00074,WH-APAC,2024-04-08,2024-05-11,2024-05-05,46,15.48,ocean,25.1,delivered,0,712.08,33,27.0,-6.0,1.0
PO-005707,SUP-021,SKU-00074,WH-APAC,2024-04-29,2024-05-10,2024-05-08,39,15.48,air,77.31,delivered,0,603.72,11,9.0,-2.0,1.0
PO-005708,SUP-021,SKU-00074,WH-APAC,2024-05-20,2024-06-16,2024-06-13,43,15.48,rail,30.63,delivered,0,665.64,27,24.0,-3.0,1.0
PO-005709,SUP-021,SKU-00074,WH-APAC,2024-06-10,2024-07-13,2024-07-23,41,15.48,ocean,24.64,delivered,0,634.68,33,43.0,10.0,0.0
PO-005710,SUP-021,SKU-00074,WH-APAC,2024-07-01,2024-07-12,2024-07-13,42,15.48,air,68.77,delivered,0,650.16,11,12.0,1.0,0.0
PO-005711,SUP-021,SKU-00074,WH-APAC,2024-07-22,2024-08-02,2024-07-30,43,15.48,air,71.38,delivered,0,665.64,11,8.0,-3.0,1.0
PO-005712,SUP-021,SKU-00074,WH-APAC,2024-08-05,2024-09-07,2024-09-11,41,15.48,ocean,26.41,delivered,0,634.68,33,37.0,4.0,0.0
PO-005713,SUP-021,SKU-00074,WH-APAC,2024-08-26,2024-09-28,2024-10-09,43,15.48,ocean,29.85,delivered,0,665.64,33,44.0,11.0,0.0
PO-005714,SUP-021,SKU-00074,WH-APAC,2024-09-16,2024-10-19,2024-10-13,45,15.48,ocean,31.14,delivered,0,696.6,33,27.0,-6.0,1.0
PO-005715,SUP-021,SKU-00074,WH-APAC,2024-10-14,2024-10-25,2024-10-23,51,15.48,air,100.16,delivered,0,789.48,11,9.0,-2.0,1.0
PO-005716,SUP-021,SKU-00074,WH-APAC,2024-11-04,2024-12-01,2024-12-27,43,15.48,rail,30.7,delivered,0,665.64,27,53.0,26.0,0.0
PO-005717,SUP-021,SKU-00074,WH-APAC,2024-11-25,2024-12-28,2024-12-10,44,15.48,ocean,28.89,delivered,0,681.12,33,15.0,-18.0,1.0
PO-005718,SUP-021,SKU-00074,WH-APAC,2024-12-16,2025-01-18,2025-01-10,64,15.48,ocean,46.59,delivered,0,990.72,33,25.0,-8.0,1.0
PO-005719,SUP-021,SKU-00074,WH-APAC,2025-01-13,2025-02-06,2025-02-09,50,15.48,road,45.5,delivered,0,774.0,24,27.0,3.0,0.0
PO-005720,SUP-021,SKU-00074,WH-APAC,2025-01-27,2025-03-01,2025-02-14,44,15.48,ocean,27.12,delivered,0,681.12,33,18.0,-15.0,1.0
PO-005721,SUP-021,SKU-00074,WH-APAC,2025-02-17,2025-03-13,2025-03-29,52,15.48,road,56.03,delivered,0,804.96,24,40.0,16.0,0.0
PO-005722,SUP-021,SKU-00074,WH-APAC,2025-03-10,2025-04-12,2025-04-06,48,15.48,ocean,24.82,delivered,0,743.04,33,27.0,-6.0,1.0
PO-005723,SUP-021,SKU-00074,WH-APAC,2025-04-07,2025-05-04,2025-04-29,48,15.48,rail,31.84,delivered,0,743.04,27,22.0,-5.0,1.0
PO-005724,SUP-021,SKU-00074,WH-APAC,2025-04-28,2025-05-31,2025-05-24,45,15.48,ocean,31.86,delivered,0,696.6,33,26.0,-7.0,1.0
PO-005725,SUP-021,SKU-00074,WH-APAC,2025-05-19,2025-06-12,2025-06-08,47,15.48,road,41.11,delivered,0,727.56,24,20.0,-4.0,1.0
PO-005726,SUP-021,SKU-00074,WH-APAC,2025-06-16,2025-07-19,2025-07-30,48,15.48,ocean,29.58,delivered,0,743.04,33,44.0,11.0,0.0
PO-005727,SUP-021,SKU-00074,WH-APAC,2025-07-07,2025-08-09,2025-08-19,37,15.48,ocean,19.08,delivered,0,572.76,33,43.0,10.0,0.0
PO-005728,SUP-021,SKU-00074,WH-APAC,2025-08-04,2025-08-31,2025-08-22,44,15.48,rail,31.66,delivered,0,681.12,27,18.0,-9.0,1.0
PO-005729,SUP-021,SKU-00074,WH-APAC,2025-08-25,2025-09-27,2025-10-13,39,15.48,ocean,22.51,delivered,0,603.72,33,49.0,16.0,0.0
PO-005730,SUP-021,SKU-00074,WH-APAC,2025-09-15,2025-10-12,,38,15.48,rail,28.78,delivered,1,588.24,27,,,
PO-005731,SUP-021,SKU-00074,WH-APAC,2025-10-06,2025-10-17,2025-10-17,44,15.48,air,92.16,delivered,0,681.12,11,11.0,0.0,1.0
PO-005732,SUP-021,SKU-00074,WH-APAC,2025-11-03,2025-11-30,2025-12-04,47,15.48,rail,42.35,delivered,0,727.56,27,31.0,4.0,0.0
PO-005733,SUP-021,SKU-00074,WH-APAC,2025-11-24,2025-12-27,2025-12-17,41,15.48,ocean,21.06,delivered,0,634.68,33,23.0,-10.0,1.0
PO-005734,SUP-021,SKU-00074,WH-APAC,2025-12-15,2026-01-08,,39,15.48,road,34.1,open,0,603.72,24,,,
PO-005735,SUP-021,SKU-00074,WH-WEST,2024-01-15,2024-02-08,2024-02-16,35,15.48,road,27.21,delivered,0,541.8,24,32.0,8.0,0.0
PO-005736,SUP-021,SKU-00074,WH-WEST,2024-01-29,2024-03-02,2024-04-03,40,15.48,ocean,26.64,delivered,0,619.2,33,65.0,32.0,0.0
PO-005737,SUP-021,SKU-00074,WH-WEST,2024-02-12,2024-02-23,2024-02-23,37,15.48,air,69.73,delivered,0,572.76,11,11.0,0.0,1.0
PO-005738,SUP-021,SKU-00074,WH-WEST,2024-03-04,2024-03-15,2024-03-09,34,15.48,air,73.77,delivered,0,526.32,11,5.0,-6.0,1.0
PO-005739,SUP-021,SKU-00074,WH-WEST,2024-03-25,2024-04-05,2024-04-05,43,15.48,air,90.84,delivered,0,665.64,11,11.0,0.0,1.0
PO-005740,SUP-021,SKU-00074,WH-WEST,2024-04-15,2024-05-18,2024-05-20,46,15.48,ocean,29.99,delivered,0,712.08,33,35.0,2.0,0.0
PO-005741,SUP-021,SKU-00074,WH-WEST,2024-05-06,2024-06-08,2024-06-04,37,15.48,ocean,24.0,delivered,0,572.76,33,29.0,-4.0,1.0
PO-005742,SUP-021,SKU-00074,WH-WEST,2024-05-27,2024-06-29,2024-07-09,37,15.48,ocean,24.76,delivered,0,572.76,33,43.0,10.0,0.0
PO-005743,SUP-021,SKU-00074,WH-WEST,2024-06-17,2024-07-11,2024-07-05,36,15.48,road,34.68,delivered,0,557.28,24,18.0,-6.0,1.0
PO-005744,SUP-021,SKU-00074,WH-WEST,2024-07-08,2024-08-10,2024-09-07,40,15.48,ocean,28.06,delivered,0,619.2,33,61.0,28.0,0.0
PO-005745,SUP-021,SKU-00074,WH-WEST,2024-07-29,2024-08-31,2024-09-11,45,15.48,ocean,25.48,delivered,0,696.6,33,44.0,11.0,0.0
PO-005746,SUP-021,SKU-00074,WH-WEST,2024-09-09,2024-10-06,2024-10-22,33,15.48,rail,28.55,delivered,0,510.84,27,43.0,16.0,0.0
PO-005747,SUP-021,SKU-00074,WH-WEST,2024-09-30,2024-11-02,2024-10-20,36,15.48,ocean,25.77,delivered,0,557.28,33,20.0,-13.0,1.0
PO-005748,SUP-021,SKU-00074,WH-WEST,2024-10-21,2024-11-23,2024-12-16,41,15.48,ocean,21.13,delivered,0,634.68,33,56.0,23.0,0.0
PO-005749,SUP-021,SKU-00074,WH-WEST,2024-11-11,2024-11-22,2024-11-21,38,15.48,air,61.77,delivered,0,588.24,11,10.0,-1.0,1.0
PO-005750,SUP-021,SKU-00074,WH-WEST,2024-12-02,2025-01-04,2025-01-06,44,15.48,ocean,31.74,delivered,0,681.12,33,35.0,2.0,0.0
PO-005751,SUP-021,SKU-00074,WH-WEST,2024-12-23,2025-01-25,2025-01-08,37,15.48,ocean,21.15,delivered,0,572.76,33,16.0,-17.0,1.0
PO-005752,SUP-021,SKU-00074,WH-WEST,2025-01-13,2025-02-15,2025-01-14,45,15.48,ocean,31.86,delivered,0,696.6,33,1.0,-32.0,1.0
PO-005753,SUP-021,SKU-00074,WH-WEST,2025-01-27,2025-02-23,2025-03-03,39,15.48,rail,36.19,delivered,0,603.72,27,35.0,8.0,0.0
PO-005754,SUP-021,SKU-00074,WH-WEST,2025-02-17,2025-02-28,2025-03-08,38,15.48,air,84.69,delivered,0,588.24,11,19.0,8.0,0.0
PO-005755,SUP-021,SKU-00074,WH-WEST,2025-03-10,2025-03-21,2025-03-27,41,15.48,air,72.05,delivered,0,634.68,11,17.0,6.0,0.0
PO-005756,SUP-021,SKU-00074,WH-WEST,2025-03-24,2025-04-04,2025-03-31,37,15.48,air,63.56,delivered,0,572.76,11,7.0,-4.0,1.0
PO-005757,SUP-021,SKU-00074,WH-WEST,2025-04-14,2025-05-17,2025-05-07,41,15.48,ocean,23.0,delivered,0,634.68,33,23.0,-10.0,1.0
PO-005758,SUP-021,SKU-00074,WH-WEST,2025-05-05,2025-06-07,2025-06-28,37,15.48,ocean,23.3,delivered,0,572.76,33,54.0,21.0,0.0
PO-005759,SUP-021,SKU-00074,WH-WEST,2025-05-26,2025-06-22,2025-06-07,36,15.48,rail,31.91,delivered,0,557.28,27,12.0,-15.0,1.0
PO-005760,SUP-021,SKU-00074,WH-WEST,2025-06-23,2025-07-26,2025-08-11,41,15.48,ocean,23.38,delivered,0,634.68,33,49.0,16.0,0.0
PO-005761,SUP-021,SKU-00074,WH-WEST,2025-07-14,2025-08-16,2025-08-12,38,15.48,ocean,19.83,delivered,0,588.24,33,29.0,-4.0,1.0
PO-005762,SUP-021,SKU-00074,WH-WEST,2025-08-04,2025-08-15,2025-08-19,33,15.48,air,66.08,delivered,0,510.84,11,15.0,4.0,0.0
PO-005763,SUP-021,SKU-00074,WH-WEST,2025-09-01,2025-10-04,2025-09-23,36,15.48,ocean,20.95,delivered,0,557.28,33,22.0,-11.0,1.0
PO-005764,SUP-021,SKU-00074,WH-WEST,2025-09-22,2025-10-19,2025-10-29,40,15.48,rail,32.65,delivered,0,619.2,27,37.0,10.0,0.0
PO-005765,SUP-021,SKU-00074,WH-WEST,2025-10-13,2025-11-15,2025-11-14,33,15.48,ocean,20.55,delivered,0,510.84,33,32.0,-1.0,1.0
PO-005766,SUP-021,SKU-00074,WH-WEST,2025-11-03,2025-12-06,2025-11-16,37,15.48,ocean,19.87,delivered,0,572.76,33,13.0,-20.0,1.0
PO-005767,SUP-021,SKU-00074,WH-WEST,2025-11-24,2025-12-27,2025-12-20,35,15.48,ocean,18.5,delivered,0,541.8,33,26.0,-7.0,1.0
PO-005768,SUP-021,SKU-00074,WH-WEST,2025-12-15,2026-01-17,,33,15.48,ocean,20.36,open,0,510.84,33,,,
PO-005769,SUP-001,SKU-00075,WH-WEST,2024-01-15,2024-01-18,2024-01-17,61,7.36,road,23.32,delivered,0,448.96,3,2.0,-1.0,1.0
PO-005770,SUP-001,SKU-00075,WH-WEST,2024-02-05,2024-02-08,2024-02-08,72,7.36,rail,28.55,delivered,0,529.92,3,3.0,0.0,1.0
PO-005771,SUP-001,SKU-00075,WH-WEST,2024-02-26,2024-02-29,2024-02-27,57,7.36,road,21.74,delivered,0,419.52,3,1.0,-2.0,1.0
PO-005772,SUP-001,SKU-00075,WH-WEST,2024-03-11,2024-03-14,2024-03-15,54,7.36,rail,17.7,delivered,0,397.44,3,4.0,1.0,0.0
PO-005773,SUP-001,SKU-00075,WH-WEST,2024-03-25,2024-03-28,2024-03-30,53,7.36,rail,19.88,delivered,0,390.08,3,5.0,2.0,0.0
PO-005774,SUP-001,SKU-00075,WH-WEST,2024-04-15,2024-04-18,2024-04-18,72,7.36,road,26.3,delivered,0,529.92,3,3.0,0.0,1.0
PO-005775,SUP-001,SKU-00075,WH-WEST,2024-04-29,2024-05-02,2024-04-30,68,7.36,road,26.39,delivered,0,500.48,3,1.0,-2.0,1.0
PO-005776,SUP-001,SKU-00075,WH-WEST,2024-05-13,2024-05-14,2024-05-14,58,7.36,air,59.11,delivered,0,426.88,1,1.0,0.0,1.0
PO-005777,SUP-001,SKU-00075,WH-WEST,2024-05-27,2024-05-28,2024-05-29,66,7.36,air,52.68,delivered,0,485.76,1,2.0,1.0,0.0
PO-005778,SUP-001,SKU-00075,WH-WEST,2024-06-10,2024-06-11,2024-06-11,72,7.36,air,53.4,delivered,0,529.92,1,1.0,0.0,1.0
PO-005779,SUP-001,SKU-00075,WH-WEST,2024-06-24,2024-06-25,2024-06-27,65,7.36,air,53.56,delivered,0,478.4,1,3.0,2.0,0.0
PO-005780,SUP-001,SKU-00075,WH-WEST,2024-07-08,2024-07-11,2024-07-11,64,7.36,rail,21.23,delivered,0,471.04,3,3.0,0.0,1.0
PO-005781,SUP-001,SKU-00075,WH-WEST,2024-07-22,2024-07-23,2024-07-23,57,7.36,air,58.83,delivered,0,419.52,1,1.0,0.0,1.0
PO-005782,SUP-001,SKU-00075,WH-WEST,2024-08-05,2024-08-06,2024-08-06,64,7.36,air,66.87,delivered,0,471.04,1,1.0,0.0,1.0
PO-005783,SUP-001,SKU-00075,WH-WEST,2024-08-19,2024-08-20,2024-08-20,72,7.36,air,60.17,delivered,0,529.92,1,1.0,0.0,1.0
PO-005784,SUP-001,SKU-00075,WH-WEST,2024-09-02,2024-09-05,2024-09-06,72,7.36,road,33.84,delivered,0,529.92,3,4.0,1.0,0.0
PO-005785,SUP-001,SKU-00075,WH-WEST,2024-09-23,2024-09-26,2024-09-27,72,7.36,road,29.26,delivered,0,529.92,3,4.0,1.0,0.0
PO-005786,SUP-001,SKU-00075,WH-WEST,2024-10-14,2024-10-15,2024-10-15,72,7.36,air,72.45,delivered,0,529.92,1,1.0,0.0,1.0
PO-005787,SUP-001,SKU-00075,WH-WEST,2024-11-04,2024-11-07,2024-11-06,72,7.36,rail,21.73,delivered,0,529.92,3,2.0,-1.0,1.0
PO-005788,SUP-001,SKU-00075,WH-WEST,2024-11-25,2024-11-26,2024-11-27,72,7.36,air,72.92,delivered,0,529.92,1,2.0,1.0,0.0
PO-005789,SUP-001,SKU-00075,WH-WEST,2024-12-16,2024-12-17,2024-12-17,69,7.36,air,60.63,delivered,0,507.84,1,1.0,0.0,1.0
PO-005790,SUP-001,SKU-00075,WH-WEST,2025-01-06,2025-01-09,2025-01-10,63,7.36,rail,25.41,delivered,0,463.68,3,4.0,1.0,0.0
PO-005791,SUP-001,SKU-00075,WH-WEST,2025-01-27,2025-01-30,2025-01-30,60,7.36,rail,24.57,delivered,0,441.6,3,3.0,0.0,1.0
PO-005792,SUP-001,SKU-00075,WH-WEST,2025-02-17,2025-02-20,2025-02-21,63,7.36,road,25.0,delivered,0,463.68,3,4.0,1.0,0.0
PO-005793,SUP-001,SKU-00075,WH-WEST,2025-03-10,2025-03-11,2025-03-11,66,7.36,air,57.1,delivered,0,485.76,1,1.0,0.0,1.0
PO-005794,SUP-001,SKU-00075,WH-WEST,2025-03-31,2025-04-01,2025-04-01,70,7.36,air,71.5,delivered,0,515.2,1,1.0,0.0,1.0
PO-005795,SUP-001,SKU-00075,WH-WEST,2025-04-14,2025-04-17,2025-04-28,56,7.36,rail,23.23,delivered,0,412.16,3,14.0,11.0,0.0
PO-005796,SUP-001,SKU-00075,WH-WEST,2025-05-12,2025-05-13,2025-05-14,72,7.36,air,62.21,delivered,0,529.92,1,2.0,1.0,0.0
PO-005797,SUP-001,SKU-00075,WH-WEST,2025-05-26,2025-05-29,2025-05-29,59,7.36,rail,23.15,delivered,0,434.24,3,3.0,0.0,1.0
PO-005798,SUP-001,SKU-00075,WH-WEST,2025-06-09,2025-06-12,2025-06-14,72,7.36,rail,30.44,delivered,0,529.92,3,5.0,2.0,0.0
PO-005799,SUP-001,SKU-00075,WH-WEST,2025-06-30,2025-07-01,2025-07-02,72,7.36,air,65.39,delivered,0,529.92,1,2.0,1.0,0.0
PO-005800,SUP-001,SKU-00075,WH-WEST,2025-07-21,2025-07-22,2025-07-23,72,7.36,air,58.64,delivered,0,529.92,1,2.0,1.0,0.0
PO-005801,SUP-001,SKU-00075,WH-WEST,2025-08-04,2025-08-07,2025-08-08,56,7.36,rail,23.69,delivered,0,412.16,3,4.0,1.0,0.0
PO-005802,SUP-001,SKU-00075,WH-WEST,2025-08-18,2025-08-21,2025-08-22,67,7.36,road,26.9,delivered,0,493.12,3,4.0,1.0,0.0
PO-005803,SUP-001,SKU-00075,WH-WEST,2025-09-01,2025-09-04,2025-09-02,53,7.36,road,26.27,delivered,0,390.08,3,1.0,-2.0,1.0
PO-005804,SUP-001,SKU-00075,WH-WEST,2025-09-15,2025-09-16,2025-09-18,64,7.36,air,67.58,delivered,0,471.04,1,3.0,2.0,0.0
PO-005805,SUP-001,SKU-00075,WH-WEST,2025-09-29,2025-09-30,2025-09-30,65,7.36,air,52.83,delivered,0,478.4,1,1.0,0.0,1.0
PO-005806,SUP-001,SKU-00075,WH-WEST,2025-10-13,2025-10-16,2025-10-15,59,7.36,road,31.15,delivered,0,434.24,3,2.0,-1.0,1.0
PO-005807,SUP-001,SKU-00075,WH-WEST,2025-11-03,2025-11-04,2025-11-04,72,7.36,air,63.41,delivered,0,529.92,1,1.0,0.0,1.0
PO-005808,SUP-001,SKU-00075,WH-WEST,2025-11-17,2025-11-20,2025-11-19,62,7.36,road,24.67,delivered,0,456.32,3,2.0,-1.0,1.0
PO-005809,SUP-001,SKU-00075,WH-WEST,2025-12-08,2025-12-09,2025-12-09,72,7.36,air,74.79,delivered,0,529.92,1,1.0,0.0,1.0
PO-005810,SUP-005,SKU-00076,WH-SOUTH,2024-01-22,2024-01-27,2024-01-26,1213,9.24,rail,629.63,delivered,0,11208.12,5,4.0,-1.0,1.0
PO-005811,SUP-005,SKU-00076,WH-SOUTH,2024-02-12,2024-02-17,2024-02-18,1203,9.24,rail,466.53,delivered,0,11115.72,5,6.0,1.0,0.0
PO-005812,SUP-005,SKU-00076,WH-SOUTH,2024-03-04,2024-03-09,2024-03-12,1157,9.24,rail,452.68,delivered,0,10690.68,5,8.0,3.0,0.0
PO-005813,SUP-005,SKU-00076,WH-SOUTH,2024-03-25,2024-03-30,2024-04-02,1143,9.24,road,652.37,delivered,0,10561.32,5,8.0,3.0,0.0
PO-005814,SUP-005,SKU-00076,WH-SOUTH,2024-04-15,2024-04-17,2024-04-17,1249,9.24,air,1132.03,delivered,0,11540.76,2,2.0,0.0,1.0
PO-005815,SUP-005,SKU-00076,WH-SOUTH,2024-04-29,2024-05-04,2024-05-03,1019,9.24,road,659.72,delivered,0,9415.56,5,4.0,-1.0,1.0
PO-005816,SUP-005,SKU-00076,WH-SOUTH,2024-05-13,2024-05-15,2024-05-14,1000,9.24,air,1058.13,delivered,0,9240.0,2,1.0,-1.0,1.0
PO-005817,SUP-005,SKU-00076,WH-SOUTH,2024-05-27,2024-06-01,2024-05-29,980,9.24,road,482.38,delivered,0,9055.2,5,2.0,-3.0,1.0
PO-005818,SUP-005,SKU-00076,WH-SOUTH,2024-06-10,2024-06-15,2024-06-16,942,9.24,road,541.09,delivered,0,8704.08,5,6.0,1.0,0.0
PO-005819,SUP-005,SKU-00076,WH-SOUTH,2024-07-01,2024-07-06,2024-07-04,1220,9.24,rail,508.92,delivered,0,11272.8,5,3.0,-2.0,1.0
PO-005820,SUP-005,SKU-00076,WH-SOUTH,2024-07-22,2024-07-27,2024-07-28,1105,9.24,rail,443.59,delivered,0,10210.2,5,6.0,1.0,0.0
PO-005821,SUP-005,SKU-00076,WH-SOUTH,2024-08-12,2024-08-17,2024-08-17,1086,9.24,road,588.68,delivered,0,10034.64,5,5.0,0.0,1.0
PO-005822,SUP-005,SKU-00076,WH-SOUTH,2024-09-02,2024-09-07,2024-09-10,950,9.24,road,588.53,delivered,0,8778.0,5,8.0,3.0,0.0
PO-005823,SUP-005,SKU-00076,WH-SOUTH,2024-09-30,2024-10-05,2024-10-05,1136,9.24,road,523.62,delivered,0,10496.64,5,5.0,0.0,1.0
PO-005824,SUP-005,SKU-00076,WH-SOUTH,2024-10-28,2024-10-30,2024-11-10,1180,9.24,air,1299.69,delivered,0,10903.2,2,13.0,11.0,0.0
PO-005825,SUP-005,SKU-00076,WH-SOUTH,2024-11-25,2024-11-30,2024-12-03,983,9.24,rail,462.49,delivered,0,9082.92,5,8.0,3.0,0.0
PO-005826,SUP-005,SKU-00076,WH-SOUTH,2024-12-16,2024-12-21,2024-12-20,1153,9.24,road,632.93,delivered,0,10653.72,5,4.0,-1.0,1.0
PO-005827,SUP-005,SKU-00076,WH-SOUTH,2024-12-30,2025-01-04,2025-01-07,913,9.24,rail,421.51,delivered,0,8436.12,5,8.0,3.0,0.0
PO-005828,SUP-005,SKU-00076,WH-SOUTH,2025-01-20,2025-01-22,2025-01-23,1287,9.24,air,1432.24,delivered,0,11891.88,2,3.0,1.0,0.0
PO-005829,SUP-005,SKU-00076,WH-SOUTH,2025-02-03,2025-02-08,2025-02-08,1202,9.24,rail,539.95,delivered,0,11106.48,5,5.0,0.0,1.0
PO-005830,SUP-005,SKU-00076,WH-SOUTH,2025-02-24,2025-02-26,2025-02-25,1335,9.24,air,1501.97,delivered,0,12335.4,2,1.0,-1.0,1.0
PO-005831,SUP-005,SKU-00076,WH-SOUTH,2025-03-10,2025-03-15,2025-03-22,1115,9.24,road,571.27,delivered,0,10302.6,5,12.0,7.0,0.0
PO-005832,SUP-005,SKU-00076,WH-SOUTH,2025-03-31,2025-04-05,2025-04-07,1335,9.24,rail,588.49,delivered,0,12335.4,5,7.0,2.0,0.0
PO-005833,SUP-005,SKU-00076,WH-SOUTH,2025-04-21,2025-04-23,2025-04-24,1335,9.24,air,1738.83,delivered,0,12335.4,2,3.0,1.0,0.0
PO-005834,SUP-005,SKU-00076,WH-SOUTH,2025-05-05,2025-05-10,2025-05-09,902,9.24,road,594.29,delivered,0,8334.48,5,4.0,-1.0,1.0
PO-005835,SUP-005,SKU-00076,WH-SOUTH,2025-05-19,2025-05-24,2025-05-23,1154,9.24,rail,446.39,delivered,0,10662.96,5,4.0,-1.0,1.0
PO-005836,SUP-005,SKU-00076,WH-SOUTH,2025-06-02,2025-06-07,2025-06-04,1022,9.24,rail,384.98,delivered,0,9443.28,5,2.0,-3.0,1.0
PO-005837,SUP-005,SKU-00076,WH-SOUTH,2025-06-16,2025-06-18,2025-06-18,1075,9.24,air,1135.76,delivered,0,9933.0,2,2.0,0.0,1.0
PO-005838,SUP-005,SKU-00076,WH-SOUTH,2025-06-30,2025-07-05,2025-07-07,1078,9.24,road,515.25,delivered,0,9960.72,5,7.0,2.0,0.0
PO-005839,SUP-005,SKU-00076,WH-SOUTH,2025-07-14,2025-07-19,2025-07-15,986,9.24,road,605.91,delivered,0,9110.64,5,1.0,-4.0,1.0
PO-005840,SUP-005,SKU-00076,WH-SOUTH,2025-08-04,2025-08-06,,1331,9.24,air,1318.23,delivered,1,12298.44,2,,,
PO-005841,SUP-005,SKU-00076,WH-SOUTH,2025-08-25,2025-08-30,2025-08-30,1118,9.24,road,728.02,delivered,0,10330.32,5,5.0,0.0,1.0
PO-005842,SUP-005,SKU-00076,WH-SOUTH,2025-09-15,2025-09-20,2025-09-18,1107,9.24,rail,439.4,delivered,0,10228.68,5,3.0,-2.0,1.0
PO-005843,SUP-005,SKU-00076,WH-SOUTH,2025-10-06,2025-10-11,2025-10-08,989,9.24,rail,425.24,delivered,0,9138.36,5,2.0,-3.0,1.0
PO-005844,SUP-005,SKU-00076,WH-SOUTH,2025-10-27,2025-11-01,2025-10-28,1011,9.24,road,506.4,delivered,0,9341.64,5,1.0,-4.0,1.0
PO-005845,SUP-005,SKU-00076,WH-SOUTH,2025-11-17,2025-11-22,2025-11-22,1094,9.24,road,661.3,delivered,0,10108.56,5,5.0,0.0,1.0
PO-005846,SUP-005,SKU-00076,WH-SOUTH,2025-12-01,2025-12-06,2025-12-07,1112,9.24,road,608.05,delivered,0,10274.88,5,6.0,1.0,0.0
PO-005847,SUP-005,SKU-00076,WH-SOUTH,2025-12-22,2025-12-24,2025-12-24,1335,9.24,air,1704.54,delivered,0,12335.4,2,2.0,0.0,1.0
PO-005848,SUP-005,SKU-00076,WH-EU,2024-01-22,2024-01-27,2024-02-01,1319,9.24,rail,695.16,delivered,0,12187.56,5,10.0,5.0,0.0
PO-005849,SUP-005,SKU-00076,WH-EU,2024-02-19,2024-02-21,2024-02-21,1327,9.24,air,1373.5,delivered,0,12261.48,2,2.0,0.0,1.0
PO-005850,SUP-005,SKU-00076,WH-EU,2024-03-04,2024-03-06,2024-03-06,1027,9.24,air,1013.63,delivered,0,9489.48,2,2.0,0.0,1.0
PO-005851,SUP-005,SKU-00076,WH-EU,2024-03-18,2024-03-20,2024-03-20,996,9.24,air,1249.04,delivered,0,9203.04,2,2.0,0.0,1.0
PO-005852,SUP-005,SKU-00076,WH-EU,2024-04-01,2024-04-03,2024-04-04,1011,9.24,air,905.29,delivered,0,9341.64,2,3.0,1.0,0.0
PO-005853,SUP-005,SKU-00076,WH-EU,2024-04-15,2024-04-20,2024-04-19,1068,9.24,road,496.29,delivered,0,9868.32,5,4.0,-1.0,1.0
PO-005854,SUP-005,SKU-00076,WH-EU,2024-04-29,2024-05-01,2024-05-02,1162,9.24,air,1139.5,delivered,0,10736.88,2,3.0,1.0,0.0
PO-005855,SUP-005,SKU-00076,WH-EU,2024-05-13,2024-05-15,2024-05-14,1100,9.24,air,1015.24,delivered,0,10164.0,2,1.0,-1.0,1.0
PO-005856,SUP-005,SKU-00076,WH-EU,2024-05-27,2024-06-01,2024-06-04,1009,9.24,rail,506.23,delivered,0,9323.16,5,8.0,3.0,0.0
PO-005857,SUP-005,SKU-00076,WH-EU,2024-06-17,2024-06-19,2024-06-19,1409,9.24,air,1368.94,delivered,0,13019.16,2,2.0,0.0,1.0
PO-005858,SUP-005,SKU-00076,WH-EU,2024-07-08,2024-07-13,2024-07-12,1215,9.24,road,581.67,delivered,0,11226.6,5,4.0,-1.0,1.0
PO-005859,SUP-005,SKU-00076,WH-EU,2024-07-29,2024-08-03,2024-08-01,1104,9.24,rail,579.06,delivered,0,10200.96,5,3.0,-2.0,1.0
PO-005860,SUP-005,SKU-00076,WH-EU,2024-08-19,2024-08-24,2024-08-25,1280,9.24,road,654.86,delivered,0,11827.2,5,6.0,1.0,0.0
PO-005861,SUP-005,SKU-00076,WH-EU,2024-09-16,2024-09-21,2024-09-20,1110,9.24,rail,602.32,delivered,0,10256.4,5,4.0,-1.0,1.0
PO-005862,SUP-005,SKU-00076,WH-EU,2024-10-14,2024-10-19,2024-10-18,1197,9.24,rail,574.06,delivered,0,11060.28,5,4.0,-1.0,1.0
PO-005863,SUP-005,SKU-00076,WH-EU,2024-11-04,2024-11-09,2024-11-07,1204,9.24,road,635.93,delivered,0,11124.96,5,3.0,-2.0,1.0
PO-005864,SUP-005,SKU-00076,WH-EU,2024-11-25,2024-11-30,2024-12-02,1038,9.24,road,491.99,delivered,0,9591.12,5,7.0,2.0,0.0
PO-005865,SUP-005,SKU-00076,WH-EU,2024-12-16,2024-12-21,2024-12-24,1299,9.24,road,625.21,delivered,0,12002.76,5,8.0,3.0,0.0
PO-005866,SUP-005,SKU-00076,WH-EU,2025-01-06,2025-01-11,2025-01-07,1283,9.24,road,686.92,delivered,0,11854.92,5,1.0,-4.0,1.0
PO-005867,SUP-005,SKU-00076,WH-EU,2025-01-20,2025-01-25,2025-01-24,1040,9.24,rail,496.8,delivered,0,9609.6,5,4.0,-1.0,1.0
PO-005868,SUP-005,SKU-00076,WH-EU,2025-02-03,2025-02-08,2025-02-07,1409,9.24,road,773.13,delivered,0,13019.16,5,4.0,-1.0,1.0
PO-005869,SUP-005,SKU-00076,WH-EU,2025-02-24,2025-02-26,2025-02-26,1409,9.24,air,1361.61,delivered,0,13019.16,2,2.0,0.0,1.0
PO-005870,SUP-005,SKU-00076,WH-EU,2025-03-10,2025-03-15,2025-03-13,1135,9.24,road,680.83,delivered,0,10487.4,5,3.0,-2.0,1.0
PO-005871,SUP-005,SKU-00076,WH-EU,2025-03-24,2025-03-26,2025-03-27,1376,9.24,air,1521.43,delivered,0,12714.24,2,3.0,1.0,0.0
PO-005872,SUP-005,SKU-00076,WH-EU,2025-04-07,2025-04-09,2025-04-11,1409,9.24,air,1662.03,delivered,0,13019.16,2,4.0,2.0,0.0
PO-005873,SUP-005,SKU-00076,WH-EU,2025-04-21,2025-04-26,,1012,9.24,road,638.58,delivered,1,9350.88,5,,,
PO-005874,SUP-005,SKU-00076,WH-EU,2025-05-05,2025-05-10,2025-05-11,1083,9.24,rail,525.69,delivered,0,10006.92,5,6.0,1.0,0.0
PO-005875,SUP-005,SKU-00076,WH-EU,2025-05-19,2025-05-24,2025-05-26,1272,9.24,road,684.69,delivered,0,11753.28,5,7.0,2.0,0.0
PO-005876,SUP-005,SKU-00076,WH-EU,2025-06-09,2025-06-11,2025-06-11,1409,9.24,air,1862.28,delivered,0,13019.16,2,2.0,0.0,1.0
PO-005877,SUP-005,SKU-00076,WH-EU,2025-06-23,2025-06-28,2025-07-01,1075,9.24,road,701.93,delivered,0,9933.0,5,8.0,3.0,0.0
PO-005878,SUP-005,SKU-00076,WH-EU,2025-07-14,2025-07-16,2025-07-16,1409,9.24,air,1557.92,delivered,0,13019.16,2,2.0,0.0,1.0
PO-005879,SUP-005,SKU-00076,WH-EU,2025-08-04,2025-08-06,2025-08-07,1387,9.24,air,1411.14,delivered,0,12815.88,2,3.0,1.0,0.0
PO-005880,SUP-005,SKU-00076,WH-EU,2025-08-25,2025-08-30,2025-08-28,1195,9.24,road,662.61,delivered,0,11041.8,5,3.0,-2.0,1.0
PO-005881,SUP-005,SKU-00076,WH-EU,2025-09-15,2025-09-20,2025-09-19,1250,9.24,rail,637.85,delivered,0,11550.0,5,4.0,-1.0,1.0
PO-005882,SUP-005,SKU-00076,WH-EU,2025-10-06,2025-10-11,2025-10-13,1021,9.24,road,635.51,delivered,0,9434.04,5,7.0,2.0,0.0
PO-005883,SUP-005,SKU-00076,WH-EU,2025-10-27,2025-11-01,2025-10-31,1084,9.24,rail,545.82,delivered,0,10016.16,5,4.0,-1.0,1.0
PO-005884,SUP-005,SKU-00076,WH-EU,2025-11-17,2025-11-22,2025-11-18,1180,9.24,road,719.53,delivered,0,10903.2,5,1.0,-4.0,1.0
PO-005885,SUP-005,SKU-00076,WH-EU,2025-12-01,2025-12-03,2025-12-03,1409,9.24,air,1841.75,delivered,0,13019.16,2,2.0,0.0,1.0
PO-005886,SUP-005,SKU-00076,WH-EU,2025-12-22,2025-12-24,,1409,9.24,air,1601.56,open,0,13019.16,2,,,
PO-005887,SUP-005,SKU-00076,WH-EAST,2024-01-22,2024-01-24,2024-01-23,869,9.24,air,1030.84,delivered,0,8029.56,2,1.0,-1.0,1.0
PO-005888,SUP-005,SKU-00076,WH-EAST,2024-02-12,2024-02-14,2024-02-14,987,9.24,air,1096.18,delivered,0,9119.88,2,2.0,0.0,1.0
PO-005889,SUP-005,SKU-00076,WH-EAST,2024-03-04,2024-03-06,2024-03-07,987,9.24,air,1009.15,delivered,0,9119.88,2,3.0,1.0,0.0
PO-005890,SUP-005,SKU-00076,WH-EAST,2024-03-25,2024-03-30,2024-03-26,960,9.24,road,630.73,delivered,0,8870.4,5,1.0,-4.0,1.0
PO-005891,SUP-005,SKU-00076,WH-EAST,2024-04-08,2024-04-13,2024-04-09,701,9.24,road,441.98,delivered,0,6477.24,5,1.0,-4.0,1.0
PO-005892,SUP-005,SKU-00076,WH-EAST,2024-04-22,2024-04-27,2024-04-27,722,9.24,rail,379.07,delivered,0,6671.28,5,5.0,0.0,1.0
PO-005893,SUP-005,SKU-00076,WH-EAST,2024-05-06,2024-05-11,2024-05-23,740,9.24,rail,347.15,delivered,0,6837.6,5,17.0,12.0,0.0
PO-005894,SUP-005,SKU-00076,WH-EAST,2024-06-03,2024-06-08,2024-06-10,734,9.24,road,413.8,delivered,0,6782.16,5,7.0,2.0,0.0
PO-005895,SUP-005,SKU-00076,WH-EAST,2024-06-24,2024-06-29,2024-06-29,919,9.24,road,583.23,delivered,0,8491.56,5,5.0,0.0,1.0
PO-005896,SUP-005,SKU-00076,WH-EAST,2024-07-15,2024-07-20,2024-07-20,704,9.24,road,452.73,delivered,0,6504.96,5,5.0,0.0,1.0
PO-005897,SUP-005,SKU-00076,WH-EAST,2024-08-05,2024-08-10,2024-08-15,780,9.24,road,490.63,delivered,0,7207.2,5,10.0,5.0,0.0
PO-005898,SUP-005,SKU-00076,WH-EAST,2024-09-02,2024-09-07,2024-09-09,782,9.24,rail,291.76,delivered,0,7225.68,5,7.0,2.0,0.0
PO-005899,SUP-005,SKU-00076,WH-EAST,2024-09-30,2024-10-05,2024-10-08,782,9.24,rail,321.72,delivered,0,7225.68,5,8.0,3.0,0.0
PO-005900,SUP-005,SKU-00076,WH-EAST,2024-10-28,2024-11-02,2024-11-07,785,9.24,road,402.49,delivered,0,7253.4,5,10.0,5.0,0.0
PO-005901,SUP-005,SKU-00076,WH-EAST,2024-11-25,2024-11-27,2024-11-26,852,9.24,air,1007.0,delivered,0,7872.48,2,1.0,-1.0,1.0
PO-005902,SUP-005,SKU-00076,WH-EAST,2024-12-16,2024-12-21,2024-12-20,807,9.24,road,387.89,delivered,0,7456.68,5,4.0,-1.0,1.0
PO-005903,SUP-005,SKU-00076,WH-EAST,2024-12-30,2025-01-04,2025-01-12,717,9.24,rail,310.21,delivered,0,6625.08,5,13.0,8.0,0.0
PO-005904,SUP-005,SKU-00076,WH-EAST,2025-01-20,2025-01-25,2025-01-23,765,9.24,road,506.17,delivered,0,7068.6,5,3.0,-2.0,1.0
PO-005905,SUP-005,SKU-00076,WH-EAST,2025-02-03,2025-02-08,2025-02-09,846,9.24,rail,345.73,delivered,0,7817.04,5,6.0,1.0,0.0
PO-005906,SUP-005,SKU-00076,WH-EAST,2025-02-24,2025-02-26,2025-02-26,987,9.24,air,1137.28,delivered,0,9119.88,2,2.0,0.0,1.0
PO-005907,SUP-005,SKU-00076,WH-EAST,2025-03-10,2025-03-15,2025-03-17,848,9.24,road,438.28,delivered,0,7835.52,5,7.0,2.0,0.0
PO-005908,SUP-005,SKU-00076,WH-EAST,2025-03-24,2025-03-29,2025-03-28,698,9.24,road,445.03,delivered,0,6449.52,5,4.0,-1.0,1.0
PO-005909,SUP-005,SKU-00076,WH-EAST,2025-04-07,2025-04-09,2025-04-09,987,9.24,air,1291.65,delivered,0,9119.88,2,2.0,0.0,1.0
PO-005910,SUP-005,SKU-00076,WH-EAST,2025-04-21,2025-04-26,2025-04-25,873,9.24,rail,383.56,delivered,0,8066.52,5,4.0,-1.0,1.0
PO-005911,SUP-005,SKU-00076,WH-EAST,2025-05-05,2025-05-10,2025-05-08,831,9.24,road,437.25,delivered,0,7678.44,5,3.0,-2.0,1.0
PO-005912,SUP-005,SKU-00076,WH-EAST,2025-05-19,2025-05-24,2025-05-28,864,9.24,road,441.04,delivered,0,7983.36,5,9.0,4.0,0.0
PO-005913,SUP-005,SKU-00076,WH-EAST,2025-06-09,2025-06-14,2025-06-15,835,9.24,road,514.38,delivered,0,7715.4,5,6.0,1.0,0.0
PO-005914,SUP-005,SKU-00076,WH-EAST,2025-06-30,2025-07-02,2025-07-03,945,9.24,air,935.32,delivered,0,8731.8,2,3.0,1.0,0.0
PO-005915,SUP-005,SKU-00076,WH-EAST,2025-07-21,2025-07-26,2025-07-31,987,9.24,road,487.31,delivered,0,9119.88,5,10.0,5.0,0.0
PO-005916,SUP-005,SKU-00076,WH-EAST,2025-08-18,2025-08-23,2025-08-20,701,9.24,rail,325.46,delivered,0,6477.24,5,2.0,-3.0,1.0
PO-005917,SUP-005,SKU-00076,WH-EAST,2025-09-01,2025-09-03,2025-09-03,721,9.24,air,820.79,delivered,0,6662.04,2,2.0,0.0,1.0
PO-005918,SUP-005,SKU-00076,WH-EAST,2025-09-22,2025-09-27,2025-09-26,705,9.24,road,430.51,delivered,0,6514.2,5,4.0,-1.0,1.0
PO-005919,SUP-005,SKU-00076,WH-EAST,2025-10-13,2025-10-18,2025-10-28,721,9.24,rail,359.8,delivered,0,6662.04,5,15.0,10.0,0.0
PO-005920,SUP-005,SKU-00076,WH-EAST,2025-11-10,2025-11-15,2025-11-16,784,9.24,road,399.08,delivered,0,7244.16,5,6.0,1.0,0.0
PO-005921,SUP-005,SKU-00076,WH-EAST,2025-12-01,2025-12-03,2025-12-02,987,9.24,air,1266.24,delivered,0,9119.88,2,1.0,-1.0,1.0
PO-005922,SUP-005,SKU-00076,WH-EAST,2025-12-22,2025-12-27,,973,9.24,rail,445.67,open,0,8990.52,5,,,
PO-005923,SUP-006,SKU-00077,WH-WEST,2024-01-15,2024-02-12,2024-02-17,316,3.85,ocean,39.41,delivered,0,1216.6,28,33.0,5.0,0.0
PO-005924,SUP-006,SKU-00077,WH-WEST,2024-01-29,2024-02-26,2024-02-19,364,3.85,ocean,50.24,delivered,0,1401.4,28,21.0,-7.0,1.0
PO-005925,SUP-006,SKU-00077,WH-WEST,2024-02-26,2024-03-25,2024-03-17,315,3.85,ocean,49.38,delivered,0,1212.75,28,20.0,-8.0,1.0
PO-005926,SUP-006,SKU-00077,WH-WEST,2024-03-18,2024-04-15,2024-04-14,394,3.85,ocean,48.73,delivered,0,1516.9,28,27.0,-1.0,1.0
PO-005927,SUP-006,SKU-00077,WH-WEST,2024-04-08,2024-05-06,2024-05-11,334,3.85,ocean,55.58,delivered,0,1285.9,28,33.0,5.0,0.0
PO-005928,SUP-006,SKU-00077,WH-WEST,2024-04-29,2024-05-22,2024-05-21,391,3.85,rail,60.25,delivered,0,1505.35,23,22.0,-1.0,1.0
PO-005929,SUP-006,SKU-00077,WH-WEST,2024-05-20,2024-06-10,2024-06-10,346,3.85,road,73.37,delivered,0,1332.1,21,21.0,0.0,1.0
PO-005930,SUP-006,SKU-00077,WH-WEST,2024-06-17,2024-07-15,2024-07-20,368,3.85,ocean,66.15,delivered,0,1416.8,28,33.0,5.0,0.0
PO-005931,SUP-006,SKU-00077,WH-WEST,2024-07-08,2024-07-31,2024-07-26,275,3.85,rail,47.3,delivered,0,1058.75,23,18.0,-5.0,1.0
PO-005932,SUP-006,SKU-00077,WH-WEST,2024-07-29,2024-08-26,2024-08-19,389,3.85,ocean,57.76,delivered,0,1497.65,28,21.0,-7.0,1.0
PO-005933,SUP-006,SKU-00077,WH-WEST,2024-08-19,2024-09-16,2024-09-18,369,3.85,ocean,52.18,delivered,0,1420.65,28,30.0,2.0,0.0
PO-005934,SUP-006,SKU-00077,WH-WEST,2024-09-09,2024-10-07,2024-10-06,400,3.85,ocean,52.24,delivered,0,1540.0,28,27.0,-1.0,1.0
PO-005935,SUP-006,SKU-00077,WH-WEST,2024-09-30,2024-10-09,2024-10-10,384,3.85,air,212.43,delivered,0,1478.4,9,10.0,1.0,0.0
PO-005936,SUP-006,SKU-00077,WH-WEST,2024-10-21,2024-11-18,2024-11-18,417,3.85,ocean,65.99,delivered,0,1605.45,28,28.0,0.0,1.0
PO-005937,SUP-006,SKU-00077,WH-WEST,2024-11-04,2024-11-13,2024-11-14,355,3.85,air,193.97,delivered,0,1366.75,9,10.0,1.0,0.0
PO-005938,SUP-006,SKU-00077,WH-WEST,2024-11-25,2024-12-04,2024-12-04,396,3.85,air,219.52,delivered,0,1524.6,9,9.0,0.0,1.0
PO-005939,SUP-006,SKU-00077,WH-WEST,2024-12-09,2024-12-30,2025-01-04,380,3.85,road,87.84,delivered,0,1463.0,21,26.0,5.0,0.0
PO-005940,SUP-006,SKU-00077,WH-WEST,2024-12-23,2025-01-20,2025-01-24,278,3.85,ocean,49.3,delivered,0,1070.3,28,32.0,4.0,0.0
PO-005941,SUP-006,SKU-00077,WH-WEST,2025-01-06,2025-02-03,2025-01-30,298,3.85,ocean,43.13,delivered,0,1147.3,28,24.0,-4.0,1.0
PO-005942,SUP-006,SKU-00077,WH-WEST,2025-01-20,2025-01-29,2025-01-29,276,3.85,air,138.69,delivered,0,1062.6,9,9.0,0.0,1.0
PO-005943,SUP-006,SKU-00077,WH-WEST,2025-02-10,2025-03-10,2025-03-06,386,3.85,ocean,54.18,delivered,0,1486.1,28,24.0,-4.0,1.0
PO-005944,SUP-006,SKU-00077,WH-WEST,2025-02-24,2025-03-24,2025-03-30,276,3.85,ocean,48.16,delivered,0,1062.6,28,34.0,6.0,0.0
PO-005945,SUP-006,SKU-00077,WH-WEST,2025-03-17,2025-04-14,2025-04-18,436,3.85,ocean,68.09,delivered,0,1678.6,28,32.0,4.0,0.0
PO-005946,SUP-006,SKU-00077,WH-WEST,2025-04-07,2025-04-16,2025-04-17,277,3.85,air,128.45,delivered,0,1066.45,9,10.0,1.0,0.0
PO-005947,SUP-006,SKU-00077,WH-WEST,2025-04-28,2025-05-19,2025-05-21,281,3.85,road,55.11,delivered,0,1081.85,21,23.0,2.0,0.0
PO-005948,SUP-006,SKU-00077,WH-WEST,2025-05-19,2025-06-16,2025-06-19,273,3.85,ocean,41.33,delivered,0,1051.05,28,31.0,3.0,0.0
PO-005949,SUP-006,SKU-00077,WH-WEST,2025-06-09,2025-07-07,2025-07-09,297,3.85,ocean,38.46,delivered,0,1143.45,28,30.0,2.0,0.0
PO-005950,SUP-006,SKU-00077,WH-WEST,2025-06-30,2025-07-21,2025-07-24,325,3.85,road,79.94,delivered,0,1251.25,21,24.0,3.0,0.0
PO-005951,SUP-006,SKU-00077,WH-WEST,2025-07-21,2025-08-18,2025-08-16,346,3.85,ocean,50.58,delivered,0,1332.1,28,26.0,-2.0,1.0
PO-005952,SUP-006,SKU-00077,WH-WEST,2025-08-11,2025-09-08,2025-09-04,377,3.85,ocean,62.21,delivered,0,1451.45,28,24.0,-4.0,1.0
PO-005953,SUP-006,SKU-00077,WH-WEST,2025-09-01,2025-09-10,2025-09-12,400,3.85,air,154.8,delivered,0,1540.0,9,11.0,2.0,0.0
PO-005954,SUP-006,SKU-00077,WH-WEST,2025-09-15,2025-09-24,2025-09-22,331,3.85,air,141.78,delivered,0,1274.35,9,7.0,-2.0,1.0
PO-005955,SUP-006,SKU-00077,WH-WEST,2025-09-29,2025-10-08,2025-10-09,327,3.85,air,155.83,delivered,0,1258.95,9,10.0,1.0,0.0
PO-005956,SUP-006,SKU-00077,WH-WEST,2025-10-13,2025-11-05,2025-11-02,315,3.85,rail,48.95,delivered,0,1212.75,23,20.0,-3.0,1.0
PO-005957,SUP-006,SKU-00077,WH-WEST,2025-10-27,2025-11-05,2025-11-06,326,3.85,air,136.58,delivered,0,1255.1,9,10.0,1.0,0.0
PO-005958,SUP-006,SKU-00077,WH-WEST,2025-11-10,2025-12-08,2025-12-12,317,3.85,ocean,56.24,delivered,0,1220.45,28,32.0,4.0,0.0
PO-005959,SUP-006,SKU-00077,WH-WEST,2025-11-24,2025-12-22,2025-12-27,308,3.85,ocean,53.96,delivered,0,1185.8,28,33.0,5.0,0.0
PO-005960,SUP-006,SKU-00077,WH-WEST,2025-12-15,2025-12-24,2025-12-22,326,3.85,air,140.08,delivered,0,1255.1,9,7.0,-2.0,1.0
PO-005961,SUP-006,SKU-00077,WH-EU,2024-01-15,2024-01-24,2024-01-22,577,3.85,air,265.96,delivered,0,2221.45,9,7.0,-2.0,1.0
PO-005962,SUP-006,SKU-00077,WH-EU,2024-01-29,2024-02-26,2024-03-05,474,3.85,ocean,65.55,delivered,0,1824.9,28,36.0,8.0,0.0
PO-005963,SUP-006,SKU-00077,WH-EU,2024-02-19,2024-03-13,2024-03-15,522,3.85,rail,96.12,delivered,0,2009.7,23,25.0,2.0,0.0
PO-005964,SUP-006,SKU-00077,WH-EU,2024-03-11,2024-03-20,2024-03-21,451,3.85,air,201.67,delivered,0,1736.35,9,10.0,1.0,0.0
PO-005965,SUP-006,SKU-00077,WH-EU,2024-03-25,2024-04-03,2024-04-04,409,3.85,air,215.24,delivered,0,1574.65,9,10.0,1.0,0.0
PO-005966,SUP-006,SKU-00077,WH-EU,2024-04-15,2024-04-24,2024-04-29,545,3.85,air,220.28,delivered,0,2098.25,9,14.0,5.0,0.0
PO-005967,SUP-006,SKU-00077,WH-EU,2024-05-06,2024-05-29,2024-05-28,470,3.85,rail,101.25,delivered,0,1809.5,23,22.0,-1.0,1.0
PO-005968,SUP-006,SKU-00077,WH-EU,2024-05-27,2024-06-24,2024-06-20,488,3.85,ocean,80.37,delivered,0,1878.8,28,24.0,-4.0,1.0
PO-005969,SUP-006,SKU-00077,WH-EU,2024-06-24,2024-07-22,2024-07-18,490,3.85,ocean,72.87,delivered,0,1886.5,28,24.0,-4.0,1.0
PO-005970,SUP-006,SKU-00077,WH-EU,2024-07-15,2024-08-05,2024-07-31,417,3.85,road,95.14,delivered,0,1605.45,21,16.0,-5.0,1.0
PO-005971,SUP-006,SKU-00077,WH-EU,2024-08-05,2024-09-02,2024-09-03,484,3.85,ocean,66.62,delivered,0,1863.4,28,29.0,1.0,0.0
PO-005972,SUP-006,SKU-00077,WH-EU,2024-08-26,2024-09-18,2024-09-20,555,3.85,rail,103.0,delivered,0,2136.75,23,25.0,2.0,0.0
PO-005973,SUP-006,SKU-00077,WH-EU,2024-09-09,2024-10-07,2024-10-11,442,3.85,ocean,72.42,delivered,0,1701.7,28,32.0,4.0,0.0
PO-005974,SUP-006,SKU-00077,WH-EU,2024-09-30,2024-10-28,2024-10-22,570,3.85,ocean,75.54,delivered,0,2194.5,28,22.0,-6.0,1.0
PO-005975,SUP-006,SKU-00077,WH-EU,2024-10-21,2024-10-30,2024-10-29,631,3.85,air,267.84,delivered,0,2429.35,9,8.0,-1.0,1.0
PO-005976,SUP-006,SKU-00077,WH-EU,2024-11-04,2024-11-25,2024-11-25,482,3.85,road,103.6,delivered,0,1855.7,21,21.0,0.0,1.0
PO-005977,SUP-006,SKU-00077,WH-EU,2024-11-18,2024-12-16,2024-12-17,496,3.85,ocean,72.71,delivered,0,1909.6,28,29.0,1.0,0.0
PO-005978,SUP-006,SKU-00077,WH-EU,2024-12-02,2024-12-11,2024-12-14,671,3.85,air,259.12,delivered,0,2583.35,9,12.0,3.0,0.0
PO-005979,SUP-006,SKU-00077,WH-EU,2024-12-23,2025-01-01,2025-01-02,560,3.85,air,225.62,delivered,0,2156.0,9,10.0,1.0,0.0
PO-005980,SUP-006,SKU-00077,WH-EU,2025-01-06,2025-02-03,2025-02-08,517,3.85,ocean,67.28,delivered,0,1990.45,28,33.0,5.0,0.0
PO-005981,SUP-006,SKU-00077,WH-EU,2025-01-20,2025-02-17,2025-02-19,556,3.85,ocean,87.82,delivered,0,2140.6,28,30.0,2.0,0.0
PO-005982,SUP-006,SKU-00077,WH-EU,2025-02-17,2025-03-17,2025-03-14,549,3.85,ocean,76.06,delivered,0,2113.65,28,25.0,-3.0,1.0
PO-005983,SUP-006,SKU-00077,WH-EU,2025-03-03,2025-03-26,2025-03-25,424,3.85,rail,69.63,delivered,0,1632.4,23,22.0,-1.0,1.0
PO-005984,SUP-006,SKU-00077,WH-EU,2025-03-24,2025-04-14,2025-04-16,439,3.85,road,86.73,delivered,0,1690.15,21,23.0,2.0,0.0
PO-005985,SUP-006,SKU-00077,WH-EU,2025-04-14,2025-05-07,2025-04-30,471,3.85,rail,85.39,delivered,0,1813.35,23,16.0,-7.0,1.0
PO-005986,SUP-006,SKU-00077,WH-EU,2025-05-05,2025-06-02,2025-05-28,421,3.85,ocean,77.28,delivered,0,1620.85,28,23.0,-5.0,1.0
PO-005987,SUP-006,SKU-00077,WH-EU,2025-05-26,2025-06-18,2025-06-18,418,3.85,rail,84.32,delivered,0,1609.3,23,23.0,0.0,1.0
PO-005988,SUP-006,SKU-00077,WH-EU,2025-06-23,2025-07-21,2025-07-15,428,3.85,ocean,53.04,delivered,0,1647.8,28,22.0,-6.0,1.0
PO-005989,SUP-006,SKU-00077,WH-EU,2025-07-14,2025-08-11,2025-08-10,473,3.85,ocean,71.98,delivered,0,1821.05,28,27.0,-1.0,1.0
PO-005990,SUP-006,SKU-00077,WH-EU,2025-07-28,2025-08-25,2025-08-17,416,3.85,ocean,66.33,delivered,0,1601.6,28,20.0,-8.0,1.0
PO-005991,SUP-006,SKU-00077,WH-EU,2025-08-18,2025-09-10,2025-09-15,509,3.85,rail,111.12,delivered,0,1959.65,23,28.0,5.0,0.0
PO-005992,SUP-006,SKU-00077,WH-EU,2025-09-08,2025-10-06,2025-10-09,567,3.85,ocean,96.31,delivered,0,2182.95,28,31.0,3.0,0.0
PO-005993,SUP-006,SKU-00077,WH-EU,2025-09-22,2025-10-01,2025-10-03,413,3.85,air,175.53,delivered,0,1590.05,9,11.0,2.0,0.0
PO-005994,SUP-006,SKU-00077,WH-EU,2025-10-13,2025-11-10,2025-11-10,571,3.85,ocean,101.01,delivered,0,2198.35,28,28.0,0.0,1.0
PO-005995,SUP-006,SKU-00077,WH-EU,2025-10-27,2025-11-05,2025-11-05,641,3.85,air,306.45,delivered,0,2467.85,9,9.0,0.0,1.0
PO-005996,SUP-006,SKU-00077,WH-EU,2025-11-17,2025-12-15,2025-12-09,426,3.85,ocean,59.29,delivered,0,1640.1,28,22.0,-6.0,1.0
PO-005997,SUP-006,SKU-00077,WH-EU,2025-12-01,2025-12-29,,530,3.85,ocean,96.75,open,0,2040.5,28,,,
PO-005998,SUP-006,SKU-00077,WH-EU,2025-12-15,2025-12-24,2025-12-27,505,3.85,air,269.8,delivered,0,1944.25,9,12.0,3.0,0.0
PO-005999,SUP-006,SKU-00077,WH-APAC,2024-01-15,2024-02-12,,441,3.85,ocean,63.71,delivered,1,1697.85,28,,,
PO-006000,SUP-006,SKU-00077,WH-APAC,2024-01-29,2024-02-07,2024-02-10,439,3.85,air,199.88,delivered,0,1690.15,9,12.0,3.0,0.0
PO-006001,SUP-006,SKU-00077,WH-APAC,2024-02-12,2024-02-21,2024-02-20,369,3.85,air,199.89,delivered,0,1420.65,9,8.0,-1.0,1.0
PO-006002,SUP-006,SKU-00077,WH-APAC,2024-03-04,2024-04-01,2024-04-04,388,3.85,ocean,70.57,delivered,0,1493.8,28,31.0,3.0,0.0
PO-006003,SUP-006,SKU-00077,WH-APAC,2024-03-25,2024-04-17,2024-04-17,518,3.85,rail,103.65,delivered,0,1994.3,23,23.0,0.0,1.0
PO-006004,SUP-006,SKU-00077,WH-APAC,2024-04-15,2024-05-08,2024-05-02,367,3.85,rail,57.04,delivered,0,1412.95,23,17.0,-6.0,1.0
PO-006005,SUP-006,SKU-00077,WH-APAC,2024-05-06,2024-06-03,2024-05-28,448,3.85,ocean,68.25,delivered,0,1724.8,28,22.0,-6.0,1.0
PO-006006,SUP-006,SKU-00077,WH-APAC,2024-05-27,2024-06-19,2024-06-13,426,3.85,rail,75.11,delivered,0,1640.1,23,17.0,-6.0,1.0
PO-006007,SUP-006,SKU-00077,WH-APAC,2024-06-24,2024-07-22,2024-07-21,405,3.85,ocean,64.55,delivered,0,1559.25,28,27.0,-1.0,1.0
PO-006008,SUP-006,SKU-00077,WH-APAC,2024-07-22,2024-08-19,2024-08-16,507,3.85,ocean,82.14,delivered,0,1951.95,28,25.0,-3.0,1.0
PO-006009,SUP-006,SKU-00077,WH-APAC,2024-08-19,2024-09-11,2024-09-11,517,3.85,rail,86.77,delivered,0,1990.45,23,23.0,0.0,1.0
PO-006010,SUP-006,SKU-00077,WH-APAC,2024-09-09,2024-10-07,2024-10-12,428,3.85,ocean,75.93,delivered,0,1647.8,28,33.0,5.0,0.0
PO-006011,SUP-006,SKU-00077,WH-APAC,2024-09-23,2024-10-14,2024-10-14,401,3.85,road,102.76,delivered,0,1543.85,21,21.0,0.0,1.0
PO-006012,SUP-006,SKU-00077,WH-APAC,2024-10-14,2024-10-23,2024-10-23,373,3.85,air,185.83,delivered,0,1436.05,9,9.0,0.0,1.0
PO-006013,SUP-006,SKU-00077,WH-APAC,2024-10-28,2024-11-20,2024-11-18,470,3.85,rail,86.3,delivered,0,1809.5,23,21.0,-2.0,1.0
PO-006014,SUP-006,SKU-00077,WH-APAC,2024-11-11,2024-12-09,2024-12-03,380,3.85,ocean,58.04,delivered,0,1463.0,28,22.0,-6.0,1.0
PO-006015,SUP-006,SKU-00077,WH-APAC,2024-12-02,2024-12-30,2024-12-27,684,3.85,ocean,118.41,delivered,0,2633.4,28,25.0,-3.0,1.0
PO-006016,SUP-006,SKU-00077,WH-APAC,2024-12-23,2025-01-20,2025-01-19,422,3.85,ocean,72.11,delivered,0,1624.7,28,27.0,-1.0,1.0
PO-006017,SUP-006,SKU-00077,WH-APAC,2025-01-13,2025-02-10,2025-02-23,491,3.85,ocean,76.96,delivered,0,1890.35,28,41.0,13.0,0.0
PO-006018,SUP-006,SKU-00077,WH-APAC,2025-01-27,2025-02-17,2025-02-15,392,3.85,road,98.13,delivered,0,1509.2,21,19.0,-2.0,1.0
PO-006019,SUP-006,SKU-00077,WH-APAC,2025-02-24,2025-03-24,2025-03-29,477,3.85,ocean,60.9,delivered,0,1836.45,28,33.0,5.0,0.0
PO-006020,SUP-006,SKU-00077,WH-APAC,2025-03-17,2025-04-14,2025-04-17,426,3.85,ocean,70.76,delivered,0,1640.1,28,31.0,3.0,0.0
PO-006021,SUP-006,SKU-00077,WH-APAC,2025-04-07,2025-04-30,2025-05-03,421,3.85,rail,68.17,delivered,0,1620.85,23,26.0,3.0,0.0
PO-006022,SUP-006,SKU-00077,WH-APAC,2025-04-28,2025-05-26,2025-05-26,422,3.85,ocean,67.69,delivered,0,1624.7,28,28.0,0.0,1.0
PO-006023,SUP-006,SKU-00077,WH-APAC,2025-05-26,2025-06-18,2025-06-15,373,3.85,rail,66.55,delivered,0,1436.05,23,20.0,-3.0,1.0
PO-006024,SUP-006,SKU-00077,WH-APAC,2025-06-23,2025-07-21,2025-07-22,486,3.85,ocean,87.12,delivered,0,1871.1,28,29.0,1.0,0.0
PO-006025,SUP-006,SKU-00077,WH-APAC,2025-07-21,2025-08-18,2025-08-30,478,3.85,ocean,87.91,delivered,0,1840.3,28,40.0,12.0,0.0
PO-006026,SUP-006,SKU-00077,WH-APAC,2025-08-11,2025-09-08,2025-09-01,397,3.85,ocean,68.71,delivered,0,1528.45,28,21.0,-7.0,1.0
PO-006027,SUP-006,SKU-00077,WH-APAC,2025-09-08,2025-09-17,2025-09-17,424,3.85,air,183.41,delivered,0,1632.4,9,9.0,0.0,1.0
PO-006028,SUP-006,SKU-00077,WH-APAC,2025-09-22,2025-10-20,2025-10-14,399,3.85,ocean,73.13,delivered,0,1536.15,28,22.0,-6.0,1.0
PO-006029,SUP-006,SKU-00077,WH-APAC,2025-10-06,2025-10-27,2025-11-04,405,3.85,road,111.47,delivered,0,1559.25,21,29.0,8.0,0.0
PO-006030,SUP-006,SKU-00077,WH-APAC,2025-10-27,2025-11-05,2025-11-08,603,3.85,air,266.95,delivered,0,2321.55,9,12.0,3.0,0.0
PO-006031,SUP-006,SKU-00077,WH-APAC,2025-11-17,2025-11-26,2025-11-24,505,3.85,air,265.57,delivered,0,1944.25,9,7.0,-2.0,1.0
PO-006032,SUP-006,SKU-00077,WH-APAC,2025-12-01,2025-12-29,,457,3.85,ocean,76.9,open,0,1759.45,28,,,
PO-006033,SUP-006,SKU-00077,WH-APAC,2025-12-22,2025-12-31,,573,3.85,air,306.47,open,0,2206.05,9,,,
PO-006034,SUP-015,SKU-00078,WH-EAST,2024-01-15,2024-02-01,2024-01-31,488,16.33,ocean,342.29,delivered,0,7969.04,17,16.0,-1.0,1.0
PO-006035,SUP-015,SKU-00078,WH-EAST,2024-01-29,2024-02-12,2024-02-12,484,16.33,rail,394.35,delivered,0,7903.72,14,14.0,0.0,1.0
PO-006036,SUP-015,SKU-00078,WH-EAST,2024-02-19,2024-03-02,2024-03-03,668,16.33,road,643.92,delivered,0,10908.44,12,13.0,1.0,0.0
PO-006037,SUP-015,SKU-00078,WH-EAST,2024-03-11,2024-03-28,2024-04-04,659,16.33,ocean,445.23,delivered,0,10761.47,17,24.0,7.0,0.0
PO-006038,SUP-015,SKU-00078,WH-EAST,2024-04-08,2024-04-25,2024-04-23,546,16.33,ocean,421.15,delivered,0,8916.18,17,15.0,-2.0,1.0
PO-006039,SUP-015,SKU-00078,WH-EAST,2024-04-29,2024-05-11,2024-05-10,636,16.33,road,634.67,delivered,0,10385.88,12,11.0,-1.0,1.0
PO-006040,SUP-015,SKU-00078,WH-EAST,2024-05-20,2024-06-06,2024-06-04,639,16.33,ocean,436.69,delivered,0,10434.87,17,15.0,-2.0,1.0
PO-006041,SUP-015,SKU-00078,WH-EAST,2024-06-10,2024-06-27,2024-06-26,599,16.33,ocean,427.33,delivered,0,9781.67,17,16.0,-1.0,1.0
PO-006042,SUP-015,SKU-00078,WH-EAST,2024-07-01,2024-07-18,2024-07-15,614,16.33,ocean,441.76,delivered,0,10026.62,17,14.0,-3.0,1.0
PO-006043,SUP-015,SKU-00078,WH-EAST,2024-07-22,2024-08-05,2024-08-06,628,16.33,rail,564.42,delivered,0,10255.24,14,15.0,1.0,0.0
PO-006044,SUP-015,SKU-00078,WH-EAST,2024-08-12,2024-08-29,2024-08-28,624,16.33,ocean,431.5,delivered,0,10189.92,17,16.0,-1.0,1.0
PO-006045,SUP-015,SKU-00078,WH-EAST,2024-09-02,2024-09-08,2024-09-07,608,16.33,air,1324.33,delivered,0,9928.64,6,5.0,-1.0,1.0
PO-006046,SUP-015,SKU-00078,WH-EAST,2024-09-23,2024-09-29,2024-09-30,654,16.33,air,1197.13,delivered,0,10679.82,6,7.0,1.0,0.0
PO-006047,SUP-015,SKU-00078,WH-EAST,2024-10-14,2024-10-31,2024-11-02,673,16.33,ocean,405.75,delivered,0,10990.09,17,19.0,2.0,0.0
PO-006048,SUP-015,SKU-00078,WH-EAST,2024-11-11,2024-11-25,2024-11-23,664,16.33,rail,474.86,delivered,0,10843.12,14,12.0,-2.0,1.0
PO-006049,SUP-015,SKU-00078,WH-EAST,2024-12-02,2024-12-14,2024-12-14,664,16.33,road,624.29,delivered,0,10843.12,12,12.0,0.0,1.0
PO-006050,SUP-015,SKU-00078,WH-EAST,2024-12-16,2024-12-22,2024-12-22,482,16.33,air,825.97,delivered,0,7871.06,6,6.0,0.0,1.0
PO-006051,SUP-015,SKU-00078,WH-EAST,2025-01-06,2025-01-23,2025-01-19,726,16.33,ocean,422.88,delivered,0,11855.58,17,13.0,-4.0,1.0
PO-006052,SUP-015,SKU-00078,WH-EAST,2025-01-27,2025-02-08,2025-02-13,645,16.33,road,534.23,delivered,0,10532.85,12,17.0,5.0,0.0
PO-006053,SUP-015,SKU-00078,WH-EAST,2025-02-17,2025-02-23,2025-02-21,607,16.33,air,1385.77,delivered,0,9912.31,6,4.0,-2.0,1.0
PO-006054,SUP-015,SKU-00078,WH-EAST,2025-03-03,2025-03-09,2025-03-09,590,16.33,air,1107.42,delivered,0,9634.7,6,6.0,0.0,1.0
PO-006055,SUP-015,SKU-00078,WH-EAST,2025-03-24,2025-04-10,2025-04-11,707,16.33,ocean,476.74,delivered,0,11545.31,17,18.0,1.0,0.0
PO-006056,SUP-015,SKU-00078,WH-EAST,2025-04-21,2025-05-08,2025-05-06,689,16.33,ocean,529.36,delivered,0,11251.37,17,15.0,-2.0,1.0
PO-006057,SUP-015,SKU-00078,WH-EAST,2025-05-12,2025-05-29,2025-05-28,659,16.33,ocean,494.6,delivered,0,10761.47,17,16.0,-1.0,1.0
PO-006058,SUP-015,SKU-00078,WH-EAST,2025-06-02,2025-06-16,2025-06-14,549,16.33,rail,383.63,delivered,0,8965.17,14,12.0,-2.0,1.0
PO-006059,SUP-015,SKU-00078,WH-EAST,2025-06-23,2025-06-29,2025-06-30,633,16.33,air,1129.32,delivered,0,10336.89,6,7.0,1.0,0.0
PO-006060,SUP-015,SKU-00078,WH-EAST,2025-07-14,2025-07-28,2025-07-28,652,16.33,rail,531.76,delivered,0,10647.16,14,14.0,0.0,1.0
PO-006061,SUP-015,SKU-00078,WH-EAST,2025-08-04,2025-08-10,2025-08-10,743,16.33,air,1366.1,delivered,0,12133.19,6,6.0,0.0,1.0
PO-006062,SUP-015,SKU-00078,WH-EAST,2025-08-25,2025-09-11,2025-09-10,692,16.33,ocean,449.22,delivered,0,11300.36,17,16.0,-1.0,1.0
PO-006063,SUP-015,SKU-00078,WH-EAST,2025-09-15,2025-10-02,2025-10-01,558,16.33,ocean,403.84,delivered,0,9112.14,17,16.0,-1.0,1.0
PO-006064,SUP-015,SKU-00078,WH-EAST,2025-09-29,2025-10-05,2025-10-06,488,16.33,air,1021.88,delivered,0,7969.04,6,7.0,1.0,0.0
PO-006065,SUP-015,SKU-00078,WH-EAST,2025-10-20,2025-11-03,2025-11-02,645,16.33,rail,424.71,delivered,0,10532.85,14,13.0,-1.0,1.0
PO-006066,SUP-015,SKU-00078,WH-EAST,2025-11-10,2025-11-27,2025-11-25,703,16.33,ocean,501.23,delivered,0,11479.99,17,15.0,-2.0,1.0
PO-006067,SUP-015,SKU-00078,WH-EAST,2025-12-01,2025-12-15,2025-12-14,595,16.33,rail,438.03,delivered,0,9716.35,14,13.0,-1.0,1.0
PO-006068,SUP-015,SKU-00078,WH-EAST,2025-12-22,2026-01-03,,715,16.33,road,775.32,open,0,11675.95,12,,,
PO-006069,SUP-016,SKU-00079,WH-EAST,2024-01-15,2024-02-05,2024-01-31,196,39.1,ocean,327.41,delivered,0,7663.6,21,16.0,-5.0,1.0
PO-006070,SUP-016,SKU-00079,WH-EAST,2024-01-29,2024-02-19,2024-03-02,188,39.1,ocean,275.67,delivered,0,7350.8,21,33.0,12.0,0.0
PO-006071,SUP-016,SKU-00079,WH-EAST,2024-02-19,2024-02-26,2024-02-22,263,39.1,air,1079.72,delivered,0,10283.3,7,3.0,-4.0,1.0
PO-006072,SUP-016,SKU-00079,WH-EAST,2024-03-11,2024-03-27,2024-03-26,235,39.1,road,569.25,delivered,0,9188.5,16,15.0,-1.0,1.0
PO-006073,SUP-016,SKU-00079,WH-EAST,2024-04-01,2024-04-22,2024-04-24,246,39.1,ocean,379.46,delivered,0,9618.6,21,23.0,2.0,0.0
PO-006074,SUP-016,SKU-00079,WH-EAST,2024-04-22,2024-04-29,2024-04-30,212,39.1,air,1156.43,delivered,0,8289.2,7,8.0,1.0,0.0
PO-006075,SUP-016,SKU-00079,WH-EAST,2024-05-13,2024-06-03,2024-06-01,220,39.1,ocean,327.05,delivered,0,8602.0,21,19.0,-2.0,1.0
PO-006076,SUP-016,SKU-00079,WH-EAST,2024-05-27,2024-06-17,2024-06-20,183,39.1,ocean,242.69,delivered,0,7155.3,21,24.0,3.0,0.0
PO-006077,SUP-016,SKU-00079,WH-EAST,2024-06-10,2024-06-27,2024-06-27,194,39.1,rail,448.9,delivered,0,7585.4,17,17.0,0.0,1.0
PO-006078,SUP-016,SKU-00079,WH-EAST,2024-07-01,2024-07-18,2024-08-06,204,39.1,rail,333.11,delivered,0,7976.4,17,36.0,19.0,0.0
PO-006079,SUP-016,SKU-00079,WH-EAST,2024-07-22,2024-08-08,2024-08-09,254,39.1,rail,566.49,delivered,0,9931.4,17,18.0,1.0,0.0
PO-006080,SUP-016,SKU-00079,WH-EAST,2024-08-19,2024-09-09,2024-09-01,201,39.1,ocean,272.63,delivered,0,7859.1,21,13.0,-8.0,1.0
PO-006081,SUP-016,SKU-00079,WH-EAST,2024-09-02,2024-09-23,2024-10-01,194,39.1,ocean,312.75,delivered,0,7585.4,21,29.0,8.0,0.0
PO-006082,SUP-016,SKU-00079,WH-EAST,2024-09-16,2024-09-23,2024-09-19,185,39.1,air,958.44,delivered,0,7233.5,7,3.0,-4.0,1.0
PO-006083,SUP-016,SKU-00079,WH-EAST,2024-10-07,2024-10-23,2024-10-16,291,39.1,road,682.76,delivered,0,11378.1,16,9.0,-7.0,1.0
PO-006084,SUP-016,SKU-00079,WH-EAST,2024-10-21,2024-10-28,2024-10-25,236,39.1,air,904.31,delivered,0,9227.6,7,4.0,-3.0,1.0
PO-006085,SUP-016,SKU-00079,WH-EAST,2024-11-04,2024-11-11,2024-11-17,213,39.1,air,1124.89,delivered,0,8328.3,7,13.0,6.0,0.0
PO-006086,SUP-016,SKU-00079,WH-EAST,2024-11-18,2024-11-25,2024-11-25,180,39.1,air,844.52,delivered,0,7038.0,7,7.0,0.0,1.0
PO-006087,SUP-016,SKU-00079,WH-EAST,2024-12-09,2024-12-30,2024-12-19,226,39.1,ocean,293.46,delivered,0,8836.6,21,10.0,-11.0,1.0
PO-006088,SUP-016,SKU-00079,WH-EAST,2024-12-23,2025-01-08,2025-01-01,197,39.1,road,373.3,delivered,0,7702.7,16,9.0,-7.0,1.0
PO-006089,SUP-016,SKU-00079,WH-EAST,2025-01-13,2025-02-03,2025-02-11,266,39.1,ocean,375.85,delivered,0,10400.6,21,29.0,8.0,0.0
PO-006090,SUP-016,SKU-00079,WH-EAST,2025-01-27,2025-02-03,2025-01-31,189,39.1,air,947.62,delivered,0,7389.9,7,4.0,-3.0,1.0
PO-006091,SUP-016,SKU-00079,WH-EAST,2025-02-17,2025-03-10,2025-02-27,187,39.1,ocean,291.72,delivered,0,7311.7,21,10.0,-11.0,1.0
PO-006092,SUP-016,SKU-00079,WH-EAST,2025-03-03,2025-03-24,2025-03-17,211,39.1,ocean,272.35,delivered,0,8250.1,21,14.0,-7.0,1.0
PO-006093,SUP-016,SKU-00079,WH-EAST,2025-03-17,2025-04-07,2025-04-02,177,39.1,ocean,283.46,delivered,0,6920.7,21,16.0,-5.0,1.0
PO-006094,SUP-016,SKU-00079,WH-EAST,2025-04-07,2025-04-28,2025-05-17,262,39.1,ocean,450.37,delivered,0,10244.2,21,40.0,19.0,0.0
PO-006095,SUP-016,SKU-00079,WH-EAST,2025-04-28,2025-05-19,2025-05-14,196,39.1,ocean,334.29,delivered,0,7663.6,21,16.0,-5.0,1.0
PO-006096,SUP-016,SKU-00079,WH-EAST,2025-06-02,2025-06-23,2025-06-15,224,39.1,ocean,373.95,delivered,0,8758.4,21,13.0,-8.0,1.0
PO-006097,SUP-016,SKU-00079,WH-EAST,2025-06-23,2025-07-14,2025-07-12,288,39.1,ocean,512.09,delivered,0,11260.8,21,19.0,-2.0,1.0
PO-006098,SUP-016,SKU-00079,WH-EAST,2025-07-14,2025-08-04,2025-08-14,209,39.1,ocean,366.38,delivered,0,8171.9,21,31.0,10.0,0.0
PO-006099,SUP-016,SKU-00079,WH-EAST,2025-08-04,2025-08-11,2025-08-16,249,39.1,air,1204.85,delivered,0,9735.9,7,12.0,5.0,0.0
PO-006100,SUP-016,SKU-00079,WH-EAST,2025-09-01,2025-09-18,2025-09-11,220,39.1,rail,473.65,delivered,0,8602.0,17,10.0,-7.0,1.0
PO-006101,SUP-016,SKU-00079,WH-EAST,2025-09-22,2025-10-13,2025-10-20,252,39.1,ocean,387.49,delivered,0,9853.2,21,28.0,7.0,0.0
PO-006102,SUP-016,SKU-00079,WH-EAST,2025-10-13,2025-11-03,2025-11-06,206,39.1,ocean,373.75,delivered,0,8054.6,21,24.0,3.0,0.0
PO-006103,SUP-016,SKU-00079,WH-EAST,2025-11-03,2025-11-24,2025-11-13,184,39.1,ocean,275.33,delivered,0,7194.4,21,10.0,-11.0,1.0
PO-006104,SUP-016,SKU-00079,WH-EAST,2025-11-17,2025-11-24,2025-11-24,176,39.1,air,982.11,delivered,0,6881.6,7,7.0,0.0,1.0
PO-006105,SUP-016,SKU-00079,WH-EAST,2025-12-08,2025-12-15,2025-12-17,261,39.1,air,1120.29,delivered,0,10205.1,7,9.0,2.0,0.0
PO-006106,SUP-016,SKU-00079,WH-SOUTH,2024-01-15,2024-01-22,2024-01-19,251,39.1,air,1371.33,delivered,0,9814.1,7,4.0,-3.0,1.0
PO-006107,SUP-016,SKU-00079,WH-SOUTH,2024-02-05,2024-02-22,2024-02-23,263,39.1,rail,597.32,delivered,0,10283.3,17,18.0,1.0,0.0
PO-006108,SUP-016,SKU-00079,WH-SOUTH,2024-02-26,2024-03-18,2024-03-04,283,39.1,ocean,409.85,delivered,0,11065.3,21,7.0,-14.0,1.0
PO-006109,SUP-016,SKU-00079,WH-SOUTH,2024-03-11,2024-04-01,2024-03-22,199,39.1,ocean,333.68,delivered,0,7780.9,21,11.0,-10.0,1.0
PO-006110,SUP-016,SKU-00079,WH-SOUTH,2024-04-01,2024-04-08,2024-04-02,259,39.1,air,1158.54,delivered,0,10126.9,7,1.0,-6.0,1.0
PO-006111,SUP-016,SKU-00079,WH-SOUTH,2024-04-22,2024-05-09,2024-05-26,270,39.1,rail,440.88,delivered,0,10557.0,17,34.0,17.0,0.0
PO-006112,SUP-016,SKU-00079,WH-SOUTH,2024-05-06,2024-05-13,2024-05-11,201,39.1,air,1088.49,delivered,0,7859.1,7,5.0,-2.0,1.0
PO-006113,SUP-016,SKU-00079,WH-SOUTH,2024-05-27,2024-06-17,2024-06-22,212,39.1,ocean,394.84,delivered,0,8289.2,21,26.0,5.0,0.0
PO-006114,SUP-016,SKU-00079,WH-SOUTH,2024-06-17,2024-06-24,2024-06-21,277,39.1,air,1245.28,delivered,0,10830.7,7,4.0,-3.0,1.0
PO-006115,SUP-016,SKU-00079,WH-SOUTH,2024-07-08,2024-07-15,2024-07-14,227,39.1,air,926.15,delivered,0,8875.7,7,6.0,-1.0,1.0
PO-006116,SUP-016,SKU-00079,WH-SOUTH,2024-07-22,2024-08-12,2024-07-25,193,39.1,ocean,284.61,delivered,0,7546.3,21,3.0,-18.0,1.0
PO-006117,SUP-016,SKU-00079,WH-SOUTH,2024-08-12,2024-08-29,2024-08-26,306,39.1,rail,593.86,delivered,0,11964.6,17,14.0,-3.0,1.0
PO-006118,SUP-016,SKU-00079,WH-SOUTH,2024-08-26,2024-09-16,2024-08-29,196,39.1,ocean,324.24,delivered,0,7663.6,21,3.0,-18.0,1.0
PO-006119,SUP-016,SKU-00079,WH-SOUTH,2024-09-16,2024-10-02,2024-10-11,264,39.1,road,577.68,delivered,0,10322.4,16,25.0,9.0,0.0
PO-006120,SUP-016,SKU-00079,WH-SOUTH,2024-09-30,2024-10-07,2024-10-08,203,39.1,air,857.79,delivered,0,7937.3,7,8.0,1.0,0.0
PO-006121,SUP-016,SKU-00079,WH-SOUTH,2024-10-21,2024-11-07,2024-11-06,229,39.1,rail,493.97,delivered,0,8953.9,17,16.0,-1.0,1.0
PO-006122,SUP-016,SKU-00079,WH-SOUTH,2024-11-04,2024-11-11,2024-11-13,219,39.1,air,1063.43,delivered,0,8562.9,7,9.0,2.0,0.0
PO-006123,SUP-016,SKU-00079,WH-SOUTH,2024-11-18,2024-12-09,2024-12-15,231,39.1,ocean,347.71,delivered,0,9032.1,21,27.0,6.0,0.0
PO-006124,SUP-016,SKU-00079,WH-SOUTH,2024-12-02,2024-12-18,2024-12-26,208,39.1,road,429.14,delivered,0,8132.8,16,24.0,8.0,0.0
PO-006125,SUP-016,SKU-00079,WH-SOUTH,2024-12-30,2025-01-20,2025-02-04,228,39.1,ocean,408.0,delivered,0,8914.8,21,36.0,15.0,0.0
PO-006126,SUP-016,SKU-00079,WH-SOUTH,2025-01-20,2025-02-10,2025-02-01,243,39.1,ocean,410.7,delivered,0,9501.3,21,12.0,-9.0,1.0
PO-006127,SUP-016,SKU-00079,WH-SOUTH,2025-02-17,2025-03-10,2025-03-05,247,39.1,ocean,431.41,delivered,0,9657.7,21,16.0,-5.0,1.0
PO-006128,SUP-016,SKU-00079,WH-SOUTH,2025-03-03,2025-03-10,2025-03-05,242,39.1,air,1104.74,delivered,0,9462.2,7,2.0,-5.0,1.0
PO-006129,SUP-016,SKU-00079,WH-SOUTH,2025-03-24,2025-04-14,2025-05-02,237,39.1,ocean,395.32,delivered,0,9266.7,21,39.0,18.0,0.0
PO-006130,SUP-016,SKU-00079,WH-SOUTH,2025-04-14,2025-04-21,2025-04-20,211,39.1,air,858.55,delivered,0,8250.1,7,6.0,-1.0,1.0
PO-006131,SUP-016,SKU-00079,WH-SOUTH,2025-05-05,2025-05-26,2025-05-29,236,39.1,ocean,380.01,delivered,0,9227.6,21,24.0,3.0,0.0
PO-006132,SUP-016,SKU-00079,WH-SOUTH,2025-05-26,2025-06-02,2025-05-31,247,39.1,air,1297.33,delivered,0,9657.7,7,5.0,-2.0,1.0
PO-006133,SUP-016,SKU-00079,WH-SOUTH,2025-06-16,2025-07-07,2025-07-01,210,39.1,ocean,312.42,delivered,0,8211.0,21,15.0,-6.0,1.0
PO-006134,SUP-016,SKU-00079,WH-SOUTH,2025-06-30,2025-07-07,2025-07-07,243,39.1,air,1363.34,delivered,0,9501.3,7,7.0,0.0,1.0
PO-006135,SUP-016,SKU-00079,WH-SOUTH,2025-07-21,2025-07-28,2025-07-28,214,39.1,air,982.72,delivered,0,8367.4,7,7.0,0.0,1.0
PO-006136,SUP-016,SKU-00079,WH-SOUTH,2025-08-11,2025-09-01,2025-09-01,271,39.1,ocean,491.38,delivered,0,10596.1,21,21.0,0.0,1.0
PO-006137,SUP-016,SKU-00079,WH-SOUTH,2025-09-01,2025-09-17,2025-09-14,226,39.1,road,514.03,delivered,0,8836.6,16,13.0,-3.0,1.0
PO-006138,SUP-016,SKU-00079,WH-SOUTH,2025-09-22,2025-10-09,2025-10-13,275,39.1,rail,440.29,delivered,0,10752.5,17,21.0,4.0,0.0
PO-006139,SUP-016,SKU-00079,WH-SOUTH,2025-10-13,2025-10-30,2025-10-26,224,39.1,rail,443.6,delivered,0,8758.4,17,13.0,-4.0,1.0
PO-006140,SUP-016,SKU-00079,WH-SOUTH,2025-11-03,2025-11-24,2025-11-15,233,39.1,ocean,353.61,delivered,0,9110.3,21,12.0,-9.0,1.0
PO-006141,SUP-016,SKU-00079,WH-SOUTH,2025-11-17,2025-12-04,2025-12-08,194,39.1,rail,325.69,delivered,0,7585.4,17,21.0,4.0,0.0
PO-006142,SUP-016,SKU-00079,WH-SOUTH,2025-12-08,2025-12-29,2025-12-27,201,39.1,ocean,283.45,delivered,0,7859.1,21,19.0,-2.0,1.0
PO-006143,SUP-018,SKU-00080,WH-WEST,2024-01-15,2024-02-05,2024-02-12,409,10.17,ocean,164.57,delivered,0,4159.53,21,28.0,7.0,0.0
PO-006144,SUP-018,SKU-00080,WH-WEST,2024-02-05,2024-02-12,2024-02-11,455,10.17,air,468.52,delivered,0,4627.35,7,6.0,-1.0,1.0
PO-006145,SUP-018,SKU-00080,WH-WEST,2024-02-26,2024-03-14,2024-03-01,468,10.17,rail,243.34,delivered,0,4759.56,17,4.0,-13.0,1.0
PO-006146,SUP-018,SKU-00080,WH-WEST,2024-03-18,2024-04-04,2024-04-03,515,10.17,rail,248.91,delivered,0,5237.55,17,16.0,-1.0,1.0
PO-006147,SUP-018,SKU-00080,WH-WEST,2024-04-08,2024-04-29,2024-04-28,419,10.17,ocean,200.97,delivered,0,4261.23,21,20.0,-1.0,1.0
PO-006148,SUP-018,SKU-00080,WH-WEST,2024-04-29,2024-05-16,2024-05-21,352,10.17,rail,155.69,delivered,0,3579.84,17,22.0,5.0,0.0
PO-006149,SUP-018,SKU-00080,WH-WEST,2024-05-20,2024-06-10,2024-06-09,368,10.17,ocean,170.36,delivered,0,3742.56,21,20.0,-1.0,1.0
PO-006150,SUP-018,SKU-00080,WH-WEST,2024-06-10,2024-07-01,2024-06-23,364,10.17,ocean,126.44,delivered,0,3701.88,21,13.0,-8.0,1.0
PO-006151,SUP-018,SKU-00080,WH-WEST,2024-07-01,2024-07-22,2024-07-30,358,10.17,ocean,119.86,delivered,0,3640.86,21,29.0,8.0,0.0
PO-006152,SUP-018,SKU-00080,WH-WEST,2024-07-22,2024-07-29,2024-07-28,413,10.17,air,420.22,delivered,0,4200.21,7,6.0,-1.0,1.0
PO-006153,SUP-018,SKU-00080,WH-WEST,2024-08-12,2024-09-02,2024-08-22,444,10.17,ocean,179.81,delivered,0,4515.48,21,10.0,-11.0,1.0
PO-006154,SUP-018,SKU-00080,WH-WEST,2024-09-02,2024-09-23,2024-09-24,528,10.17,ocean,224.33,delivered,0,5369.76,21,22.0,1.0,0.0
PO-006155,SUP-018,SKU-00080,WH-WEST,2024-09-30,2024-10-07,2024-10-10,535,10.17,air,755.71,delivered,0,5440.95,7,10.0,3.0,0.0
PO-006156,SUP-018,SKU-00080,WH-WEST,2024-10-14,2024-11-04,2024-11-05,417,10.17,ocean,136.67,delivered,0,4240.89,21,22.0,1.0,0.0
PO-006157,SUP-018,SKU-00080,WH-WEST,2024-10-28,2024-11-04,2024-11-06,447,10.17,air,462.2,delivered,0,4545.99,7,9.0,2.0,0.0
PO-006158,SUP-018,SKU-00080,WH-WEST,2024-11-18,2024-12-09,2024-12-04,451,10.17,ocean,176.92,delivered,0,4586.67,21,16.0,-5.0,1.0
PO-006159,SUP-018,SKU-00080,WH-WEST,2024-12-02,2024-12-09,2024-12-12,413,10.17,air,529.65,delivered,0,4200.21,7,10.0,3.0,0.0
PO-006160,SUP-018,SKU-00080,WH-WEST,2024-12-16,2025-01-02,2025-01-07,441,10.17,rail,242.2,delivered,0,4484.97,17,22.0,5.0,0.0
PO-006161,SUP-018,SKU-00080,WH-WEST,2024-12-30,2025-01-06,2025-01-03,423,10.17,air,437.52,delivered,0,4301.91,7,4.0,-3.0,1.0
PO-006162,SUP-018,SKU-00080,WH-WEST,2025-01-20,2025-01-27,2025-01-27,567,10.17,air,585.65,delivered,0,5766.39,7,7.0,0.0,1.0
PO-006163,SUP-018,SKU-00080,WH-WEST,2025-02-03,2025-02-24,2025-02-25,412,10.17,ocean,164.49,delivered,0,4190.04,21,22.0,1.0,0.0
PO-006164,SUP-018,SKU-00080,WH-WEST,2025-02-17,2025-02-24,2025-02-25,404,10.17,air,534.56,delivered,0,4108.68,7,8.0,1.0,0.0
PO-006165,SUP-018,SKU-00080,WH-WEST,2025-03-10,2025-03-31,2025-04-02,415,10.17,ocean,159.21,delivered,0,4220.55,21,23.0,2.0,0.0
PO-006166,SUP-018,SKU-00080,WH-WEST,2025-03-24,2025-04-14,2025-04-04,367,10.17,ocean,141.84,delivered,0,3732.39,21,11.0,-10.0,1.0
PO-006167,SUP-018,SKU-00080,WH-WEST,2025-04-14,2025-05-05,2025-04-30,389,10.17,ocean,127.98,delivered,0,3956.13,21,16.0,-5.0,1.0
PO-006168,SUP-018,SKU-00080,WH-WEST,2025-05-05,2025-05-22,2025-05-21,457,10.17,rail,232.34,delivered,0,4647.69,17,16.0,-1.0,1.0
PO-006169,SUP-018,SKU-00080,WH-WEST,2025-05-26,2025-06-11,2025-06-14,472,10.17,road,324.78,delivered,0,4800.24,16,19.0,3.0,0.0
PO-006170,SUP-018,SKU-00080,WH-WEST,2025-06-09,2025-06-16,2025-06-17,349,10.17,air,366.63,delivered,0,3549.33,7,8.0,1.0,0.0
PO-006171,SUP-018,SKU-00080,WH-WEST,2025-06-30,2025-07-21,2025-08-03,447,10.17,ocean,159.79,delivered,0,4545.99,21,34.0,13.0,0.0
PO-006172,SUP-018,SKU-00080,WH-WEST,2025-07-14,2025-07-31,2025-07-23,363,10.17,rail,167.09,delivered,0,3691.71,17,9.0,-8.0,1.0
PO-006173,SUP-018,SKU-00080,WH-WEST,2025-08-04,2025-08-25,2025-08-26,419,10.17,ocean,189.72,delivered,0,4261.23,21,22.0,1.0,0.0
PO-006174,SUP-018,SKU-00080,WH-WEST,2025-08-18,2025-09-08,2025-09-11,399,10.17,ocean,160.44,delivered,0,4057.83,21,24.0,3.0,0.0
PO-006175,SUP-018,SKU-00080,WH-WEST,2025-09-08,2025-09-29,2025-09-26,465,10.17,ocean,188.2,delivered,0,4729.05,21,18.0,-3.0,1.0
PO-006176,SUP-018,SKU-00080,WH-WEST,2025-09-22,2025-09-29,2025-10-01,399,10.17,air,554.29,delivered,0,4057.83,7,9.0,2.0,0.0
PO-006177,SUP-018,SKU-00080,WH-WEST,2025-10-06,2025-10-27,2025-10-25,497,10.17,ocean,184.98,delivered,0,5054.49,21,19.0,-2.0,1.0
PO-006178,SUP-018,SKU-00080,WH-WEST,2025-10-13,2025-10-20,2025-10-19,367,10.17,air,516.86,delivered,0,3732.39,7,6.0,-1.0,1.0
PO-006179,SUP-018,SKU-00080,WH-WEST,2025-10-27,2025-11-17,2025-11-23,370,10.17,ocean,174.56,delivered,0,3762.9,21,27.0,6.0,0.0
PO-006180,SUP-018,SKU-00080,WH-WEST,2025-11-10,2025-11-17,2025-11-16,494,10.17,air,629.69,delivered,0,5023.98,7,6.0,-1.0,1.0
PO-006181,SUP-018,SKU-00080,WH-WEST,2025-11-24,2025-12-01,2025-11-28,361,10.17,air,459.6,delivered,0,3671.37,7,4.0,-3.0,1.0
PO-006182,SUP-018,SKU-00080,WH-WEST,2025-12-08,2025-12-29,,596,10.17,ocean,234.06,open,0,6061.32,21,,,
PO-006183,SUP-014,SKU-00081,WH-WEST,2024-01-15,2024-02-06,2024-02-25,54,9.12,ocean,18.52,delivered,0,492.48,22,41.0,19.0,0.0
PO-006184,SUP-014,SKU-00081,WH-WEST,2024-02-05,2024-02-12,2024-02-14,74,9.12,air,95.19,delivered,0,674.88,7,9.0,2.0,0.0
PO-006185,SUP-014,SKU-00081,WH-WEST,2024-02-26,2024-03-04,2024-03-07,55,9.12,air,65.06,delivered,0,501.6,7,10.0,3.0,0.0
PO-006186,SUP-014,SKU-00081,WH-WEST,2024-03-11,2024-04-02,2024-04-06,65,9.12,ocean,20.59,delivered,0,592.8,22,26.0,4.0,0.0
PO-006187,SUP-014,SKU-00081,WH-WEST,2024-03-25,2024-04-01,2024-04-01,55,9.12,air,64.67,delivered,0,501.6,7,7.0,0.0,1.0
PO-006188,SUP-014,SKU-00081,WH-WEST,2024-04-08,2024-04-15,2024-04-14,59,9.12,air,76.08,delivered,0,538.08,7,6.0,-1.0,1.0
PO-006189,SUP-014,SKU-00081,WH-WEST,2024-04-22,2024-05-08,2024-05-05,57,9.12,road,37.19,delivered,0,519.84,16,13.0,-3.0,1.0
PO-006190,SUP-014,SKU-00081,WH-WEST,2024-05-06,2024-05-28,2024-06-06,54,9.12,ocean,16.09,delivered,0,492.48,22,31.0,9.0,0.0
PO-006191,SUP-014,SKU-00081,WH-WEST,2024-05-20,2024-06-11,2024-06-20,61,9.12,ocean,19.9,delivered,0,556.32,22,31.0,9.0,0.0
PO-006192,SUP-014,SKU-00081,WH-WEST,2024-06-10,2024-07-02,2024-06-30,63,9.12,ocean,26.84,delivered,0,574.56,22,20.0,-2.0,1.0
PO-006193,SUP-014,SKU-00081,WH-WEST,2024-07-01,2024-07-08,2024-07-12,69,9.12,air,67.72,delivered,0,629.28,7,11.0,4.0,0.0
PO-006194,SUP-014,SKU-00081,WH-WEST,2024-07-15,2024-08-06,2024-08-17,70,9.12,ocean,22.26,delivered,0,638.4,22,33.0,11.0,0.0
PO-006195,SUP-014,SKU-00081,WH-WEST,2024-07-29,2024-08-05,2024-08-07,66,9.12,air,67.31,delivered,0,601.92,7,9.0,2.0,0.0
PO-006196,SUP-014,SKU-00081,WH-WEST,2024-08-19,2024-09-10,2024-08-27,65,9.12,ocean,27.15,delivered,0,592.8,22,8.0,-14.0,1.0
PO-006197,SUP-014,SKU-00081,WH-WEST,2024-09-02,2024-09-24,2024-10-01,71,9.12,ocean,30.74,delivered,0,647.52,22,29.0,7.0,0.0
PO-006198,SUP-014,SKU-00081,WH-WEST,2024-09-16,2024-09-23,2024-09-25,66,9.12,air,59.18,delivered,0,601.92,7,9.0,2.0,0.0
PO-006199,SUP-014,SKU-00081,WH-WEST,2024-10-07,2024-10-14,2024-10-17,67,9.12,air,77.73,delivered,0,611.04,7,10.0,3.0,0.0
PO-006200,SUP-014,SKU-00081,WH-WEST,2024-10-21,2024-11-06,2024-11-12,72,9.12,road,43.1,delivered,0,656.64,16,22.0,6.0,0.0
PO-006201,SUP-014,SKU-00081,WH-WEST,2024-11-04,2024-11-26,2024-11-29,65,9.12,ocean,20.86,delivered,0,592.8,22,25.0,3.0,0.0
PO-006202,SUP-014,SKU-00081,WH-WEST,2024-11-25,2024-12-02,2024-12-04,64,9.12,air,58.45,delivered,0,583.68,7,9.0,2.0,0.0
PO-006203,SUP-014,SKU-00081,WH-WEST,2024-12-09,2024-12-25,2024-12-31,58,9.12,road,28.68,delivered,0,528.96,16,22.0,6.0,0.0
PO-006204,SUP-014,SKU-00081,WH-WEST,2024-12-23,2025-01-14,2025-01-21,63,9.12,ocean,24.32,delivered,0,574.56,22,29.0,7.0,0.0
PO-006205,SUP-014,SKU-00081,WH-WEST,2025-01-06,2025-01-22,2025-01-24,59,9.12,road,26.53,delivered,0,538.08,16,18.0,2.0,0.0
PO-006206,SUP-014,SKU-00081,WH-WEST,2025-02-03,2025-02-21,2025-02-18,75,9.12,rail,37.29,delivered,0,684.0,18,15.0,-3.0,1.0
PO-006207,SUP-014,SKU-00081,WH-WEST,2025-02-24,2025-03-18,2025-03-16,81,9.12,ocean,32.0,delivered,0,738.72,22,20.0,-2.0,1.0
PO-006208,SUP-014,SKU-00081,WH-WEST,2025-03-10,2025-03-17,2025-03-17,56,9.12,air,61.01,delivered,0,510.72,7,7.0,0.0,1.0
PO-006209,SUP-014,SKU-00081,WH-WEST,2025-03-31,2025-04-16,2025-04-25,74,9.12,road,36.07,delivered,0,674.88,16,25.0,9.0,0.0
PO-006210,SUP-014,SKU-00081,WH-WEST,2025-04-14,2025-04-21,2025-04-23,61,9.12,air,67.07,delivered,0,556.32,7,9.0,2.0,0.0
PO-006211,SUP-014,SKU-00081,WH-WEST,2025-05-05,2025-05-27,2025-05-30,64,9.12,ocean,23.13,delivered,0,583.68,22,25.0,3.0,0.0
PO-006212,SUP-014,SKU-00081,WH-WEST,2025-05-19,2025-05-26,2025-05-25,73,9.12,air,79.17,delivered,0,665.76,7,6.0,-1.0,1.0
PO-006213,SUP-014,SKU-00081,WH-WEST,2025-06-09,2025-06-16,2025-06-16,86,9.12,air,80.53,delivered,0,784.32,7,7.0,0.0,1.0
PO-006214,SUP-014,SKU-00081,WH-WEST,2025-06-23,2025-07-15,2025-07-03,89,9.12,ocean,32.35,delivered,0,811.68,22,10.0,-12.0,1.0
PO-006215,SUP-014,SKU-00081,WH-WEST,2025-07-07,2025-07-25,2025-08-05,77,9.12,rail,34.64,delivered,0,702.24,18,29.0,11.0,0.0
PO-006216,SUP-014,SKU-00081,WH-WEST,2025-07-21,2025-08-12,2025-08-22,60,9.12,ocean,21.51,delivered,0,547.2,22,32.0,10.0,0.0
PO-006217,SUP-014,SKU-00081,WH-WEST,2025-08-18,2025-08-25,2025-08-25,77,9.12,air,85.01,delivered,0,702.24,7,7.0,0.0,1.0
PO-006218,SUP-014,SKU-00081,WH-WEST,2025-09-01,2025-09-23,2025-09-27,65,9.12,ocean,26.39,delivered,0,592.8,22,26.0,4.0,0.0
PO-006219,SUP-014,SKU-00081,WH-WEST,2025-09-08,2025-09-26,2025-09-22,72,9.12,rail,36.78,delivered,0,656.64,18,14.0,-4.0,1.0
PO-006220,SUP-014,SKU-00081,WH-WEST,2025-10-06,2025-10-28,2025-10-30,105,9.12,ocean,41.63,delivered,0,957.6,22,24.0,2.0,0.0
PO-006221,SUP-014,SKU-00081,WH-WEST,2025-11-03,2025-11-10,2025-11-09,58,9.12,air,51.23,delivered,0,528.96,7,6.0,-1.0,1.0
PO-006222,SUP-014,SKU-00081,WH-WEST,2025-11-17,2025-12-03,2025-12-06,70,9.12,road,41.31,delivered,0,638.4,16,19.0,3.0,0.0
PO-006223,SUP-014,SKU-00081,WH-WEST,2025-12-01,2025-12-08,2025-12-12,67,9.12,air,76.81,delivered,0,611.04,7,11.0,4.0,0.0
PO-006224,SUP-014,SKU-00081,WH-WEST,2025-12-22,2026-01-09,,82,9.12,rail,37.32,open,0,747.84,18,,,
PO-006225,SUP-014,SKU-00081,WH-EU,2024-01-22,2024-02-13,2024-01-31,118,9.12,ocean,45.29,delivered,0,1076.16,22,9.0,-13.0,1.0
PO-006226,SUP-014,SKU-00081,WH-EU,2024-02-12,2024-03-05,2024-03-05,109,9.12,ocean,44.8,delivered,0,994.08,22,22.0,0.0,1.0
PO-006227,SUP-014,SKU-00081,WH-EU,2024-03-04,2024-03-11,2024-03-13,98,9.12,air,121.16,delivered,0,893.76,7,9.0,2.0,0.0
PO-006228,SUP-014,SKU-00081,WH-EU,2024-03-25,2024-04-12,2024-04-11,124,9.12,rail,66.66,delivered,0,1130.88,18,17.0,-1.0,1.0
PO-006229,SUP-014,SKU-00081,WH-EU,2024-04-08,2024-04-15,2024-04-18,83,9.12,air,88.13,delivered,0,756.96,7,10.0,3.0,0.0
PO-006230,SUP-014,SKU-00081,WH-EU,2024-04-29,2024-05-21,2024-05-19,118,9.12,ocean,41.05,delivered,0,1076.16,22,20.0,-2.0,1.0
PO-006231,SUP-014,SKU-00081,WH-EU,2024-05-13,2024-05-20,2024-05-19,89,9.12,air,104.6,delivered,0,811.68,7,6.0,-1.0,1.0
PO-006232,SUP-014,SKU-00081,WH-EU,2024-06-03,2024-06-10,2024-06-12,106,9.12,air,103.01,delivered,0,966.72,7,9.0,2.0,0.0
PO-006233,SUP-014,SKU-00081,WH-EU,2024-06-17,2024-07-09,2024-06-26,144,9.12,ocean,46.77,delivered,0,1313.28,22,9.0,-13.0,1.0
PO-006234,SUP-014,SKU-00081,WH-EU,2024-07-01,2024-07-19,2024-07-27,99,9.12,rail,48.87,delivered,0,902.88,18,26.0,8.0,0.0
PO-006235,SUP-014,SKU-00081,WH-EU,2024-07-15,2024-07-22,2024-07-25,106,9.12,air,110.54,delivered,0,966.72,7,10.0,3.0,0.0
PO-006236,SUP-014,SKU-00081,WH-EU,2024-08-05,2024-08-27,2024-09-03,98,9.12,ocean,40.8,delivered,0,893.76,22,29.0,7.0,0.0
PO-006237,SUP-014,SKU-00081,WH-EU,2024-08-19,2024-09-10,2024-09-27,104,9.12,ocean,40.01,delivered,0,948.48,22,39.0,17.0,0.0
PO-006238,SUP-014,SKU-00081,WH-EU,2024-09-16,2024-09-23,2024-09-22,103,9.12,air,98.17,delivered,0,939.36,7,6.0,-1.0,1.0
PO-006239,SUP-014,SKU-00081,WH-EU,2024-10-07,2024-10-29,2024-10-26,119,9.12,ocean,48.25,delivered,0,1085.28,22,19.0,-3.0,1.0
PO-006240,SUP-014,SKU-00081,WH-EU,2024-10-21,2024-10-28,2024-10-28,88,9.12,air,91.61,delivered,0,802.56,7,7.0,0.0,1.0
PO-006241,SUP-014,SKU-00081,WH-EU,2024-11-11,2024-12-03,2024-12-09,126,9.12,ocean,43.49,delivered,0,1149.12,22,28.0,6.0,0.0
PO-006242,SUP-014,SKU-00081,WH-EU,2024-12-09,2024-12-31,2025-01-01,88,9.12,ocean,28.55,delivered,0,802.56,22,23.0,1.0,0.0
PO-006243,SUP-014,SKU-00081,WH-EU,2024-12-23,2025-01-14,2025-01-20,85,9.12,ocean,36.93,delivered,0,775.2,22,28.0,6.0,0.0
PO-006244,SUP-014,SKU-00081,WH-EU,2025-01-06,2025-01-24,2025-02-01,94,9.12,rail,41.84,delivered,0,857.28,18,26.0,8.0,0.0
PO-006245,SUP-014,SKU-00081,WH-EU,2025-01-27,2025-02-12,2025-02-11,82,9.12,road,51.68,delivered,0,747.84,16,15.0,-1.0,1.0
PO-006246,SUP-014,SKU-00081,WH-EU,2025-02-10,2025-02-26,2025-03-02,89,9.12,road,55.4,delivered,0,811.68,16,20.0,4.0,0.0
PO-006247,SUP-014,SKU-00081,WH-EU,2025-02-24,2025-03-12,2025-03-08,92,9.12,road,41.41,delivered,0,839.04,16,12.0,-4.0,1.0
PO-006248,SUP-014,SKU-00081,WH-EU,2025-03-10,2025-04-01,2025-04-12,84,9.12,ocean,33.06,delivered,0,766.08,22,33.0,11.0,0.0
PO-006249,SUP-014,SKU-00081,WH-EU,2025-03-24,2025-04-15,2025-04-04,84,9.12,ocean,27.76,delivered,0,766.08,22,11.0,-11.0,1.0
PO-006250,SUP-014,SKU-00081,WH-EU,2025-04-14,2025-05-06,2025-05-17,118,9.12,ocean,45.42,delivered,0,1076.16,22,33.0,11.0,0.0
PO-006251,SUP-014,SKU-00081,WH-EU,2025-04-28,2025-05-05,2025-05-05,89,9.12,air,90.21,delivered,0,811.68,7,7.0,0.0,1.0
PO-006252,SUP-014,SKU-00081,WH-EU,2025-05-19,2025-06-10,2025-06-07,108,9.12,ocean,45.8,delivered,0,984.96,22,19.0,-3.0,1.0
PO-006253,SUP-014,SKU-00081,WH-EU,2025-06-02,2025-06-24,2025-06-26,99,9.12,ocean,33.16,delivered,0,902.88,22,24.0,2.0,0.0
PO-006254,SUP-014,SKU-00081,WH-EU,2025-06-16,2025-07-08,2025-07-10,85,9.12,ocean,31.4,delivered,0,775.2,22,24.0,2.0,0.0
PO-006255,SUP-014,SKU-00081,WH-EU,2025-07-07,2025-07-14,2025-07-17,119,9.12,air,115.72,delivered,0,1085.28,7,10.0,3.0,0.0
PO-006256,SUP-014,SKU-00081,WH-EU,2025-07-21,2025-07-28,2025-08-02,103,9.12,air,118.98,delivered,0,939.36,7,12.0,5.0,0.0
PO-006257,SUP-014,SKU-00081,WH-EU,2025-08-04,2025-08-26,2025-08-19,134,9.12,ocean,57.31,delivered,0,1222.08,22,15.0,-7.0,1.0
PO-006258,SUP-014,SKU-00081,WH-EU,2025-08-25,2025-09-16,2025-09-19,142,9.12,ocean,41.81,delivered,0,1295.04,22,25.0,3.0,0.0
PO-006259,SUP-014,SKU-00081,WH-EU,2025-09-22,2025-10-08,2025-10-07,101,9.12,road,64.56,delivered,0,921.12,16,15.0,-1.0,1.0
PO-006260,SUP-014,SKU-00081,WH-EU,2025-10-06,2025-10-13,2025-10-22,106,9.12,air,95.0,delivered,0,966.72,7,16.0,9.0,0.0
PO-006261,SUP-014,SKU-00081,WH-EU,2025-10-20,2025-10-27,2025-10-29,101,9.12,air,91.67,delivered,0,921.12,7,9.0,2.0,0.0
PO-006262,SUP-014,SKU-00081,WH-EU,2025-11-03,2025-11-25,2025-11-13,111,9.12,ocean,48.36,delivered,0,1012.32,22,10.0,-12.0,1.0
PO-006263,SUP-014,SKU-00081,WH-EU,2025-11-17,2025-12-09,2025-12-10,113,9.12,ocean,46.45,delivered,0,1030.56,22,23.0,1.0,0.0
PO-006264,SUP-014,SKU-00081,WH-EU,2025-12-01,2025-12-08,2025-12-09,94,9.12,air,104.62,delivered,0,857.28,7,8.0,1.0,0.0
PO-006265,SUP-014,SKU-00081,WH-EU,2025-12-22,2026-01-13,,102,9.12,ocean,42.01,open,0,930.24,22,,,
PO-006266,SUP-014,SKU-00081,WH-SOUTH,2024-01-15,2024-02-02,2024-01-28,70,9.12,rail,37.54,delivered,0,638.4,18,13.0,-5.0,1.0
PO-006267,SUP-014,SKU-00081,WH-SOUTH,2024-02-05,2024-02-27,2024-03-02,91,9.12,ocean,30.46,delivered,0,829.92,22,26.0,4.0,0.0
PO-006268,SUP-014,SKU-00081,WH-SOUTH,2024-02-26,2024-03-19,2024-03-25,80,9.12,ocean,23.92,delivered,0,729.6,22,28.0,6.0,0.0
PO-006269,SUP-014,SKU-00081,WH-SOUTH,2024-03-18,2024-04-09,2024-04-07,90,9.12,ocean,27.51,delivered,0,820.8,22,20.0,-2.0,1.0
PO-006270,SUP-014,SKU-00081,WH-SOUTH,2024-04-08,2024-04-15,2024-04-17,89,9.12,air,112.31,delivered,0,811.68,7,9.0,2.0,0.0
PO-006271,SUP-014,SKU-00081,WH-SOUTH,2024-04-29,2024-05-21,2024-05-27,102,9.12,ocean,30.75,delivered,0,930.24,22,28.0,6.0,0.0
PO-006272,SUP-014,SKU-00081,WH-SOUTH,2024-05-13,2024-05-20,2024-05-20,69,9.12,air,67.77,delivered,0,629.28,7,7.0,0.0,1.0
PO-006273,SUP-014,SKU-00081,WH-SOUTH,2024-06-03,2024-06-21,2024-06-27,84,9.12,rail,35.24,delivered,0,766.08,18,24.0,6.0,0.0
PO-006274,SUP-014,SKU-00081,WH-SOUTH,2024-06-17,2024-06-24,2024-06-22,87,9.12,air,90.91,delivered,0,793.44,7,5.0,-2.0,1.0
PO-006275,SUP-014,SKU-00081,WH-SOUTH,2024-07-08,2024-07-26,2024-07-24,98,9.12,rail,47.27,delivered,0,893.76,18,16.0,-2.0,1.0
PO-006276,SUP-014,SKU-00081,WH-SOUTH,2024-07-22,2024-07-29,2024-07-28,73,9.12,air,71.11,delivered,0,665.76,7,6.0,-1.0,1.0
PO-006277,SUP-014,SKU-00081,WH-SOUTH,2024-08-05,2024-08-23,2024-08-22,86,9.12,rail,42.16,delivered,0,784.32,18,17.0,-1.0,1.0
PO-006278,SUP-014,SKU-00081,WH-SOUTH,2024-08-19,2024-08-26,2024-08-29,85,9.12,air,99.74,delivered,0,775.2,7,10.0,3.0,0.0
PO-006279,SUP-014,SKU-00081,WH-SOUTH,2024-09-02,2024-09-09,2024-09-07,79,9.12,air,73.87,delivered,0,720.48,7,5.0,-2.0,1.0
PO-006280,SUP-014,SKU-00081,WH-SOUTH,2024-09-16,2024-10-04,2024-10-03,90,9.12,rail,47.7,delivered,0,820.8,18,17.0,-1.0,1.0
PO-006281,SUP-014,SKU-00081,WH-SOUTH,2024-09-30,2024-10-07,2024-10-08,81,9.12,air,72.81,delivered,0,738.72,7,8.0,1.0,0.0
PO-006282,SUP-014,SKU-00081,WH-SOUTH,2024-10-21,2024-11-12,2024-11-16,108,9.12,ocean,46.68,delivered,0,984.96,22,26.0,4.0,0.0
PO-006283,SUP-014,SKU-00081,WH-SOUTH,2024-11-18,2024-12-10,2024-12-18,81,9.12,ocean,32.71,delivered,0,738.72,22,30.0,8.0,0.0
PO-006284,SUP-014,SKU-00081,WH-SOUTH,2024-12-02,2024-12-24,2024-12-21,79,9.12,ocean,24.09,delivered,0,720.48,22,19.0,-3.0,1.0
PO-006285,SUP-014,SKU-00081,WH-SOUTH,2024-12-30,2025-01-15,2025-01-13,81,9.12,road,41.88,delivered,0,738.72,16,14.0,-2.0,1.0
PO-006286,SUP-014,SKU-00081,WH-SOUTH,2025-01-13,2025-02-04,2025-02-01,95,9.12,ocean,28.94,delivered,0,866.4,22,19.0,-3.0,1.0
PO-006287,SUP-014,SKU-00081,WH-SOUTH,2025-01-27,2025-02-14,2025-02-22,70,9.12,rail,37.61,delivered,0,638.4,18,26.0,8.0,0.0
PO-006288,SUP-014,SKU-00081,WH-SOUTH,2025-02-17,2025-03-11,2025-03-08,87,9.12,ocean,37.11,delivered,0,793.44,22,19.0,-3.0,1.0
PO-006289,SUP-014,SKU-00081,WH-SOUTH,2025-03-10,2025-04-01,2025-04-05,100,9.12,ocean,34.78,delivered,0,912.0,22,26.0,4.0,0.0
PO-006290,SUP-014,SKU-00081,WH-SOUTH,2025-03-24,2025-03-31,2025-03-31,70,9.12,air,67.53,delivered,0,638.4,7,7.0,0.0,1.0
PO-006291,SUP-014,SKU-00081,WH-SOUTH,2025-04-14,2025-04-30,2025-04-23,76,9.12,road,37.86,delivered,0,693.12,16,9.0,-7.0,1.0
PO-006292,SUP-014,SKU-00081,WH-SOUTH,2025-04-28,2025-05-20,2025-05-21,77,9.12,ocean,23.85,delivered,0,702.24,22,23.0,1.0,0.0
PO-006293,SUP-014,SKU-00081,WH-SOUTH,2025-05-12,2025-05-19,2025-05-19,87,9.12,air,85.88,delivered,0,793.44,7,7.0,0.0,1.0
PO-006294,SUP-014,SKU-00081,WH-SOUTH,2025-06-02,2025-06-20,2025-06-17,103,9.12,rail,53.39,delivered,0,939.36,18,15.0,-3.0,1.0
PO-006295,SUP-014,SKU-00081,WH-SOUTH,2025-06-16,2025-06-23,2025-06-23,68,9.12,air,79.77,delivered,0,620.16,7,7.0,0.0,1.0
PO-006296,SUP-014,SKU-00081,WH-SOUTH,2025-06-30,2025-07-07,2025-07-08,105,9.12,air,132.18,delivered,0,957.6,7,8.0,1.0,0.0
PO-006297,SUP-014,SKU-00081,WH-SOUTH,2025-07-14,2025-08-05,2025-08-13,101,9.12,ocean,43.82,delivered,0,921.12,22,30.0,8.0,0.0
PO-006298,SUP-014,SKU-00081,WH-SOUTH,2025-07-28,2025-08-19,2025-08-04,70,9.12,ocean,21.51,delivered,0,638.4,22,7.0,-15.0,1.0
PO-006299,SUP-014,SKU-00081,WH-SOUTH,2025-08-18,2025-09-05,2025-09-05,98,9.12,rail,50.39,delivered,0,893.76,18,18.0,0.0,1.0
PO-006300,SUP-014,SKU-00081,WH-SOUTH,2025-09-01,2025-09-08,2025-09-18,73,9.12,air,82.31,delivered,0,665.76,7,17.0,10.0,0.0
PO-006301,SUP-014,SKU-00081,WH-SOUTH,2025-09-15,2025-09-22,2025-09-22,98,9.12,air,104.02,delivered,0,893.76,7,7.0,0.0,1.0
PO-006302,SUP-014,SKU-00081,WH-SOUTH,2025-09-29,2025-10-21,2025-10-21,81,9.12,ocean,29.54,delivered,0,738.72,22,22.0,0.0,1.0
PO-006303,SUP-014,SKU-00081,WH-SOUTH,2025-10-13,2025-11-04,2025-11-15,90,9.12,ocean,38.23,delivered,0,820.8,22,33.0,11.0,0.0
PO-006304,SUP-014,SKU-00081,WH-SOUTH,2025-11-03,2025-11-10,2025-11-10,81,9.12,air,75.73,delivered,0,738.72,7,7.0,0.0,1.0
PO-006305,SUP-014,SKU-00081,WH-SOUTH,2025-11-24,2025-12-16,2025-12-22,98,9.12,ocean,39.38,delivered,0,893.76,22,28.0,6.0,0.0
PO-006306,SUP-014,SKU-00081,WH-SOUTH,2025-12-08,2025-12-15,2025-12-19,73,9.12,air,68.04,delivered,0,665.76,7,11.0,4.0,0.0
PO-006307,SUP-013,SKU-00082,WH-EAST,2024-01-15,2024-02-06,2024-02-12,545,8.94,ocean,198.65,delivered,0,4872.3,22,28.0,6.0,0.0
PO-006308,SUP-013,SKU-00082,WH-EAST,2024-01-29,2024-02-16,2024-02-06,601,8.94,rail,315.5,delivered,0,5372.94,18,8.0,-10.0,1.0
PO-006309,SUP-013,SKU-00082,WH-EAST,2024-02-19,2024-03-12,2024-03-09,739,8.94,ocean,237.46,delivered,0,6606.66,22,19.0,-3.0,1.0
PO-006310,SUP-013,SKU-00082,WH-EAST,2024-03-11,2024-03-29,2024-04-01,684,8.94,rail,356.88,delivered,0,6114.96,18,21.0,3.0,0.0
PO-006311,SUP-013,SKU-00082,WH-EAST,2024-04-01,2024-04-08,2024-04-08,667,8.94,air,649.6,delivered,0,5962.98,7,7.0,0.0,1.0
PO-006312,SUP-013,SKU-00082,WH-EAST,2024-04-15,2024-05-07,2024-05-15,555,8.94,ocean,170.22,delivered,0,4961.7,22,30.0,8.0,0.0
PO-006313,SUP-013,SKU-00082,WH-EAST,2024-04-29,2024-05-17,2024-05-16,542,8.94,rail,226.21,delivered,0,4845.48,18,17.0,-1.0,1.0
PO-006314,SUP-013,SKU-00082,WH-EAST,2024-05-20,2024-06-07,2024-06-09,564,8.94,rail,255.9,delivered,0,5042.16,18,20.0,2.0,0.0
PO-006315,SUP-013,SKU-00082,WH-EAST,2024-06-03,2024-06-10,2024-06-18,642,8.94,air,622.22,delivered,0,5739.48,7,15.0,8.0,0.0
PO-006316,SUP-013,SKU-00082,WH-EAST,2024-06-17,2024-06-24,2024-06-22,701,8.94,air,791.37,delivered,0,6266.94,7,5.0,-2.0,1.0
PO-006317,SUP-013,SKU-00082,WH-EAST,2024-07-01,2024-07-17,2024-07-21,727,8.94,road,411.21,delivered,0,6499.38,16,20.0,4.0,0.0
PO-006318,SUP-013,SKU-00082,WH-EAST,2024-07-15,2024-08-06,2024-08-11,616,8.94,ocean,185.21,delivered,0,5507.04,22,27.0,5.0,0.0
PO-006319,SUP-013,SKU-00082,WH-EAST,2024-08-05,2024-08-27,2024-08-24,727,8.94,ocean,237.83,delivered,0,6499.38,22,19.0,-3.0,1.0
PO-006320,SUP-013,SKU-00082,WH-EAST,2024-08-19,2024-08-26,2024-08-26,518,8.94,air,561.32,delivered,0,4630.92,7,7.0,0.0,1.0
PO-006321,SUP-013,SKU-00082,WH-EAST,2024-09-02,2024-09-09,2024-09-14,671,8.94,air,737.65,delivered,0,5998.74,7,12.0,5.0,0.0
PO-006322,SUP-013,SKU-00082,WH-EAST,2024-09-16,2024-10-04,2024-10-08,722,8.94,rail,262.38,delivered,0,6454.68,18,22.0,4.0,0.0
PO-006323,SUP-013,SKU-00082,WH-EAST,2024-09-30,2024-10-07,2024-10-06,621,8.94,air,545.69,delivered,0,5551.74,7,6.0,-1.0,1.0
PO-006324,SUP-013,SKU-00082,WH-EAST,2024-10-21,2024-11-12,2024-11-10,753,8.94,ocean,290.87,delivered,0,6731.82,22,20.0,-2.0,1.0
PO-006325,SUP-013,SKU-00082,WH-EAST,2024-11-04,2024-11-11,2024-11-12,510,8.94,air,528.57,delivered,0,4559.4,7,8.0,1.0,0.0
PO-006326,SUP-013,SKU-00082,WH-EAST,2024-11-25,2024-12-02,2024-12-06,763,8.94,air,940.32,delivered,0,6821.22,7,11.0,4.0,0.0
PO-006327,SUP-013,SKU-00082,WH-EAST,2024-12-09,2024-12-31,2024-12-30,576,8.94,ocean,218.48,delivered,0,5149.44,22,21.0,-1.0,1.0
PO-006328,SUP-013,SKU-00082,WH-EAST,2024-12-30,2025-01-15,2025-01-23,657,8.94,road,407.1,delivered,0,5873.58,16,24.0,8.0,0.0
PO-006329,SUP-013,SKU-00082,WH-EAST,2025-01-20,2025-01-27,2025-01-29,686,8.94,air,793.53,delivered,0,6132.84,7,9.0,2.0,0.0
PO-006330,SUP-013,SKU-00082,WH-EAST,2025-02-10,2025-03-04,2025-03-07,573,8.94,ocean,229.3,delivered,0,5122.62,22,25.0,3.0,0.0
PO-006331,SUP-013,SKU-00082,WH-EAST,2025-02-24,2025-03-03,2025-03-06,496,8.94,air,510.0,delivered,0,4434.24,7,10.0,3.0,0.0
PO-006332,SUP-013,SKU-00082,WH-EAST,2025-03-17,2025-04-08,2025-04-09,745,8.94,ocean,248.44,delivered,0,6660.3,22,23.0,1.0,0.0
PO-006333,SUP-013,SKU-00082,WH-EAST,2025-03-31,2025-04-07,2025-04-07,598,8.94,air,677.73,delivered,0,5346.12,7,7.0,0.0,1.0
PO-006334,SUP-013,SKU-00082,WH-EAST,2025-04-21,2025-05-09,2025-05-15,584,8.94,rail,300.63,delivered,0,5220.96,18,24.0,6.0,0.0
PO-006335,SUP-013,SKU-00082,WH-EAST,2025-05-05,2025-05-12,2025-05-11,740,8.94,air,835.5,delivered,0,6615.6,7,6.0,-1.0,1.0
PO-006336,SUP-013,SKU-00082,WH-EAST,2025-05-19,2025-06-10,2025-06-18,538,8.94,ocean,215.99,delivered,0,4809.72,22,30.0,8.0,0.0
PO-006337,SUP-013,SKU-00082,WH-EAST,2025-06-02,2025-06-09,2025-06-07,675,8.94,air,679.38,delivered,0,6034.5,7,5.0,-2.0,1.0
PO-006338,SUP-013,SKU-00082,WH-EAST,2025-06-16,2025-07-08,2025-07-15,591,8.94,ocean,226.08,delivered,0,5283.54,22,29.0,7.0,0.0
PO-006339,SUP-013,SKU-00082,WH-EAST,2025-06-30,2025-07-07,2025-07-06,752,8.94,air,773.16,delivered,0,6722.88,7,6.0,-1.0,1.0
PO-006340,SUP-013,SKU-00082,WH-EAST,2025-07-14,2025-07-21,2025-07-18,564,8.94,air,724.93,delivered,0,5042.16,7,4.0,-3.0,1.0
PO-006341,SUP-013,SKU-00082,WH-EAST,2025-07-28,2025-08-04,2025-08-03,717,8.94,air,697.4,delivered,0,6409.98,7,6.0,-1.0,1.0
PO-006342,SUP-013,SKU-00082,WH-EAST,2025-08-11,2025-08-29,2025-09-04,731,8.94,rail,266.02,delivered,0,6535.14,18,24.0,6.0,0.0
PO-006343,SUP-013,SKU-00082,WH-EAST,2025-08-25,2025-09-01,2025-08-31,612,8.94,air,571.18,delivered,0,5471.28,7,6.0,-1.0,1.0
PO-006344,SUP-013,SKU-00082,WH-EAST,2025-09-15,2025-10-03,2025-10-07,997,8.94,rail,515.36,delivered,0,8913.18,18,22.0,4.0,0.0
PO-006345,SUP-013,SKU-00082,WH-EAST,2025-10-13,2025-11-04,2025-11-08,711,8.94,ocean,297.88,delivered,0,6356.34,22,26.0,4.0,0.0
PO-006346,SUP-013,SKU-00082,WH-EAST,2025-10-27,2025-11-18,2025-11-19,632,8.94,ocean,217.36,delivered,0,5650.08,22,23.0,1.0,0.0
PO-006347,SUP-013,SKU-00082,WH-EAST,2025-11-24,2025-12-16,,635,8.94,ocean,247.59,open,0,5676.9,22,,,
PO-006348,SUP-013,SKU-00082,WH-EAST,2025-12-08,2025-12-26,2025-12-22,548,8.94,rail,247.7,delivered,0,4899.12,18,14.0,-4.0,1.0
PO-006349,SUP-013,SKU-00083,WH-SOUTH,2024-01-15,2024-02-06,2024-01-30,169,14.05,ocean,80.73,delivered,0,2374.45,22,15.0,-7.0,1.0
PO-006350,SUP-013,SKU-00083,WH-SOUTH,2024-02-05,2024-02-21,2024-02-20,243,14.05,road,197.04,delivered,0,3414.15,16,15.0,-1.0,1.0
PO-006351,SUP-013,SKU-00083,WH-SOUTH,2024-02-26,2024-03-19,2024-03-12,260,14.05,ocean,121.58,delivered,0,3653.0,22,15.0,-7.0,1.0
PO-006352,SUP-013,SKU-00083,WH-SOUTH,2024-03-11,2024-03-18,2024-03-19,165,14.05,air,255.39,delivered,0,2318.25,7,8.0,1.0,0.0
PO-006353,SUP-013,SKU-00083,WH-SOUTH,2024-04-01,2024-04-08,2024-04-11,222,14.05,air,342.01,delivered,0,3119.1,7,10.0,3.0,0.0
PO-006354,SUP-013,SKU-00083,WH-SOUTH,2024-04-15,2024-04-22,2024-04-30,213,14.05,air,328.74,delivered,0,2992.65,7,15.0,8.0,0.0
PO-006355,SUP-013,SKU-00083,WH-SOUTH,2024-04-29,2024-05-06,2024-05-09,217,14.05,air,318.43,delivered,0,3048.85,7,10.0,3.0,0.0
PO-006356,SUP-013,SKU-00083,WH-SOUTH,2024-05-13,2024-06-04,2024-06-09,275,14.05,ocean,161.14,delivered,0,3863.75,22,27.0,5.0,0.0
PO-006357,SUP-013,SKU-00083,WH-SOUTH,2024-05-27,2024-06-03,2024-06-05,164,14.05,air,309.34,delivered,0,2304.2,7,9.0,2.0,0.0
PO-006358,SUP-013,SKU-00083,WH-SOUTH,2024-06-17,2024-07-09,2024-07-23,247,14.05,ocean,135.08,delivered,0,3470.35,22,36.0,14.0,0.0
PO-006359,SUP-013,SKU-00083,WH-SOUTH,2024-06-24,2024-07-01,2024-06-29,163,14.05,air,249.79,delivered,0,2290.15,7,5.0,-2.0,1.0
PO-006360,SUP-013,SKU-00083,WH-SOUTH,2024-07-08,2024-07-15,2024-07-15,192,14.05,air,345.46,delivered,0,2697.6,7,7.0,0.0,1.0
PO-006361,SUP-013,SKU-00083,WH-SOUTH,2024-07-22,2024-07-29,2024-07-29,163,14.05,air,243.1,delivered,0,2290.15,7,7.0,0.0,1.0
PO-006362,SUP-013,SKU-00083,WH-SOUTH,2024-08-05,2024-08-23,2024-08-10,247,14.05,rail,183.19,delivered,0,3470.35,18,5.0,-13.0,1.0
PO-006363,SUP-013,SKU-00083,WH-SOUTH,2024-08-26,2024-09-17,2024-09-19,294,14.05,ocean,133.75,delivered,0,4130.7,22,24.0,2.0,0.0
PO-006364,SUP-013,SKU-00083,WH-SOUTH,2024-09-23,2024-10-15,2024-10-13,238,14.05,ocean,136.56,delivered,0,3343.9,22,20.0,-2.0,1.0
PO-006365,SUP-013,SKU-00083,WH-SOUTH,2024-10-07,2024-10-29,2024-10-30,194,14.05,ocean,103.61,delivered,0,2725.7,22,23.0,1.0,0.0
PO-006366,SUP-013,SKU-00083,WH-SOUTH,2024-10-21,2024-10-28,2024-10-26,245,14.05,air,413.9,delivered,0,3442.25,7,5.0,-2.0,1.0
PO-006367,SUP-013,SKU-00083,WH-SOUTH,2024-11-04,2024-11-26,2024-11-19,257,14.05,ocean,154.57,delivered,0,3610.85,22,15.0,-7.0,1.0
PO-006368,SUP-013,SKU-00083,WH-SOUTH,2024-11-18,2024-11-25,2024-11-23,182,14.05,air,302.08,delivered,0,2557.1,7,5.0,-2.0,1.0
PO-006369,SUP-013,SKU-00083,WH-SOUTH,2024-12-02,2024-12-24,2024-12-31,223,14.05,ocean,131.51,delivered,0,3133.15,22,29.0,7.0,0.0
PO-006370,SUP-013,SKU-00083,WH-SOUTH,2024-12-16,2025-01-01,2025-01-07,201,14.05,road,158.25,delivered,0,2824.05,16,22.0,6.0,0.0
PO-006371,SUP-013,SKU-00083,WH-SOUTH,2025-01-13,2025-02-04,2025-02-03,194,14.05,ocean,111.11,delivered,0,2725.7,22,21.0,-1.0,1.0
PO-006372,SUP-013,SKU-00083,WH-SOUTH,2025-02-03,2025-02-21,2025-02-17,225,14.05,rail,145.28,delivered,0,3161.25,18,14.0,-4.0,1.0
PO-006373,SUP-013,SKU-00083,WH-SOUTH,2025-02-24,2025-03-18,2025-03-11,234,14.05,ocean,125.82,delivered,0,3287.7,22,15.0,-7.0,1.0
PO-006374,SUP-013,SKU-00083,WH-SOUTH,2025-03-10,2025-03-17,2025-03-16,163,14.05,air,296.95,delivered,0,2290.15,7,6.0,-1.0,1.0
PO-006375,SUP-013,SKU-00083,WH-SOUTH,2025-03-24,2025-04-15,2025-04-02,226,14.05,ocean,137.87,delivered,0,3175.3,22,9.0,-13.0,1.0
PO-006376,SUP-013,SKU-00083,WH-SOUTH,2025-04-07,2025-04-25,2025-04-29,190,14.05,rail,142.06,delivered,0,2669.5,18,22.0,4.0,0.0
PO-006377,SUP-013,SKU-00083,WH-SOUTH,2025-04-21,2025-04-28,2025-04-30,217,14.05,air,325.53,delivered,0,3048.85,7,9.0,2.0,0.0
PO-006378,SUP-013,SKU-00083,WH-SOUTH,2025-05-05,2025-05-21,2025-05-20,203,14.05,road,164.57,delivered,0,2852.15,16,15.0,-1.0,1.0
PO-006379,SUP-013,SKU-00083,WH-SOUTH,2025-05-12,2025-05-19,2025-05-25,177,14.05,air,288.65,delivered,0,2486.85,7,13.0,6.0,0.0
PO-006380,SUP-013,SKU-00083,WH-SOUTH,2025-06-02,2025-06-24,2025-07-09,282,14.05,ocean,163.02,delivered,0,3962.1,22,37.0,15.0,0.0
PO-006381,SUP-013,SKU-00083,WH-SOUTH,2025-07-14,2025-08-05,2025-08-07,271,14.05,ocean,160.6,delivered,0,3807.55,22,24.0,2.0,0.0
PO-006382,SUP-013,SKU-00083,WH-SOUTH,2025-07-28,2025-08-19,2025-08-19,168,14.05,ocean,106.21,delivered,0,2360.4,22,22.0,0.0,1.0
PO-006383,SUP-013,SKU-00083,WH-SOUTH,2025-08-18,2025-08-25,2025-08-28,245,14.05,air,336.17,delivered,0,3442.25,7,10.0,3.0,0.0
PO-006384,SUP-013,SKU-00083,WH-SOUTH,2025-08-25,2025-09-16,2025-09-20,194,14.05,ocean,129.18,delivered,0,2725.7,22,26.0,4.0,0.0
PO-006385,SUP-013,SKU-00083,WH-SOUTH,2025-09-08,2025-09-15,2025-09-21,239,14.05,air,359.57,delivered,0,3357.95,7,13.0,6.0,0.0
PO-006386,SUP-013,SKU-00083,WH-SOUTH,2025-09-29,2025-10-15,2025-10-22,229,14.05,road,205.92,delivered,0,3217.45,16,23.0,7.0,0.0
PO-006387,SUP-013,SKU-00083,WH-SOUTH,2025-10-13,2025-10-20,2025-10-24,210,14.05,air,330.81,delivered,0,2950.5,7,11.0,4.0,0.0
PO-006388,SUP-013,SKU-00083,WH-SOUTH,2025-11-10,2025-12-02,2025-11-21,276,14.05,ocean,125.95,delivered,0,3877.8,22,11.0,-11.0,1.0
PO-006389,SUP-013,SKU-00083,WH-SOUTH,2025-11-24,2025-12-16,2025-12-11,209,14.05,ocean,99.07,delivered,0,2936.45,22,17.0,-5.0,1.0
PO-006390,SUP-013,SKU-00083,WH-SOUTH,2025-12-08,2025-12-15,2025-12-13,213,14.05,air,382.85,delivered,0,2992.65,7,5.0,-2.0,1.0
PO-006391,SUP-013,SKU-00083,WH-SOUTH,2025-12-22,2026-01-13,,200,14.05,ocean,131.31,open,0,2810.0,22,,,
PO-006392,SUP-018,SKU-00084,WH-WEST,2024-01-15,2024-02-05,2024-01-29,110,12.09,ocean,47.95,delivered,0,1329.9,21,14.0,-7.0,1.0
PO-006393,SUP-018,SKU-00084,WH-WEST,2024-01-29,2024-02-19,2024-02-23,95,12.09,ocean,49.3,delivered,0,1148.55,21,25.0,4.0,0.0
PO-006394,SUP-018,SKU-00084,WH-WEST,2024-02-19,2024-03-11,2024-03-11,126,12.09,ocean,65.8,delivered,0,1523.34,21,21.0,0.0,1.0
PO-006395,SUP-018,SKU-00084,WH-WEST,2024-03-11,2024-04-01,2024-03-26,113,12.09,ocean,44.44,delivered,0,1366.17,21,15.0,-6.0,1.0
PO-006396,SUP-018,SKU-00084,WH-WEST,2024-04-01,2024-04-22,2024-04-13,95,12.09,ocean,47.73,delivered,0,1148.55,21,12.0,-9.0,1.0
PO-006397,SUP-018,SKU-00084,WH-WEST,2024-04-29,2024-05-20,2024-05-16,111,12.09,ocean,53.37,delivered,0,1341.99,21,17.0,-4.0,1.0
PO-006398,SUP-018,SKU-00084,WH-WEST,2024-05-27,2024-06-17,2024-06-20,94,12.09,ocean,40.79,delivered,0,1136.46,21,24.0,3.0,0.0
PO-006399,SUP-018,SKU-00084,WH-WEST,2024-06-17,2024-06-24,2024-06-25,90,12.09,air,111.44,delivered,0,1088.1,7,8.0,1.0,0.0
PO-006400,SUP-018,SKU-00084,WH-WEST,2024-07-08,2024-07-29,2024-08-11,100,12.09,ocean,55.53,delivered,0,1209.0,21,34.0,13.0,0.0
PO-006401,SUP-018,SKU-00084,WH-WEST,2024-07-29,2024-08-05,2024-08-05,89,12.09,air,125.61,delivered,0,1076.01,7,7.0,0.0,1.0
PO-006402,SUP-018,SKU-00084,WH-WEST,2024-08-12,2024-08-28,2024-08-30,87,12.09,road,67.64,delivered,0,1051.83,16,18.0,2.0,0.0
PO-006403,SUP-018,SKU-00084,WH-WEST,2024-09-02,2024-09-18,2024-09-17,133,12.09,road,113.95,delivered,0,1607.97,16,15.0,-1.0,1.0
PO-006404,SUP-018,SKU-00084,WH-WEST,2024-09-23,2024-09-30,2024-10-06,131,12.09,air,171.42,delivered,0,1583.79,7,13.0,6.0,0.0
PO-006405,SUP-018,SKU-00084,WH-WEST,2024-10-07,2024-10-14,2024-10-12,104,12.09,air,142.83,delivered,0,1257.36,7,5.0,-2.0,1.0
PO-006406,SUP-018,SKU-00084,WH-WEST,2024-10-21,2024-11-11,2024-11-14,114,12.09,ocean,61.39,delivered,0,1378.26,21,24.0,3.0,0.0
PO-006407,SUP-018,SKU-00084,WH-WEST,2024-11-04,2024-11-11,2024-11-10,91,12.09,air,130.54,delivered,0,1100.19,7,6.0,-1.0,1.0
PO-006408,SUP-018,SKU-00084,WH-WEST,2024-11-18,2024-12-09,2024-12-08,99,12.09,ocean,41.32,delivered,0,1196.91,21,20.0,-1.0,1.0
PO-006409,SUP-018,SKU-00084,WH-WEST,2024-12-02,2024-12-09,2024-12-08,107,12.09,air,169.6,delivered,0,1293.63,7,6.0,-1.0,1.0
PO-006410,SUP-018,SKU-00084,WH-WEST,2024-12-16,2025-01-06,2025-01-06,89,12.09,ocean,44.95,delivered,0,1076.01,21,21.0,0.0,1.0
PO-006411,SUP-018,SKU-00084,WH-WEST,2024-12-30,2025-01-06,2025-01-08,108,12.09,air,148.42,delivered,0,1305.72,7,9.0,2.0,0.0
PO-006412,SUP-018,SKU-00084,WH-WEST,2025-01-20,2025-02-10,2025-02-06,120,12.09,ocean,49.49,delivered,0,1450.8,21,17.0,-4.0,1.0
PO-006413,SUP-018,SKU-00084,WH-WEST,2025-02-03,2025-02-10,2025-02-11,90,12.09,air,154.3,delivered,0,1088.1,7,8.0,1.0,0.0
PO-006414,SUP-018,SKU-00084,WH-WEST,2025-02-17,2025-03-10,2025-03-10,88,12.09,ocean,42.82,delivered,0,1063.92,21,21.0,0.0,1.0
PO-006415,SUP-018,SKU-00084,WH-WEST,2025-03-03,2025-03-20,2025-03-18,97,12.09,rail,51.17,delivered,0,1172.73,17,15.0,-2.0,1.0
PO-006416,SUP-018,SKU-00084,WH-WEST,2025-03-24,2025-04-14,2025-04-08,134,12.09,ocean,52.88,delivered,0,1620.06,21,15.0,-6.0,1.0
PO-006417,SUP-018,SKU-00084,WH-WEST,2025-04-14,2025-05-05,2025-04-29,109,12.09,ocean,51.29,delivered,0,1317.81,21,15.0,-6.0,1.0
PO-006418,SUP-018,SKU-00084,WH-WEST,2025-05-05,2025-05-26,2025-05-26,90,12.09,ocean,36.32,delivered,0,1088.1,21,21.0,0.0,1.0
PO-006419,SUP-018,SKU-00084,WH-WEST,2025-05-26,2025-06-16,2025-06-17,93,12.09,ocean,44.7,delivered,0,1124.37,21,22.0,1.0,0.0
PO-006420,SUP-018,SKU-00084,WH-WEST,2025-06-23,2025-06-30,2025-06-28,89,12.09,air,132.86,delivered,0,1076.01,7,5.0,-2.0,1.0
PO-006421,SUP-018,SKU-00084,WH-WEST,2025-07-14,2025-07-21,2025-07-25,101,12.09,air,140.13,delivered,0,1221.09,7,11.0,4.0,0.0
PO-006422,SUP-018,SKU-00084,WH-WEST,2025-08-04,2025-08-25,2025-08-31,98,12.09,ocean,55.57,delivered,0,1184.82,21,27.0,6.0,0.0
PO-006423,SUP-018,SKU-00084,WH-WEST,2025-08-25,2025-09-01,2025-08-29,130,12.09,air,194.19,delivered,0,1571.7,7,4.0,-3.0,1.0
PO-006424,SUP-018,SKU-00084,WH-WEST,2025-09-15,2025-10-02,2025-09-28,96,12.09,rail,53.79,delivered,0,1160.64,17,13.0,-4.0,1.0
PO-006425,SUP-018,SKU-00084,WH-WEST,2025-09-29,2025-10-20,2025-10-19,88,12.09,ocean,34.66,delivered,0,1063.92,21,20.0,-1.0,1.0
PO-006426,SUP-018,SKU-00084,WH-WEST,2025-10-13,2025-11-03,2025-11-09,106,12.09,ocean,44.96,delivered,0,1281.54,21,27.0,6.0,0.0
PO-006427,SUP-018,SKU-00084,WH-WEST,2025-10-27,2025-11-03,2025-11-07,107,12.09,air,169.41,delivered,0,1293.63,7,11.0,4.0,0.0
PO-006428,SUP-018,SKU-00084,WH-WEST,2025-11-17,2025-12-03,2025-12-03,86,12.09,road,64.1,delivered,0,1039.74,16,16.0,0.0,1.0
PO-006429,SUP-018,SKU-00084,WH-WEST,2025-12-01,2025-12-08,2025-12-08,124,12.09,air,150.08,delivered,0,1499.16,7,7.0,0.0,1.0
PO-006430,SUP-018,SKU-00084,WH-WEST,2025-12-15,2026-01-05,,101,12.09,ocean,44.41,open,0,1221.09,21,,,
PO-006431,SUP-018,SKU-00084,WH-EU,2024-01-15,2024-01-31,2024-02-05,81,12.09,road,64.39,delivered,0,979.29,16,21.0,5.0,0.0
PO-006432,SUP-018,SKU-00084,WH-EU,2024-01-29,2024-02-19,2024-02-23,75,12.09,ocean,35.94,delivered,0,906.75,21,25.0,4.0,0.0
PO-006433,SUP-018,SKU-00084,WH-EU,2024-02-12,2024-03-04,2024-03-17,79,12.09,ocean,31.89,delivered,0,955.11,21,34.0,13.0,0.0
PO-006434,SUP-018,SKU-00084,WH-EU,2024-03-04,2024-03-20,2024-03-19,77,12.09,road,62.02,delivered,0,930.93,16,15.0,-1.0,1.0
PO-006435,SUP-018,SKU-00084,WH-EU,2024-03-25,2024-04-15,2024-04-07,74,12.09,ocean,42.33,delivered,0,894.66,21,13.0,-8.0,1.0
PO-006436,SUP-018,SKU-00084,WH-EU,2024-04-15,2024-05-06,2024-05-12,97,12.09,ocean,42.63,delivered,0,1172.73,21,27.0,6.0,0.0
PO-006437,SUP-018,SKU-00084,WH-EU,2024-05-06,2024-05-13,2024-05-14,91,12.09,air,107.21,delivered,0,1100.19,7,8.0,1.0,0.0
PO-006438,SUP-018,SKU-00084,WH-EU,2024-06-03,2024-06-19,2024-06-17,81,12.09,road,59.17,delivered,0,979.29,16,14.0,-2.0,1.0
PO-006439,SUP-018,SKU-00084,WH-EU,2024-06-24,2024-07-01,2024-06-27,84,12.09,air,130.71,delivered,0,1015.56,7,3.0,-4.0,1.0
PO-006440,SUP-018,SKU-00084,WH-EU,2024-07-15,2024-08-05,2024-07-30,85,12.09,ocean,46.71,delivered,0,1027.65,21,15.0,-6.0,1.0
PO-006441,SUP-018,SKU-00084,WH-EU,2024-08-05,2024-08-22,2024-08-24,99,12.09,rail,59.71,delivered,0,1196.91,17,19.0,2.0,0.0
PO-006442,SUP-018,SKU-00084,WH-EU,2024-08-19,2024-09-09,2024-09-01,82,12.09,ocean,39.92,delivered,0,991.38,21,13.0,-8.0,1.0
PO-006443,SUP-018,SKU-00084,WH-EU,2024-09-09,2024-09-16,2024-09-16,76,12.09,air,105.34,delivered,0,918.84,7,7.0,0.0,1.0
PO-006444,SUP-018,SKU-00084,WH-EU,2024-09-30,2024-10-07,2024-10-07,91,12.09,air,144.28,delivered,0,1100.19,7,7.0,0.0,1.0
PO-006445,SUP-018,SKU-00084,WH-EU,2024-10-14,2024-11-04,2024-11-06,77,12.09,ocean,32.43,delivered,0,930.93,21,23.0,2.0,0.0
PO-006446,SUP-018,SKU-00084,WH-EU,2024-10-28,2024-11-04,2024-11-05,111,12.09,air,138.55,delivered,0,1341.99,7,8.0,1.0,0.0
PO-006447,SUP-018,SKU-00084,WH-EU,2024-11-18,2024-11-25,2024-11-27,78,12.09,air,104.28,delivered,0,943.02,7,9.0,2.0,0.0
PO-006448,SUP-018,SKU-00084,WH-EU,2024-12-02,2024-12-19,2024-12-19,81,12.09,rail,44.05,delivered,0,979.29,17,17.0,0.0,1.0
PO-006449,SUP-018,SKU-00084,WH-EU,2024-12-16,2024-12-23,2024-12-24,89,12.09,air,128.75,delivered,0,1076.01,7,8.0,1.0,0.0
PO-006450,SUP-018,SKU-00084,WH-EU,2024-12-30,2025-01-06,2025-01-06,76,12.09,air,109.23,delivered,0,918.84,7,7.0,0.0,1.0
PO-006451,SUP-018,SKU-00084,WH-EU,2025-01-13,2025-01-30,2025-01-25,72,12.09,rail,35.29,delivered,0,870.48,17,12.0,-5.0,1.0
PO-006452,SUP-018,SKU-00084,WH-EU,2025-01-27,2025-02-03,2025-01-31,74,12.09,air,105.86,delivered,0,894.66,7,4.0,-3.0,1.0
PO-006453,SUP-018,SKU-00084,WH-EU,2025-02-10,2025-02-17,2025-02-14,87,12.09,air,107.55,delivered,0,1051.83,7,4.0,-3.0,1.0
PO-006454,SUP-018,SKU-00084,WH-EU,2025-02-24,2025-03-17,2025-03-22,73,12.09,ocean,42.05,delivered,0,882.57,21,26.0,5.0,0.0
PO-006455,SUP-018,SKU-00084,WH-EU,2025-03-10,2025-03-31,2025-03-27,77,12.09,ocean,39.01,delivered,0,930.93,21,17.0,-4.0,1.0
PO-006456,SUP-018,SKU-00084,WH-EU,2025-03-31,2025-04-17,2025-04-26,99,12.09,rail,67.19,delivered,0,1196.91,17,26.0,9.0,0.0
PO-006457,SUP-018,SKU-00084,WH-EU,2025-04-21,2025-05-12,2025-04-30,82,12.09,ocean,44.37,delivered,0,991.38,21,9.0,-12.0,1.0
PO-006458,SUP-018,SKU-00084,WH-EU,2025-05-12,2025-06-02,2025-05-31,81,12.09,ocean,36.6,delivered,0,979.29,21,19.0,-2.0,1.0
PO-006459,SUP-018,SKU-00084,WH-EU,2025-06-09,2025-06-30,2025-06-30,89,12.09,ocean,44.6,delivered,0,1076.01,21,21.0,0.0,1.0
PO-006460,SUP-018,SKU-00084,WH-EU,2025-06-30,2025-07-17,2025-07-26,75,12.09,rail,53.63,delivered,0,906.75,17,26.0,9.0,0.0
PO-006461,SUP-018,SKU-00084,WH-EU,2025-07-21,2025-08-11,2025-08-17,90,12.09,ocean,36.15,delivered,0,1088.1,21,27.0,6.0,0.0
PO-006462,SUP-018,SKU-00084,WH-EU,2025-08-11,2025-08-18,2025-08-17,98,12.09,air,130.3,delivered,0,1184.82,7,6.0,-1.0,1.0
PO-006463,SUP-018,SKU-00084,WH-EU,2025-09-01,2025-09-22,2025-09-25,94,12.09,ocean,49.19,delivered,0,1136.46,21,24.0,3.0,0.0
PO-006464,SUP-018,SKU-00084,WH-EU,2025-09-22,2025-10-09,2025-10-01,94,12.09,rail,55.72,delivered,0,1136.46,17,9.0,-8.0,1.0
PO-006465,SUP-018,SKU-00084,WH-EU,2025-10-13,2025-11-03,2025-11-06,102,12.09,ocean,49.48,delivered,0,1233.18,21,24.0,3.0,0.0
PO-006466,SUP-018,SKU-00084,WH-EU,2025-10-27,2025-11-13,2025-11-18,80,12.09,rail,56.03,delivered,0,967.2,17,22.0,5.0,0.0
PO-006467,SUP-018,SKU-00084,WH-EU,2025-11-17,2025-12-03,2025-12-09,108,12.09,road,90.77,delivered,0,1305.72,16,22.0,6.0,0.0
PO-006468,SUP-018,SKU-00084,WH-EU,2025-12-01,2025-12-08,2025-12-07,80,12.09,air,124.31,delivered,0,967.2,7,6.0,-1.0,1.0
PO-006469,SUP-018,SKU-00084,WH-EU,2025-12-22,2025-12-29,2025-12-27,99,12.09,air,148.36,delivered,0,1196.91,7,5.0,-2.0,1.0
PO-006470,SUP-009,SKU-00085,WH-EU,2024-01-15,2024-01-24,2024-01-19,708,5.95,air,523.19,delivered,0,4212.6,9,4.0,-5.0,1.0
PO-006471,SUP-009,SKU-00085,WH-EU,2024-02-05,2024-02-14,2024-02-27,799,5.95,air,647.09,delivered,0,4754.05,9,22.0,13.0,0.0
PO-006472,SUP-009,SKU-00085,WH-EU,2024-02-26,2024-03-25,2024-03-04,874,5.95,ocean,191.45,delivered,0,5200.3,28,7.0,-21.0,1.0
PO-006473,SUP-009,SKU-00085,WH-EU,2024-03-11,2024-04-08,2024-04-09,735,5.95,ocean,207.66,delivered,0,4373.25,28,29.0,1.0,0.0
PO-006474,SUP-009,SKU-00085,WH-EU,2024-04-01,2024-04-29,2024-05-13,741,5.95,ocean,206.5,delivered,0,4408.95,28,42.0,14.0,0.0
PO-006475,SUP-009,SKU-00085,WH-EU,2024-04-22,2024-05-20,2024-06-07,646,5.95,ocean,127.38,delivered,0,3843.7,28,46.0,18.0,0.0
PO-006476,SUP-009,SKU-00085,WH-EU,2024-05-27,2024-06-24,2024-07-20,707,5.95,ocean,173.16,delivered,0,4206.65,28,54.0,26.0,0.0
PO-006477,SUP-009,SKU-00085,WH-EU,2024-06-17,2024-07-08,2024-07-07,601,5.95,road,229.22,delivered,0,3575.95,21,20.0,-1.0,1.0
PO-006478,SUP-009,SKU-00085,WH-EU,2024-07-15,2024-08-12,2024-08-10,636,5.95,ocean,139.76,delivered,0,3784.2,28,26.0,-2.0,1.0
PO-006479,SUP-009,SKU-00085,WH-EU,2024-08-12,2024-09-09,2024-09-02,680,5.95,ocean,191.61,delivered,0,4046.0,28,21.0,-7.0,1.0
PO-006480,SUP-009,SKU-00085,WH-EU,2024-09-09,2024-10-02,2024-10-13,734,5.95,rail,182.72,delivered,0,4367.3,23,34.0,11.0,0.0
PO-006481,SUP-009,SKU-00085,WH-EU,2024-09-30,2024-10-28,2024-11-06,726,5.95,ocean,155.81,delivered,0,4319.7,28,37.0,9.0,0.0
PO-006482,SUP-009,SKU-00085,WH-EU,2024-10-21,2024-11-13,2024-11-10,633,5.95,rail,181.17,delivered,0,3766.35,23,20.0,-3.0,1.0
PO-006483,SUP-009,SKU-00085,WH-EU,2024-11-11,2024-12-09,2024-12-06,626,5.95,ocean,141.51,delivered,0,3724.7,28,25.0,-3.0,1.0
PO-006484,SUP-009,SKU-00085,WH-EU,2024-11-25,2024-12-04,2024-12-02,636,5.95,air,533.74,delivered,0,3784.2,9,7.0,-2.0,1.0
PO-006485,SUP-009,SKU-00085,WH-EU,2024-12-09,2025-01-06,2025-01-05,664,5.95,ocean,165.46,delivered,0,3950.8,28,27.0,-1.0,1.0
PO-006486,SUP-009,SKU-00085,WH-EU,2024-12-23,2025-01-15,2025-01-10,644,5.95,rail,158.88,delivered,0,3831.8,23,18.0,-5.0,1.0
PO-006487,SUP-009,SKU-00085,WH-EU,2025-01-13,2025-02-10,2025-01-28,818,5.95,ocean,212.23,delivered,0,4867.1,28,15.0,-13.0,1.0
PO-006488,SUP-009,SKU-00085,WH-EU,2025-01-27,2025-02-05,2025-02-09,617,5.95,air,378.49,delivered,0,3671.15,9,13.0,4.0,0.0
PO-006489,SUP-009,SKU-00085,WH-EU,2025-02-10,2025-03-10,2025-03-31,624,5.95,ocean,160.79,delivered,0,3712.8,28,49.0,21.0,0.0
PO-006490,SUP-009,SKU-00085,WH-EU,2025-03-03,2025-03-31,2025-03-29,878,5.95,ocean,211.72,delivered,0,5224.1,28,26.0,-2.0,1.0
PO-006491,SUP-009,SKU-00085,WH-EU,2025-04-14,2025-05-05,2025-05-04,846,5.95,road,243.41,delivered,0,5033.7,21,20.0,-1.0,1.0
PO-006492,SUP-009,SKU-00085,WH-EU,2025-05-05,2025-05-14,2025-05-13,711,5.95,air,586.65,delivered,0,4230.45,9,8.0,-1.0,1.0
PO-006493,SUP-009,SKU-00085,WH-EU,2025-05-26,2025-06-23,2025-07-04,653,5.95,ocean,144.87,delivered,0,3885.35,28,39.0,11.0,0.0
PO-006494,SUP-009,SKU-00085,WH-EU,2025-06-23,2025-07-21,2025-07-21,690,5.95,ocean,136.96,delivered,0,4105.5,28,28.0,0.0,1.0
PO-006495,SUP-009,SKU-00085,WH-EU,2025-07-14,2025-08-11,2025-08-03,662,5.95,ocean,139.89,delivered,0,3938.9,28,20.0,-8.0,1.0
PO-006496,SUP-009,SKU-00085,WH-EU,2025-08-04,2025-09-01,2025-08-13,723,5.95,ocean,146.67,delivered,0,4301.85,28,9.0,-19.0,1.0
PO-006497,SUP-009,SKU-00085,WH-EU,2025-09-01,2025-09-22,2025-09-30,738,5.95,road,300.32,delivered,0,4391.1,21,29.0,8.0,0.0
PO-006498,SUP-009,SKU-00085,WH-EU,2025-09-22,2025-10-20,2025-10-07,697,5.95,ocean,191.03,delivered,0,4147.15,28,15.0,-13.0,1.0
PO-006499,SUP-009,SKU-00085,WH-EU,2025-10-13,2025-10-22,2025-10-23,808,5.95,air,658.02,delivered,0,4807.6,9,10.0,1.0,0.0
PO-006500,SUP-009,SKU-00085,WH-EU,2025-10-27,2025-11-24,2025-11-15,633,5.95,ocean,143.23,delivered,0,3766.35,28,19.0,-9.0,1.0
PO-006501,SUP-009,SKU-00085,WH-EU,2025-11-10,2025-12-01,2025-12-12,592,5.95,road,199.91,delivered,0,3522.4,21,32.0,11.0,0.0
PO-006502,SUP-009,SKU-00085,WH-EU,2025-11-24,2025-12-22,2025-12-28,643,5.95,ocean,171.2,delivered,0,3825.85,28,34.0,6.0,0.0
PO-006503,SUP-009,SKU-00085,WH-EU,2025-12-15,2025-12-24,,653,5.95,air,441.75,open,0,3885.35,9,,,
PO-006504,SUP-005,SKU-00086,WH-APAC,2024-01-15,2024-01-20,2024-01-20,16,7.6,road,7.36,delivered,0,121.6,5,5.0,0.0,1.0
PO-006505,SUP-005,SKU-00086,WH-APAC,2024-01-29,2024-02-03,2024-02-06,14,7.6,road,6.4,delivered,0,106.4,5,8.0,3.0,0.0
PO-006506,SUP-005,SKU-00086,WH-APAC,2024-02-19,2024-02-24,2024-02-27,21,7.6,road,10.39,delivered,0,159.6,5,8.0,3.0,0.0
PO-006507,SUP-005,SKU-00086,WH-APAC,2024-03-18,2024-03-23,2024-03-20,18,7.6,road,8.98,delivered,0,136.8,5,2.0,-3.0,1.0
PO-006508,SUP-005,SKU-00086,WH-APAC,2024-04-08,2024-04-13,2024-04-24,21,7.6,rail,7.43,delivered,0,159.6,5,16.0,11.0,0.0
PO-006509,SUP-005,SKU-00086,WH-APAC,2024-05-06,2024-05-08,2024-05-15,15,7.6,air,13.64,delivered,0,114.0,2,9.0,7.0,0.0
PO-006510,SUP-005,SKU-00086,WH-APAC,2024-05-20,2024-05-25,2024-05-28,15,7.6,road,7.25,delivered,0,114.0,5,8.0,3.0,0.0
PO-006511,SUP-005,SKU-00086,WH-APAC,2024-06-10,2024-06-15,2024-06-15,18,7.6,road,8.16,delivered,0,136.8,5,5.0,0.0,1.0
PO-006512,SUP-005,SKU-00086,WH-APAC,2024-06-24,2024-06-29,2024-06-30,15,7.6,road,5.79,delivered,0,114.0,5,6.0,1.0,0.0
PO-006513,SUP-005,SKU-00086,WH-APAC,2024-07-15,2024-07-17,2024-07-19,19,7.6,air,15.36,delivered,0,144.4,2,4.0,2.0,0.0
PO-006514,SUP-005,SKU-00086,WH-APAC,2024-07-29,2024-08-03,2024-08-06,14,7.6,rail,4.6,delivered,0,106.4,5,8.0,3.0,0.0
PO-006515,SUP-005,SKU-00086,WH-APAC,2024-08-19,2024-08-21,2024-08-21,19,7.6,air,16.18,delivered,0,144.4,2,2.0,0.0,1.0
PO-006516,SUP-005,SKU-00086,WH-APAC,2024-09-02,2024-09-04,2024-09-03,14,7.6,air,11.92,delivered,0,106.4,2,1.0,-1.0,1.0
PO-006517,SUP-005,SKU-00086,WH-APAC,2024-09-23,2024-09-28,2024-09-25,16,7.6,road,8.23,delivered,0,121.6,5,2.0,-3.0,1.0
PO-006518,SUP-005,SKU-00086,WH-APAC,2024-10-14,2024-10-16,2024-10-15,19,7.6,air,18.04,delivered,0,144.4,2,1.0,-1.0,1.0
PO-006519,SUP-005,SKU-00086,WH-APAC,2024-11-04,2024-11-06,2024-11-05,19,7.6,air,15.75,delivered,0,144.4,2,1.0,-1.0,1.0
PO-006520,SUP-005,SKU-00086,WH-APAC,2024-11-25,2024-11-30,2024-12-02,18,7.6,road,9.63,delivered,0,136.8,5,7.0,2.0,0.0
PO-006521,SUP-005,SKU-00086,WH-APAC,2024-12-16,2024-12-21,2024-12-19,15,7.6,road,6.99,delivered,0,114.0,5,3.0,-2.0,1.0
PO-006522,SUP-005,SKU-00086,WH-APAC,2025-01-06,2025-01-08,2025-01-09,19,7.6,air,20.39,delivered,0,144.4,2,3.0,1.0,0.0
PO-006523,SUP-005,SKU-00086,WH-APAC,2025-01-20,2025-01-22,2025-01-22,21,7.6,air,15.95,delivered,0,159.6,2,2.0,0.0,1.0
PO-006524,SUP-005,SKU-00086,WH-APAC,2025-02-03,2025-02-08,2025-02-06,15,7.6,road,7.94,delivered,0,114.0,5,3.0,-2.0,1.0
PO-006525,SUP-005,SKU-00086,WH-APAC,2025-02-17,2025-02-22,2025-02-22,15,7.6,road,7.27,delivered,0,114.0,5,5.0,0.0,1.0
PO-006526,SUP-005,SKU-00086,WH-APAC,2025-03-03,2025-03-08,2025-03-07,19,7.6,road,9.26,delivered,0,144.4,5,4.0,-1.0,1.0
PO-006527,SUP-005,SKU-00086,WH-APAC,2025-03-17,2025-03-22,2025-03-27,17,7.6,road,8.54,delivered,0,129.2,5,10.0,5.0,0.0
PO-006528,SUP-005,SKU-00086,WH-APAC,2025-04-07,2025-04-12,2025-04-18,17,7.6,road,9.18,delivered,0,129.2,5,11.0,6.0,0.0
PO-006529,SUP-005,SKU-00086,WH-APAC,2025-04-28,2025-05-03,2025-05-03,15,7.6,road,5.57,delivered,0,114.0,5,5.0,0.0,1.0
PO-006530,SUP-005,SKU-00086,WH-APAC,2025-05-12,2025-05-14,2025-05-15,21,7.6,air,19.15,delivered,0,159.6,2,3.0,1.0,0.0
PO-006531,SUP-005,SKU-00086,WH-APAC,2025-06-02,2025-06-07,2025-06-14,20,7.6,road,9.89,delivered,0,152.0,5,12.0,7.0,0.0
PO-006532,SUP-005,SKU-00086,WH-APAC,2025-06-30,2025-07-05,2025-07-03,18,7.6,road,8.65,delivered,0,136.8,5,3.0,-2.0,1.0
PO-006533,SUP-005,SKU-00086,WH-APAC,2025-07-14,2025-07-16,2025-07-15,18,7.6,air,17.14,delivered,0,136.8,2,1.0,-1.0,1.0
PO-006534,SUP-005,SKU-00086,WH-APAC,2025-08-04,2025-08-09,2025-08-07,21,7.6,road,9.13,delivered,0,159.6,5,3.0,-2.0,1.0
PO-006535,SUP-005,SKU-00086,WH-APAC,2025-08-25,2025-08-27,2025-08-26,20,7.6,air,18.53,delivered,0,152.0,2,1.0,-1.0,1.0
PO-006536,SUP-005,SKU-00086,WH-APAC,2025-09-08,2025-09-13,2025-09-12,15,7.6,rail,5.37,delivered,0,114.0,5,4.0,-1.0,1.0
PO-006537,SUP-005,SKU-00086,WH-APAC,2025-09-29,2025-10-01,2025-10-02,21,7.6,air,22.77,delivered,0,159.6,2,3.0,1.0,0.0
PO-006538,SUP-005,SKU-00086,WH-APAC,2025-10-13,2025-10-18,2025-10-21,16,7.6,road,7.2,delivered,0,121.6,5,8.0,3.0,0.0
PO-006539,SUP-005,SKU-00086,WH-APAC,2025-11-03,2025-11-05,2025-11-05,21,7.6,air,19.98,delivered,0,159.6,2,2.0,0.0,1.0
PO-006540,SUP-005,SKU-00086,WH-APAC,2025-11-17,2025-11-22,2025-11-21,16,7.6,road,8.0,delivered,0,121.6,5,4.0,-1.0,1.0
PO-006541,SUP-005,SKU-00086,WH-APAC,2025-12-08,2025-12-10,2025-12-10,20,7.6,air,16.62,delivered,0,152.0,2,2.0,0.0,1.0
PO-006542,SUP-005,SKU-00086,WH-APAC,2025-12-22,2025-12-27,2025-12-28,18,7.6,rail,5.57,delivered,0,136.8,5,6.0,1.0,0.0
PO-006543,SUP-005,SKU-00086,WH-EU,2024-01-15,2024-01-20,2024-01-22,19,7.6,rail,6.65,delivered,0,144.4,5,7.0,2.0,0.0
PO-006544,SUP-005,SKU-00086,WH-EU,2024-01-29,2024-02-03,2024-02-01,21,7.6,road,8.34,delivered,0,159.6,5,3.0,-2.0,1.0
PO-006545,SUP-005,SKU-00086,WH-EU,2024-02-19,2024-02-24,2024-02-21,18,7.6,rail,7.1,delivered,0,136.8,5,2.0,-3.0,1.0
PO-006546,SUP-005,SKU-00086,WH-EU,2024-03-04,2024-03-09,2024-03-10,18,7.6,road,7.66,delivered,0,136.8,5,6.0,1.0,0.0
PO-006547,SUP-005,SKU-00086,WH-EU,2024-03-25,2024-03-27,2024-03-28,27,7.6,air,28.87,delivered,0,205.2,2,3.0,1.0,0.0
PO-006548,SUP-005,SKU-00086,WH-EU,2024-04-15,2024-04-20,2024-04-18,22,7.6,road,9.18,delivered,0,167.2,5,3.0,-2.0,1.0
PO-006549,SUP-005,SKU-00086,WH-EU,2024-05-06,2024-05-11,2024-05-10,22,7.6,rail,8.66,delivered,0,167.2,5,4.0,-1.0,1.0
PO-006550,SUP-005,SKU-00086,WH-EU,2024-05-27,2024-05-29,2024-06-01,26,7.6,air,25.54,delivered,0,197.6,2,5.0,3.0,0.0
PO-006551,SUP-005,SKU-00086,WH-EU,2024-06-10,2024-06-15,2024-06-15,18,7.6,road,8.87,delivered,0,136.8,5,5.0,0.0,1.0
PO-006552,SUP-005,SKU-00086,WH-EU,2024-06-24,2024-06-29,2024-06-29,20,7.6,road,9.42,delivered,0,152.0,5,5.0,0.0,1.0
PO-006553,SUP-005,SKU-00086,WH-EU,2024-07-15,2024-07-20,2024-07-22,23,7.6,road,10.4,delivered,0,174.8,5,7.0,2.0,0.0
PO-006554,SUP-005,SKU-00086,WH-EU,2024-08-05,2024-08-10,2024-08-10,23,7.6,road,9.0,delivered,0,174.8,5,5.0,0.0,1.0
PO-006555,SUP-005,SKU-00086,WH-EU,2024-08-26,2024-08-31,2024-08-31,24,7.6,road,9.43,delivered,0,182.4,5,5.0,0.0,1.0
PO-006556,SUP-005,SKU-00086,WH-EU,2024-09-09,2024-09-14,2024-09-15,18,7.6,rail,5.91,delivered,0,136.8,5,6.0,1.0,0.0
PO-006557,SUP-005,SKU-00086,WH-EU,2024-09-30,2024-10-05,2024-10-15,24,7.6,road,8.99,delivered,0,182.4,5,15.0,10.0,0.0
PO-006558,SUP-005,SKU-00086,WH-EU,2024-10-28,2024-11-02,2024-11-03,21,7.6,road,10.71,delivered,0,159.6,5,6.0,1.0,0.0
PO-006559,SUP-005,SKU-00086,WH-EU,2024-11-18,2024-11-23,2024-11-24,23,7.6,rail,10.3,delivered,0,174.8,5,6.0,1.0,0.0
PO-006560,SUP-005,SKU-00086,WH-EU,2024-12-09,2024-12-14,2024-12-11,27,7.6,road,13.94,delivered,0,205.2,5,2.0,-3.0,1.0
PO-006561,SUP-005,SKU-00086,WH-EU,2024-12-30,2025-01-01,2024-12-31,23,7.6,air,17.11,delivered,0,174.8,2,1.0,-1.0,1.0
PO-006562,SUP-005,SKU-00086,WH-EU,2025-01-13,2025-01-18,2025-01-17,21,7.6,road,10.65,delivered,0,159.6,5,4.0,-1.0,1.0
PO-006563,SUP-005,SKU-00086,WH-EU,2025-01-27,2025-02-01,2025-02-01,23,7.6,rail,10.29,delivered,0,174.8,5,5.0,0.0,1.0
PO-006564,SUP-005,SKU-00086,WH-EU,2025-02-17,2025-02-22,2025-02-20,23,7.6,road,10.3,delivered,0,174.8,5,3.0,-2.0,1.0
PO-006565,SUP-005,SKU-00086,WH-EU,2025-03-03,2025-03-08,2025-03-09,20,7.6,rail,6.79,delivered,0,152.0,5,6.0,1.0,0.0
PO-006566,SUP-005,SKU-00086,WH-EU,2025-03-17,2025-03-22,2025-03-22,18,7.6,rail,7.51,delivered,0,136.8,5,5.0,0.0,1.0
PO-006567,SUP-005,SKU-00086,WH-EU,2025-03-31,2025-04-05,2025-04-06,20,7.6,rail,6.97,delivered,0,152.0,5,6.0,1.0,0.0
PO-006568,SUP-005,SKU-00086,WH-EU,2025-04-14,2025-04-19,2025-04-23,20,7.6,road,9.27,delivered,0,152.0,5,9.0,4.0,0.0
PO-006569,SUP-005,SKU-00086,WH-EU,2025-05-05,2025-05-07,2025-05-06,22,7.6,air,22.68,delivered,0,167.2,2,1.0,-1.0,1.0
PO-006570,SUP-005,SKU-00086,WH-EU,2025-05-19,2025-05-24,2025-05-23,21,7.6,road,9.58,delivered,0,159.6,5,4.0,-1.0,1.0
PO-006571,SUP-005,SKU-00086,WH-EU,2025-06-02,2025-06-07,2025-06-18,21,7.6,road,8.57,delivered,0,159.6,5,16.0,11.0,0.0
PO-006572,SUP-005,SKU-00086,WH-EU,2025-06-30,2025-07-05,2025-07-08,24,7.6,rail,7.75,delivered,0,182.4,5,8.0,3.0,0.0
PO-006573,SUP-005,SKU-00086,WH-EU,2025-07-14,2025-07-19,2025-07-16,21,7.6,road,8.58,delivered,0,159.6,5,2.0,-3.0,1.0
PO-006574,SUP-005,SKU-00086,WH-EU,2025-08-04,2025-08-09,2025-08-06,23,7.6,road,10.58,delivered,0,174.8,5,2.0,-3.0,1.0
PO-006575,SUP-005,SKU-00086,WH-EU,2025-08-18,2025-08-20,2025-08-21,18,7.6,air,18.02,delivered,0,136.8,2,3.0,1.0,0.0
PO-006576,SUP-005,SKU-00086,WH-EU,2025-09-08,2025-09-13,2025-09-13,22,7.6,road,9.65,delivered,0,167.2,5,5.0,0.0,1.0
PO-006577,SUP-005,SKU-00086,WH-EU,2025-09-29,2025-10-04,2025-10-03,23,7.6,road,8.66,delivered,0,174.8,5,4.0,-1.0,1.0
PO-006578,SUP-005,SKU-00086,WH-EU,2025-10-13,2025-10-18,2025-10-17,22,7.6,rail,7.33,delivered,0,167.2,5,4.0,-1.0,1.0
PO-006579,SUP-005,SKU-00086,WH-EU,2025-11-03,2025-11-05,2025-11-06,27,7.6,air,26.84,delivered,0,205.2,2,3.0,1.0,0.0
PO-006580,SUP-005,SKU-00086,WH-EU,2025-11-17,2025-11-19,2025-11-20,19,7.6,air,18.8,delivered,0,144.4,2,3.0,1.0,0.0
PO-006581,SUP-005,SKU-00086,WH-EU,2025-12-01,2025-12-03,2025-12-03,20,7.6,air,19.6,delivered,0,152.0,2,2.0,0.0,1.0
PO-006582,SUP-005,SKU-00086,WH-EU,2025-12-15,2025-12-20,2025-12-18,18,7.6,road,9.62,delivered,0,136.8,5,3.0,-2.0,1.0
PO-006583,SUP-005,SKU-00086,WH-EAST,2024-01-15,2024-01-20,2024-01-20,21,7.6,road,7.75,delivered,0,159.6,5,5.0,0.0,1.0
PO-006584,SUP-005,SKU-00086,WH-EAST,2024-01-29,2024-02-03,2024-02-03,22,7.6,rail,9.71,delivered,0,167.2,5,5.0,0.0,1.0
PO-006585,SUP-005,SKU-00086,WH-EAST,2024-02-19,2024-02-21,2024-02-21,27,7.6,air,27.26,delivered,0,205.2,2,2.0,0.0,1.0
PO-006586,SUP-005,SKU-00086,WH-EAST,2024-03-04,2024-03-09,2024-03-09,19,7.6,road,8.92,delivered,0,144.4,5,5.0,0.0,1.0
PO-006587,SUP-005,SKU-00086,WH-EAST,2024-03-25,2024-03-30,2024-04-02,23,7.6,road,9.85,delivered,0,174.8,5,8.0,3.0,0.0
PO-006588,SUP-005,SKU-00086,WH-EAST,2024-04-15,2024-04-20,2024-04-17,25,7.6,road,10.38,delivered,0,190.0,5,2.0,-3.0,1.0
PO-006589,SUP-005,SKU-00086,WH-EAST,2024-04-29,2024-05-04,2024-05-03,20,7.6,road,7.78,delivered,0,152.0,5,4.0,-1.0,1.0
PO-006590,SUP-005,SKU-00086,WH-EAST,2024-05-13,2024-05-15,2024-05-16,22,7.6,air,17.1,delivered,0,167.2,2,3.0,1.0,0.0
PO-006591,SUP-005,SKU-00086,WH-EAST,2024-05-27,2024-06-01,2024-06-04,25,7.6,road,11.7,delivered,0,190.0,5,8.0,3.0,0.0
PO-006592,SUP-005,SKU-00086,WH-EAST,2024-06-17,2024-06-22,2024-06-22,23,7.6,road,11.04,delivered,0,174.8,5,5.0,0.0,1.0
PO-006593,SUP-005,SKU-00086,WH-EAST,2024-07-01,2024-07-06,2024-07-04,19,7.6,road,7.64,delivered,0,144.4,5,3.0,-2.0,1.0
PO-006594,SUP-005,SKU-00086,WH-EAST,2024-07-15,2024-07-20,2024-07-18,19,7.6,rail,7.93,delivered,0,144.4,5,3.0,-2.0,1.0
PO-006595,SUP-005,SKU-00086,WH-EAST,2024-08-05,2024-08-07,2024-08-07,26,7.6,air,21.42,delivered,0,197.6,2,2.0,0.0,1.0
PO-006596,SUP-005,SKU-00086,WH-EAST,2024-08-26,2024-08-31,2024-09-02,27,7.6,road,13.86,delivered,0,205.2,5,7.0,2.0,0.0
PO-006597,SUP-005,SKU-00086,WH-EAST,2024-09-23,2024-09-28,2024-09-29,25,7.6,road,10.59,delivered,0,190.0,5,6.0,1.0,0.0
PO-006598,SUP-005,SKU-00086,WH-EAST,2024-10-14,2024-10-19,2024-10-20,23,7.6,road,8.68,delivered,0,174.8,5,6.0,1.0,0.0
PO-006599,SUP-005,SKU-00086,WH-EAST,2024-11-04,2024-11-09,2024-11-17,22,7.6,road,11.38,delivered,0,167.2,5,13.0,8.0,0.0
PO-006600,SUP-005,SKU-00086,WH-EAST,2024-11-25,2024-11-30,2024-12-03,20,7.6,rail,8.3,delivered,0,152.0,5,8.0,3.0,0.0
PO-006601,SUP-005,SKU-00086,WH-EAST,2024-12-09,2024-12-14,2024-12-19,20,7.6,road,10.45,delivered,0,152.0,5,10.0,5.0,0.0
PO-006602,SUP-005,SKU-00086,WH-EAST,2024-12-30,2025-01-04,2025-01-12,24,7.6,road,10.95,delivered,0,182.4,5,13.0,8.0,0.0
PO-006603,SUP-005,SKU-00086,WH-EAST,2025-01-20,2025-01-25,2025-01-26,23,7.6,rail,7.84,delivered,0,174.8,5,6.0,1.0,0.0
PO-006604,SUP-005,SKU-00086,WH-EAST,2025-02-03,2025-02-08,2025-02-08,19,7.6,road,8.22,delivered,0,144.4,5,5.0,0.0,1.0
PO-006605,SUP-005,SKU-00086,WH-EAST,2025-02-17,2025-02-19,2025-02-18,26,7.6,air,27.94,delivered,0,197.6,2,1.0,-1.0,1.0
PO-006606,SUP-005,SKU-00086,WH-EAST,2025-03-03,2025-03-08,2025-03-07,20,7.6,road,7.7,delivered,0,152.0,5,4.0,-1.0,1.0
PO-006607,SUP-005,SKU-00086,WH-EAST,2025-03-17,2025-03-22,2025-03-18,19,7.6,road,9.95,delivered,0,144.4,5,1.0,-4.0,1.0
PO-006608,SUP-005,SKU-00086,WH-EAST,2025-03-31,2025-04-05,2025-04-03,20,7.6,road,10.79,delivered,0,152.0,5,3.0,-2.0,1.0
PO-006609,SUP-005,SKU-00086,WH-EAST,2025-04-14,2025-04-19,2025-04-17,21,7.6,road,8.45,delivered,0,159.6,5,3.0,-2.0,1.0
PO-006610,SUP-005,SKU-00086,WH-EAST,2025-04-28,2025-05-03,2025-05-01,22,7.6,rail,9.41,delivered,0,167.2,5,3.0,-2.0,1.0
PO-006611,SUP-005,SKU-00086,WH-EAST,2025-05-12,2025-05-17,2025-05-18,21,7.6,road,8.93,delivered,0,159.6,5,6.0,1.0,0.0
PO-006612,SUP-005,SKU-00086,WH-EAST,2025-05-26,2025-05-28,2025-05-28,23,7.6,air,24.28,delivered,0,174.8,2,2.0,0.0,1.0
PO-006613,SUP-005,SKU-00086,WH-EAST,2025-06-09,2025-06-14,2025-06-15,19,7.6,road,7.92,delivered,0,144.4,5,6.0,1.0,0.0
PO-006614,SUP-005,SKU-00086,WH-EAST,2025-06-23,2025-06-28,2025-06-25,20,7.6,rail,7.71,delivered,0,152.0,5,2.0,-3.0,1.0
PO-006615,SUP-005,SKU-00086,WH-EAST,2025-07-07,2025-07-12,2025-07-12,21,7.6,road,8.47,delivered,0,159.6,5,5.0,0.0,1.0
PO-006616,SUP-005,SKU-00086,WH-EAST,2025-07-21,2025-07-26,2025-08-05,25,7.6,road,13.48,delivered,0,190.0,5,15.0,10.0,0.0
PO-006617,SUP-005,SKU-00086,WH-EAST,2025-08-18,2025-08-20,2025-08-21,28,7.6,air,20.86,delivered,0,212.8,2,3.0,1.0,0.0
PO-006618,SUP-005,SKU-00086,WH-EAST,2025-09-08,2025-09-13,2025-09-13,23,7.6,rail,8.79,delivered,0,174.8,5,5.0,0.0,1.0
PO-006619,SUP-005,SKU-00086,WH-EAST,2025-09-22,2025-09-24,2025-10-03,19,7.6,air,20.09,delivered,0,144.4,2,11.0,9.0,0.0
PO-006620,SUP-005,SKU-00086,WH-EAST,2025-10-13,2025-10-15,2025-10-18,27,7.6,air,20.09,delivered,0,205.2,2,5.0,3.0,0.0
PO-006621,SUP-005,SKU-00086,WH-EAST,2025-11-03,2025-11-08,2025-11-06,25,7.6,road,12.29,delivered,0,190.0,5,3.0,-2.0,1.0
PO-006622,SUP-005,SKU-00086,WH-EAST,2025-11-24,2025-11-26,2025-11-27,28,7.6,air,28.39,delivered,0,212.8,2,3.0,1.0,0.0
PO-006623,SUP-005,SKU-00086,WH-EAST,2025-12-15,2025-12-17,2025-12-17,25,7.6,air,23.96,delivered,0,190.0,2,2.0,0.0,1.0
PO-006624,SUP-017,SKU-00087,WH-EU,2024-01-22,2024-02-06,2024-02-03,1238,3.32,road,278.67,delivered,0,4110.16,15,12.0,-3.0,1.0
PO-006625,SUP-017,SKU-00087,WH-EU,2024-02-12,2024-03-03,2024-02-24,1250,3.32,ocean,179.72,delivered,0,4150.0,20,12.0,-8.0,1.0
PO-006626,SUP-017,SKU-00087,WH-EU,2024-02-26,2024-03-17,2024-03-15,884,3.32,ocean,129.55,delivered,0,2934.88,20,18.0,-2.0,1.0
PO-006627,SUP-017,SKU-00087,WH-EU,2024-03-11,2024-03-31,2024-04-04,928,3.32,ocean,124.88,delivered,0,3080.96,20,24.0,4.0,0.0
PO-006628,SUP-017,SKU-00087,WH-EU,2024-03-25,2024-04-14,2024-04-10,967,3.32,ocean,145.14,delivered,0,3210.44,20,16.0,-4.0,1.0
PO-006629,SUP-017,SKU-00087,WH-EU,2024-04-15,2024-05-01,2024-04-28,1156,3.32,rail,197.35,delivered,0,3837.92,16,13.0,-3.0,1.0
PO-006630,SUP-017,SKU-00087,WH-EU,2024-04-29,2024-05-15,2024-05-19,949,3.32,rail,179.02,delivered,0,3150.68,16,20.0,4.0,0.0
PO-006631,SUP-017,SKU-00087,WH-EU,2024-05-13,2024-05-20,2024-05-19,1039,3.32,air,418.17,delivered,0,3449.48,7,6.0,-1.0,1.0
PO-006632,SUP-017,SKU-00087,WH-EU,2024-06-03,2024-06-23,2024-06-25,1205,3.32,ocean,149.51,delivered,0,4000.6,20,22.0,2.0,0.0
PO-006633,SUP-017,SKU-00087,WH-EU,2024-07-01,2024-07-21,2024-07-18,1528,3.32,ocean,243.33,delivered,0,5072.96,20,17.0,-3.0,1.0
PO-006634,SUP-017,SKU-00087,WH-EU,2024-07-29,2024-08-05,2024-08-05,1222,3.32,air,488.13,delivered,0,4057.04,7,7.0,0.0,1.0
PO-006635,SUP-017,SKU-00087,WH-EU,2024-08-19,2024-09-08,2024-09-06,1139,3.32,ocean,173.88,delivered,0,3781.48,20,18.0,-2.0,1.0
PO-006636,SUP-017,SKU-00087,WH-EU,2024-09-09,2024-09-29,2024-09-29,1112,3.32,ocean,165.72,delivered,0,3691.84,20,20.0,0.0,1.0
PO-006637,SUP-017,SKU-00087,WH-EU,2024-09-30,2024-10-15,2024-10-17,1072,3.32,road,185.01,delivered,0,3559.04,15,17.0,2.0,0.0
PO-006638,SUP-017,SKU-00087,WH-EU,2024-10-21,2024-10-28,2024-10-28,1199,3.32,air,558.68,delivered,0,3980.68,7,7.0,0.0,1.0
PO-006639,SUP-017,SKU-00087,WH-EU,2024-11-11,2024-12-01,2024-11-29,1251,3.32,ocean,196.97,delivered,0,4153.32,20,18.0,-2.0,1.0
PO-006640,SUP-017,SKU-00087,WH-EU,2024-12-02,2024-12-22,2024-12-21,1053,3.32,ocean,121.07,delivered,0,3495.96,20,19.0,-1.0,1.0
PO-006641,SUP-017,SKU-00087,WH-EU,2024-12-16,2024-12-23,2024-12-22,1006,3.32,air,434.08,delivered,0,3339.92,7,6.0,-1.0,1.0
PO-006642,SUP-017,SKU-00087,WH-EU,2025-01-06,2025-01-26,2025-01-26,1211,3.32,ocean,149.12,delivered,0,4020.52,20,20.0,0.0,1.0
PO-006643,SUP-017,SKU-00087,WH-EU,2025-01-27,2025-02-16,2025-02-18,1029,3.32,ocean,113.03,delivered,0,3416.28,20,22.0,2.0,0.0
PO-006644,SUP-017,SKU-00087,WH-EU,2025-02-10,2025-02-17,2025-02-17,1030,3.32,air,450.78,delivered,0,3419.6,7,7.0,0.0,1.0
PO-006645,SUP-017,SKU-00087,WH-EU,2025-03-03,2025-03-10,2025-03-09,1324,3.32,air,508.83,delivered,0,4395.68,7,6.0,-1.0,1.0
PO-006646,SUP-017,SKU-00087,WH-EU,2025-03-17,2025-04-02,2025-03-30,1201,3.32,rail,224.27,delivered,0,3987.32,16,13.0,-3.0,1.0
PO-006647,SUP-017,SKU-00087,WH-EU,2025-03-31,2025-04-07,2025-04-08,1028,3.32,air,484.12,delivered,0,3412.96,7,8.0,1.0,0.0
PO-006648,SUP-017,SKU-00087,WH-EU,2025-04-14,2025-05-04,2025-05-05,1243,3.32,ocean,184.33,delivered,0,4126.76,20,21.0,1.0,0.0
PO-006649,SUP-017,SKU-00087,WH-EU,2025-05-05,2025-05-25,2025-05-23,903,3.32,ocean,118.19,delivered,0,2997.96,20,18.0,-2.0,1.0
PO-006650,SUP-017,SKU-00087,WH-EU,2025-05-19,2025-05-26,2025-05-24,1156,3.32,air,408.93,delivered,0,3837.92,7,5.0,-2.0,1.0
PO-006651,SUP-017,SKU-00087,WH-EU,2025-06-02,2025-06-09,2025-06-10,887,3.32,air,291.67,delivered,0,2944.84,7,8.0,1.0,0.0
PO-006652,SUP-017,SKU-00087,WH-EU,2025-06-16,2025-07-06,2025-07-11,1091,3.32,ocean,144.62,delivered,0,3622.12,20,25.0,5.0,0.0
PO-006653,SUP-017,SKU-00087,WH-EU,2025-06-30,2025-07-07,2025-07-06,968,3.32,air,326.91,delivered,0,3213.76,7,6.0,-1.0,1.0
PO-006654,SUP-017,SKU-00087,WH-EU,2025-07-21,2025-07-28,2025-07-27,1243,3.32,air,509.33,delivered,0,4126.76,7,6.0,-1.0,1.0
PO-006655,SUP-017,SKU-00087,WH-EU,2025-08-04,2025-08-24,2025-08-24,1244,3.32,ocean,168.01,delivered,0,4130.08,20,20.0,0.0,1.0
PO-006656,SUP-017,SKU-00087,WH-EU,2025-08-25,2025-09-09,2025-09-08,971,3.32,road,203.08,delivered,0,3223.72,15,14.0,-1.0,1.0
PO-006657,SUP-017,SKU-00087,WH-EU,2025-09-08,2025-09-28,2025-10-01,972,3.32,ocean,135.95,delivered,0,3227.04,20,23.0,3.0,0.0
PO-006658,SUP-017,SKU-00087,WH-EU,2025-09-22,2025-09-29,2025-09-30,1087,3.32,air,472.89,delivered,0,3608.84,7,8.0,1.0,0.0
PO-006659,SUP-017,SKU-00087,WH-EU,2025-10-13,2025-10-20,2025-10-19,989,3.32,air,421.22,delivered,0,3283.48,7,6.0,-1.0,1.0
PO-006660,SUP-017,SKU-00087,WH-EU,2025-10-27,2025-11-11,2025-11-13,1002,3.32,road,238.18,delivered,0,3326.64,15,17.0,2.0,0.0
PO-006661,SUP-017,SKU-00087,WH-EU,2025-11-10,2025-11-17,2025-11-27,1057,3.32,air,398.55,delivered,0,3509.24,7,17.0,10.0,0.0
PO-006662,SUP-017,SKU-00087,WH-EU,2025-11-24,2025-12-01,2025-12-01,947,3.32,air,407.9,delivered,0,3144.04,7,7.0,0.0,1.0
PO-006663,SUP-017,SKU-00087,WH-EU,2025-12-08,2025-12-28,2025-12-25,1042,3.32,ocean,146.99,delivered,0,3459.44,20,17.0,-3.0,1.0
PO-006664,SUP-017,SKU-00087,WH-EU,2025-12-22,2025-12-29,2025-12-28,1017,3.32,air,400.35,delivered,0,3376.44,7,6.0,-1.0,1.0
PO-006665,SUP-017,SKU-00087,WH-WEST,2024-01-22,2024-02-07,2024-02-10,1049,3.32,rail,194.98,delivered,0,3482.68,16,19.0,3.0,0.0
PO-006666,SUP-017,SKU-00087,WH-WEST,2024-02-12,2024-03-03,2024-03-07,856,3.32,ocean,131.56,delivered,0,2841.92,20,24.0,4.0,0.0
PO-006667,SUP-017,SKU-00087,WH-WEST,2024-03-04,2024-03-11,2024-03-09,884,3.32,air,401.89,delivered,0,2934.88,7,5.0,-2.0,1.0
PO-006668,SUP-017,SKU-00087,WH-WEST,2024-03-25,2024-04-14,2024-04-11,1104,3.32,ocean,121.9,delivered,0,3665.28,20,17.0,-3.0,1.0
PO-006669,SUP-017,SKU-00087,WH-WEST,2024-04-15,2024-05-01,2024-05-02,930,3.32,rail,141.5,delivered,0,3087.6,16,17.0,1.0,0.0
PO-006670,SUP-017,SKU-00087,WH-WEST,2024-04-29,2024-05-06,2024-05-06,810,3.32,air,346.57,delivered,0,2689.2,7,7.0,0.0,1.0
PO-006671,SUP-017,SKU-00087,WH-WEST,2024-05-20,2024-06-09,2024-06-14,1099,3.32,ocean,124.68,delivered,0,3648.68,20,25.0,5.0,0.0
PO-006672,SUP-017,SKU-00087,WH-WEST,2024-06-17,2024-07-07,2024-07-07,846,3.32,ocean,121.95,delivered,0,2808.72,20,20.0,0.0,1.0
PO-006673,SUP-017,SKU-00087,WH-WEST,2024-07-01,2024-07-08,2024-07-07,894,3.32,air,410.32,delivered,0,2968.08,7,6.0,-1.0,1.0
PO-006674,SUP-017,SKU-00087,WH-WEST,2024-07-22,2024-08-06,2024-08-06,844,3.32,road,183.29,delivered,0,2802.08,15,15.0,0.0,1.0
PO-006675,SUP-017,SKU-00087,WH-WEST,2024-08-12,2024-08-28,2024-08-27,1055,3.32,rail,199.98,delivered,0,3502.6,16,15.0,-1.0,1.0
PO-006676,SUP-017,SKU-00087,WH-WEST,2024-09-02,2024-09-09,2024-09-08,965,3.32,air,439.74,delivered,0,3203.8,7,6.0,-1.0,1.0
PO-006677,SUP-017,SKU-00087,WH-WEST,2024-09-23,2024-10-13,2024-10-09,1016,3.32,ocean,127.97,delivered,0,3373.12,20,16.0,-4.0,1.0
PO-006678,SUP-017,SKU-00087,WH-WEST,2024-10-14,2024-11-03,2024-11-02,992,3.32,ocean,120.39,delivered,0,3293.44,20,19.0,-1.0,1.0
PO-006679,SUP-017,SKU-00087,WH-WEST,2024-11-04,2024-11-11,2024-11-12,889,3.32,air,422.57,delivered,0,2951.48,7,8.0,1.0,0.0
PO-006680,SUP-017,SKU-00087,WH-WEST,2024-11-18,2024-12-03,2024-12-07,740,3.32,road,157.5,delivered,0,2456.8,15,19.0,4.0,0.0
PO-006681,SUP-017,SKU-00087,WH-WEST,2024-12-09,2024-12-16,2024-12-16,1111,3.32,air,486.52,delivered,0,3688.52,7,7.0,0.0,1.0
PO-006682,SUP-017,SKU-00087,WH-WEST,2024-12-23,2024-12-30,2024-12-28,1102,3.32,air,474.49,delivered,0,3658.64,7,5.0,-2.0,1.0
PO-006683,SUP-017,SKU-00087,WH-WEST,2025-01-06,2025-01-26,2025-01-24,889,3.32,ocean,100.81,delivered,0,2951.48,20,18.0,-2.0,1.0
PO-006684,SUP-017,SKU-00087,WH-WEST,2025-01-20,2025-01-27,2025-01-28,851,3.32,air,302.46,delivered,0,2825.32,7,8.0,1.0,0.0
PO-006685,SUP-017,SKU-00087,WH-WEST,2025-02-10,2025-03-02,2025-03-07,1187,3.32,ocean,156.52,delivered,0,3940.84,20,25.0,5.0,0.0
PO-006686,SUP-017,SKU-00087,WH-WEST,2025-03-10,2025-03-26,2025-03-27,874,3.32,rail,160.37,delivered,0,2901.68,16,17.0,1.0,0.0
PO-006687,SUP-017,SKU-00087,WH-WEST,2025-03-24,2025-04-09,2025-04-11,866,3.32,rail,140.55,delivered,0,2875.12,16,18.0,2.0,0.0
PO-006688,SUP-017,SKU-00087,WH-WEST,2025-04-07,2025-04-22,2025-04-22,874,3.32,road,208.0,delivered,0,2901.68,15,15.0,0.0,1.0
PO-006689,SUP-017,SKU-00087,WH-WEST,2025-04-21,2025-05-11,2025-05-13,866,3.32,ocean,104.66,delivered,0,2875.12,20,22.0,2.0,0.0
PO-006690,SUP-017,SKU-00087,WH-WEST,2025-05-05,2025-05-12,2025-05-12,874,3.32,air,394.31,delivered,0,2901.68,7,7.0,0.0,1.0
PO-006691,SUP-017,SKU-00087,WH-WEST,2025-05-26,2025-06-15,2025-06-16,1148,3.32,ocean,153.65,delivered,0,3811.36,20,21.0,1.0,0.0
PO-006692,SUP-017,SKU-00087,WH-WEST,2025-06-23,2025-07-09,2025-07-08,1165,3.32,rail,162.62,delivered,0,3867.8,16,15.0,-1.0,1.0
PO-006693,SUP-017,SKU-00087,WH-WEST,2025-07-14,2025-08-03,2025-08-02,1020,3.32,ocean,141.83,delivered,0,3386.4,20,19.0,-1.0,1.0
PO-006694,SUP-017,SKU-00087,WH-WEST,2025-08-04,2025-08-19,2025-08-21,1076,3.32,road,253.18,delivered,0,3572.32,15,17.0,2.0,0.0
PO-006695,SUP-017,SKU-00087,WH-WEST,2025-08-25,2025-09-10,2025-09-11,976,3.32,rail,166.82,delivered,0,3240.32,16,17.0,1.0,0.0
PO-006696,SUP-017,SKU-00087,WH-WEST,2025-09-08,2025-09-15,2025-09-14,764,3.32,air,339.23,delivered,0,2536.48,7,6.0,-1.0,1.0
PO-006697,SUP-017,SKU-00087,WH-WEST,2025-09-22,2025-10-08,2025-10-10,851,3.32,rail,116.62,delivered,0,2825.32,16,18.0,2.0,0.0
PO-006698,SUP-017,SKU-00087,WH-WEST,2025-10-06,2025-10-21,2025-10-24,744,3.32,road,136.74,delivered,0,2470.08,15,18.0,3.0,0.0
PO-006699,SUP-017,SKU-00087,WH-WEST,2025-10-20,2025-11-05,2025-11-06,802,3.32,rail,138.98,delivered,0,2662.64,16,17.0,1.0,0.0
PO-006700,SUP-017,SKU-00087,WH-WEST,2025-11-03,2025-11-10,2025-11-10,835,3.32,air,288.33,delivered,0,2772.2,7,7.0,0.0,1.0
PO-006701,SUP-017,SKU-00087,WH-WEST,2025-11-17,2025-12-07,2025-12-06,816,3.32,ocean,97.34,delivered,0,2709.12,20,19.0,-1.0,1.0
PO-006702,SUP-017,SKU-00087,WH-WEST,2025-12-01,2025-12-21,2025-12-19,924,3.32,ocean,128.65,delivered,0,3067.68,20,18.0,-2.0,1.0
PO-006703,SUP-017,SKU-00087,WH-WEST,2025-12-22,2026-01-11,,1109,3.32,ocean,145.28,open,0,3681.88,20,,,
PO-006704,SUP-017,SKU-00087,WH-EAST,2024-01-22,2024-02-07,2024-02-09,922,3.32,rail,176.81,delivered,0,3061.04,16,18.0,2.0,0.0
PO-006705,SUP-017,SKU-00087,WH-EAST,2024-02-12,2024-03-03,2024-03-01,780,3.32,ocean,115.11,delivered,0,2589.6,20,18.0,-2.0,1.0
PO-006706,SUP-017,SKU-00087,WH-EAST,2024-03-04,2024-03-24,2024-03-22,944,3.32,ocean,106.31,delivered,0,3134.08,20,18.0,-2.0,1.0
PO-006707,SUP-017,SKU-00087,WH-EAST,2024-03-25,2024-04-01,2024-04-02,813,3.32,air,348.95,delivered,0,2699.16,7,8.0,1.0,0.0
PO-006708,SUP-017,SKU-00087,WH-EAST,2024-04-08,2024-04-28,2024-04-24,748,3.32,ocean,117.64,delivered,0,2483.36,20,16.0,-4.0,1.0
PO-006709,SUP-017,SKU-00087,WH-EAST,2024-04-22,2024-04-29,2024-04-28,783,3.32,air,277.93,delivered,0,2599.56,7,6.0,-1.0,1.0
PO-006710,SUP-017,SKU-00087,WH-EAST,2024-05-13,2024-06-02,2024-06-02,943,3.32,ocean,103.47,delivered,0,3130.76,20,20.0,0.0,1.0
PO-006711,SUP-017,SKU-00087,WH-EAST,2024-06-03,2024-06-23,2024-06-19,715,3.32,ocean,101.38,delivered,0,2373.8,20,16.0,-4.0,1.0
PO-006712,SUP-017,SKU-00087,WH-EAST,2024-06-17,2024-07-03,2024-07-02,659,3.32,rail,92.12,delivered,0,2187.88,16,15.0,-1.0,1.0
PO-006713,SUP-017,SKU-00087,WH-EAST,2024-07-01,2024-07-08,2024-07-07,872,3.32,air,301.65,delivered,0,2895.04,7,6.0,-1.0,1.0
PO-006714,SUP-017,SKU-00087,WH-EAST,2024-07-22,2024-08-11,2024-08-12,948,3.32,ocean,130.85,delivered,0,3147.36,20,21.0,1.0,0.0
PO-006715,SUP-017,SKU-00087,WH-EAST,2024-08-19,2024-09-08,2024-09-08,956,3.32,ocean,121.29,delivered,0,3173.92,20,20.0,0.0,1.0
PO-006716,SUP-017,SKU-00087,WH-EAST,2024-09-09,2024-09-29,2024-09-24,668,3.32,ocean,98.04,delivered,0,2217.76,20,15.0,-5.0,1.0
PO-006717,SUP-017,SKU-00087,WH-EAST,2024-09-30,2024-10-20,2024-10-17,829,3.32,ocean,96.48,delivered,0,2752.28,20,17.0,-3.0,1.0
PO-006718,SUP-017,SKU-00087,WH-EAST,2024-10-21,2024-11-06,2024-11-05,876,3.32,rail,161.39,delivered,0,2908.32,16,15.0,-1.0,1.0
PO-006719,SUP-017,SKU-00087,WH-EAST,2024-11-11,2024-12-01,2024-12-02,937,3.32,ocean,111.95,delivered,0,3110.84,20,21.0,1.0,0.0
PO-006720,SUP-017,SKU-00087,WH-EAST,2024-12-02,2024-12-22,2024-12-21,648,3.32,ocean,82.26,delivered,0,2151.36,20,19.0,-1.0,1.0
PO-006721,SUP-017,SKU-00087,WH-EAST,2024-12-16,2024-12-23,2024-12-22,883,3.32,air,373.37,delivered,0,2931.56,7,6.0,-1.0,1.0
PO-006722,SUP-017,SKU-00087,WH-EAST,2025-01-06,2025-01-22,2025-01-24,911,3.32,rail,143.32,delivered,0,3024.52,16,18.0,2.0,0.0
PO-006723,SUP-017,SKU-00087,WH-EAST,2025-01-27,2025-02-03,2025-02-03,866,3.32,air,395.1,delivered,0,2875.12,7,7.0,0.0,1.0
PO-006724,SUP-017,SKU-00087,WH-EAST,2025-02-10,2025-02-17,2025-02-16,818,3.32,air,377.28,delivered,0,2715.76,7,6.0,-1.0,1.0
PO-006725,SUP-017,SKU-00087,WH-EAST,2025-02-24,2025-03-16,2025-03-22,839,3.32,ocean,98.3,delivered,0,2785.48,20,26.0,6.0,0.0
PO-006726,SUP-017,SKU-00087,WH-EAST,2025-03-10,2025-03-17,2025-03-16,692,3.32,air,234.72,delivered,0,2297.44,7,6.0,-1.0,1.0
PO-006727,SUP-017,SKU-00087,WH-EAST,2025-03-31,2025-04-20,2025-04-17,1026,3.32,ocean,144.64,delivered,0,3406.32,20,17.0,-3.0,1.0
PO-006728,SUP-017,SKU-00087,WH-EAST,2025-04-21,2025-05-11,2025-05-07,1058,3.32,ocean,133.18,delivered,0,3512.56,20,16.0,-4.0,1.0
PO-006729,SUP-017,SKU-00087,WH-EAST,2025-05-12,2025-05-27,2025-06-10,925,3.32,road,212.54,delivered,0,3071.0,15,29.0,14.0,0.0
PO-006730,SUP-017,SKU-00087,WH-EAST,2025-06-16,2025-06-23,2025-06-30,1047,3.32,air,389.53,delivered,0,3476.04,7,14.0,7.0,0.0
PO-006731,SUP-017,SKU-00087,WH-EAST,2025-07-07,2025-07-27,2025-07-24,950,3.32,ocean,125.05,delivered,0,3154.0,20,17.0,-3.0,1.0
PO-006732,SUP-017,SKU-00087,WH-EAST,2025-07-28,2025-08-04,2025-08-04,869,3.32,air,304.27,delivered,0,2885.08,7,7.0,0.0,1.0
PO-006733,SUP-017,SKU-00087,WH-EAST,2025-08-11,2025-08-27,2025-08-28,1065,3.32,rail,182.88,delivered,0,3535.8,16,17.0,1.0,0.0
PO-006734,SUP-017,SKU-00087,WH-EAST,2025-09-01,2025-09-21,2025-09-21,713,3.32,ocean,100.41,delivered,0,2367.16,20,20.0,0.0,1.0
PO-006735,SUP-017,SKU-00087,WH-EAST,2025-09-15,2025-10-05,2025-10-04,818,3.32,ocean,114.1,delivered,0,2715.76,20,19.0,-1.0,1.0
PO-006736,SUP-017,SKU-00087,WH-EAST,2025-10-06,2025-10-26,2025-10-19,899,3.32,ocean,135.56,delivered,0,2984.68,20,13.0,-7.0,1.0
PO-006737,SUP-017,SKU-00087,WH-EAST,2025-10-20,2025-11-09,2025-11-11,708,3.32,ocean,86.11,delivered,0,2350.56,20,22.0,2.0,0.0
PO-006738,SUP-017,SKU-00087,WH-EAST,2025-11-03,2025-11-23,2025-11-16,721,3.32,ocean,110.32,delivered,0,2393.72,20,13.0,-7.0,1.0
PO-006739,SUP-017,SKU-00087,WH-EAST,2025-11-24,2025-12-14,2025-12-17,931,3.32,ocean,121.04,delivered,0,3090.92,20,23.0,3.0,0.0
PO-006740,SUP-017,SKU-00087,WH-EAST,2025-12-22,2026-01-11,,973,3.32,ocean,151.96,open,0,3230.36,20,,,
PO-006741,SUP-003,SKU-00088,WH-SOUTH,2024-01-15,2024-02-08,2024-02-09,3319,10.86,rail,2042.41,delivered,0,36044.34,24,25.0,1.0,0.0
PO-006742,SUP-003,SKU-00088,WH-SOUTH,2024-01-29,2024-02-22,2024-02-26,3368,10.86,rail,1974.82,delivered,0,36576.48,24,28.0,4.0,0.0
PO-006743,SUP-003,SKU-00088,WH-SOUTH,2024-02-19,2024-03-20,2024-03-18,4396,10.86,ocean,1721.98,delivered,0,47740.56,30,28.0,-2.0,1.0
PO-006744,SUP-003,SKU-00088,WH-SOUTH,2024-03-04,2024-03-14,2024-03-08,3416,10.86,air,4199.83,delivered,0,37097.76,10,4.0,-6.0,1.0
PO-006745,SUP-003,SKU-00088,WH-SOUTH,2024-03-18,2024-04-17,2024-05-04,3392,10.86,ocean,1703.96,delivered,0,36837.12,30,47.0,17.0,0.0
PO-006746,SUP-003,SKU-00088,WH-SOUTH,2024-04-08,2024-04-18,2024-04-16,4461,10.86,air,5664.92,delivered,0,48446.46,10,8.0,-2.0,1.0
PO-006747,SUP-003,SKU-00088,WH-SOUTH,2024-04-29,2024-05-23,2024-06-07,4003,10.86,rail,2111.47,delivered,0,43472.58,24,39.0,15.0,0.0
PO-006748,SUP-003,SKU-00088,WH-SOUTH,2024-05-27,2024-06-06,2024-06-09,4033,10.86,air,4679.31,delivered,0,43798.38,10,13.0,3.0,0.0
PO-006749,SUP-003,SKU-00088,WH-SOUTH,2024-06-24,2024-07-04,2024-07-02,3388,10.86,air,4829.81,delivered,0,36793.68,10,8.0,-2.0,1.0
PO-006750,SUP-003,SKU-00088,WH-SOUTH,2024-07-22,2024-08-15,2024-08-23,3929,10.86,rail,1895.14,delivered,0,42668.94,24,32.0,8.0,0.0
PO-006751,SUP-003,SKU-00088,WH-SOUTH,2024-08-19,2024-09-18,2024-09-09,3375,10.86,ocean,1366.76,delivered,0,36652.5,30,21.0,-9.0,1.0
PO-006752,SUP-003,SKU-00088,WH-SOUTH,2024-09-09,2024-10-01,2024-09-19,3708,10.86,road,2247.51,delivered,0,40268.88,22,10.0,-12.0,1.0
PO-006753,SUP-003,SKU-00088,WH-SOUTH,2024-09-30,2024-10-24,,3275,10.86,rail,1970.64,delivered,1,35566.5,24,,,
PO-006754,SUP-003,SKU-00088,WH-SOUTH,2024-10-21,2024-11-20,2024-11-21,3692,10.86,ocean,1740.78,delivered,0,40095.12,30,31.0,1.0,0.0
PO-006755,SUP-003,SKU-00088,WH-SOUTH,2024-11-11,2024-11-21,2024-11-23,4933,10.86,air,6417.74,delivered,0,53572.38,10,12.0,2.0,0.0
PO-006756,SUP-003,SKU-00088,WH-SOUTH,2024-12-02,2025-01-01,2024-12-21,3223,10.86,ocean,1344.78,delivered,0,35001.78,30,19.0,-11.0,1.0
PO-006757,SUP-003,SKU-00088,WH-SOUTH,2024-12-23,2025-01-16,2025-01-16,5569,10.86,rail,2530.67,delivered,0,60479.34,24,24.0,0.0,1.0
PO-006758,SUP-003,SKU-00088,WH-SOUTH,2025-01-13,2025-01-23,2025-01-22,4445,10.86,air,6421.93,delivered,0,48272.7,10,9.0,-1.0,1.0
PO-006759,SUP-003,SKU-00088,WH-SOUTH,2025-02-03,2025-02-13,2025-02-17,4217,10.86,air,4444.11,delivered,0,45796.62,10,14.0,4.0,0.0
PO-006760,SUP-003,SKU-00088,WH-SOUTH,2025-02-17,2025-02-27,2025-02-23,3370,10.86,air,4379.48,delivered,0,36598.2,10,6.0,-4.0,1.0
PO-006761,SUP-003,SKU-00088,WH-SOUTH,2025-03-10,2025-04-03,2025-04-03,3909,10.86,rail,2244.21,delivered,0,42451.74,24,24.0,0.0,1.0
PO-006762,SUP-003,SKU-00088,WH-SOUTH,2025-03-24,2025-04-23,2025-05-07,3904,10.86,ocean,1685.36,delivered,0,42397.44,30,44.0,14.0,0.0
PO-006763,SUP-003,SKU-00088,WH-SOUTH,2025-04-14,2025-05-14,2025-05-16,4492,10.86,ocean,1744.9,delivered,0,48783.12,30,32.0,2.0,0.0
PO-006764,SUP-003,SKU-00088,WH-SOUTH,2025-05-19,2025-05-29,2025-05-30,3544,10.86,air,4809.71,delivered,0,38487.84,10,11.0,1.0,0.0
PO-006765,SUP-003,SKU-00088,WH-SOUTH,2025-06-09,2025-07-09,2025-07-12,3489,10.86,ocean,1691.41,delivered,0,37890.54,30,33.0,3.0,0.0
PO-006766,SUP-003,SKU-00088,WH-SOUTH,2025-07-07,2025-07-29,2025-07-25,3996,10.86,road,2863.57,delivered,0,43396.56,22,18.0,-4.0,1.0
PO-006767,SUP-003,SKU-00088,WH-SOUTH,2025-07-28,2025-08-27,2025-09-03,3430,10.86,ocean,1384.27,delivered,0,37249.8,30,37.0,7.0,0.0
PO-006768,SUP-003,SKU-00088,WH-SOUTH,2025-08-18,2025-09-17,2025-10-07,3506,10.86,ocean,1720.2,delivered,0,38075.16,30,50.0,20.0,0.0
PO-006769,SUP-003,SKU-00088,WH-SOUTH,2025-09-08,2025-10-08,2025-10-19,3895,10.86,ocean,1750.45,delivered,0,42299.7,30,41.0,11.0,0.0
PO-006770,SUP-003,SKU-00088,WH-SOUTH,2025-10-13,2025-11-12,2025-10-28,3854,10.86,ocean,1394.95,delivered,0,41854.44,30,15.0,-15.0,1.0
PO-006771,SUP-003,SKU-00088,WH-SOUTH,2025-11-03,2025-12-03,2025-12-04,5089,10.86,ocean,1773.78,delivered,0,55266.54,30,31.0,1.0,0.0
PO-006772,SUP-003,SKU-00088,WH-SOUTH,2025-11-17,2025-12-17,2025-12-22,3243,10.86,ocean,1328.39,delivered,0,35218.98,30,35.0,5.0,0.0
PO-006773,SUP-003,SKU-00088,WH-SOUTH,2025-12-15,2025-12-25,2025-12-21,4514,10.86,air,5986.43,delivered,0,49022.04,10,6.0,-4.0,1.0
PO-006774,SUP-003,SKU-00088,WH-EAST,2024-01-22,2024-02-21,2024-03-11,6083,10.86,ocean,2605.2,delivered,0,66061.38,30,49.0,19.0,0.0
PO-006775,SUP-003,SKU-00088,WH-EAST,2024-02-05,2024-03-06,2024-03-24,5493,10.86,ocean,2099.2,delivered,0,59653.98,30,48.0,18.0,0.0
PO-006776,SUP-003,SKU-00088,WH-EAST,2024-03-18,2024-03-28,2024-03-27,5864,10.86,air,8088.94,delivered,0,63683.04,10,9.0,-1.0,1.0
PO-006777,SUP-003,SKU-00088,WH-EAST,2024-04-01,2024-04-25,2024-04-24,4617,10.86,rail,2172.8,delivered,0,50140.62,24,23.0,-1.0,1.0
PO-006778,SUP-003,SKU-00088,WH-EAST,2024-04-22,2024-05-22,2024-05-22,6040,10.86,ocean,2899.91,delivered,0,65594.4,30,30.0,0.0,1.0
PO-006779,SUP-003,SKU-00088,WH-EAST,2024-05-13,2024-06-12,2024-06-03,5105,10.86,ocean,1882.14,delivered,0,55440.3,30,21.0,-9.0,1.0
PO-006780,SUP-003,SKU-00088,WH-EAST,2024-06-03,2024-07-03,2024-07-08,5118,10.86,ocean,1954.88,delivered,0,55581.48,30,35.0,5.0,0.0
PO-006781,SUP-003,SKU-00088,WH-EAST,2024-07-01,2024-07-31,2024-07-23,5412,10.86,ocean,2228.76,delivered,0,58774.32,30,22.0,-8.0,1.0
PO-006782,SUP-003,SKU-00088,WH-EAST,2024-07-29,2024-08-28,2024-08-31,5739,10.86,ocean,2157.22,delivered,0,62325.54,30,33.0,3.0,0.0
PO-006783,SUP-003,SKU-00088,WH-EAST,2024-08-19,2024-09-18,2024-09-23,4712,10.86,ocean,1779.36,delivered,0,51172.32,30,35.0,5.0,0.0
PO-006784,SUP-003,SKU-00088,WH-EAST,2024-09-16,2024-10-16,2024-10-21,5967,10.86,ocean,3070.67,delivered,0,64801.62,30,35.0,5.0,0.0
PO-006785,SUP-003,SKU-00088,WH-EAST,2024-10-07,2024-10-29,2024-10-24,5865,10.86,road,4126.9,delivered,0,63693.9,22,17.0,-5.0,1.0
PO-006786,SUP-003,SKU-00088,WH-EAST,2024-10-28,2024-11-27,2024-11-02,5403,10.86,ocean,2635.35,delivered,0,58676.58,30,5.0,-25.0,1.0
PO-006787,SUP-003,SKU-00088,WH-EAST,2024-11-11,2024-12-11,2024-11-19,4779,10.86,ocean,2289.97,delivered,0,51899.94,30,8.0,-22.0,1.0
PO-006788,SUP-003,SKU-00088,WH-EAST,2024-11-25,2024-12-05,2024-12-09,4729,10.86,air,6924.59,delivered,0,51356.94,10,14.0,4.0,0.0
PO-006789,SUP-003,SKU-00088,WH-EAST,2024-12-09,2024-12-31,2025-01-08,4809,10.86,road,3175.91,delivered,0,52225.74,22,30.0,8.0,0.0
PO-006790,SUP-003,SKU-00088,WH-EAST,2024-12-23,2025-01-16,2025-01-27,7334,10.86,rail,4029.22,delivered,0,79647.24,24,35.0,11.0,0.0
PO-006791,SUP-003,SKU-00088,WH-EAST,2025-01-13,2025-02-06,2025-02-02,4837,10.86,rail,2912.69,delivered,0,52529.82,24,20.0,-4.0,1.0
PO-006792,SUP-003,SKU-00088,WH-EAST,2025-02-03,2025-03-05,2025-03-18,5583,10.86,ocean,2080.59,delivered,0,60631.38,30,43.0,13.0,0.0
PO-006793,SUP-003,SKU-00088,WH-EAST,2025-02-17,2025-03-11,2025-03-12,4734,10.86,road,3219.84,delivered,0,51411.24,22,23.0,1.0,0.0
PO-006794,SUP-003,SKU-00088,WH-EAST,2025-03-17,2025-04-16,2025-04-21,7095,10.86,ocean,2668.63,delivered,0,77051.7,30,35.0,5.0,0.0
PO-006795,SUP-003,SKU-00088,WH-EAST,2025-04-07,2025-05-07,2025-04-15,5668,10.86,ocean,2024.64,delivered,0,61554.48,30,8.0,-22.0,1.0
PO-006796,SUP-003,SKU-00088,WH-EAST,2025-04-28,2025-05-28,2025-05-25,5423,10.86,ocean,2241.42,delivered,0,58893.78,30,27.0,-3.0,1.0
PO-006797,SUP-003,SKU-00088,WH-EAST,2025-05-19,2025-06-18,2025-06-18,4973,10.86,ocean,1874.55,delivered,0,54006.78,30,30.0,0.0,1.0
PO-006798,SUP-003,SKU-00088,WH-EAST,2025-06-09,2025-07-09,2025-07-14,4804,10.86,ocean,1905.19,delivered,0,52171.44,30,35.0,5.0,0.0
PO-006799,SUP-003,SKU-00088,WH-EAST,2025-07-07,2025-08-06,2025-07-22,5739,10.86,ocean,2612.28,delivered,0,62325.54,30,15.0,-15.0,1.0
PO-006800,SUP-003,SKU-00088,WH-EAST,2025-07-28,2025-08-21,2025-08-19,4960,10.86,rail,2554.79,delivered,0,53865.6,24,22.0,-2.0,1.0
PO-006801,SUP-003,SKU-00088,WH-EAST,2025-08-18,2025-09-11,2025-09-22,6977,10.86,rail,3199.01,delivered,0,75770.22,24,35.0,11.0,0.0
PO-006802,SUP-003,SKU-00088,WH-EAST,2025-09-01,2025-10-01,2025-09-23,4804,10.86,ocean,1779.32,delivered,0,52171.44,30,22.0,-8.0,1.0
PO-006803,SUP-003,SKU-00088,WH-EAST,2025-10-06,2025-10-28,2025-10-30,6400,10.86,road,4794.18,delivered,0,69504.0,22,24.0,2.0,0.0
PO-006804,SUP-003,SKU-00088,WH-EAST,2025-10-27,2025-11-26,2025-12-02,6054,10.86,ocean,2578.8,delivered,0,65746.44,30,36.0,6.0,0.0
PO-006805,SUP-003,SKU-00088,WH-EAST,2025-11-17,2025-12-17,2025-12-09,6930,10.86,ocean,3006.73,delivered,0,75259.8,30,22.0,-8.0,1.0
PO-006806,SUP-003,SKU-00088,WH-EAST,2025-12-15,2026-01-14,,7286,10.86,ocean,2927.12,open,0,79125.96,30,,,
PO-006807,SUP-003,SKU-00088,WH-WEST,2024-01-15,2024-02-14,2024-01-30,5631,10.86,ocean,2635.23,delivered,0,61152.66,30,15.0,-15.0,1.0
PO-006808,SUP-003,SKU-00088,WH-WEST,2024-01-29,2024-02-08,2024-02-07,5872,10.86,air,6446.09,delivered,0,63769.92,10,9.0,-1.0,1.0
PO-006809,SUP-003,SKU-00088,WH-WEST,2024-02-12,2024-03-05,2024-03-06,5334,10.86,road,3230.01,delivered,0,57927.24,22,23.0,1.0,0.0
PO-006810,SUP-003,SKU-00088,WH-WEST,2024-03-04,2024-03-26,2024-03-22,6635,10.86,road,3783.32,delivered,0,72056.1,22,18.0,-4.0,1.0
PO-006811,SUP-003,SKU-00088,WH-WEST,2024-03-25,2024-04-24,2024-05-12,7810,10.86,ocean,2732.01,delivered,0,84816.6,30,48.0,18.0,0.0
PO-006812,SUP-003,SKU-00088,WH-WEST,2024-04-15,2024-05-15,2024-05-30,5843,10.86,ocean,2146.88,delivered,0,63454.98,30,45.0,15.0,0.0
PO-006813,SUP-003,SKU-00088,WH-WEST,2024-05-27,2024-06-20,2024-07-05,6613,10.86,rail,3456.5,delivered,0,71817.18,24,39.0,15.0,0.0
PO-006814,SUP-003,SKU-00088,WH-WEST,2024-06-24,2024-07-18,2024-07-12,5817,10.86,rail,3623.42,delivered,0,63172.62,24,18.0,-6.0,1.0
PO-006815,SUP-003,SKU-00088,WH-WEST,2024-07-22,2024-08-21,2024-08-15,6030,10.86,ocean,2481.86,delivered,0,65485.8,30,24.0,-6.0,1.0
PO-006816,SUP-003,SKU-00088,WH-WEST,2024-08-19,2024-09-18,2024-08-25,6527,10.86,ocean,2822.6,delivered,0,70883.22,30,6.0,-24.0,1.0
PO-006817,SUP-003,SKU-00088,WH-WEST,2024-09-09,2024-10-01,2024-09-25,6105,10.86,road,4408.85,delivered,0,66300.3,22,16.0,-6.0,1.0
PO-006818,SUP-003,SKU-00088,WH-WEST,2024-09-30,2024-10-10,2024-10-11,6313,10.86,air,9825.72,delivered,0,68559.18,10,11.0,1.0,0.0
PO-006819,SUP-003,SKU-00088,WH-WEST,2024-10-21,2024-11-14,2024-11-25,5896,10.86,rail,2808.7,delivered,0,64030.56,24,35.0,11.0,0.0
PO-006820,SUP-003,SKU-00088,WH-WEST,2024-11-11,2024-12-11,2024-12-15,6840,10.86,ocean,2483.4,delivered,0,74282.4,30,34.0,4.0,0.0
PO-006821,SUP-003,SKU-00088,WH-WEST,2024-12-02,2024-12-12,2024-12-09,6501,10.86,air,9284.97,delivered,0,70600.86,10,7.0,-3.0,1.0
PO-006822,SUP-003,SKU-00088,WH-WEST,2024-12-16,2025-01-15,2025-01-15,5491,10.86,ocean,2068.74,delivered,0,59632.26,30,30.0,0.0,1.0
PO-006823,SUP-003,SKU-00088,WH-WEST,2025-01-06,2025-02-05,2025-02-03,7860,10.86,ocean,3963.65,delivered,0,85359.6,30,28.0,-2.0,1.0
PO-006824,SUP-003,SKU-00088,WH-WEST,2025-01-20,2025-02-19,2025-02-26,5125,10.86,ocean,2469.24,delivered,0,55657.5,30,37.0,7.0,0.0
PO-006825,SUP-003,SKU-00088,WH-WEST,2025-02-10,2025-03-12,2025-03-03,5744,10.86,ocean,2777.45,delivered,0,62379.84,30,21.0,-9.0,1.0
PO-006826,SUP-003,SKU-00088,WH-WEST,2025-02-24,2025-03-06,2025-03-05,5182,10.86,air,7010.32,delivered,0,56276.52,10,9.0,-1.0,1.0
PO-006827,SUP-003,SKU-00088,WH-WEST,2025-03-17,2025-04-16,2025-04-08,6944,10.86,ocean,2525.51,delivered,0,75411.84,30,22.0,-8.0,1.0
PO-006828,SUP-003,SKU-00088,WH-WEST,2025-04-07,2025-05-01,2025-05-01,6048,10.86,rail,3139.18,delivered,0,65681.28,24,24.0,0.0,1.0
PO-006829,SUP-003,SKU-00088,WH-WEST,2025-04-28,2025-05-08,2025-05-07,6306,10.86,air,8478.86,delivered,0,68483.16,10,9.0,-1.0,1.0
PO-006830,SUP-003,SKU-00088,WH-WEST,2025-05-19,2025-06-18,2025-06-16,5441,10.86,ocean,1953.9,delivered,0,59089.26,30,28.0,-2.0,1.0
PO-006831,SUP-003,SKU-00088,WH-WEST,2025-06-16,2025-07-10,2025-06-27,7128,10.86,rail,4388.0,delivered,0,77410.08,24,11.0,-13.0,1.0
PO-006832,SUP-003,SKU-00088,WH-WEST,2025-07-14,2025-07-24,2025-07-27,6768,10.86,air,9023.69,delivered,0,73500.48,10,13.0,3.0,0.0
PO-006833,SUP-003,SKU-00088,WH-WEST,2025-08-11,2025-09-10,2025-09-18,6846,10.86,ocean,3195.76,delivered,0,74347.56,30,38.0,8.0,0.0
PO-006834,SUP-003,SKU-00088,WH-WEST,2025-09-01,2025-10-01,2025-10-13,6047,10.86,ocean,2679.4,delivered,0,65670.42,30,42.0,12.0,0.0
PO-006835,SUP-003,SKU-00088,WH-WEST,2025-09-29,2025-10-29,2025-10-24,7188,10.86,ocean,3700.73,delivered,0,78061.68,30,25.0,-5.0,1.0
PO-006836,SUP-003,SKU-00088,WH-WEST,2025-10-20,2025-11-19,2025-11-13,5367,10.86,ocean,1915.09,delivered,0,58285.62,30,24.0,-6.0,1.0
PO-006837,SUP-003,SKU-00088,WH-WEST,2025-11-03,2025-11-25,2025-11-28,5473,10.86,road,4107.89,delivered,0,59436.78,22,25.0,3.0,0.0
PO-006838,SUP-003,SKU-00088,WH-WEST,2025-11-17,2025-12-11,2025-12-10,5127,10.86,rail,2646.94,delivered,0,55679.22,24,23.0,-1.0,1.0
PO-006839,SUP-003,SKU-00088,WH-WEST,2025-12-01,2025-12-31,,5178,10.86,ocean,2519.88,open,0,56233.08,30,,,
PO-006840,SUP-003,SKU-00088,WH-WEST,2025-12-15,2026-01-14,2025-12-26,5582,10.86,ocean,2073.87,delivered,0,60620.52,30,11.0,-19.0,1.0
PO-006841,SUP-013,SKU-00089,WH-EAST,2024-01-15,2024-01-22,2024-01-24,216,22.63,air,616.31,delivered,0,4888.08,7,9.0,2.0,0.0
PO-006842,SUP-013,SKU-00089,WH-EAST,2024-02-05,2024-02-27,2024-03-10,275,22.63,ocean,293.26,delivered,0,6223.25,22,34.0,12.0,0.0
PO-006843,SUP-013,SKU-00089,WH-EAST,2024-02-19,2024-03-06,2024-03-03,215,22.63,road,295.93,delivered,0,4865.45,16,13.0,-3.0,1.0
PO-006844,SUP-013,SKU-00089,WH-EAST,2024-03-18,2024-03-25,2024-03-25,266,22.63,air,754.08,delivered,0,6019.58,7,7.0,0.0,1.0
PO-006845,SUP-013,SKU-00089,WH-EAST,2024-04-01,2024-04-08,2024-04-09,274,22.63,air,764.37,delivered,0,6200.62,7,8.0,1.0,0.0
PO-006846,SUP-013,SKU-00089,WH-EAST,2024-04-15,2024-05-07,2024-05-02,232,22.63,ocean,241.12,delivered,0,5250.16,22,17.0,-5.0,1.0
PO-006847,SUP-013,SKU-00089,WH-EAST,2024-04-29,2024-05-21,2024-05-25,223,22.63,ocean,162.78,delivered,0,5046.49,22,26.0,4.0,0.0
PO-006848,SUP-013,SKU-00089,WH-EAST,2024-05-13,2024-06-04,2024-06-08,240,22.63,ocean,176.91,delivered,0,5431.2,22,26.0,4.0,0.0
PO-006849,SUP-013,SKU-00089,WH-EAST,2024-06-03,2024-06-10,2024-06-08,262,22.63,air,717.0,delivered,0,5929.06,7,5.0,-2.0,1.0
PO-006850,SUP-013,SKU-00089,WH-EAST,2024-06-24,2024-07-01,2024-06-30,338,22.63,air,984.61,delivered,0,7648.94,7,6.0,-1.0,1.0
PO-006851,SUP-013,SKU-00089,WH-EAST,2024-07-08,2024-07-15,2024-07-13,268,22.63,air,582.24,delivered,0,6064.84,7,5.0,-2.0,1.0
PO-006852,SUP-013,SKU-00089,WH-EAST,2024-07-22,2024-08-07,2024-08-05,295,22.63,road,347.94,delivered,0,6675.85,16,14.0,-2.0,1.0
PO-006853,SUP-013,SKU-00089,WH-EAST,2024-08-05,2024-08-12,2024-08-12,273,22.63,air,676.92,delivered,0,6177.99,7,7.0,0.0,1.0
PO-006854,SUP-013,SKU-00089,WH-EAST,2024-08-19,2024-09-10,2024-09-05,292,22.63,ocean,243.74,delivered,0,6607.96,22,17.0,-5.0,1.0
PO-006855,SUP-013,SKU-00089,WH-EAST,2024-09-02,2024-09-09,2024-09-13,249,22.63,air,551.22,delivered,0,5634.87,7,11.0,4.0,0.0
PO-006856,SUP-013,SKU-00089,WH-EAST,2024-09-16,2024-10-02,2024-10-07,238,22.63,road,368.69,delivered,0,5385.94,16,21.0,5.0,0.0
PO-006857,SUP-013,SKU-00089,WH-EAST,2024-09-30,2024-10-16,2024-10-18,266,22.63,road,396.64,delivered,0,6019.58,16,18.0,2.0,0.0
PO-006858,SUP-013,SKU-00089,WH-EAST,2024-10-21,2024-11-06,2024-11-04,343,22.63,road,543.09,delivered,0,7762.09,16,14.0,-2.0,1.0
PO-006859,SUP-013,SKU-00089,WH-EAST,2024-11-11,2024-11-18,2024-11-23,333,22.63,air,768.41,delivered,0,7535.79,7,12.0,5.0,0.0
PO-006860,SUP-013,SKU-00089,WH-EAST,2024-11-25,2024-12-17,2024-12-27,255,22.63,ocean,242.35,delivered,0,5770.65,22,32.0,10.0,0.0
PO-006861,SUP-013,SKU-00089,WH-EAST,2024-12-09,2024-12-31,2024-12-25,219,22.63,ocean,215.38,delivered,0,4955.97,22,16.0,-6.0,1.0
PO-006862,SUP-013,SKU-00089,WH-EAST,2025-01-06,2025-01-28,2025-01-16,292,22.63,ocean,311.52,delivered,0,6607.96,22,10.0,-12.0,1.0
PO-006863,SUP-013,SKU-00089,WH-EAST,2025-01-20,2025-02-11,2025-02-16,242,22.63,ocean,223.67,delivered,0,5476.46,22,27.0,5.0,0.0
PO-006864,SUP-013,SKU-00089,WH-EAST,2025-02-03,2025-02-25,2025-02-16,234,22.63,ocean,244.24,delivered,0,5295.42,22,13.0,-9.0,1.0
PO-006865,SUP-013,SKU-00089,WH-EAST,2025-03-03,2025-03-25,2025-03-24,334,22.63,ocean,244.98,delivered,0,7558.42,22,21.0,-1.0,1.0
PO-006866,SUP-013,SKU-00089,WH-EAST,2025-03-24,2025-04-15,2025-04-09,231,22.63,ocean,208.94,delivered,0,5227.53,22,16.0,-6.0,1.0
PO-006867,SUP-013,SKU-00089,WH-EAST,2025-04-07,2025-04-14,2025-04-15,308,22.63,air,964.17,delivered,0,6970.04,7,8.0,1.0,0.0
PO-006868,SUP-013,SKU-00089,WH-EAST,2025-04-21,2025-05-13,2025-05-26,341,22.63,ocean,254.32,delivered,0,7716.83,22,35.0,13.0,0.0
PO-006869,SUP-013,SKU-00089,WH-EAST,2025-05-26,2025-06-13,2025-06-15,219,22.63,rail,249.57,delivered,0,4955.97,18,20.0,2.0,0.0
PO-006870,SUP-013,SKU-00089,WH-EAST,2025-06-09,2025-07-01,2025-07-20,313,22.63,ocean,333.89,delivered,0,7083.19,22,41.0,19.0,0.0
PO-006871,SUP-013,SKU-00089,WH-EAST,2025-06-30,2025-07-07,2025-07-08,228,22.63,air,571.58,delivered,0,5159.64,7,8.0,1.0,0.0
PO-006872,SUP-013,SKU-00089,WH-EAST,2025-07-14,2025-07-21,2025-07-23,228,22.63,air,647.05,delivered,0,5159.64,7,9.0,2.0,0.0
PO-006873,SUP-013,SKU-00089,WH-EAST,2025-08-04,2025-08-26,2025-08-30,350,22.63,ocean,370.59,delivered,0,7920.5,22,26.0,4.0,0.0
PO-006874,SUP-013,SKU-00089,WH-EAST,2025-09-01,2025-09-23,2025-09-15,258,22.63,ocean,187.55,delivered,0,5838.54,22,14.0,-8.0,1.0
PO-006875,SUP-013,SKU-00089,WH-EAST,2025-09-15,2025-10-07,2025-10-01,300,22.63,ocean,236.75,delivered,0,6789.0,22,16.0,-6.0,1.0
PO-006876,SUP-013,SKU-00089,WH-EAST,2025-09-22,2025-09-29,2025-09-29,221,22.63,air,598.47,delivered,0,5001.23,7,7.0,0.0,1.0
PO-006877,SUP-013,SKU-00089,WH-EAST,2025-10-13,2025-10-31,2025-11-11,332,22.63,rail,427.3,delivered,0,7513.16,18,29.0,11.0,0.0
PO-006878,SUP-013,SKU-00089,WH-EAST,2025-11-17,2025-12-05,2025-11-30,350,22.63,rail,459.74,delivered,0,7920.5,18,13.0,-5.0,1.0
PO-006879,SUP-013,SKU-00089,WH-EAST,2025-12-01,2025-12-17,2025-12-24,244,22.63,road,287.38,delivered,0,5521.72,16,23.0,7.0,0.0
PO-006880,SUP-013,SKU-00089,WH-EAST,2025-12-15,2026-01-06,,278,22.63,ocean,207.2,open,0,6291.14,22,,,
PO-006881,SUP-010,SKU-00090,WH-EAST,2024-01-15,2024-02-09,2024-02-11,132,2.48,rail,19.59,delivered,0,327.36,25,27.0,2.0,0.0
PO-006882,SUP-010,SKU-00090,WH-EAST,2024-01-29,2024-02-08,2024-02-09,115,2.48,air,28.91,delivered,0,285.2,10,11.0,1.0,0.0
PO-006883,SUP-010,SKU-00090,WH-EAST,2024-02-19,2024-03-20,2024-03-14,138,2.48,ocean,11.6,delivered,0,342.24,30,24.0,-6.0,1.0
PO-006884,SUP-010,SKU-00090,WH-EAST,2024-03-11,2024-03-21,2024-03-22,135,2.48,air,35.97,delivered,0,334.8,10,11.0,1.0,0.0
PO-006885,SUP-010,SKU-00090,WH-EAST,2024-04-01,2024-04-23,2024-04-19,113,2.48,road,15.3,delivered,0,280.24,22,18.0,-4.0,1.0
PO-006886,SUP-010,SKU-00090,WH-EAST,2024-04-22,2024-05-17,2024-05-21,130,2.48,rail,18.03,delivered,0,322.4,25,29.0,4.0,0.0
PO-006887,SUP-010,SKU-00090,WH-EAST,2024-05-13,2024-06-12,2024-06-09,112,2.48,ocean,9.13,delivered,0,277.76,30,27.0,-3.0,1.0
PO-006888,SUP-010,SKU-00090,WH-EAST,2024-06-03,2024-06-28,2024-06-29,138,2.48,rail,19.99,delivered,0,342.24,25,26.0,1.0,0.0
PO-006889,SUP-010,SKU-00090,WH-EAST,2024-06-17,2024-07-17,2024-07-30,98,2.48,ocean,11.24,delivered,0,243.04,30,43.0,13.0,0.0
PO-006890,SUP-010,SKU-00090,WH-EAST,2024-07-08,2024-07-30,2024-07-26,127,2.48,road,19.02,delivered,0,314.96,22,18.0,-4.0,1.0
PO-006891,SUP-010,SKU-00090,WH-EAST,2024-07-29,2024-08-08,2024-08-07,112,2.48,air,34.36,delivered,0,277.76,10,9.0,-1.0,1.0
PO-006892,SUP-010,SKU-00090,WH-EAST,2024-08-12,2024-09-03,2024-09-09,98,2.48,road,16.22,delivered,0,243.04,22,28.0,6.0,0.0
PO-006893,SUP-010,SKU-00090,WH-EAST,2024-08-26,2024-09-25,2024-10-04,98,2.48,ocean,11.35,delivered,0,243.04,30,39.0,9.0,0.0
PO-006894,SUP-010,SKU-00090,WH-EAST,2024-09-16,2024-09-26,2024-09-25,143,2.48,air,41.57,delivered,0,354.64,10,9.0,-1.0,1.0
PO-006895,SUP-010,SKU-00090,WH-EAST,2024-09-30,2024-10-10,2024-10-13,112,2.48,air,31.85,delivered,0,277.76,10,13.0,3.0,0.0
PO-006896,SUP-010,SKU-00090,WH-EAST,2024-10-21,2024-11-15,2024-11-26,139,2.48,rail,19.01,delivered,0,344.72,25,36.0,11.0,0.0
PO-006897,SUP-010,SKU-00090,WH-EAST,2024-11-11,2024-11-21,2024-11-20,134,2.48,air,47.8,delivered,0,332.32,10,9.0,-1.0,1.0
PO-006898,SUP-010,SKU-00090,WH-EAST,2024-12-02,2024-12-12,2024-12-13,136,2.48,air,33.49,delivered,0,337.28,10,11.0,1.0,0.0
PO-006899,SUP-010,SKU-00090,WH-EAST,2024-12-16,2025-01-15,2025-01-17,98,2.48,ocean,8.77,delivered,0,243.04,30,32.0,2.0,0.0
PO-006900,SUP-010,SKU-00090,WH-EAST,2025-01-06,2025-01-16,2025-01-13,134,2.48,air,36.87,delivered,0,332.32,10,7.0,-3.0,1.0
PO-006901,SUP-010,SKU-00090,WH-EAST,2025-01-27,2025-02-06,2025-02-06,127,2.48,air,30.53,delivered,0,314.96,10,10.0,0.0,1.0
PO-006902,SUP-010,SKU-00090,WH-EAST,2025-02-17,2025-03-11,2025-03-07,145,2.48,road,18.69,delivered,0,359.6,22,18.0,-4.0,1.0
PO-006903,SUP-010,SKU-00090,WH-EAST,2025-03-10,2025-04-09,2025-04-02,125,2.48,ocean,11.48,delivered,0,310.0,30,23.0,-7.0,1.0
PO-006904,SUP-010,SKU-00090,WH-EAST,2025-03-31,2025-04-22,2025-04-21,121,2.48,road,21.36,delivered,0,300.08,22,21.0,-1.0,1.0
PO-006905,SUP-010,SKU-00090,WH-EAST,2025-04-14,2025-05-14,2025-05-14,101,2.48,ocean,10.58,delivered,0,250.48,30,30.0,0.0,1.0
PO-006906,SUP-010,SKU-00090,WH-EAST,2025-05-05,2025-05-15,2025-05-14,117,2.48,air,35.59,delivered,0,290.16,10,9.0,-1.0,1.0
PO-006907,SUP-010,SKU-00090,WH-EAST,2025-05-26,2025-06-05,2025-06-04,113,2.48,air,34.81,delivered,0,280.24,10,9.0,-1.0,1.0
PO-006908,SUP-010,SKU-00090,WH-EAST,2025-06-16,2025-07-16,2025-07-18,128,2.48,ocean,12.92,delivered,0,317.44,30,32.0,2.0,0.0
PO-006909,SUP-010,SKU-00090,WH-EAST,2025-07-07,2025-07-17,2025-07-19,125,2.48,air,42.53,delivered,0,310.0,10,12.0,2.0,0.0
PO-006910,SUP-010,SKU-00090,WH-EAST,2025-07-28,2025-08-27,2025-08-28,125,2.48,ocean,10.83,delivered,0,310.0,30,31.0,1.0,0.0
PO-006911,SUP-010,SKU-00090,WH-EAST,2025-08-18,2025-09-17,2025-09-27,142,2.48,ocean,13.71,delivered,0,352.16,30,40.0,10.0,0.0
PO-006912,SUP-010,SKU-00090,WH-EAST,2025-09-08,2025-10-08,2025-09-26,131,2.48,ocean,11.59,delivered,0,324.88,30,18.0,-12.0,1.0
PO-006913,SUP-010,SKU-00090,WH-EAST,2025-10-06,2025-10-28,2025-10-28,117,2.48,road,14.25,delivered,0,290.16,22,22.0,0.0,1.0
PO-006914,SUP-010,SKU-00090,WH-EAST,2025-10-20,2025-11-19,2025-11-18,104,2.48,ocean,9.95,delivered,0,257.92,30,29.0,-1.0,1.0
PO-006915,SUP-010,SKU-00090,WH-EAST,2025-11-03,2025-12-03,2025-12-11,146,2.48,ocean,16.15,delivered,0,362.08,30,38.0,8.0,0.0
PO-006916,SUP-010,SKU-00090,WH-EAST,2025-11-24,2025-12-04,2025-12-02,109,2.48,air,28.83,delivered,0,270.32,10,8.0,-2.0,1.0
PO-006917,SUP-010,SKU-00090,WH-EAST,2025-12-15,2026-01-14,,133,2.48,ocean,13.38,open,0,329.84,30,,,
PO-006918,SUP-010,SKU-00090,WH-SOUTH,2024-01-15,2024-02-14,2024-02-24,106,2.48,ocean,10.41,delivered,0,262.88,30,40.0,10.0,0.0
PO-006919,SUP-010,SKU-00090,WH-SOUTH,2024-01-29,2024-02-20,2024-02-20,94,2.48,road,15.4,delivered,0,233.12,22,22.0,0.0,1.0
PO-006920,SUP-010,SKU-00090,WH-SOUTH,2024-02-26,2024-03-27,2024-03-27,98,2.48,ocean,7.78,delivered,0,243.04,30,30.0,0.0,1.0
PO-006921,SUP-010,SKU-00090,WH-SOUTH,2024-03-18,2024-04-17,2024-04-20,113,2.48,ocean,9.47,delivered,0,280.24,30,33.0,3.0,0.0
PO-006922,SUP-010,SKU-00090,WH-SOUTH,2024-04-08,2024-05-08,2024-05-08,114,2.48,ocean,9.31,delivered,0,282.72,30,30.0,0.0,1.0
PO-006923,SUP-010,SKU-00090,WH-SOUTH,2024-04-29,2024-05-29,2024-06-02,94,2.48,ocean,8.92,delivered,0,233.12,30,34.0,4.0,0.0
PO-006924,SUP-010,SKU-00090,WH-SOUTH,2024-05-20,2024-05-30,2024-05-26,106,2.48,air,35.18,delivered,0,262.88,10,6.0,-4.0,1.0
PO-006925,SUP-010,SKU-00090,WH-SOUTH,2024-06-10,2024-07-10,2024-07-03,114,2.48,ocean,10.97,delivered,0,282.72,30,23.0,-7.0,1.0
PO-006926,SUP-010,SKU-00090,WH-SOUTH,2024-07-01,2024-07-31,2024-08-01,117,2.48,ocean,11.09,delivered,0,290.16,30,31.0,1.0,0.0
PO-006927,SUP-010,SKU-00090,WH-SOUTH,2024-07-22,2024-08-21,2024-08-18,110,2.48,ocean,9.36,delivered,0,272.8,30,27.0,-3.0,1.0
PO-006928,SUP-010,SKU-00090,WH-SOUTH,2024-08-12,2024-09-06,2024-09-05,99,2.48,rail,14.56,delivered,0,245.52,25,24.0,-1.0,1.0
PO-006929,SUP-010,SKU-00090,WH-SOUTH,2024-08-26,2024-09-25,2024-10-04,87,2.48,ocean,7.38,delivered,0,215.76,30,39.0,9.0,0.0
PO-006930,SUP-010,SKU-00090,WH-SOUTH,2024-09-09,2024-10-01,2024-09-27,86,2.48,road,10.38,delivered,0,213.28,22,18.0,-4.0,1.0
PO-006931,SUP-010,SKU-00090,WH-SOUTH,2024-09-23,2024-10-03,2024-10-03,86,2.48,air,25.64,delivered,0,213.28,10,10.0,0.0,1.0
PO-006932,SUP-010,SKU-00090,WH-SOUTH,2024-10-14,2024-10-24,2024-10-21,115,2.48,air,27.74,delivered,0,285.2,10,7.0,-3.0,1.0
PO-006933,SUP-010,SKU-00090,WH-SOUTH,2024-10-28,2024-11-27,2024-12-08,101,2.48,ocean,11.0,delivered,0,250.48,30,41.0,11.0,0.0
PO-006934,SUP-010,SKU-00090,WH-SOUTH,2024-11-11,2024-12-06,2024-12-07,89,2.48,rail,9.4,delivered,0,220.72,25,26.0,1.0,0.0
PO-006935,SUP-010,SKU-00090,WH-SOUTH,2024-12-09,2025-01-08,2024-12-31,89,2.48,ocean,7.13,delivered,0,220.72,30,22.0,-8.0,1.0
PO-006936,SUP-010,SKU-00090,WH-SOUTH,2024-12-30,2025-01-09,2025-01-08,124,2.48,air,40.92,delivered,0,307.52,10,9.0,-1.0,1.0
PO-006937,SUP-010,SKU-00090,WH-SOUTH,2025-01-20,2025-02-11,2025-02-25,111,2.48,road,15.89,delivered,0,275.28,22,36.0,14.0,0.0
PO-006938,SUP-010,SKU-00090,WH-SOUTH,2025-02-10,2025-03-04,2025-03-03,130,2.48,road,19.64,delivered,0,322.4,22,21.0,-1.0,1.0
PO-006939,SUP-010,SKU-00090,WH-SOUTH,2025-03-10,2025-04-04,2025-04-05,88,2.48,rail,9.15,delivered,0,218.24,25,26.0,1.0,0.0
PO-006940,SUP-010,SKU-00090,WH-SOUTH,2025-03-31,2025-04-25,2025-05-02,106,2.48,rail,13.83,delivered,0,262.88,25,32.0,7.0,0.0
PO-006941,SUP-010,SKU-00090,WH-SOUTH,2025-04-14,2025-05-14,2025-05-13,88,2.48,ocean,10.22,delivered,0,218.24,30,29.0,-1.0,1.0
PO-006942,SUP-010,SKU-00090,WH-SOUTH,2025-05-05,2025-06-04,2025-06-01,87,2.48,ocean,9.06,delivered,0,215.76,30,27.0,-3.0,1.0
PO-006943,SUP-010,SKU-00090,WH-SOUTH,2025-05-26,2025-06-17,,105,2.48,road,14.3,delivered,1,260.4,22,,,
PO-006944,SUP-010,SKU-00090,WH-SOUTH,2025-06-16,2025-07-16,2025-07-10,116,2.48,ocean,11.71,delivered,0,287.68,30,24.0,-6.0,1.0
PO-006945,SUP-010,SKU-00090,WH-SOUTH,2025-07-07,2025-08-06,2025-08-04,102,2.48,ocean,11.78,delivered,0,252.96,30,28.0,-2.0,1.0
PO-006946,SUP-010,SKU-00090,WH-SOUTH,2025-07-28,2025-08-27,2025-08-30,99,2.48,ocean,11.71,delivered,0,245.52,30,33.0,3.0,0.0
PO-006947,SUP-010,SKU-00090,WH-SOUTH,2025-08-18,2025-08-28,2025-08-30,110,2.48,air,27.52,delivered,0,272.8,10,12.0,2.0,0.0
PO-006948,SUP-010,SKU-00090,WH-SOUTH,2025-09-08,2025-09-18,2025-09-19,110,2.48,air,29.69,delivered,0,272.8,10,11.0,1.0,0.0
PO-006949,SUP-010,SKU-00090,WH-SOUTH,2025-09-22,2025-10-02,2025-09-30,92,2.48,air,24.54,delivered,0,228.16,10,8.0,-2.0,1.0
PO-006950,SUP-010,SKU-00090,WH-SOUTH,2025-10-06,2025-10-16,2025-10-13,86,2.48,air,21.22,delivered,0,213.28,10,7.0,-3.0,1.0
PO-006951,SUP-010,SKU-00090,WH-SOUTH,2025-10-27,2025-11-26,2025-11-20,127,2.48,ocean,14.36,delivered,0,314.96,30,24.0,-6.0,1.0
PO-006952,SUP-010,SKU-00090,WH-SOUTH,2025-11-10,2025-12-02,2025-12-06,109,2.48,road,15.97,delivered,0,270.32,22,26.0,4.0,0.0
PO-006953,SUP-010,SKU-00090,WH-SOUTH,2025-12-01,2025-12-31,2025-12-23,100,2.48,ocean,8.34,delivered,0,248.0,30,22.0,-8.0,1.0
PO-006954,SUP-010,SKU-00090,WH-SOUTH,2025-12-22,2026-01-21,,114,2.48,ocean,9.47,open,0,282.72,30,,,
PO-006955,SUP-010,SKU-00090,WH-WEST,2024-01-15,2024-01-25,2024-01-28,135,2.48,air,40.33,delivered,0,334.8,10,13.0,3.0,0.0
PO-006956,SUP-010,SKU-00090,WH-WEST,2024-01-29,2024-02-23,2024-02-22,96,2.48,rail,14.28,delivered,0,238.08,25,24.0,-1.0,1.0
PO-006957,SUP-010,SKU-00090,WH-WEST,2024-02-12,2024-03-05,2024-03-11,93,2.48,road,12.12,delivered,0,230.64,22,28.0,6.0,0.0
PO-006958,SUP-010,SKU-00090,WH-WEST,2024-03-04,2024-03-29,2024-03-20,128,2.48,rail,15.64,delivered,0,317.44,25,16.0,-9.0,1.0
PO-006959,SUP-010,SKU-00090,WH-WEST,2024-03-25,2024-04-04,2024-04-01,111,2.48,air,37.91,delivered,0,275.28,10,7.0,-3.0,1.0
PO-006960,SUP-010,SKU-00090,WH-WEST,2024-04-15,2024-05-10,2024-05-24,125,2.48,rail,16.85,delivered,0,310.0,25,39.0,14.0,0.0
PO-006961,SUP-010,SKU-00090,WH-WEST,2024-05-06,2024-06-05,2024-06-07,130,2.48,ocean,12.84,delivered,0,322.4,30,32.0,2.0,0.0
PO-006962,SUP-010,SKU-00090,WH-WEST,2024-06-03,2024-07-03,2024-07-06,102,2.48,ocean,9.91,delivered,0,252.96,30,33.0,3.0,0.0
PO-006963,SUP-010,SKU-00090,WH-WEST,2024-06-17,2024-07-17,2024-07-18,105,2.48,ocean,8.75,delivered,0,260.4,30,31.0,1.0,0.0
PO-006964,SUP-010,SKU-00090,WH-WEST,2024-07-08,2024-08-07,2024-08-19,105,2.48,ocean,9.67,delivered,0,260.4,30,42.0,12.0,0.0
PO-006965,SUP-010,SKU-00090,WH-WEST,2024-07-29,2024-08-28,2024-08-15,139,2.48,ocean,15.04,delivered,0,344.72,30,17.0,-13.0,1.0
PO-006966,SUP-010,SKU-00090,WH-WEST,2024-08-26,2024-09-25,2024-10-04,131,2.48,ocean,10.58,delivered,0,324.88,30,39.0,9.0,0.0
PO-006967,SUP-010,SKU-00090,WH-WEST,2024-09-09,2024-10-09,2024-10-04,104,2.48,ocean,9.03,delivered,0,257.92,30,25.0,-5.0,1.0
PO-006968,SUP-010,SKU-00090,WH-WEST,2024-10-14,2024-11-13,2024-11-10,130,2.48,ocean,15.47,delivered,0,322.4,30,27.0,-3.0,1.0
PO-006969,SUP-010,SKU-00090,WH-WEST,2024-10-28,2024-11-22,2024-11-26,94,2.48,rail,13.01,delivered,0,233.12,25,29.0,4.0,0.0
PO-006970,SUP-010,SKU-00090,WH-WEST,2024-11-18,2024-12-18,2024-12-09,122,2.48,ocean,10.47,delivered,0,302.56,30,21.0,-9.0,1.0
PO-006971,SUP-010,SKU-00090,WH-WEST,2024-12-02,2025-01-01,2025-01-18,94,2.48,ocean,9.53,delivered,0,233.12,30,47.0,17.0,0.0
PO-006972,SUP-010,SKU-00090,WH-WEST,2024-12-16,2025-01-15,2025-01-10,93,2.48,ocean,7.94,delivered,0,230.64,30,25.0,-5.0,1.0
PO-006973,SUP-010,SKU-00090,WH-WEST,2024-12-30,2025-01-09,2025-01-08,98,2.48,air,29.3,delivered,0,243.04,10,9.0,-1.0,1.0
PO-006974,SUP-010,SKU-00090,WH-WEST,2025-01-27,2025-02-26,2025-02-24,118,2.48,ocean,9.65,delivered,0,292.64,30,28.0,-2.0,1.0
PO-006975,SUP-010,SKU-00090,WH-WEST,2025-02-17,2025-03-19,2025-03-21,144,2.48,ocean,13.07,delivered,0,357.12,30,32.0,2.0,0.0
PO-006976,SUP-010,SKU-00090,WH-WEST,2025-03-10,2025-04-04,2025-04-05,112,2.48,rail,16.19,delivered,0,277.76,25,26.0,1.0,0.0
PO-006977,SUP-010,SKU-00090,WH-WEST,2025-03-31,2025-04-10,2025-04-12,100,2.48,air,25.14,delivered,0,248.0,10,12.0,2.0,0.0
PO-006978,SUP-010,SKU-00090,WH-WEST,2025-04-14,2025-05-09,2025-05-05,101,2.48,rail,14.79,delivered,0,250.48,25,21.0,-4.0,1.0
PO-006979,SUP-010,SKU-00090,WH-WEST,2025-05-05,2025-05-30,2025-06-01,102,2.48,rail,11.22,delivered,0,252.96,25,27.0,2.0,0.0
PO-006980,SUP-010,SKU-00090,WH-WEST,2025-05-26,2025-06-20,2025-06-21,109,2.48,rail,15.41,delivered,0,270.32,25,26.0,1.0,0.0
PO-006981,SUP-010,SKU-00090,WH-WEST,2025-06-16,2025-06-26,2025-06-28,124,2.48,air,34.73,delivered,0,307.52,10,12.0,2.0,0.0
PO-006982,SUP-010,SKU-00090,WH-WEST,2025-07-07,2025-08-06,2025-08-18,126,2.48,ocean,12.27,delivered,0,312.48,30,42.0,12.0,0.0
PO-006983,SUP-010,SKU-00090,WH-WEST,2025-07-28,2025-08-07,2025-08-06,125,2.48,air,37.7,delivered,0,310.0,10,9.0,-1.0,1.0
PO-006984,SUP-010,SKU-00090,WH-WEST,2025-08-18,2025-09-17,2025-09-22,122,2.48,ocean,10.2,delivered,0,302.56,30,35.0,5.0,0.0
PO-006985,SUP-010,SKU-00090,WH-WEST,2025-09-08,2025-09-30,2025-09-28,133,2.48,road,20.54,delivered,0,329.84,22,20.0,-2.0,1.0
PO-006986,SUP-010,SKU-00090,WH-WEST,2025-09-29,2025-10-09,2025-10-08,94,2.48,air,26.11,delivered,0,233.12,10,9.0,-1.0,1.0
PO-006987,SUP-010,SKU-00090,WH-WEST,2025-10-13,2025-11-04,2025-11-05,99,2.48,road,17.51,delivered,0,245.52,22,23.0,1.0,0.0
PO-006988,SUP-010,SKU-00090,WH-WEST,2025-10-27,2025-11-18,2025-11-09,97,2.48,road,14.99,delivered,0,240.56,22,13.0,-9.0,1.0
PO-006989,SUP-010,SKU-00090,WH-WEST,2025-11-10,2025-12-10,2025-12-06,120,2.48,ocean,13.37,delivered,0,297.6,30,26.0,-4.0,1.0
PO-006990,SUP-010,SKU-00090,WH-WEST,2025-12-01,2025-12-11,2025-12-09,152,2.48,air,44.83,delivered,0,376.96,10,8.0,-2.0,1.0
PO-006991,SUP-010,SKU-00090,WH-WEST,2025-12-22,2026-01-16,,106,2.48,rail,12.63,open,0,262.88,25,,,
