po_number,supplier_code,sku,warehouse_code,order_date,promised_delivery_date,actual_delivery_date,quantity,unit_cost,ship_mode,freight_cost,status
PO-000001,SUP-016,SKU-00001,WH-EU,2024-01-15,2024-02-01,2024-02-05,545.0,10.12,rail,314.01,delivered
PO-000002,SUP-016,SKU-00001,WH-EU,2024-01-29,2024-02-19,2024-02-13,524.0,10.12,ocean,223.93,delivered
PO-000003,SUP-016,SKU-00001,WH-EU,2024-02-19,2024-03-06,2024-03-13,676.0,10.12,road,468.1,delivered
PO-000004,SUP-016,SKU-00001,WH-EU,2024-03-11,2024-03-18,2024-03-19,535.0,10.12,air,599.24,delivered
PO-000005,SUP-016,SKU-00001,WH-EU,2024-04-01,2024-04-08,2024-04-09,664.0,10.12,air,896.94,delivered
PO-000006,SUP-016,SKU-00001,WH-EU,2024-04-22,2024-05-09,2024-04-28,631.0,10.12,rail,367.39,delivered
PO-000007,SUP-016,SKU-00001,WH-EU,2024-05-13,2024-06-03,2024-05-22,602.0,10.12,ocean,268.0,delivered
PO-000008,SUP-016,SKU-00001,WH-EU,2024-06-03,2024-06-24,2024-06-30,647.0,10.12,ocean,262.21,delivered
PO-000009,SUP-016,SKU-00001,WH-EU,2024-06-24,2024-07-01,2024-07-01,564.0,10.12,air,798.11,delivered
PO-000010,SUP-016,SKU-00001,WH-EU,2024-07-15,2024-08-05,2024-08-10,697.0,10.12,ocean,284.75,delivered
PO-000011,SUP-016,SKU-00001,WH-EU,2024-07-29,2024-08-19,2024-08-05,514.0,10.12,ocean,242.84,delivered
PO-000012,SUP-016,SKU-00001,WH-EU,2024-08-19,2024-09-05,2024-08-29,646.0,10.12,rail,323.47,delivered
PO-000013,SUP-016,SKU-00001,WH-EU,2024-09-02,2024-09-19,2024-09-15,582.0,10.12,rail,338.73,delivered
PO-000014,SUP-016,SKU-00001,WH-EU,2024-09-16,2024-10-07,2024-10-02,627.0,10.12,ocean,302.54,delivered
PO-000015,SUP-016,SKU-00001,WH-EU,2024-09-30,2024-10-07,2024-10-07,584.0,10.12,air,739.38,delivered
PO-000016,SUP-016,SKU-00001,WH-EU,2024-10-14,2024-10-21,2024-10-19,554.0,10.12,air,597.47,delivered
PO-000017,SUP-016,SKU-00001,WH-EU,2024-10-28,2024-11-04,2024-11-03,601.0,10.12,air,600.0,delivered
PO-000018,SUP-016,SKU-00001,WH-EU,2024-11-11,2024-12-02,2024-11-28,658.0,10.12,ocean,255.32,delivered
PO-000019,SUP-016,SKU-00001,WH-EU,2024-11-25,2024-12-02,2024-11-28,553.0,10.12,air,737.66,delivered
PO-000020,SUP-016,SKU-00001,WH-EU,2024-12-09,2024-12-26,2024-12-18,516.0,10.12,rail,290.26,delivered
PO-000021,SUP-016,SKU-00001,WH-EU,2024-12-23,2025-01-13,2024-12-30,677.0,10.12,ocean,324.31,delivered
PO-000022,SUP-016,SKU-00001,WH-EU,2025-01-06,2025-01-13,2025-01-14,510.0,10.12,air,627.18,delivered
PO-000023,SUP-016,SKU-00001,WH-EU,2025-01-20,2025-02-10,2025-02-07,531.0,10.12,ocean,189.29,delivered
PO-000024,SUP-016,SKU-00001,WH-EU,2025-02-10,2025-02-27,2025-02-24,663.0,10.12,rail,346.03,delivered
PO-000025,SUP-016,SKU-00001,WH-EU,2025-03-03,2025-03-24,2025-03-16,531.0,10.12,ocean,251.22,delivered
PO-000026,SUP-016,SKU-00001,WH-EU,2025-03-24,2025-04-14,2025-04-19,557.0,10.12,ocean,188.5,delivered
PO-000027,SUP-016,SKU-00001,WH-EU,2025-04-14,2025-04-21,2025-04-26,588.0,10.12,air,609.11,delivered
PO-000028,SUP-016,SKU-00001,WH-EU,2025-05-05,2025-05-21,2025-05-18,548.0,10.12,road,350.17,delivered
PO-000029,SUP-016,SKU-00001,WH-EU,2025-05-26,2025-06-12,2025-06-12,561.0,10.12,rail,308.02,delivered
PO-000030,SUP-016,SKU-00001,WH-EU,2025-06-16,2025-07-07,2025-07-15,657.0,10.12,ocean,230.82,delivered
PO-000031,SUP-016,SKU-00001,WH-EU,2025-07-07,2025-07-14,2025-07-13,554.0,10.12,air,764.83,delivered
PO-000032,SUP-016,SKU-00001,WH-EU,2025-07-28,2025-08-18,2025-08-24,635.0,10.12,ocean,213.63,delivered
PO-000033,SUP-016,SKU-00001,WH-EU,2025-08-18,2025-08-25,2025-08-28,576.0,10.12,air,814.15,delivered
PO-000034,SUP-016,SKU-00001,WH-EU,2025-09-08,2025-09-29,2025-09-25,592.0,10.12,ocean,244.85,delivered
PO-000035,SUP-016,SKU-00001,WH-EU,2025-09-22,2025-09-29,2025-09-26,555.0,10.12,air,726.17,delivered
PO-000036,SUP-016,SKU-00001,WH-EU,2025-10-06,2025-10-13,2025-10-11,622.0,10.12,air,739.29,delivered
PO-000037,SUP-016,SKU-00001,WH-EU,2025-10-20,2025-11-10,2025-10-31,593.0,10.12,ocean,234.38,delivered
PO-000038,SUP-016,SKU-00001,WH-EU,2025-11-03,2025-11-10,2025-11-09,512.0,10.12,air,614.95,delivered
PO-000039,SUP-016,SKU-00001,WH-EU,2025-11-17,2025-12-08,2025-12-18,502.0,10.12,ocean,202.54,delivered
PO-000040,SUP-016,SKU-00001,WH-EU,2025-12-01,2025-12-22,2025-12-13,519.0,10.12,ocean,174.11,delivered
PO-000041,SUP-016,SKU-00001,WH-EU,2025-12-22,2026-01-12,2025-12-23,674.0,10.12,ocean,272.13,delivered
PO-000042,SUP-001,SKU-00002,WH-WEST,2024-01-15,2024-01-18,2024-01-18,271.0,4.49,rail,51.7,delivered
PO-000043,SUP-001,SKU-00002,WH-WEST,2024-01-29,2024-02-01,2024-01-31,280.0,4.49,road,72.62,delivered
PO-000044,SUP-001,SKU-00002,WH-WEST,2024-02-19,2024-02-20,2024-02-21,315.0,4.49,air,166.79,delivered
PO-000045,SUP-001,SKU-00002,WH-WEST,2024-03-11,2024-03-12,2024-03-12,322.0,4.49,air,154.93,delivered
PO-000046,SUP-001,SKU-00002,WH-WEST,2024-03-25,2024-03-28,2024-03-26,239.0,4.49,rail,60.51,delivered
PO-000047,SUP-001,SKU-00002,WH-WEST,2024-04-08,2024-04-11,2024-04-11,247.0,4.49,road,66.39,delivered
PO-000048,SUP-001,SKU-00002,WH-WEST,2024-04-22,2024-04-25,2024-04-27,287.0,4.49,road,89.76,delivered
PO-000049,SUP-001,SKU-00002,WH-WEST,2024-05-06,2024-05-09,2024-05-12,322.0,4.49,rail,74.35,delivered
PO-000050,SUP-001,SKU-00002,WH-WEST,2024-05-27,2024-05-28,2024-05-28,322.0,4.49,air,155.54,delivered
PO-000051,SUP-001,SKU-00002,WH-WEST,2024-06-10,2024-06-11,2024-06-11,322.0,4.49,air,174.95,delivered
PO-000052,SUP-001,SKU-00002,WH-WEST,2024-06-24,2024-06-25,2024-06-26,322.0,4.49,air,152.56,delivered
PO-000053,SUP-001,SKU-00002,WH-WEST,2024-07-08,2024-07-11,2024-07-12,322.0,4.49,rail,66.25,delivered
PO-000054,SUP-001,SKU-00002,WH-WEST,2024-07-22,2024-07-25,2024-07-27,297.0,4.49,rail,71.07,delivered
PO-000055,SUP-001,SKU-00002,WH-WEST,2024-08-05,2024-08-08,2024-08-09,312.0,4.49,rail,76.9,delivered
PO-000056,SUP-001,SKU-00002,WH-WEST,2024-08-19,2024-08-22,2024-08-22,308.0,4.49,road,69.9,delivered
PO-000057,SUP-001,SKU-00002,WH-WEST,2024-09-02,2024-09-05,2024-09-05,322.0,4.49,ROAD,77.93,delivered
PO-000058,SUP-001,SKU-00002,WH-WEST,2024-09-16,2024-09-19,2024-09-19,322.0,4.49,road,89.34,delivered
PO-000059,SUP-001,SKU-00002,WH-WEST,2024-09-30,2024-10-03,2024-10-04,299.0,4.49,road,77.28,delivered
PO-000060,SUP-001,SKU-00002,WH-WEST,2024-10-14,2024-10-15,2024-10-15,312.0,4.49,air,189.48,delivered
PO-000061,SUP-001,SKU-00002,WH-WEST,2024-10-28,2024-10-29,2024-10-29,322.0,4.49,air,149.45,delivered
PO-000062,SUP-001,SKU-00002,WH-WEST,2024-11-11,2024-11-12,2024-11-13,322.0,4.49,air,185.39,delivered
PO-000063,SUP-001,SKU-00002,WH-WEST,2024-11-25,2024-11-26,2024-11-26,322.0,4.49,air,199.57,delivered
PO-000064,SUP-001,SKU-00002,WH-WEST,2024-12-09,2024-12-10,2024-12-11,319.0,4.49,air,139.71,delivered
PO-000065,SUP-001,SKU-00002,WH-WEST,2024-12-23,2024-12-26,2024-12-27,269.0,4.49,road,73.42,delivered
PO-000066,SUP-001,SKU-00002,WH-WEST,2025-01-06,2025-01-09,2025-01-08,269.0,4.49,road,71.55,delivered
PO-000067,SUP-001,SKU-00002,WH-WEST,2025-01-20,2025-01-23,2025-01-26,285.0,4.49,rail,67.64,delivered
PO-000068,SUP-001,SKU-00002,WH-WEST,2025-02-10,2025-02-11,2025-02-11,322.0,4.49,air,154.51,delivered
PO-000069,SUP-001,SKU-00002,WH-WEST,2025-02-24,2025-02-27,2025-02-26,287.0,4.49,road,79.06,delivered
PO-000070,SUP-001,SKU-00002,WH-WEST,2025-03-10,2025-03-13,2025-03-12,300.0,4.49,road,70.09,delivered
PO-000071,SUP-001,SKU-00002,WH-WEST,2025-03-24,2025-03-27,2025-03-27,308.0,4.49,rail,80.01,delivered
PO-000072,SUP-001,SKU-00002,WH-WEST,2025-04-07,2025-04-10,2025-04-09,299.0,4.49,road,75.21,delivered
PO-000073,SUP-001,SKU-00002,WH-WEST,2025-04-21,2025-04-22,2025-04-22,322.0,4.49,air,187.84,delivered
PO-000074,SUP-001,SKU-00002,WH-WEST,2025-05-05,2025-05-06,2025-05-07,322.0,4.49,air,191.87,delivered
PO-000075,SUP-001,SKU-00002,WH-WEST,2025-05-19,2025-05-22,2025-05-20,322.0,4.49,road,86.64,delivered
PO-000076,SUP-001,SKU-00002,WH-WEST,2025-06-02,2025-06-03,2025-06-03,322.0,4.49,air,144.4,delivered
PO-000077,SUP-001,SKU-00002,WH-WEST,2025-06-16,2025-06-19,2025-06-21,322.0,4.49,rail,77.32,delivered
PO-000078,SUP-001,SKU-00002,WH-WEST,2025-06-30,2025-07-01,2025-07-01,322.0,4.49,air,160.71,delivered
PO-000079,SUP-001,SKU-00002,WH-WEST,2025-07-14,2025-07-17,2025-07-17,322.0,4.49,road,98.58,delivered
PO-000080,SUP-001,SKU-00002,WH-WEST,2025-07-28,2025-07-29,2025-07-29,322.0,4.49,air,142.19,delivered
PO-000081,SUP-001,SKU-00002,WH-WEST,2025-08-04,2025-08-07,2025-08-06,240.0,4.49,rail,54.18,delivered
PO-000082,SUP-001,SKU-00002,WH-WEST,2025-08-18,2025-08-19,2025-08-20,322.0,4.49,air,183.06,delivered
PO-000083,SUP-001,SKU-00002,WH-WEST,2025-09-01,2025-09-02,2025-09-02,322.0,4.49,air,176.21,delivered
PO-000084,SUP-001,SKU-00002,WH-WEST,2025-09-15,2025-09-16,2025-09-17,322.0,4.49,air,190.14,delivered
PO-000085,SUP-001,SKU-00002,WH-WEST,2025-09-29,2025-09-30,2025-09-30,322.0,4.49,air,163.31,delivered
PO-000086,SUP-001,SKU-00002,WH-WEST,2025-10-06,2025-10-09,2025-10-11,246.0,4.49,rail,45.54,delivered
PO-000087,SUP-001,SKU-00002,WH-WEST,2025-10-20,2025-10-21,2025-10-21,322.0,4.49,air,189.53,delivered
PO-000088,SUP-001,SKU-00002,WH-WEST,2025-11-03,2025-11-04,2025-11-04,322.0,4.49,air,186.92,delivered
PO-000089,SUP-001,SKU-00002,WH-WEST,2025-11-17,2025-11-18,2025-11-18,322.0,4.49,air,180.21,delivered
PO-000090,SUP-001,SKU-00002,WH-WEST,2025-12-01,2025-12-04,2025-12-04,322.0,4.49,road,71.27,delivered
PO-000091,SUP-001,SKU-00002,WH-WEST,2025-12-15,2025-12-16,2025-12-16,322.0,4.49,air,154.06,delivered
PO-000092,SUP-001,SKU-00002,WH-SOUTH,2024-01-15,2024-01-18,2024-01-18,373.0,4.49,rail,69.46,delivered
PO-000093,SUP-001,SKU-00002,WH-SOUTH,2024-01-29,2024-02-01,2024-02-02,352.0,4.49,rail,86.06,delivered
PO-000094,SUP-001,SKU-00002,WH-SOUTH,2024-02-19,2024-02-20,2024-02-20,401.0,4.49,air,240.2,delivered
PO-000095,SUP-001,SKU-00002,WH-SOUTH,2024-03-11,2024-03-14,2024-03-13,424.0,4.49,road,95.35,delivered
PO-000096,SUP-001,SKU-00002,WH-SOUTH,2024-04-01,2024-04-04,2024-04-04,424.0,4.49,road,104.49,delivered
PO-000097,SUP-001,SKU-00002,WH-SOUTH,2024-04-22,2024-04-23,2024-04-24,424.0,4.49,air,183.13,delivered
PO-000098,SUP-001,SKU-00002,WH-SOUTH,2024-05-06,2024-05-07,2024-05-07,424.0,4.49,air,242.71,delivered
PO-000099,SUP-001,SKU-00002,WH-SOUTH,2024-05-20,2024-05-23,2024-05-21,385.0,4.49,road,107.97,delivered
PO-000100,SUP-001,SKU-00002,WH-SOUTH,2024-06-03,2024-06-04,2024-06-05,424.0,4.49,air,270.88,delivered
PO-000101,SUP-001,SKU-00002,WH-SOUTH,2024-06-17,2024-06-18,2024-06-19,424.0,4.49,air,243.84,delivered
PO-000102,SUP-001,SKU-00002,WH-SOUTH,2024-07-01,2024-07-04,2024-07-04,424.0,4.49,road,100.05,delivered
PO-000103,SUP-001,SKU-00002,WH-SOUTH,2024-07-15,2024-07-18,2024-07-19,382.0,4.49,road,99.44,delivered
PO-000104,SUP-001,SKU-00002,WH-SOUTH,2024-07-29,2024-07-30,2024-07-31,424.0,4.49,air,256.28,delivered
PO-000105,SUP-001,SKU-00002,WH-SOUTH,2024-08-12,2024-08-13,2024-08-14,424.0,4.49,air,198.89,delivered
PO-000106,SUP-001,SKU-00002,WH-SOUTH,2024-08-26,2024-08-29,2024-08-27,424.0,4.49,road,102.67,delivered
PO-000107,SUP-001,SKU-00002,WH-SOUTH,2024-09-09,2024-09-10,2024-09-10,424.0,4.49,air,201.32,delivered
PO-000108,SUP-001,SKU-00002,WH-SOUTH,2024-09-23,2024-09-24,2024-09-25,424.0,4.49,air,263.13,delivered
PO-000109,SUP-001,SKU-00002,WH-SOUTH,2024-10-07,2024-10-08,2024-10-09,424.0,4.49,air,244.85,delivered
PO-000110,SUP-001,SKU-00002,WH-SOUTH,2024-10-21,2024-10-22,2024-10-23,408.0,4.49,air,209.28,delivered
PO-000111,SUP-001,SKU-00002,WH-SOUTH,2024-11-04,2024-11-05,2024-11-05,424.0,4.49,air,214.36,delivered
PO-000112,SUP-001,SKU-00002,WH-SOUTH,2024-11-18,2024-11-21,2024-11-21,384.0,4.49,rail,88.67,delivered
PO-000113,SUP-001,SKU-00002,WH-SOUTH,2024-12-02,2024-12-03,2024-12-05,424.0,4.49,air,221.66,delivered
PO-000114,SUP-001,SKU-00002,WH-SOUTH,2024-12-16,2024-12-19,2024-12-21,331.0,4.49,road,83.75,delivered
PO-000115,SUP-001,SKU-00002,WH-SOUTH,2024-12-30,2024-12-31,2025-01-01,366.0,4.49,air,160.83,delivered
PO-000116,SUP-001,SKU-00002,WH-SOUTH,2025-01-13,2025-01-16,2025-01-18,376.0,4.49,rail,92.92,delivered
PO-000117,SUP-001,SKU-00002,WH-SOUTH,2025-02-03,2025-02-04,2025-02-04,424.0,4.49,air,222.06,delivered
PO-000118,SUP-001,SKU-00002,WH-SOUTH,2025-02-17,2025-02-20,2025-02-18,360.0,4.49,rail,86.78,delivered
PO-000119,SUP-001,SKU-00002,WH-SOUTH,2025-03-03,2025-03-06,2025-03-06,329.0,4.49,road,94.66,delivered
PO-000120,SUP-001,SKU-00002,WH-SOUTH,2025-03-17,2025-03-20,2025-03-21,399.0,4.49,road,128.66,delivered
PO-000121,SUP-001,SKU-00002,WH-SOUTH,2025-03-31,2025-04-03,2025-04-02,371.0,4.49,rail,90.96,delivered
PO-000122,SUP-001,SKU-00002,WH-SOUTH,2025-04-14,2025-04-17,2025-04-16,411.0,4.49,rail,92.82,delivered
PO-000123,SUP-001,SKU-00002,WH-SOUTH,2025-04-28,2025-04-29,2025-04-30,424.0,4.49,air,270.66,delivered
PO-000124,SUP-001,SKU-00002,WH-SOUTH,2025-05-12,2025-05-15,2025-05-15,424.0,4.49,road,132.82,delivered
PO-000125,SUP-001,SKU-00002,WH-SOUTH,2025-05-26,2025-05-27,2025-05-27,397.0,4.49,air,192.94,delivered
PO-000126,SUP-001,SKU-00002,WH-SOUTH,2025-06-09,2025-06-12,2025-06-13,424.0,4.49,rail,83.35,delivered
PO-000127,SUP-001,SKU-00002,WH-SOUTH,2025-06-23,2025-06-24,2025-06-25,424.0,4.49,air,205.62,delivered
PO-000128,SUP-001,SKU-00002,WH-SOUTH,2025-07-07,2025-07-08,2025-07-08,424.0,4.49,air,229.5,delivered
PO-000129,SUP-001,SKU-00002,WH-SOUTH,2025-07-14,2025-07-17,2025-07-16,424.0,4.49,road,103.34,delivered
PO-000130,SUP-001,SKU-00002,WH-SOUTH,2025-07-28,2025-07-31,2025-08-07,424.0,4.49,road,106.32,delivered
PO-000131,SUP-001,SKU-00002,WH-SOUTH,2025-08-18,2025-08-19,2025-08-20,424.0,4.49,air,229.6,delivered
PO-000132,SUP-001,SKU-00002,WH-SOUTH,2025-09-01,2025-09-02,2025-09-02,424.0,4.49,air,270.6,delivered
PO-000133,SUP-001,SKU-00002,WH-SOUTH,2025-09-08,2025-09-11,2025-09-10,322.0,4.49,rail,72.04,delivered
PO-000134,SUP-001,SKU-00002,WH-SOUTH,2025-09-22,2025-09-23,2025-09-23,424.0,4.49,air,190.53,delivered
PO-000135,SUP-001,SKU-00002,WH-SOUTH,2025-10-06,2025-10-09,2025-10-08,424.0,4.49,rail,111.48,delivered
PO-000136,SUP-001,SKU-00002,WH-SOUTH,2025-10-20,2025-10-21,2025-10-21,424.0,4.49,air,203.01,delivered
PO-000137,SUP-001,SKU-00002,WH-SOUTH,2025-11-03,2025-11-04,2025-11-04,424.0,4.49,air,242.44,delivered
PO-000138,SUP-001,SKU-00002,WH-SOUTH,2025-11-17,2025-11-20,2025-11-21,424.0,4.49,rail,76.74,delivered
PO-000139,SUP-001,SKU-00002,WH-SOUTH,2025-12-01,2025-12-04,2025-12-03,386.0,4.49,ROAD,84.03,delivered
PO-000140,SUP-001,SKU-00002,WH-SOUTH,2025-12-15,2025-12-16,2025-12-16,424.0,4.49,air,255.7,delivered
PO-000141,SUP-002,SKU-00003,WH-WEST,2024-01-15,2024-02-03,2024-02-15,32.0,47.47,road,75.66,delivered
PO-000142,SUP-002,SKU-00003,WH-WEST,2024-01-29,2024-02-06,2024-02-07,40.0,47.47,air,271.72,delivered
PO-000143,SUP-002,SKU-00003,WH-WEST,2024-02-19,2024-02-27,2024-02-28,45.0,47.47,air,298.66,delivered
PO-000144,SUP-002,SKU-00003,WH-WEST,2024-03-11,2024-03-19,2024-03-20,39.0,47.47,air,221.87,delivered
PO-000145,SUP-002,SKU-00003,WH-WEST,2024-03-25,2024-04-02,2024-04-04,34.0,47.47,air,230.71,delivered
PO-000146,SUP-002,SKU-00003,WH-WEST,2024-04-15,2024-05-10,2024-05-03,49.0,47.47,ocean,89.22,delivered
PO-000147,SUP-002,SKU-00003,WH-WEST,2024-05-06,2024-05-14,2024-05-18,44.0,47.47,air,270.69,delivered
PO-000148,SUP-002,SKU-00003,WH-WEST,2024-05-20,2024-06-14,2024-06-25,33.0,47.47,ocean,52.79,delivered
PO-000149,SUP-002,SKU-00003,WH-WEST,2024-06-10,2024-07-01,2024-07-13,44.0,47.47,rail,111.75,delivered
PO-000150,SUP-002,SKU-00003,WH-WEST,2024-07-01,2024-07-26,2024-08-01,32.0,47.47,ocean,51.92,delivered
PO-000151,SUP-002,SKU-00003,WH-WEST,2024-07-22,2024-07-30,2024-07-31,53.0,47.47,air,354.88,delivered
PO-000152,SUP-002,SKU-00003,WH-WEST,2024-08-12,2024-08-20,2024-08-19,37.0,47.47,air,221.12,delivered
PO-000153,SUP-002,SKU-00003,WH-WEST,2024-08-26,2024-09-14,2024-09-06,42.0,47.47,road,108.38,delivered
PO-000154,SUP-002,SKU-00003,WH-WEST,2024-09-09,2024-10-04,2024-10-14,36.0,47.47,ocean,,delivered
PO-000155,SUP-002,SKU-00003,WH-WEST,2024-09-23,2024-10-01,2024-09-29,42.0,47.47,air,257.41,delivered
PO-000156,SUP-002,SKU-00003,WH-WEST,2024-10-07,2024-11-01,2024-11-19,34.0,47.47,ocean,51.67,delivered
PO-000157,SUP-002,SKU-00003,WH-WEST,2024-10-21,2024-11-15,2024-11-06,40.0,47.47,ocean,90.98,delivered
PO-000158,SUP-002,SKU-00003,WH-WEST,2024-11-11,2024-12-02,2024-12-10,32.0,47.47,rail,74.85,delivered
PO-000159,SUP-002,SKU-00003,WH-WEST,2024-11-25,2024-12-14,2024-12-18,32.0,47.47,road,77.45,delivered
PO-000160,SUP-002,SKU-00003,WH-WEST,2024-12-16,2025-01-10,2025-01-22,40.0,47.47,ocean,64.02,delivered
PO-000161,SUP-002,SKU-00003,WH-WEST,2025-01-06,2025-01-14,2025-01-19,43.0,47.47,air,240.51,delivered
PO-000162,SUP-002,SKU-00003,WH-WEST,2025-02-03,2025-02-28,2025-03-04,43.0,47.47,ocean,91.8,delivered
PO-000163,SUP-002,SKU-00003,WH-WEST,2025-02-24,2025-03-21,2025-03-18,40.0,47.47,ocean,70.07,delivered
PO-000164,SUP-002,SKU-00003,WH-WEST,2025-03-17,2025-04-11,2025-04-09,35.0,47.47,ocean,56.95,delivered
PO-000165,SUP-002,SKU-00003,WH-WEST,2025-03-31,2025-04-25,2025-04-27,32.0,47.47,OCEAN,69.87,delivered
PO-000166,SUP-002,SKU-00003,WH-WEST,2025-04-14,2025-05-05,2025-05-08,35.0,47.47,rail,90.95,delivered
PO-000167,SUP-002,SKU-00003,WH-WEST,2025-05-05,2025-05-13,2025-05-14,50.0,47.47,air,325.44,delivered
PO-000168,SUP-002,SKU-00003,WH-WEST,2025-05-19,2025-05-27,2025-05-24,33.0,47.47,air,,delivered
PO-000169,SUP-002,SKU-00003,WH-WEST,2025-06-02,2025-06-23,2025-06-20,36.0,47.47,rail,82.04,delivered
PO-000170,SUP-002,SKU-00003,WH-WEST,2025-06-16,2025-07-11,2025-07-08,37.0,47.47,ocean,83.67,delivered
PO-000171,SUP-002,SKU-00003,WH-WEST,2025-06-30,2025-07-25,2025-07-09,36.0,47.47,ocean,58.35,delivered
PO-000172,SUP-002,SKU-00003,WH-WEST,2025-07-14,2025-08-08,2025-08-23,34.0,47.47,ocean,55.97,delivered
PO-000173,SUP-002,SKU-00003,WH-WEST,2025-07-28,2025-08-22,2025-08-26,38.0,47.47,ocean,75.38,delivered
PO-000174,SUP-002,SKU-00003,WH-WEST,2025-09-01,2025-09-22,2025-09-24,49.0,47.47,rail,109.08,delivered
PO-000175,SUP-002,SKU-00003,WH-WEST,2025-09-15,2025-09-23,2025-09-23,39.0,47.47,air,225.99,delivered
PO-000176,SUP-002,SKU-00003,WH-WEST,2025-10-06,2025-10-31,2025-10-21,36.0,47.47,ocean,63.89,delivered
PO-000177,SUP-002,SKU-00003,WH-WEST,2025-10-27,2025-11-15,2025-11-15,49.0,47.47,road,134.54,delivered
PO-000178,SUP-002,SKU-00003,WH-WEST,2025-11-10,2025-12-05,2025-12-21,36.0,47.47,ocean,79.55,delivered
PO-000179,SUP-002,SKU-00003,WH-WEST,2025-12-01,2025-12-09,2025-12-11,38.0,47.47,air,184.53,delivered
PO-000180,SUP-002,SKU-00003,WH-WEST,2025-12-22,2025-12-30,,44.0,47.47,air,278.63,open
PO-000181,SUP-002,SKU-00003,WH-APAC,2024-01-22,2024-02-16,2024-01-28,29.0,47.47,ocean,,delivered
PO-000182,SUP-002,SKU-00003,WH-APAC,2024-02-05,2024-02-26,2024-02-22,27.0,47.47,rail,70.39,delivered
PO-000183,SUP-002,SKU-00003,WH-APAC,2024-02-19,2024-03-15,2024-03-18,28.0,47.47,ocean,,delivered
PO-000184,SUP-002,SKU-00003,WH-APAC,2024-03-11,2024-04-01,2024-04-05,31.0,47.47,rail,59.56,delivered
PO-000185,SUP-002,SKU-00003,WH-APAC,2024-04-01,2024-04-09,2024-04-10,35.0,47.47,air,209.43,delivered
PO-000186,SUP-002,SKU-00003,WH-APAC,2024-04-22,2024-05-13,2024-05-23,34.0,47.47,rail,77.47,delivered
PO-000187,SUP-002,SKU-00003,WH-APAC,2024-05-06,2024-05-25,2024-06-02,25.0,47.47,road,72.26,delivered
PO-000188,SUP-002,SKU-00003,WH-APAC,2024-06-03,2024-06-28,2024-07-13,32.0,47.47,ocean,72.45,delivered
PO-000189,SUP-002,SKU-00003,WH-APAC,2024-06-17,2024-07-12,2024-07-03,27.0,47.47,ocean,52.71,delivered
PO-000190,SUP-002,SKU-00003,WH-APAC,2024-07-15,2024-08-09,2024-07-24,35.0,47.47,ocean,60.65,delivered
PO-000191,SUP-002,SKU-00003,WH-APAC,2024-07-29,2024-08-19,2024-08-22,26.0,47.47,rail,72.93,delivered
PO-000192,SUP-002,SKU-00003,WH-APAC,2024-08-12,2024-08-31,2024-08-18,30.0,47.47,road,86.09,delivered
PO-000193,SUP-002,SKU-00003,WH-APAC,2024-08-26,2024-09-20,2024-09-07,33.0,47.47,ocean,57.59,delivered
PO-000194,SUP-002,SKU-00003,WH-APAC,2024-09-09,2024-09-17,2024-09-12,30.0,47.47,air,202.46,delivered
PO-000195,SUP-002,SKU-00003,WH-APAC,2024-09-23,2024-10-18,2024-10-26,31.0,47.47,ocean,60.06,delivered
PO-000196,SUP-002,SKU-00003,WH-APAC,2024-10-07,2024-11-01,2024-10-16,31.0,47.47,ocean,57.8,delivered
PO-000197,SUP-002,SKU-00003,WH-APAC,2024-10-28,2024-11-22,2024-11-10,32.0,47.47,ocean,52.89,delivered
PO-000198,SUP-002,SKU-00003,WH-APAC,2024-11-11,2024-11-19,2024-11-19,28.0,47.47,air,148.84,delivered
PO-000199,SUP-002,SKU-00003,WH-APAC,2024-11-25,2024-12-03,2024-12-08,30.0,47.47,air,161.59,delivered
PO-000200,SUP-002,SKU-00003,WH-APAC,2024-12-16,2025-01-10,2025-01-21,31.0,47.47,ocean,62.68,delivered
PO-000201,SUP-002,SKU-00003,WH-APAC,2024-12-30,2025-01-24,2025-01-18,25.0,47.47,ocean,,delivered
PO-000202,SUP-002,SKU-00003,WH-APAC,2025-01-27,2025-02-21,2025-02-21,26.0,47.47,ocean,45.93,delivered
PO-000203,SUP-002,SKU-00003,WH-APAC,2025-02-10,2025-03-07,2025-03-18,24.0,47.47,ocean,51.96,delivered
PO-000204,SUP-002,SKU-00003,WH-APAC,2025-03-03,2025-03-22,2025-03-31,32.0,47.47,road,84.74,delivered
PO-000205,SUP-002,SKU-00003,WH-APAC,2025-03-24,2025-04-01,2025-04-11,24.0,47.47,air,140.47,delivered
PO-000206,SUP-002,SKU-00003,WH-APAC,2025-04-07,2025-05-02,2025-04-14,29.0,47.47,ocean,53.45,delivered
PO-000207,SUP-002,SKU-00003,WH-APAC,2025-04-21,2025-05-10,2025-05-14,28.0,47.47,road,81.98,delivered
PO-000208,SUP-002,SKU-00003,WH-APAC,2025-05-05,2025-05-13,2025-05-10,27.0,47.47,air,158.38,delivered
PO-000209,SUP-002,SKU-00003,WH-APAC,2025-05-19,2025-06-13,2025-06-17,28.0,47.47,ocean,61.62,delivered
PO-000210,SUP-002,SKU-00003,WH-APAC,2025-06-02,2025-06-23,2025-06-26,25.0,47.47,rail,48.84,delivered
PO-000211,SUP-002,SKU-00003,WH-APAC,2025-06-23,2025-07-01,2025-06-29,26.0,47.47,air,121.28,delivered
PO-000212,SUP-002,SKU-00003,WH-APAC,2025-07-07,2025-07-15,2025-07-18,33.0,47.47,air,197.54,delivered
PO-000213,SUP-002,SKU-00003,WH-APAC,2025-07-21,2025-08-15,2025-08-23,33.0,47.47,ocean,65.31,delivered
PO-000214,SUP-002,SKU-00003,WH-APAC,2025-08-04,2025-08-29,2025-08-20,24.0,47.47,ocean,48.15,delivered
PO-000215,SUP-002,SKU-00003,WH-APAC,2025-08-25,2025-09-02,2025-09-02,24.0,47.47,air,149.56,delivered
PO-000216,SUP-002,SKU-00003,WH-APAC,2025-09-08,2025-09-27,2025-09-22,44.0,47.47,road,121.37,delivered
PO-000217,SUP-002,SKU-00003,WH-APAC,2025-09-22,2025-10-17,2025-10-12,24.0,47.47,ocean,38.52,delivered
PO-000218,SUP-002,SKU-00003,WH-APAC,2025-10-06,2025-10-14,2025-10-15,27.0,47.47,air,126.0,delivered
PO-000219,SUP-002,SKU-00003,WH-APAC,2025-10-20,2025-10-28,2025-10-29,29.0,47.47,air,183.96,delivered
PO-000220,SUP-002,SKU-00003,WH-APAC,2025-11-03,2025-11-28,2025-11-13,30.0,47.47,ocean,55.47,delivered
PO-000221,SUP-002,SKU-00003,WH-APAC,2025-11-17,2025-12-12,2025-12-13,28.0,47.47,ocean,55.1,delivered
PO-000222,SUP-002,SKU-00003,WH-APAC,2025-12-01,2025-12-26,,26.0,47.47,ocean,57.5,open
PO-000223,SUP-002,SKU-00003,WH-APAC,2025-12-22,2026-01-10,,31.0,47.47,road,85.42,open
PO-000224,SUP-002,SKU-00003,WH-EAST,2024-01-22,2024-02-16,2024-02-16,31.0,47.47,ocean,55.12,delivered
PO-000225,SUP-002,SKU-00003,WH-EAST,2024-02-05,2024-02-13,2024-02-12,26.0,47.47,air,119.82,delivered
PO-000226,SUP-002,SKU-00003,WH-EAST,2024-02-26,2024-03-22,2024-03-26,24.0,47.47,ocean,38.94,delivered
PO-000227,SUP-002,SKU-00003,WH-EAST,2024-03-18,2024-04-12,2024-04-16,29.0,47.47,ocean,64.24,delivered
PO-000228,SUP-002,SKU-00003,WH-EAST,2024-04-08,2024-04-16,2024-04-16,28.0,47.47,air,182.11,delivered
PO-000229,SUP-002,SKU-00003,WH-EAST,2024-04-29,2024-05-07,2024-05-07,21.0,47.47,air,134.59,delivered
PO-000230,SUP-002,SKU-00003,WH-EAST,2024-05-13,2024-06-07,2024-06-10,22.0,47.47,ocean,41.25,delivered
PO-000231,SUP-002,SKU-00003,WH-EAST,2024-05-27,2024-06-04,2024-06-05,22.0,47.47,air,114.53,delivered
PO-000232,SUP-002,SKU-00003,WH-EAST,2024-06-10,2024-07-05,2024-07-06,23.0,47.47,ocean,47.98,delivered
PO-000233,SUP-002,SKU-00003,WH-EAST,2024-06-24,2024-07-19,2024-07-07,26.0,47.47,ocean,53.57,delivered
PO-000234,SUP-002,SKU-00003,WH-EAST,2024-07-15,2024-08-09,2024-08-24,32.0,47.47,ocean,55.09,delivered
PO-000235,SUP-002,SKU-00003,WH-EAST,2024-07-29,2024-08-06,2024-08-13,26.0,47.47,air,142.27,delivered
PO-000236,SUP-002,SKU-00003,WH-EAST,2024-08-26,2024-09-03,2024-08-30,29.0,47.47,air,139.76,delivered
PO-000237,SUP-002,SKU-00003,WH-EAST,2024-09-09,2024-10-04,2024-10-07,34.0,47.47,ocean,58.02,delivered
PO-000238,SUP-002,SKU-00003,WH-EAST,2024-09-23,2024-10-18,2024-10-13,24.0,47.47,ocean,49.85,delivered
PO-000239,SUP-002,SKU-00003,WH-EAST,2024-10-14,2024-11-04,2024-11-02,21.0,47.47,rail,53.01,delivered
PO-000240,SUP-002,SKU-00003,WH-EAST,2024-10-28,2024-11-22,2024-12-17,24.0,47.47,ocean,48.58,delivered
PO-000241,SUP-002,SKU-00003,WH-EAST,2024-11-18,2024-11-26,2024-12-01,34.0,47.47,air,189.18,delivered
PO-000242,SUP-002,SKU-00003,WH-EAST,2024-12-16,2025-01-10,2024-12-25,26.0,47.47,ocean,57.56,delivered
PO-000243,SUP-002,SKU-00003,WH-EAST,2024-12-30,2025-01-24,2025-02-05,25.0,47.47,OCEAN,52.65,delivered
PO-000244,SUP-002,SKU-00003,WH-EAST,2025-01-13,2025-02-07,2025-02-13,21.0,47.47,OCEAN,41.29,delivered
PO-000245,SUP-002,SKU-00003,WH-EAST,2025-02-17,2025-02-25,2025-02-27,25.0,47.47,air,124.15,delivered
PO-000246,SUP-002,SKU-00003,WH-EAST,2025-03-10,2025-03-29,2025-03-31,28.0,47.47,road,87.14,delivered
PO-000247,SUP-002,SKU-00003,WH-EAST,2025-03-31,2025-04-08,2025-04-13,31.0,47.47,air,209.71,delivered
PO-000248,SUP-002,SKU-00003,WH-EAST,2025-04-21,2025-05-16,2025-05-27,27.0,47.47,ocean,48.04,delivered
PO-000249,SUP-002,SKU-00003,WH-EAST,2025-05-05,2025-05-26,2025-05-28,21.0,47.47,rail,50.1,delivered
PO-000250,SUP-002,SKU-00003,WH-EAST,2025-06-02,2025-06-27,2025-07-03,23.0,47.47,ocean,47.25,delivered
PO-000251,SUP-002,SKU-00003,WH-EAST,2025-06-16,2025-07-11,2025-07-27,22.0,47.47,ocean,35.47,delivered
PO-000252,SUP-002,SKU-00003,WH-EAST,2025-07-14,2025-07-22,2025-07-23,31.0,47.47,air,204.3,delivered
PO-000253,SUP-002,SKU-00003,WH-EAST,2025-08-04,2025-08-29,2025-09-05,30.0,47.47,ocean,51.47,delivered
PO-000254,SUP-002,SKU-00003,WH-EAST,2025-08-18,2025-08-26,2025-08-29,26.0,47.47,air,135.07,delivered
PO-000255,SUP-002,SKU-00003,WH-EAST,2025-09-08,2025-09-29,2025-10-10,36.0,47.47,rail,71.04,delivered
PO-000256,SUP-002,SKU-00003,WH-EAST,2025-09-22,2025-09-30,2025-09-26,22.0,47.47,air,144.14,delivered
PO-000257,SUP-002,SKU-00003,WH-EAST,2025-10-13,2025-11-07,2025-11-05,26.0,47.47,ocean,41.83,delivered
PO-000258,SUP-002,SKU-00003,WH-EAST,2025-10-27,2025-11-17,2025-11-22,23.0,47.47,rail,56.23,delivered
PO-000259,SUP-002,SKU-00003,WH-EAST,2025-11-17,2025-12-12,2025-11-29,29.0,47.47,ocean,59.46,delivered
PO-000260,SUP-002,SKU-00003,WH-EAST,2025-12-08,2026-01-02,,31.0,47.47,ocean,57.29,open
PO-000261,SUP-012,SKU-00004,WH-APAC,2024-01-15,2024-01-22,2024-01-26,516.0,9.1,air,560.82,delivered
PO-000262,SUP-012,SKU-00004,WH-APAC,2024-01-29,2024-02-20,2024-02-21,368.0,9.1,ocean,122.43,delivered
PO-000263,SUP-012,SKU-00004,WH-APAC,2024-02-12,2024-03-01,2024-03-04,371.0,9.1,rail,171.29,delivered
PO-000264,SUP-012,SKU-00004,WH-APAC,2024-03-04,2024-03-26,2024-04-03,469.0,9.1,ocean,145.46,delivered
PO-000265,SUP-012,SKU-00004,WH-APAC,2024-03-25,2024-04-01,2024-04-04,470.0,9.1,air,510.97,delivered
PO-000266,SUP-012,SKU-00004,WH-APAC,2024-04-22,2024-05-14,2024-05-17,464.0,9.1,ocean,153.77,delivered
PO-000267,SUP-012,SKU-00004,WH-APAC,2024-05-13,2024-05-20,2024-05-28,443.0,9.1,air,546.33,delivered
PO-000268,SUP-012,SKU-00004,WH-APAC,2024-06-03,2024-06-25,2024-06-28,406.0,9.1,ocean,164.54,delivered
PO-000269,SUP-012,SKU-00004,WH-APAC,2024-06-24,2024-07-12,2024-07-25,487.0,9.1,rail,250.2,delivered
PO-000270,SUP-012,SKU-00004,WH-APAC,2024-07-08,2024-07-30,2024-07-30,384.0,9.1,ocean,165.34,delivered
PO-000271,SUP-012,SKU-00004,WH-APAC,2024-08-12,2024-09-03,2024-09-07,495.0,9.1,ocean,171.45,delivered
PO-000272,SUP-012,SKU-00004,WH-APAC,2024-09-02,2024-09-09,2024-09-11,444.0,9.1,air,494.43,delivered
PO-000273,SUP-012,SKU-00004,WH-APAC,2024-09-23,2024-10-15,2024-10-14,438.0,9.1,ocean,144.18,delivered
PO-000274,SUP-012,SKU-00004,WH-APAC,2024-10-14,2024-11-05,2024-11-02,525.0,9.1,OCEAN,218.27,delivered
PO-000275,SUP-012,SKU-00004,WH-APAC,2024-10-28,2024-11-04,2024-11-09,374.0,9.1,air,452.41,delivered
PO-000276,SUP-012,SKU-00004,WH-APAC,2024-11-18,2024-12-10,2024-12-10,577.0,9.1,ocean,211.32,delivered
PO-000277,SUP-012,SKU-00004,WH-APAC,2024-12-02,2024-12-09,2024-12-08,362.0,9.1,air,409.4,delivered
PO-000278,SUP-012,SKU-00004,WH-APAC,2024-12-23,2025-01-14,2025-01-13,504.0,9.1,ocean,153.75,delivered
PO-000279,SUP-012,SKU-00004,WH-APAC,2025-01-13,2025-01-20,2025-01-27,462.0,9.1,air,580.71,delivered
PO-000280,SUP-012,SKU-00004,WH-APAC,2025-01-27,2025-02-18,2025-02-17,375.0,9.1,ocean,120.0,delivered
PO-000281,SUP-012,SKU-00004,WH-APAC,2025-02-17,2025-03-11,2025-03-02,562.0,9.1,ocean,,delivered
PO-000282,SUP-012,SKU-00004,WH-APAC,2025-03-10,2025-03-28,2025-03-30,534.0,9.1,rail,284.66,delivered
PO-000283,SUP-012,SKU-00004,WH-APAC,2025-03-24,2025-03-31,2025-03-30,368.0,9.1,air,323.04,delivered
PO-000284,SUP-012,SKU-00004,WH-APAC,2025-04-14,2025-05-06,2025-05-13,426.0,9.1,ocean,137.93,delivered
PO-000285,SUP-012,SKU-00004,WH-APAC,2025-05-05,2025-05-23,2025-05-27,506.0,9.1,rail,198.37,delivered
PO-000286,SUP-012,SKU-00004,WH-APAC,2025-06-02,2025-06-24,2025-06-26,496.0,9.1,ocean,171.11,delivered
PO-000287,SUP-012,SKU-00004,WH-APAC,2025-06-16,2025-06-23,2025-06-26,396.0,9.1,air,418.32,delivered
PO-000288,SUP-012,SKU-00004,WH-APAC,2025-07-07,2025-07-14,2025-07-12,421.0,9.1,air,502.24,delivered
PO-000289,SUP-012,SKU-00004,WH-APAC,2025-07-28,2025-08-14,2025-08-20,508.0,9.1,road,275.38,delivered
PO-000290,SUP-012,SKU-00004,WH-APAC,2025-08-18,2025-08-25,2025-08-28,431.0,9.1,air,377.18,delivered
PO-000291,SUP-012,SKU-00004,WH-APAC,2025-09-01,2025-09-23,2025-09-26,399.0,9.1,ocean,150.93,delivered
PO-000292,SUP-012,SKU-00004,WH-APAC,2025-09-15,2025-10-07,2025-10-12,462.0,9.1,ocean,165.53,delivered
PO-000293,SUP-012,SKU-00004,WH-APAC,2025-10-06,2025-10-13,2025-10-12,414.0,9.1,air,438.45,delivered
PO-000294,SUP-012,SKU-00004,WH-APAC,2025-10-27,2025-11-14,2025-11-16,552.0,9.1,rail,278.17,delivered
PO-000295,SUP-012,SKU-00004,WH-APAC,2025-11-10,2025-12-02,2025-12-02,387.0,9.1,ocean,121.75,delivered
PO-000296,SUP-012,SKU-00004,WH-APAC,2025-12-01,2025-12-23,2025-12-26,497.0,9.1,ocean,198.55,delivered
PO-000297,SUP-012,SKU-00004,WH-APAC,2025-12-15,2025-12-22,2025-12-23,442.0,9.1,air,482.96,delivered
PO-000298,SUP-003,SKU-00005,WH-SOUTH,2024-01-15,2024-02-14,2024-02-17,352.0,12.43,ocean,186.63,delivered
PO-000299,SUP-003,SKU-00005,WH-SOUTH,2024-01-29,2024-02-22,2024-02-27,287.0,12.43,rail,194.87,delivered
PO-000300,SUP-003,SKU-00005,WH-SOUTH,2024-02-19,2024-03-20,2024-03-06,340.0,12.43,ocean,201.15,delivered
PO-000301,SUP-003,SKU-00005,WH-SOUTH,2024-03-11,2024-03-21,2024-03-21,442.0,12.43,air,638.84,delivered
PO-000302,SUP-003,SKU-00005,WH-SOUTH,2024-04-01,2024-04-11,2024-04-08,338.0,12.43,air,498.62,delivered
PO-000303,SUP-003,SKU-00005,WH-SOUTH,2024-04-15,2024-04-25,2024-04-24,301.0,12.43,air,378.16,delivered
PO-000304,SUP-003,SKU-00005,WH-SOUTH,2024-05-06,2024-06-05,2024-06-09,424.0,12.43,ocean,198.11,delivered
PO-000305,SUP-003,SKU-00005,WH-SOUTH,2024-05-20,2024-06-19,2024-06-29,319.0,12.43,ocean,156.01,delivered
PO-000306,SUP-003,SKU-00005,WH-SOUTH,2024-06-17,2024-07-17,2024-07-03,315.0,12.43,ocean,167.5,delivered
PO-000307,SUP-003,SKU-00005,WH-SOUTH,2024-07-08,2024-08-07,2024-08-06,357.0,12.43,ocean,192.04,delivered
PO-000308,SUP-003,SKU-00005,WH-SOUTH,2024-07-22,2024-08-21,2024-08-08,320.0,12.43,ocean,175.16,delivered
PO-000309,SUP-003,SKU-00005,WH-SOUTH,2024-08-12,2024-09-11,2024-09-18,391.0,12.43,ocean,184.35,delivered
PO-000310,SUP-003,SKU-00005,WH-SOUTH,2024-09-02,2024-09-26,2024-09-25,406.0,12.43,rail,205.0,delivered
PO-000311,SUP-003,SKU-00005,WH-SOUTH,2024-09-30,2024-10-30,2024-11-06,366.0,12.43,ocean,212.46,delivered
PO-000312,SUP-003,SKU-00005,WH-SOUTH,2024-10-14,2024-11-07,2024-10-27,303.0,12.43,rail,153.4,delivered
PO-000313,SUP-003,SKU-00005,WH-SOUTH,2024-10-28,2024-11-27,2024-11-21,280.0,12.43,ocean,159.65,delivered
PO-000314,SUP-003,SKU-00005,WH-SOUTH,2024-11-18,2024-12-18,2024-12-30,380.0,12.43,ocean,211.71,delivered
PO-000315,SUP-003,SKU-00005,WH-SOUTH,2024-12-02,2025-01-01,2024-12-23,367.0,12.43,ocean,151.84,delivered
PO-000316,SUP-003,SKU-00005,WH-SOUTH,2024-12-30,2025-01-09,2025-01-11,354.0,12.43,air,597.31,delivered
PO-000317,SUP-003,SKU-00005,WH-SOUTH,2025-01-13,2025-02-12,2025-02-16,374.0,12.43,ocean,160.94,delivered
PO-000318,SUP-003,SKU-00005,WH-SOUTH,2025-01-27,2025-02-06,2025-02-07,289.0,12.43,AIR,488.32,delivered
PO-000319,SUP-003,SKU-00005,WH-SOUTH,2025-02-10,2025-03-12,2025-03-11,324.0,12.43,ocean,130.37,delivered
PO-000320,SUP-003,SKU-00005,WH-SOUTH,2025-03-03,2025-04-02,2025-03-01,357.0,12.43,ocean,199.34,delivered
PO-000321,SUP-003,SKU-00005,WH-SOUTH,2025-03-17,2025-04-16,2025-04-19,340.0,12.43,ocean,180.86,delivered
PO-000322,SUP-003,SKU-00005,WH-SOUTH,2025-04-14,2025-05-14,2025-05-14,362.0,12.43,OCEAN,208.86,delivered
PO-000323,SUP-003,SKU-00005,WH-SOUTH,2025-05-05,2025-05-15,2025-05-17,477.0,12.43,air,603.24,delivered
PO-000324,SUP-003,SKU-00005,WH-SOUTH,2025-05-26,2025-06-17,2025-06-08,382.0,12.43,road,276.0,delivered
PO-000325,SUP-003,SKU-00005,WH-SOUTH,2025-06-16,2025-07-16,2025-07-08,379.0,12.43,ocean,198.67,delivered
PO-000326,SUP-003,SKU-00005,WH-SOUTH,2025-06-30,2025-07-10,2025-07-06,374.0,12.43,air,537.58,delivered
PO-000327,SUP-003,SKU-00005,WH-SOUTH,2025-07-21,2025-08-20,2025-09-07,378.0,12.43,ocean,158.5,delivered
PO-000328,SUP-003,SKU-00005,WH-SOUTH,2025-08-11,2025-09-10,2025-09-15,324.0,12.43,ocean,191.59,delivered
PO-000329,SUP-003,SKU-00005,WH-SOUTH,2025-09-08,2025-09-18,2025-09-14,278.0,12.43,air,442.71,delivered
PO-000330,SUP-003,SKU-00005,WH-SOUTH,2025-09-29,2025-10-29,2025-11-15,407.0,12.43,ocean,,delivered
PO-000331,SUP-003,SKU-00005,WH-SOUTH,2025-10-13,2025-11-12,2025-11-05,310.0,12.43,ocean,183.89,delivered
PO-000332,SUP-003,SKU-00005,WH-SOUTH,2025-11-17,2025-12-09,2025-12-09,436.0,12.43,road,336.65,delivered
PO-000333,SUP-003,SKU-00005,WH-SOUTH,2025-12-01,2025-12-23,2025-12-17,318.0,12.43,road,207.66,delivered
PO-000334,SUP-003,SKU-00005,WH-SOUTH,2025-12-22,2026-01-01,,424.0,12.43,air,679.43,open
PO-000335,SUP-003,SKU-00005,WH-EU,2024-01-15,2024-02-14,2024-01-19,435.0,12.43,ocean,257.15,delivered
PO-000336,SUP-003,SKU-00005,WH-EU,2024-02-05,2024-03-06,2024-02-26,634.0,12.43,OCEAN,265.74,delivered
PO-000337,SUP-003,SKU-00005,WH-EU,2024-02-26,2024-03-27,2024-03-22,645.0,12.43,ocean,367.62,delivered
PO-000338,SUP-003,SKU-00005,WH-EU,2024-03-11,2024-03-21,2024-03-16,504.0,12.43,air,720.88,delivered
PO-000339,SUP-003,SKU-00005,WH-EU,2024-03-25,2024-04-04,2024-03-28,438.0,12.43,air,567.39,delivered
PO-000340,SUP-003,SKU-00005,WH-EU,2024-04-15,2024-04-25,2024-04-24,575.0,12.43,air,995.79,delivered
PO-000341,SUP-003,SKU-00005,WH-EU,2024-05-06,2024-05-30,2024-06-15,706.0,12.43,rail,486.76,delivered
PO-000342,SUP-003,SKU-00005,WH-EU,2024-05-27,2024-06-26,2024-06-29,503.0,12.43,ocean,240.18,delivered
PO-000343,SUP-003,SKU-00005,WH-EU,2024-06-24,2024-07-18,2024-07-17,436.0,12.43,rail,297.64,delivered
PO-000344,SUP-003,SKU-00005,WH-EU,2024-07-15,2024-07-25,2024-07-25,582.0,12.43,air,855.63,delivered
PO-000345,SUP-003,SKU-00005,WH-EU,2024-08-05,2024-09-04,2024-09-08,675.0,12.43,ocean,333.82,delivered
PO-000346,SUP-003,SKU-00005,WH-EU,2024-08-19,2024-09-18,2024-09-21,451.0,12.43,ocean,205.72,delivered
PO-000347,SUP-003,SKU-00005,WH-EU,2024-09-16,2024-10-16,2024-10-05,483.0,12.43,ocean,235.05,delivered
PO-000348,SUP-003,SKU-00005,WH-EU,2024-10-07,2024-11-06,2024-11-01,652.0,12.43,ocean,340.49,delivered
PO-000349,SUP-003,SKU-00005,WH-EU,2024-10-21,2024-11-20,2024-11-03,456.0,12.43,OCEAN,267.12,delivered
PO-000350,SUP-003,SKU-00005,WH-EU,2024-11-11,2024-12-11,2024-12-12,504.0,12.43,ocean,201.11,delivered
PO-000351,SUP-003,SKU-00005,WH-EU,2024-11-25,2024-12-05,2024-12-11,643.0,12.43,air,829.5,delivered
PO-000352,SUP-003,SKU-00005,WH-EU,2024-12-23,2025-01-16,2025-01-02,595.0,12.43,RAIL,397.5,delivered
PO-000353,SUP-003,SKU-00005,WH-EU,2025-01-13,2025-02-12,2025-02-27,660.0,12.43,ocean,364.26,delivered
PO-000354,SUP-003,SKU-00005,WH-EU,2025-02-03,2025-02-13,2025-02-11,702.0,12.43,air,1087.8,delivered
PO-000355,SUP-003,SKU-00005,WH-EU,2025-02-24,2025-03-20,2025-04-07,478.0,12.43,RAIL,280.52,delivered
PO-000356,SUP-003,SKU-00005,WH-EU,2025-03-10,2025-03-20,2025-03-22,477.0,12.43,AIR,653.27,delivered
PO-000357,SUP-003,SKU-00005,WH-EU,2025-03-31,2025-04-30,2025-04-30,554.0,12.43,ocean,285.78,delivered
PO-000358,SUP-003,SKU-00005,WH-EU,2025-04-21,2025-05-21,2025-05-28,632.0,12.43,ocean,355.53,delivered
PO-000359,SUP-003,SKU-00005,WH-EU,2025-05-12,2025-06-11,2025-05-31,554.0,12.43,ocean,306.07,delivered
PO-000360,SUP-003,SKU-00005,WH-EU,2025-06-09,2025-07-01,2025-06-22,547.0,12.43,road,473.23,delivered
PO-000361,SUP-003,SKU-00005,WH-EU,2025-06-30,2025-07-30,2025-08-07,613.0,12.43,ocean,257.61,delivered
PO-000362,SUP-003,SKU-00005,WH-EU,2025-07-21,2025-07-31,2025-07-26,525.0,12.43,air,850.26,delivered
PO-000363,SUP-003,SKU-00005,WH-EU,2025-08-11,2025-09-10,2025-09-14,638.0,12.43,ocean,364.48,delivered
PO-000364,SUP-003,SKU-00005,WH-EU,2025-08-25,2025-09-24,2025-09-22,454.0,12.43,ocean,236.69,delivered
PO-000365,SUP-003,SKU-00005,WH-EU,2025-09-22,2025-10-02,2025-10-03,438.0,12.43,air,534.78,delivered
PO-000366,SUP-003,SKU-00005,WH-EU,2025-10-13,2025-11-12,2025-11-21,618.0,12.43,ocean,367.73,delivered
PO-000367,SUP-003,SKU-00005,WH-EU,2025-10-27,2025-11-26,2025-12-04,436.0,12.43,ocean,182.3,delivered
PO-000368,SUP-003,SKU-00005,WH-EU,2025-12-01,2025-12-25,2025-12-20,568.0,12.43,rail,293.64,delivered
PO-000369,SUP-003,SKU-00005,WH-EU,2025-12-22,2026-01-21,,589.0,12.43,ocean,243.94,open
PO-000370,SUP-018,SKU-00006,WH-EAST,2024-01-15,2024-02-01,2024-01-25,145.0,4.6,rail,27.62,delivered
PO-000371,SUP-018,SKU-00006,WH-EAST,2024-02-05,2024-02-12,2024-02-11,149.0,4.6,air,97.38,delivered
PO-000372,SUP-018,SKU-00006,WH-EAST,2024-02-26,2024-03-18,2024-03-14,155.0,4.6,ocean,33.17,delivered
PO-000373,SUP-018,SKU-00006,WH-EAST,2024-03-11,2024-04-01,2024-03-31,156.0,4.6,ocean,29.36,delivered
PO-000374,SUP-018,SKU-00006,WH-EAST,2024-04-01,2024-04-22,2024-04-27,142.0,4.6,ocean,26.29,delivered
PO-000375,SUP-018,SKU-00006,WH-EAST,2024-04-29,2024-05-20,2024-05-23,163.0,4.6,ocean,33.7,delivered
PO-000376,SUP-018,SKU-00006,WH-EAST,2024-05-27,2024-06-03,2024-06-04,147.0,4.6,air,81.05,delivered
PO-000377,SUP-018,SKU-00006,WH-EAST,2024-06-17,2024-06-24,2024-06-22,131.0,4.6,air,76.19,delivered
PO-000378,SUP-018,SKU-00006,WH-EAST,2024-07-15,2024-08-01,2024-08-02,142.0,4.6,rail,38.81,delivered
PO-000379,SUP-018,SKU-00006,WH-EAST,2024-08-05,2024-08-26,2024-08-21,127.0,4.6,ocean,25.9,delivered
PO-000380,SUP-018,SKU-00006,WH-EAST,2024-08-26,2024-09-12,2024-09-08,139.0,4.6,rail,29.21,delivered
PO-000381,SUP-018,SKU-00006,WH-EAST,2024-09-16,2024-10-07,2024-10-12,149.0,4.6,ocean,25.88,delivered
PO-000382,SUP-018,SKU-00006,WH-EAST,2024-09-30,2024-10-07,2024-10-10,147.0,4.6,air,65.26,delivered
PO-000383,SUP-018,SKU-00006,WH-EAST,2024-10-21,2024-11-11,2024-11-10,158.0,4.6,ocean,28.5,delivered
PO-000384,SUP-018,SKU-00006,WH-EAST,2024-11-11,2024-12-02,2024-12-11,171.0,4.6,ocean,26.31,delivered
PO-000385,SUP-018,SKU-00006,WH-EAST,2024-11-25,2024-12-02,2024-12-01,120.0,4.6,air,78.17,delivered
PO-000386,SUP-018,SKU-00006,WH-EAST,2024-12-09,2024-12-16,2024-12-16,132.0,4.6,air,72.39,delivered
PO-000387,SUP-018,SKU-00006,WH-EAST,2024-12-23,2025-01-08,2025-01-09,139.0,4.6,road,41.98,delivered
PO-000388,SUP-018,SKU-00006,WH-EAST,2025-01-06,2025-01-13,2025-01-10,137.0,4.6,air,85.47,delivered
PO-000389,SUP-018,SKU-00006,WH-EAST,2025-01-20,2025-02-10,2025-02-09,122.0,4.6,ocean,26.23,delivered
PO-000390,SUP-018,SKU-00006,WH-EAST,2025-02-10,2025-03-03,2025-03-06,159.0,4.6,ocean,31.32,delivered
PO-000391,SUP-018,SKU-00006,WH-EAST,2025-02-24,2025-03-17,2025-03-14,124.0,4.6,ocean,21.46,delivered
PO-000392,SUP-018,SKU-00006,WH-EAST,2025-03-24,2025-04-14,2025-04-08,147.0,4.6,ocean,25.08,delivered
PO-000393,SUP-018,SKU-00006,WH-EAST,2025-04-14,2025-04-21,2025-04-20,146.0,4.6,air,76.57,delivered
PO-000394,SUP-018,SKU-00006,WH-EAST,2025-05-05,2025-05-26,2025-05-25,135.0,4.6,ocean,28.08,delivered
PO-000395,SUP-018,SKU-00006,WH-EAST,2025-05-26,2025-06-12,2025-06-13,134.0,4.6,rail,28.58,delivered
PO-000396,SUP-018,SKU-00006,WH-EAST,2025-06-16,2025-07-03,2025-06-26,159.0,4.6,rail,39.3,delivered
PO-000397,SUP-018,SKU-00006,WH-EAST,2025-07-07,2025-07-28,2025-07-22,132.0,4.6,ocean,25.85,delivered
PO-000398,SUP-018,SKU-00006,WH-EAST,2025-07-28,2025-08-14,2025-08-12,153.0,4.6,rail,28.84,delivered
PO-000399,SUP-018,SKU-00006,WH-EAST,2025-08-18,2025-09-08,2025-09-15,164.0,4.6,ocean,28.34,delivered
PO-000400,SUP-018,SKU-00006,WH-EAST,2025-09-01,2025-09-08,2025-09-09,123.0,4.6,air,62.6,delivered
PO-000401,SUP-018,SKU-00006,WH-EAST,2025-09-22,2025-10-13,2025-10-13,132.0,4.6,ocean,20.39,delivered
PO-000402,SUP-018,SKU-00006,WH-EAST,2025-10-06,2025-10-13,2025-10-13,126.0,4.6,air,73.76,delivered
PO-000403,SUP-018,SKU-00006,WH-EAST,2025-10-20,2025-11-05,2025-11-03,131.0,4.6,road,39.07,delivered
PO-000404,SUP-018,SKU-00006,WH-EAST,2025-11-03,2025-11-10,2025-11-10,155.0,4.6,air,77.28,delivered
PO-000405,SUP-018,SKU-00006,WH-EAST,2025-11-17,2025-12-08,2025-12-07,156.0,4.6,ocean,22.99,delivered
PO-000406,SUP-018,SKU-00006,WH-EAST,2025-12-01,2025-12-08,2025-12-11,124.0,4.6,air,54.76,delivered
PO-000407,SUP-018,SKU-00006,WH-EAST,2025-12-22,2026-01-12,,150.0,4.6,ocean,30.0,open
PO-000408,SUP-024,SKU-00007,WH-WEST,2024-01-15,2024-01-24,2024-01-21,20.0,13.0,air,35.53,delivered
PO-000409,SUP-024,SKU-00007,WH-WEST,2024-01-29,2024-02-17,2024-02-09,21.0,13.0,road,16.66,delivered
PO-000410,SUP-024,SKU-00007,WH-WEST,2024-02-12,2024-03-04,2024-03-09,18.0,13.0,rail,13.48,delivered
PO-000411,SUP-024,SKU-00007,WH-WEST,2024-03-04,2024-03-25,2024-03-15,25.0,13.0,rail,18.25,delivered
PO-000412,SUP-024,SKU-00007,WH-WEST,2024-03-25,2024-04-03,2024-03-28,21.0,13.0,air,33.62,delivered
PO-000413,SUP-024,SKU-00007,WH-WEST,2024-04-15,2024-05-06,2024-05-02,19.0,13.0,rail,14.7,delivered
PO-000414,SUP-024,SKU-00007,WH-WEST,2024-05-13,2024-05-22,2024-05-22,20.0,13.0,air,26.66,delivered
PO-000415,SUP-024,SKU-00007,WH-WEST,2024-06-03,2024-06-12,2024-06-08,20.0,13.0,air,37.0,delivered
PO-000416,SUP-024,SKU-00007,WH-WEST,2024-07-01,2024-07-20,2024-07-26,23.0,13.0,road,14.5,delivered
PO-000417,SUP-024,SKU-00007,WH-WEST,2024-07-22,2024-07-31,2024-08-04,23.0,13.0,air,32.48,delivered
PO-000418,SUP-024,SKU-00007,WH-WEST,2024-08-12,2024-09-02,2024-08-30,18.0,13.0,rail,13.62,delivered
PO-000419,SUP-024,SKU-00007,WH-WEST,2024-08-26,2024-09-21,2024-09-10,20.0,13.0,ocean,11.85,delivered
PO-000420,SUP-024,SKU-00007,WH-WEST,2024-09-09,2024-09-30,2024-10-07,20.0,13.0,rail,11.88,delivered
PO-000421,SUP-024,SKU-00007,WH-WEST,2024-09-30,2024-10-09,2024-10-09,31.0,13.0,air,45.84,delivered
PO-000422,SUP-024,SKU-00007,WH-WEST,2024-10-21,2024-11-16,2024-11-16,29.0,13.0,ocean,17.32,delivered
PO-000423,SUP-024,SKU-00007,WH-WEST,2024-11-04,2024-11-13,2024-11-10,22.0,13.0,air,30.97,delivered
PO-000424,SUP-024,SKU-00007,WH-WEST,2024-11-18,2024-12-09,2024-12-05,22.0,13.0,rail,14.74,delivered
PO-000425,SUP-024,SKU-00007,WH-WEST,2024-11-25,2024-12-21,2024-12-19,22.0,13.0,ocean,10.73,delivered
PO-000426,SUP-024,SKU-00007,WH-WEST,2024-12-16,2025-01-06,2025-01-08,22.0,13.0,rail,13.65,delivered
PO-000427,SUP-024,SKU-00007,WH-WEST,2024-12-30,2025-01-08,2025-01-05,28.0,13.0,air,51.66,delivered
PO-000428,SUP-024,SKU-00007,WH-WEST,2025-01-13,2025-02-08,2025-02-04,18.0,13.0,ocean,8.34,delivered
PO-000429,SUP-024,SKU-00007,WH-WEST,2025-01-27,2025-02-15,2025-02-20,24.0,13.0,road,16.42,delivered
PO-000430,SUP-024,SKU-00007,WH-WEST,2025-02-10,2025-02-19,2025-02-21,21.0,13.0,air,35.8,delivered
PO-000431,SUP-024,SKU-00007,WH-WEST,2025-03-03,2025-03-12,2025-03-08,25.0,13.0,air,39.82,delivered
PO-000432,SUP-024,SKU-00007,WH-WEST,2025-03-24,2025-04-19,2025-04-17,27.0,13.0,ocean,11.47,delivered
PO-000433,SUP-024,SKU-00007,WH-WEST,2025-04-07,2025-04-16,2025-04-14,19.0,13.0,air,28.84,delivered
PO-000434,SUP-024,SKU-00007,WH-WEST,2025-04-28,2025-05-19,2025-05-13,23.0,13.0,rail,15.62,delivered
PO-000435,SUP-024,SKU-00007,WH-WEST,2025-05-19,2025-06-09,2025-06-11,22.0,13.0,rail,14.01,delivered
PO-000436,SUP-024,SKU-00007,WH-WEST,2025-06-09,2025-06-18,2025-06-17,25.0,13.0,air,32.87,delivered
PO-000437,SUP-024,SKU-00007,WH-WEST,2025-06-30,2025-07-26,2025-07-27,21.0,13.0,ocean,9.46,delivered
PO-000438,SUP-024,SKU-00007,WH-WEST,2025-07-21,2025-08-16,2025-08-19,24.0,13.0,ocean,14.48,delivered
PO-000439,SUP-024,SKU-00007,WH-WEST,2025-08-04,2025-08-13,2025-08-16,19.0,13.0,air,35.03,delivered
PO-000440,SUP-024,SKU-00007,WH-WEST,2025-08-25,2025-09-20,2025-08-26,27.0,13.0,ocean,11.71,delivered
PO-000441,SUP-024,SKU-00007,WH-WEST,2025-09-08,2025-09-27,2025-09-19,23.0,13.0,road,15.66,delivered
PO-000442,SUP-024,SKU-00007,WH-WEST,2025-09-22,2025-10-13,2025-10-11,25.0,13.0,rail,18.6,delivered
PO-000443,SUP-024,SKU-00007,WH-WEST,2025-09-29,2025-10-20,2025-10-12,18.0,13.0,rail,10.89,delivered
PO-000444,SUP-024,SKU-00007,WH-WEST,2025-10-13,2025-11-08,2025-10-31,22.0,13.0,ocean,9.8,delivered
PO-000445,SUP-024,SKU-00007,WH-WEST,2025-10-27,2025-11-05,2025-11-03,30.0,13.0,air,50.37,delivered
PO-000446,SUP-024,SKU-00007,WH-WEST,2025-11-10,2025-12-06,2025-12-07,27.0,13.0,ocean,15.45,delivered
PO-000447,SUP-024,SKU-00007,WH-WEST,2025-11-24,2025-12-03,2025-12-02,25.0,13.0,air,34.08,delivered
PO-000448,SUP-024,SKU-00007,WH-WEST,2025-12-15,2026-01-10,,35.0,13.0,ocean,16.38,open
PO-000449,SUP-024,SKU-00007,WH-EU,2024-01-15,2024-02-05,2024-02-13,42.0,13.0,rail,24.78,delivered
PO-000450,SUP-024,SKU-00007,WH-EU,2024-01-29,2024-02-19,2024-02-24,36.0,13.0,rail,24.97,delivered
PO-000451,SUP-024,SKU-00007,WH-EU,2024-02-19,2024-03-11,2024-03-05,40.0,13.0,rail,28.07,delivered
PO-000452,SUP-024,SKU-00007,WH-EU,2024-03-11,2024-03-20,2024-03-20,51.0,13.0,air,74.76,delivered
PO-000453,SUP-024,SKU-00007,WH-EU,2024-04-01,2024-04-27,2024-04-16,45.0,13.0,ocean,26.52,delivered
PO-000454,SUP-024,SKU-00007,WH-EU,2024-04-22,2024-05-11,2024-05-06,37.0,13.0,road,30.42,delivered
PO-000455,SUP-024,SKU-00007,WH-EU,2024-05-13,2024-06-03,2024-06-04,39.0,13.0,rail,30.41,delivered
PO-000456,SUP-024,SKU-00007,WH-EU,2024-06-10,2024-07-06,2024-06-27,43.0,13.0,ocean,21.96,delivered
PO-000457,SUP-024,SKU-00007,WH-EU,2024-07-01,2024-07-27,2024-07-15,36.0,13.0,ocean,19.7,delivered
PO-000458,SUP-024,SKU-00007,WH-EU,2024-07-22,2024-08-17,2024-08-26,40.0,13.0,ocean,20.29,delivered
PO-000459,SUP-024,SKU-00007,WH-EU,2024-08-12,2024-09-02,2024-09-15,38.0,13.0,rail,29.56,delivered
PO-000460,SUP-024,SKU-00007,WH-EU,2024-09-02,2024-09-21,2024-09-20,40.0,13.0,road,26.56,delivered
PO-000461,SUP-024,SKU-00007,WH-EU,2024-09-23,2024-10-12,2024-10-07,47.0,13.0,road,31.94,delivered
PO-000462,SUP-024,SKU-00007,WH-EU,2024-10-07,2024-10-26,2024-10-18,43.0,13.0,road,28.3,delivered
PO-000463,SUP-024,SKU-00007,WH-EU,2024-10-21,2024-10-30,2024-10-28,37.0,13.0,air,53.85,delivered
PO-000464,SUP-024,SKU-00007,WH-EU,2024-11-04,2024-11-23,2024-12-03,48.0,13.0,road,34.76,delivered
PO-000465,SUP-024,SKU-00007,WH-EU,2024-11-18,2024-11-27,2024-11-24,49.0,13.0,air,68.8,delivered
PO-000466,SUP-024,SKU-00007,WH-EU,2024-12-09,2024-12-30,2024-12-28,44.0,13.0,rail,28.04,delivered
PO-000467,SUP-024,SKU-00007,WH-EU,2024-12-23,2025-01-01,2025-01-02,48.0,13.0,air,65.55,delivered
PO-000468,SUP-024,SKU-00007,WH-EU,2025-01-06,2025-01-27,2025-01-31,46.0,13.0,rail,26.99,delivered
PO-000469,SUP-024,SKU-00007,WH-EU,2025-01-20,2025-01-29,2025-01-29,47.0,13.0,air,60.41,delivered
PO-000470,SUP-024,SKU-00007,WH-EU,2025-02-10,2025-03-08,2025-03-25,47.0,13.0,ocean,24.62,delivered
PO-000471,SUP-024,SKU-00007,WH-EU,2025-03-03,2025-03-12,2025-03-10,48.0,13.0,air,67.55,delivered
PO-000472,SUP-024,SKU-00007,WH-EU,2025-03-24,2025-04-19,2025-04-18,46.0,13.0,ocean,28.28,delivered
PO-000473,SUP-024,SKU-00007,WH-EU,2025-04-21,2025-05-17,2025-05-15,45.0,13.0,ocean,22.38,delivered
PO-000474,SUP-024,SKU-00007,WH-EU,2025-05-12,2025-06-07,2025-06-29,41.0,13.0,ocean,22.04,delivered
PO-000475,SUP-024,SKU-00007,WH-EU,2025-06-02,2025-06-28,2025-06-30,41.0,13.0,ocean,19.81,delivered
PO-000476,SUP-024,SKU-00007,WH-EU,2025-07-07,2025-08-02,2025-08-05,39.0,13.0,ocean,23.56,delivered
PO-000477,SUP-024,SKU-00007,WH-EU,2025-07-28,2025-08-23,2025-08-09,38.0,13.0,ocean,17.35,delivered
PO-000478,SUP-024,SKU-00007,WH-EU,2025-08-11,2025-08-20,2025-08-20,35.0,13.0,air,50.63,delivered
PO-000479,SUP-024,SKU-00007,WH-EU,2025-08-25,2025-09-15,2025-09-14,46.0,13.0,rail,32.56,delivered
PO-000480,SUP-024,SKU-00007,WH-EU,2025-09-08,2025-09-17,2025-09-20,44.0,13.0,air,80.25,delivered
PO-000481,SUP-024,SKU-00007,WH-EU,2025-09-22,2025-10-18,2025-10-09,47.0,13.0,ocean,25.46,delivered
PO-000482,SUP-024,SKU-00007,WH-EU,2025-10-06,2025-10-15,2025-10-12,55.0,13.0,air,73.45,delivered
PO-000483,SUP-024,SKU-00007,WH-EU,2025-10-20,2025-11-15,2025-11-10,50.0,13.0,ocean,26.6,delivered
PO-000484,SUP-024,SKU-00007,WH-EU,2025-11-03,2025-11-29,2025-11-28,52.0,13.0,ocean,22.89,delivered
PO-000485,SUP-024,SKU-00007,WH-EU,2025-11-17,2025-11-26,2025-11-28,44.0,13.0,air,66.88,delivered
PO-000486,SUP-024,SKU-00007,WH-EU,2025-12-08,2026-01-03,2025-12-19,42.0,13.0,ocean,23.14,delivered
PO-000487,SUP-024,SKU-00007,WH-EU,2025-12-22,2025-12-31,,56.0,13.0,air,71.4,open
PO-000488,SUP-024,SKU-00007,WH-SOUTH,2024-01-15,2024-02-03,2024-02-08,30.0,13.0,road,20.52,delivered
PO-000489,SUP-024,SKU-00007,WH-SOUTH,2024-01-29,2024-02-24,2024-02-22,32.0,13.0,ocean,17.68,delivered
PO-000490,SUP-024,SKU-00007,WH-SOUTH,2024-02-19,2024-03-09,2024-03-18,38.0,13.0,road,32.52,delivered
PO-000491,SUP-024,SKU-00007,WH-SOUTH,2024-03-11,2024-03-20,2024-03-21,38.0,13.0,air,51.14,delivered
PO-000492,SUP-024,SKU-00007,WH-SOUTH,2024-04-01,2024-04-27,2024-04-27,29.0,13.0,ocean,13.8,delivered
PO-000493,SUP-024,SKU-00007,WH-SOUTH,2024-04-22,2024-05-18,2024-04-23,31.0,13.0,ocean,15.55,delivered
PO-000494,SUP-024,SKU-00007,WH-SOUTH,2024-05-27,2024-06-17,2024-06-09,37.0,13.0,rail,24.39,delivered
PO-000495,SUP-024,SKU-00007,WH-SOUTH,2024-06-24,2024-07-20,2024-07-14,36.0,13.0,ocean,19.6,delivered
PO-000496,SUP-024,SKU-00007,WH-SOUTH,2024-07-22,2024-07-31,2024-08-03,36.0,13.0,air,50.46,delivered
PO-000497,SUP-024,SKU-00007,WH-SOUTH,2024-08-19,2024-09-09,2024-09-10,39.0,13.0,rail,21.06,delivered
PO-000498,SUP-024,SKU-00007,WH-SOUTH,2024-09-02,2024-09-21,2024-09-27,32.0,13.0,road,28.75,delivered
PO-000499,SUP-024,SKU-00007,WH-SOUTH,2024-09-16,2024-10-12,2024-10-09,29.0,13.0,ocean,17.39,delivered
PO-000500,SUP-024,SKU-00007,WH-SOUTH,2024-10-07,2024-10-16,2024-10-16,43.0,13.0,air,77.85,delivered
PO-000501,SUP-024,SKU-00007,WH-SOUTH,2024-10-21,2024-11-16,2024-11-14,35.0,13.0,ocean,17.2,delivered
PO-000502,SUP-024,SKU-00007,WH-SOUTH,2024-11-04,2024-11-30,2024-12-05,35.0,13.0,ocean,,delivered
PO-000503,SUP-024,SKU-00007,WH-SOUTH,2024-11-25,2024-12-04,2024-12-08,45.0,13.0,air,80.49,delivered
PO-000504,SUP-024,SKU-00007,WH-SOUTH,2024-12-16,2025-01-06,2025-01-21,28.0,13.0,rail,16.28,delivered
PO-000505,SUP-024,SKU-00007,WH-SOUTH,2024-12-30,2025-01-20,2025-01-26,31.0,13.0,rail,22.79,delivered
PO-000506,SUP-024,SKU-00007,WH-SOUTH,2025-01-27,2025-02-22,2025-02-03,37.0,13.0,ocean,19.93,delivered
PO-000507,SUP-024,SKU-00007,WH-SOUTH,2025-02-10,2025-03-08,2025-03-01,36.0,13.0,ocean,17.6,delivered
PO-000508,SUP-024,SKU-00007,WH-SOUTH,2025-03-03,2025-03-29,2025-03-16,37.0,13.0,ocean,22.74,delivered
PO-000509,SUP-024,SKU-00007,WH-SOUTH,2025-03-24,2025-04-19,2025-04-20,42.0,13.0,ocean,23.6,delivered
PO-000510,SUP-024,SKU-00007,WH-SOUTH,2025-04-14,2025-04-23,2025-04-23,36.0,13.0,air,51.44,delivered
PO-000511,SUP-024,SKU-00007,WH-SOUTH,2025-05-05,2025-05-26,2025-05-24,28.0,13.0,rail,18.23,delivered
PO-000512,SUP-024,SKU-00007,WH-SOUTH,2025-05-26,2025-06-14,2025-06-10,41.0,13.0,road,32.7,delivered
PO-000513,SUP-024,SKU-00007,WH-SOUTH,2025-06-09,2025-06-30,2025-06-25,29.0,13.0,rail,22.24,delivered
PO-000514,SUP-024,SKU-00007,WH-SOUTH,2025-06-30,2025-07-26,2025-07-27,38.0,13.0,ocean,16.42,delivered
PO-000515,SUP-024,SKU-00007,WH-SOUTH,2025-07-21,2025-07-30,2025-07-27,30.0,13.0,air,46.31,delivered
PO-000516,SUP-024,SKU-00007,WH-SOUTH,2025-08-11,2025-08-20,2025-08-26,40.0,13.0,air,57.99,delivered
PO-000517,SUP-024,SKU-00007,WH-SOUTH,2025-09-01,2025-09-27,2025-09-25,42.0,13.0,ocean,23.38,delivered
PO-000518,SUP-024,SKU-00007,WH-SOUTH,2025-09-15,2025-10-11,2025-10-01,29.0,13.0,ocean,15.16,delivered
PO-000519,SUP-024,SKU-00007,WH-SOUTH,2025-10-06,2025-11-01,2025-10-29,41.0,13.0,ocean,19.29,delivered
PO-000520,SUP-024,SKU-00007,WH-SOUTH,2025-10-20,2025-10-29,2025-10-28,39.0,13.0,air,61.68,delivered
PO-000521,SUP-024,SKU-00007,WH-SOUTH,2025-11-10,2025-12-01,2025-12-05,49.0,13.0,rail,30.66,delivered
PO-000522,SUP-024,SKU-00007,WH-SOUTH,2025-11-24,2025-12-15,2025-12-13,31.0,13.0,rail,22.5,delivered
PO-000523,SUP-024,SKU-00007,WH-SOUTH,2025-12-15,2026-01-03,,33.0,13.0,road,26.6,open
PO-000524,SUP-002,SKU-00008,WH-WEST,2024-01-15,2024-02-03,2024-02-09,132.0,25.5,road,202.82,delivered
PO-000525,SUP-002,SKU-00008,WH-WEST,2024-01-29,2024-02-23,2024-02-16,148.0,25.5,ocean,153.6,delivered
PO-000526,SUP-002,SKU-00008,WH-WEST,2024-02-19,2024-02-27,2024-02-28,232.0,25.5,air,725.02,delivered
PO-000527,SUP-002,SKU-00008,WH-WEST,2024-03-11,2024-04-01,2024-03-21,158.0,25.5,rail,174.74,delivered
PO-000528,SUP-002,SKU-00008,WH-WEST,2024-04-01,2024-04-09,2024-04-14,189.0,25.5,air,668.69,delivered
PO-000529,SUP-002,SKU-00008,WH-WEST,2024-04-15,2024-05-10,2024-05-16,148.0,25.5,ocean,177.49,delivered
PO-000530,SUP-002,SKU-00008,WH-WEST,2024-04-29,2024-05-24,2024-06-02,171.0,25.5,ocean,171.36,delivered
PO-000531,SUP-002,SKU-00008,WH-WEST,2024-05-27,2024-06-04,2024-06-06,180.0,25.5,air,577.63,delivered
PO-000532,SUP-002,SKU-00008,WH-WEST,2024-06-10,2024-06-18,2024-06-18,152.0,25.5,air,437.5,delivered
PO-000533,SUP-002,SKU-00008,WH-WEST,2024-06-24,2024-07-15,2024-07-16,208.0,25.5,rail,267.62,delivered
PO-000534,SUP-002,SKU-00008,WH-WEST,2024-07-08,2024-07-16,2024-07-14,167.0,25.5,air,441.72,delivered
PO-000535,SUP-002,SKU-00008,WH-WEST,2024-07-22,2024-07-30,2024-08-05,137.0,25.5,air,337.15,delivered
PO-000536,SUP-002,SKU-00008,WH-WEST,2024-08-05,2024-08-24,2024-09-03,207.0,25.5,road,283.28,delivered
PO-000537,SUP-002,SKU-00008,WH-WEST,2024-08-19,2024-08-27,2024-08-30,168.0,25.5,air,465.22,delivered
PO-000538,SUP-002,SKU-00008,WH-WEST,2024-09-09,2024-09-17,2024-09-13,133.0,25.5,air,333.45,delivered
PO-000539,SUP-002,SKU-00008,WH-WEST,2024-09-23,2024-10-18,2024-10-22,169.0,25.5,ocean,159.74,delivered
PO-000540,SUP-002,SKU-00008,WH-WEST,2024-10-07,2024-10-15,2024-10-13,173.0,25.5,air,428.18,delivered
PO-000541,SUP-002,SKU-00008,WH-WEST,2024-10-28,2024-11-22,2024-11-25,210.0,25.5,ocean,253.84,delivered
PO-000542,SUP-002,SKU-00008,WH-WEST,2024-11-11,2024-12-06,2024-12-18,165.0,25.5,OCEAN,169.39,delivered
PO-000543,SUP-002,SKU-00008,WH-WEST,2024-12-09,2024-12-30,2024-12-29,140.0,25.5,rail,161.54,delivered
PO-000544,SUP-002,SKU-00008,WH-WEST,2024-12-30,2025-01-18,2025-01-11,186.0,25.5,road,262.28,delivered
PO-000545,SUP-002,SKU-00008,WH-WEST,2025-01-20,2025-02-08,2025-02-11,156.0,25.5,road,223.61,delivered
PO-000546,SUP-002,SKU-00008,WH-WEST,2025-02-10,2025-02-18,2025-02-19,163.0,25.5,air,445.17,delivered
PO-000547,SUP-002,SKU-00008,WH-WEST,2025-03-03,2025-03-28,2025-03-25,160.0,25.5,ocean,178.74,delivered
PO-000548,SUP-002,SKU-00008,WH-WEST,2025-03-24,2025-04-12,2025-04-08,149.0,25.5,road,228.52,delivered
PO-000549,SUP-002,SKU-00008,WH-WEST,2025-04-14,2025-05-09,2025-04-27,190.0,25.5,ocean,210.87,delivered
PO-000550,SUP-002,SKU-00008,WH-WEST,2025-04-28,2025-05-06,2025-05-09,153.0,25.5,air,517.13,delivered
PO-000551,SUP-002,SKU-00008,WH-WEST,2025-05-12,2025-06-06,2025-06-06,174.0,25.5,ocean,176.91,delivered
PO-000552,SUP-002,SKU-00008,WH-WEST,2025-05-26,2025-06-20,2025-06-19,147.0,25.5,ocean,131.08,delivered
PO-000553,SUP-002,SKU-00008,WH-WEST,2025-06-16,2025-06-24,2025-06-25,192.0,25.5,air,589.41,delivered
PO-000554,SUP-002,SKU-00008,WH-WEST,2025-06-30,2025-07-21,2025-07-16,212.0,25.5,rail,264.5,delivered
PO-000555,SUP-002,SKU-00008,WH-WEST,2025-07-14,2025-07-22,2025-07-26,163.0,25.5,air,580.6,delivered
PO-000556,SUP-002,SKU-00008,WH-WEST,2025-07-28,2025-08-22,2025-08-29,170.0,25.5,ocean,200.89,delivered
PO-000557,SUP-002,SKU-00008,WH-WEST,2025-08-11,2025-08-19,2025-08-17,171.0,25.5,air,582.0,delivered
PO-000558,SUP-002,SKU-00008,WH-WEST,2025-08-25,2025-09-19,2025-09-28,160.0,25.5,ocean,161.8,delivered
PO-000559,SUP-002,SKU-00008,WH-WEST,2025-09-08,2025-09-16,2025-09-25,183.0,25.5,air,603.85,delivered
PO-000560,SUP-002,SKU-00008,WH-WEST,2025-10-06,2025-10-31,2025-11-04,168.0,25.5,ocean,197.87,delivered
PO-000561,SUP-002,SKU-00008,WH-WEST,2025-10-20,2025-11-14,2025-11-17,151.0,25.5,ocean,147.15,delivered
PO-000562,SUP-002,SKU-00008,WH-WEST,2025-11-17,2025-12-12,2025-12-14,178.0,25.5,ocean,169.47,delivered
PO-000563,SUP-002,SKU-00008,WH-WEST,2025-12-01,2025-12-09,2025-12-08,139.0,25.5,air,349.45,delivered
PO-000564,SUP-002,SKU-00008,WH-WEST,2025-12-22,2026-01-12,,147.0,25.5,rail,184.13,open
PO-000565,SUP-001,SKU-00009,WH-WEST,2024-01-15,2024-01-18,2024-01-18,66.0,1.86,rail,7.03,delivered
PO-000566,SUP-001,SKU-00009,WH-WEST,2024-02-05,2024-02-08,2024-02-09,81.0,1.86,rail,8.8,delivered
PO-000567,SUP-001,SKU-00009,WH-WEST,2024-02-26,2024-02-29,2024-02-28,76.0,1.86,road,9.74,delivered
PO-000568,SUP-001,SKU-00009,WH-WEST,2024-03-11,2024-03-12,2024-03-13,63.0,1.86,air,12.4,delivered
PO-000569,SUP-001,SKU-00009,WH-WEST,2024-03-25,2024-03-28,2024-03-29,70.0,1.86,rail,7.38,delivered
PO-000570,SUP-001,SKU-00009,WH-WEST,2024-04-08,2024-04-11,2024-04-11,71.0,1.86,road,8.42,delivered
PO-000571,SUP-001,SKU-00009,WH-WEST,2024-04-22,2024-04-23,2024-04-24,82.0,1.86,air,17.08,delivered
PO-000572,SUP-001,SKU-00009,WH-WEST,2024-05-06,2024-05-07,2024-05-08,84.0,1.86,air,19.51,delivered
PO-000573,SUP-001,SKU-00009,WH-WEST,2024-05-20,2024-05-21,2024-05-22,84.0,1.86,air,18.98,delivered
PO-000574,SUP-001,SKU-00009,WH-WEST,2024-06-03,2024-06-04,2024-06-05,84.0,1.86,air,16.69,delivered
PO-000575,SUP-001,SKU-00009,WH-WEST,2024-06-17,2024-06-18,2024-06-19,84.0,1.86,air,18.99,delivered
PO-000576,SUP-001,SKU-00009,WH-WEST,2024-07-01,2024-07-04,2024-07-02,84.0,1.86,road,8.32,delivered
PO-000577,SUP-001,SKU-00009,WH-WEST,2024-07-15,2024-07-18,2024-07-17,84.0,1.86,road,10.3,delivered
PO-000578,SUP-001,SKU-00009,WH-WEST,2024-07-29,2024-07-30,2024-07-30,84.0,1.86,air,18.8,delivered
PO-000579,SUP-001,SKU-00009,WH-WEST,2024-08-12,2024-08-13,2024-08-13,84.0,1.86,air,17.69,delivered
PO-000580,SUP-001,SKU-00009,WH-WEST,2024-08-26,2024-08-29,2024-08-29,84.0,1.86,road,8.53,delivered
PO-000581,SUP-001,SKU-00009,WH-WEST,2024-09-09,2024-09-12,2024-09-11,84.0,1.86,road,8.53,delivered
PO-000582,SUP-001,SKU-00009,WH-WEST,2024-09-23,2024-09-24,2024-09-25,84.0,1.86,air,19.01,delivered
PO-000583,SUP-001,SKU-00009,WH-WEST,2024-10-07,2024-10-08,2024-10-09,84.0,1.86,air,15.57,delivered
PO-000584,SUP-001,SKU-00009,WH-WEST,2024-10-21,2024-10-22,2024-10-23,84.0,1.86,air,20.31,delivered
PO-000585,SUP-001,SKU-00009,WH-WEST,2024-11-04,2024-11-05,2024-11-06,84.0,1.86,air,20.75,delivered
PO-000586,SUP-001,SKU-00009,WH-WEST,2024-11-18,2024-11-21,2024-11-21,84.0,1.86,road,9.83,delivered
PO-000587,SUP-001,SKU-00009,WH-WEST,2024-12-02,2024-12-05,2024-12-04,78.0,1.86,road,8.41,delivered
PO-000588,SUP-001,SKU-00009,WH-WEST,2024-12-16,2024-12-19,2024-12-19,75.0,1.86,rail,7.14,delivered
PO-000589,SUP-001,SKU-00009,WH-WEST,2024-12-30,2025-01-02,2025-01-02,71.0,1.86,rail,6.38,delivered
PO-000590,SUP-001,SKU-00009,WH-WEST,2025-01-13,2025-01-16,2025-01-14,64.0,1.86,rail,6.72,delivered
PO-000591,SUP-001,SKU-00009,WH-WEST,2025-01-27,2025-01-30,2025-02-01,63.0,1.86,rail,5.35,delivered
PO-000592,SUP-001,SKU-00009,WH-WEST,2025-02-10,2025-02-11,2025-02-12,83.0,1.86,air,14.86,delivered
PO-000593,SUP-001,SKU-00009,WH-WEST,2025-02-24,2025-02-27,2025-02-27,64.0,1.86,road,6.48,delivered
PO-000594,SUP-001,SKU-00009,WH-WEST,2025-03-10,2025-03-13,2025-03-13,73.0,1.86,rail,6.66,delivered
PO-000595,SUP-001,SKU-00009,WH-WEST,2025-03-24,2025-03-27,2025-03-28,80.0,1.86,rail,6.08,delivered
PO-000596,SUP-001,SKU-00009,WH-WEST,2025-04-07,2025-04-10,2025-04-10,74.0,1.86,road,8.19,delivered
PO-000597,SUP-001,SKU-00009,WH-WEST,2025-04-21,2025-04-24,2025-04-25,84.0,1.86,rail,9.04,delivered
PO-000598,SUP-001,SKU-00009,WH-WEST,2025-05-05,2025-05-06,2025-05-07,84.0,1.86,air,21.71,delivered
PO-000599,SUP-001,SKU-00009,WH-WEST,2025-05-19,2025-05-20,2025-05-21,84.0,1.86,air,15.37,delivered
PO-000600,SUP-001,SKU-00009,WH-WEST,2025-06-02,2025-06-03,2025-06-03,84.0,1.86,air,15.28,delivered
PO-000601,SUP-001,SKU-00009,WH-WEST,2025-06-09,2025-06-12,2025-06-14,63.0,1.86,road,6.32,delivered
PO-000602,SUP-001,SKU-00009,WH-WEST,2025-06-23,2025-06-24,2025-06-25,84.0,1.86,air,17.07,delivered
PO-000603,SUP-001,SKU-00009,WH-WEST,2025-06-30,2025-07-03,2025-07-01,75.0,1.86,rail,6.17,delivered
PO-000604,SUP-001,SKU-00009,WH-WEST,2025-07-07,2025-07-10,2025-07-10,69.0,1.86,road,8.28,delivered
PO-000605,SUP-001,SKU-00009,WH-WEST,2025-07-14,2025-07-17,2025-07-18,69.0,1.86,road,6.55,delivered
PO-000606,SUP-001,SKU-00009,WH-WEST,2025-07-21,2025-07-24,2025-07-24,76.0,1.86,road,7.8,delivered
PO-000607,SUP-001,SKU-00009,WH-WEST,2025-08-04,2025-08-07,2025-08-08,84.0,1.86,road,9.07,delivered
PO-000608,SUP-001,SKU-00009,WH-WEST,2025-08-18,2025-08-21,2025-08-24,84.0,1.86,rail,8.64,delivered
PO-000609,SUP-001,SKU-00009,WH-WEST,2025-09-01,2025-09-04,2025-09-03,82.0,1.86,road,10.18,delivered
PO-000610,SUP-001,SKU-00009,WH-WEST,2025-09-15,2025-09-16,2025-09-17,84.0,1.86,air,18.43,delivered
PO-000611,SUP-001,SKU-00009,WH-WEST,2025-09-29,2025-09-30,2025-09-30,84.0,1.86,air,18.12,delivered
PO-000612,SUP-001,SKU-00009,WH-WEST,2025-10-13,2025-10-14,2025-10-14,84.0,1.86,air,19.51,delivered
PO-000613,SUP-001,SKU-00009,WH-WEST,2025-10-27,2025-10-28,2025-10-29,84.0,1.86,air,17.61,delivered
PO-000614,SUP-001,SKU-00009,WH-WEST,2025-11-10,2025-11-11,2025-11-12,84.0,1.86,air,19.82,delivered
PO-000615,SUP-001,SKU-00009,WH-WEST,2025-11-24,2025-11-25,2025-11-27,84.0,1.86,air,15.23,delivered
PO-000616,SUP-001,SKU-00009,WH-WEST,2025-12-08,2025-12-11,2025-12-11,71.0,1.86,road,8.93,delivered
PO-000617,SUP-001,SKU-00009,WH-WEST,2025-12-22,2025-12-23,2025-12-23,84.0,1.86,air,16.79,delivered
PO-000618,SUP-001,SKU-00009,WH-EU,2024-01-15,2024-01-18,2024-01-17,46.0,1.86,road,5.64,delivered
PO-000619,SUP-001,SKU-00009,WH-EU,2024-02-05,2024-02-06,2024-02-07,57.0,1.86,air,14.26,delivered
PO-000620,SUP-001,SKU-00009,WH-EU,2024-02-26,2024-02-27,2024-02-27,55.0,1.86,air,11.07,delivered
PO-000621,SUP-001,SKU-00009,WH-EU,2024-03-11,2024-03-12,2024-03-13,44.0,1.86,air,9.58,delivered
PO-000622,SUP-001,SKU-00009,WH-EU,2024-03-25,2024-03-28,2024-03-28,48.0,1.86,rail,5.31,delivered
PO-000623,SUP-001,SKU-00009,WH-EU,2024-04-08,2024-04-11,2024-04-09,50.0,1.86,road,6.5,delivered
PO-000624,SUP-001,SKU-00009,WH-EU,2024-04-22,2024-04-23,2024-04-23,53.0,1.86,air,12.45,delivered
PO-000625,SUP-001,SKU-00009,WH-EU,2024-05-06,2024-05-07,2024-05-08,57.0,1.86,air,10.18,delivered
PO-000626,SUP-001,SKU-00009,WH-EU,2024-05-20,2024-05-21,2024-05-22,57.0,1.86,air,13.25,delivered
PO-000627,SUP-001,SKU-00009,WH-EU,2024-06-03,2024-06-04,2024-06-04,57.0,1.86,air,13.6,delivered
PO-000628,SUP-001,SKU-00009,WH-EU,2024-06-17,2024-06-18,2024-06-18,57.0,1.86,air,15.0,delivered
PO-000629,SUP-001,SKU-00009,WH-EU,2024-07-01,2024-07-02,2024-07-02,57.0,1.86,air,15.23,delivered
PO-000630,SUP-001,SKU-00009,WH-EU,2024-07-15,2024-07-16,2024-07-16,57.0,1.86,air,14.44,delivered
PO-000631,SUP-001,SKU-00009,WH-EU,2024-07-22,2024-07-25,2024-07-28,43.0,1.86,rail,3.39,delivered
PO-000632,SUP-001,SKU-00009,WH-EU,2024-08-05,2024-08-06,2024-08-06,57.0,1.86,air,13.28,delivered
PO-000633,SUP-001,SKU-00009,WH-EU,2024-08-12,2024-08-15,2024-08-16,52.0,1.86,road,6.25,delivered
PO-000634,SUP-001,SKU-00009,WH-EU,2024-08-26,2024-08-27,2024-08-27,57.0,1.86,air,12.71,delivered
PO-000635,SUP-001,SKU-00009,WH-EU,2024-09-09,2024-09-10,2024-09-10,57.0,1.86,air,10.5,delivered
PO-000636,SUP-001,SKU-00009,WH-EU,2024-09-23,2024-09-24,2024-09-29,57.0,1.86,air,12.14,delivered
PO-000637,SUP-001,SKU-00009,WH-EU,2024-10-07,2024-10-10,2024-10-10,48.0,1.86,road,4.3,delivered
PO-000638,SUP-001,SKU-00009,WH-EU,2024-10-21,2024-10-22,2024-10-23,57.0,1.86,air,10.19,delivered
PO-000639,SUP-001,SKU-00009,WH-EU,2024-11-04,2024-11-05,2024-11-06,57.0,1.86,air,10.54,delivered
PO-000640,SUP-001,SKU-00009,WH-EU,2024-11-18,2024-11-19,2024-11-19,57.0,1.86,air,13.16,delivered
PO-000641,SUP-001,SKU-00009,WH-EU,2024-11-25,2024-11-28,2024-11-30,47.0,1.86,road,4.22,delivered
PO-000642,SUP-001,SKU-00009,WH-EU,2024-12-09,2024-12-10,2024-12-11,48.0,1.86,air,11.93,delivered
PO-000643,SUP-001,SKU-00009,WH-EU,2024-12-23,2024-12-26,2024-12-27,53.0,1.86,rail,4.32,delivered
PO-000644,SUP-001,SKU-00009,WH-EU,2025-01-13,2025-01-14,2025-01-14,57.0,1.86,air,10.2,delivered
PO-000645,SUP-001,SKU-00009,WH-EU,2025-02-03,2025-02-04,2025-02-04,57.0,1.86,air,15.21,delivered
PO-000646,SUP-001,SKU-00009,WH-EU,2025-02-17,2025-02-20,2025-02-19,43.0,1.86,rail,3.23,delivered
PO-000647,SUP-001,SKU-00009,WH-EU,2025-03-03,2025-03-06,2025-03-05,50.0,1.86,road,5.86,delivered
PO-000648,SUP-001,SKU-00009,WH-EU,2025-03-17,2025-03-20,2025-03-22,51.0,1.86,road,6.32,delivered
PO-000649,SUP-001,SKU-00009,WH-EU,2025-03-31,2025-04-03,2025-04-03,53.0,1.86,road,6.45,delivered
PO-000650,SUP-001,SKU-00009,WH-EU,2025-04-14,2025-04-17,2025-04-18,49.0,1.86,rail,4.75,delivered
PO-000651,SUP-001,SKU-00009,WH-EU,2025-04-28,2025-04-29,2025-04-29,57.0,1.86,air,13.83,delivered
PO-000652,SUP-001,SKU-00009,WH-EU,2025-05-12,2025-05-15,2025-05-17,57.0,1.86,road,6.62,delivered
PO-000653,SUP-001,SKU-00009,WH-EU,2025-05-26,2025-05-29,2025-05-29,57.0,1.86,road,7.5,delivered
PO-000654,SUP-001,SKU-00009,WH-EU,2025-06-09,2025-06-10,2025-06-10,57.0,1.86,air,10.6,delivered
PO-000655,SUP-001,SKU-00009,WH-EU,2025-06-23,2025-06-24,2025-06-25,57.0,1.86,air,15.23,delivered
PO-000656,SUP-001,SKU-00009,WH-EU,2025-06-30,2025-07-01,2025-07-01,52.0,1.86,air,13.02,delivered
PO-000657,SUP-001,SKU-00009,WH-EU,2025-07-07,2025-07-10,2025-07-10,57.0,1.86,road,5.32,delivered
PO-000658,SUP-001,SKU-00009,WH-EU,2025-07-21,2025-07-24,2025-07-22,57.0,1.86,rail,5.11,delivered
PO-000659,SUP-001,SKU-00009,WH-EU,2025-07-28,2025-07-29,2025-07-29,49.0,1.86,air,10.85,delivered
PO-000660,SUP-001,SKU-00009,WH-EU,2025-08-04,2025-08-07,2025-08-07,51.0,1.86,road,5.08,delivered
PO-000661,SUP-001,SKU-00009,WH-EU,2025-08-18,2025-08-19,2025-08-19,57.0,1.86,air,13.51,delivered
PO-000662,SUP-001,SKU-00009,WH-EU,2025-08-25,2025-08-28,2025-08-27,48.0,1.86,rail,4.97,delivered
PO-000663,SUP-001,SKU-00009,WH-EU,2025-09-01,2025-09-04,2025-09-04,46.0,1.86,road,5.8,delivered
PO-000664,SUP-001,SKU-00009,WH-EU,2025-09-08,2025-09-11,2025-09-13,47.0,1.86,rail,3.65,delivered
PO-000665,SUP-001,SKU-00009,WH-EU,2025-09-22,2025-09-23,2025-09-24,57.0,1.86,air,11.92,delivered
PO-000666,SUP-001,SKU-00009,WH-EU,2025-10-06,2025-10-09,2025-10-10,57.0,1.86,rail,4.63,delivered
PO-000667,SUP-001,SKU-00009,WH-EU,2025-10-20,2025-10-21,2025-10-21,57.0,1.86,air,14.45,delivered
PO-000668,SUP-001,SKU-00009,WH-EU,2025-11-03,2025-11-04,2025-11-04,57.0,1.86,air,11.03,delivered
PO-000669,SUP-001,SKU-00009,WH-EU,2025-11-10,2025-11-13,2025-11-14,47.0,1.86,road,5.53,delivered
PO-000670,SUP-001,SKU-00009,WH-EU,2025-11-24,2025-11-25,2025-11-26,57.0,1.86,air,14.33,delivered
PO-000671,SUP-001,SKU-00009,WH-EU,2025-12-08,2025-12-09,2025-12-10,57.0,1.86,air,13.95,delivered
PO-000672,SUP-001,SKU-00009,WH-EU,2025-12-22,2025-12-25,2025-12-26,47.0,1.86,road,6.01,delivered
PO-000673,SUP-001,SKU-00009,WH-SOUTH,2024-01-15,2024-01-18,2024-01-17,66.0,1.86,road,6.22,delivered
PO-000674,SUP-001,SKU-00009,WH-SOUTH,2024-02-05,2024-02-06,2024-02-06,88.0,1.86,air,18.75,delivered
PO-000675,SUP-001,SKU-00009,WH-SOUTH,2024-02-26,2024-02-27,2024-02-27,88.0,1.86,air,18.51,delivered
PO-000676,SUP-001,SKU-00009,WH-SOUTH,2024-03-11,2024-03-14,2024-03-15,67.0,1.86,rail,7.36,delivered
PO-000677,SUP-001,SKU-00009,WH-SOUTH,2024-03-25,2024-03-28,2024-03-28,71.0,1.86,road,6.84,delivered
PO-000678,SUP-001,SKU-00009,WH-SOUTH,2024-04-08,2024-04-11,2024-04-12,81.0,1.86,rail,8.64,delivered
PO-000679,SUP-001,SKU-00009,WH-SOUTH,2024-04-22,2024-04-25,2024-04-24,75.0,1.86,road,9.33,delivered
PO-000680,SUP-001,SKU-00009,WH-SOUTH,2024-05-06,2024-05-07,2024-05-08,88.0,1.86,air,20.86,delivered
PO-000681,SUP-001,SKU-00009,WH-SOUTH,2024-05-20,2024-05-21,2024-05-21,88.0,1.86,air,20.77,delivered
PO-000682,SUP-001,SKU-00009,WH-SOUTH,2024-06-03,2024-06-04,2024-06-04,88.0,1.86,air,20.0,delivered
PO-000683,SUP-001,SKU-00009,WH-SOUTH,2024-06-17,2024-06-18,2024-06-18,88.0,1.86,air,20.66,delivered
PO-000684,SUP-001,SKU-00009,WH-SOUTH,2024-06-24,2024-06-27,2024-06-29,78.0,1.86,road,8.34,delivered
PO-000685,SUP-001,SKU-00009,WH-SOUTH,2024-07-08,2024-07-11,2024-07-10,88.0,1.86,road,8.62,delivered
PO-000686,SUP-001,SKU-00009,WH-SOUTH,2024-07-22,2024-07-25,2024-07-28,88.0,1.86,rail,8.69,delivered
PO-000687,SUP-001,SKU-00009,WH-SOUTH,2024-08-05,2024-08-06,2024-08-06,88.0,1.86,air,23.3,delivered
PO-000688,SUP-001,SKU-00009,WH-SOUTH,2024-08-12,2024-08-15,2024-08-14,72.0,1.86,rail,7.09,delivered
PO-000689,SUP-001,SKU-00009,WH-SOUTH,2024-08-26,2024-08-27,2024-08-27,88.0,1.86,air,16.52,delivered
PO-000690,SUP-001,SKU-00009,WH-SOUTH,2024-09-02,2024-09-03,2024-09-03,70.0,1.86,air,13.74,delivered
PO-000691,SUP-001,SKU-00009,WH-SOUTH,2024-09-16,2024-09-17,2024-09-17,88.0,1.86,air,19.64,delivered
PO-000692,SUP-001,SKU-00009,WH-SOUTH,2024-09-30,2024-10-01,2024-10-02,88.0,1.86,air,,delivered
PO-000693,SUP-001,SKU-00009,WH-SOUTH,2024-10-14,2024-10-15,2024-10-16,88.0,1.86,air,23.51,delivered
PO-000694,SUP-001,SKU-00009,WH-SOUTH,2024-10-28,2024-10-29,2024-10-30,88.0,1.86,air,23.56,delivered
PO-000695,SUP-001,SKU-00009,WH-SOUTH,2024-11-11,2024-11-12,2024-11-12,88.0,1.86,air,22.75,delivered
PO-000696,SUP-001,SKU-00009,WH-SOUTH,2024-11-18,2024-11-21,2024-11-22,77.0,1.86,rail,,delivered
PO-000697,SUP-001,SKU-00009,WH-SOUTH,2024-12-02,2024-12-05,2024-12-06,79.0,1.86,rail,6.35,delivered
PO-000698,SUP-001,SKU-00009,WH-SOUTH,2024-12-16,2024-12-19,2024-12-20,70.0,1.86,road,6.34,delivered
PO-000699,SUP-001,SKU-00009,WH-SOUTH,2024-12-30,2025-01-02,2024-12-31,74.0,1.86,rail,7.04,delivered
PO-000700,SUP-001,SKU-00009,WH-SOUTH,2025-01-13,2025-01-16,2025-01-17,73.0,1.86,road,8.38,delivered
PO-000701,SUP-001,SKU-00009,WH-SOUTH,2025-02-03,2025-02-04,2025-02-05,88.0,1.86,air,19.27,delivered
PO-000702,SUP-001,SKU-00009,WH-SOUTH,2025-02-24,2025-02-25,2025-02-25,88.0,1.86,air,22.85,delivered
PO-000703,SUP-001,SKU-00009,WH-SOUTH,2025-03-10,2025-03-13,2025-03-14,72.0,1.86,rail,6.33,delivered
PO-000704,SUP-001,SKU-00009,WH-SOUTH,2025-03-24,2025-03-25,2025-03-27,88.0,1.86,air,22.93,delivered
PO-000705,SUP-001,SKU-00009,WH-SOUTH,2025-04-07,2025-04-10,2025-04-10,69.0,1.86,rail,7.45,delivered
PO-000706,SUP-001,SKU-00009,WH-SOUTH,2025-04-21,2025-04-22,2025-04-22,88.0,1.86,air,20.05,delivered
PO-000707,SUP-001,SKU-00009,WH-SOUTH,2025-05-05,2025-05-06,2025-05-06,88.0,1.86,air,17.87,delivered
PO-000708,SUP-001,SKU-00009,WH-SOUTH,2025-05-19,2025-05-20,2025-05-21,88.0,1.86,air,19.53,delivered
PO-000709,SUP-001,SKU-00009,WH-SOUTH,2025-06-02,2025-06-03,2025-06-03,88.0,1.86,air,18.11,delivered
PO-000710,SUP-001,SKU-00009,WH-SOUTH,2025-06-09,2025-06-12,2025-06-11,69.0,1.86,road,,delivered
PO-000711,SUP-001,SKU-00009,WH-SOUTH,2025-06-16,2025-06-19,2025-06-19,76.0,1.86,road,7.33,delivered
PO-000712,SUP-001,SKU-00009,WH-SOUTH,2025-06-23,2025-06-26,2025-06-27,66.0,1.86,road,6.05,delivered
PO-000713,SUP-001,SKU-00009,WH-SOUTH,2025-06-30,2025-07-03,2025-07-03,88.0,1.86,rail,9.05,delivered
PO-000714,SUP-001,SKU-00009,WH-SOUTH,2025-07-14,2025-07-17,2025-07-16,88.0,1.86,road,8.21,delivered
PO-000715,SUP-001,SKU-00009,WH-SOUTH,2025-07-21,2025-07-24,2025-07-22,88.0,1.86,road,10.11,delivered
PO-000716,SUP-001,SKU-00009,WH-SOUTH,2025-07-28,2025-07-31,2025-07-31,76.0,1.86,road,9.08,delivered
PO-000717,SUP-001,SKU-00009,WH-SOUTH,2025-08-11,2025-08-14,2025-08-15,88.0,1.86,road,10.49,delivered
PO-000718,SUP-001,SKU-00009,WH-SOUTH,2025-08-25,2025-08-26,2025-08-27,88.0,1.86,air,16.01,delivered
PO-000719,SUP-001,SKU-00009,WH-SOUTH,2025-09-08,2025-09-09,2025-09-09,88.0,1.86,air,21.11,delivered
PO-000720,SUP-001,SKU-00009,WH-SOUTH,2025-09-15,2025-09-18,2025-09-16,69.0,1.86,rail,5.53,delivered
PO-000721,SUP-001,SKU-00009,WH-SOUTH,2025-09-22,2025-09-25,2025-09-26,73.0,1.86,road,6.76,delivered
PO-000722,SUP-001,SKU-00009,WH-SOUTH,2025-10-06,2025-10-09,2025-10-07,88.0,1.86,rail,7.97,delivered
PO-000723,SUP-001,SKU-00009,WH-SOUTH,2025-10-20,2025-10-21,2025-10-21,88.0,1.86,air,17.82,delivered
PO-000724,SUP-001,SKU-00009,WH-SOUTH,2025-11-03,2025-11-04,2025-11-04,88.0,1.86,AIR,21.39,delivered
PO-000725,SUP-001,SKU-00009,WH-SOUTH,2025-11-10,2025-11-13,2025-11-15,69.0,1.86,road,8.53,delivered
PO-000726,SUP-001,SKU-00009,WH-SOUTH,2025-11-24,2025-11-25,2025-11-26,88.0,1.86,air,15.72,delivered
PO-000727,SUP-001,SKU-00009,WH-SOUTH,2025-12-08,2025-12-09,2025-12-09,88.0,1.86,air,21.5,delivered
PO-000728,SUP-001,SKU-00009,WH-SOUTH,2025-12-22,2025-12-25,2025-12-26,88.0,1.86,RAIL,7.02,delivered
PO-000729,SUP-003,SKU-00010,WH-EAST,2024-01-15,2024-02-06,2024-01-31,170.0,17.23,road,174.01,delivered
PO-000730,SUP-003,SKU-00010,WH-EAST,2024-02-05,2024-02-29,2024-02-28,226.0,17.23,rail,208.26,delivered
PO-000731,SUP-003,SKU-00010,WH-EAST,2024-02-26,2024-03-27,2024-03-17,207.0,17.23,OCEAN,134.81,delivered
PO-000732,SUP-003,SKU-00010,WH-EAST,2024-03-11,2024-03-21,2024-03-20,180.0,17.23,air,342.96,delivered
PO-000733,SUP-003,SKU-00010,WH-EAST,2024-03-25,2024-04-24,2024-04-10,173.0,17.23,ocean,141.25,delivered
PO-000734,SUP-003,SKU-00010,WH-EAST,2024-04-15,2024-05-09,2024-05-24,173.0,17.23,rail,123.94,delivered
PO-000735,SUP-003,SKU-00010,WH-EAST,2024-05-06,2024-05-28,2024-05-31,182.0,17.23,road,225.07,delivered
PO-000736,SUP-003,SKU-00010,WH-EAST,2024-05-27,2024-06-26,2024-06-12,162.0,17.23,ocean,113.49,delivered
PO-000737,SUP-003,SKU-00010,WH-EAST,2024-06-17,2024-07-17,2024-07-27,159.0,17.23,ocean,126.47,delivered
PO-000738,SUP-003,SKU-00010,WH-EAST,2024-07-08,2024-08-07,2024-08-05,164.0,17.23,ocean,123.79,delivered
PO-000739,SUP-003,SKU-00010,WH-EAST,2024-07-29,2024-08-28,2024-08-31,172.0,17.23,ocean,111.04,delivered
PO-000740,SUP-003,SKU-00010,WH-EAST,2024-08-19,2024-09-12,2024-09-12,163.0,17.23,rail,156.05,delivered
PO-000741,SUP-003,SKU-00010,WH-EAST,2024-09-09,2024-10-09,2024-10-07,161.0,17.23,ocean,90.16,delivered
PO-000742,SUP-003,SKU-00010,WH-EAST,2024-09-30,2024-10-10,2024-10-10,172.0,17.23,air,344.69,delivered
PO-000743,SUP-003,SKU-00010,WH-EAST,2024-10-21,2024-11-20,2024-11-07,183.0,17.23,ocean,130.32,delivered
PO-000744,SUP-003,SKU-00010,WH-EAST,2024-11-11,2024-12-11,2024-12-18,192.0,17.23,ocean,128.29,delivered
PO-000745,SUP-003,SKU-00010,WH-EAST,2024-12-02,2024-12-12,2024-12-17,187.0,17.23,air,351.02,delivered
PO-000746,SUP-003,SKU-00010,WH-EAST,2024-12-23,2025-01-02,2024-12-31,172.0,17.23,air,329.97,delivered
PO-000747,SUP-003,SKU-00010,WH-EAST,2025-01-13,2025-02-12,2025-02-12,183.0,17.23,ocean,150.06,delivered
PO-000748,SUP-003,SKU-00010,WH-EAST,2025-02-03,2025-03-05,2025-03-19,227.0,17.23,ocean,136.64,delivered
PO-000749,SUP-003,SKU-00010,WH-EAST,2025-02-24,2025-03-06,2025-03-09,220.0,17.23,air,418.41,delivered
PO-000750,SUP-003,SKU-00010,WH-EAST,2025-03-24,2025-04-23,2025-04-16,188.0,17.23,ocean,152.34,delivered
PO-000751,SUP-003,SKU-00010,WH-EAST,2025-04-14,2025-05-14,2025-05-21,173.0,17.23,ocean,123.02,delivered
PO-000752,SUP-003,SKU-00010,WH-EAST,2025-05-12,2025-06-03,2025-06-07,199.0,17.23,road,178.66,delivered
PO-000753,SUP-003,SKU-00010,WH-EAST,2025-06-09,2025-07-03,2025-06-29,185.0,17.23,rail,141.05,delivered
PO-000754,SUP-003,SKU-00010,WH-EAST,2025-07-07,2025-07-29,2025-07-18,185.0,17.23,road,189.4,delivered
PO-000755,SUP-003,SKU-00010,WH-EAST,2025-08-04,2025-09-03,2025-08-15,179.0,17.23,ocean,129.35,delivered
PO-000756,SUP-003,SKU-00010,WH-EAST,2025-09-01,2025-10-01,2025-10-05,192.0,17.23,ocean,141.08,delivered
PO-000757,SUP-003,SKU-00010,WH-EAST,2025-09-22,2025-10-22,2025-10-20,163.0,17.23,ocean,114.43,delivered
PO-000758,SUP-003,SKU-00010,WH-EAST,2025-10-20,2025-11-13,2025-10-24,194.0,17.23,rail,167.16,delivered
PO-000759,SUP-003,SKU-00010,WH-EAST,2025-11-17,2025-12-17,2025-12-03,211.0,17.23,ocean,146.55,delivered
PO-000760,SUP-003,SKU-00010,WH-EAST,2025-12-08,2026-01-07,,158.0,17.23,ocean,87.99,open
PO-000761,SUP-003,SKU-00010,WH-APAC,2024-01-15,2024-02-14,2024-03-02,162.0,17.23,ocean,102.57,delivered
PO-000762,SUP-003,SKU-00010,WH-APAC,2024-02-05,2024-03-06,2024-03-09,232.0,17.23,ocean,128.24,delivered
PO-000763,SUP-003,SKU-00010,WH-APAC,2024-03-11,2024-04-10,2024-04-01,255.0,17.23,ocean,156.97,delivered
PO-000764,SUP-003,SKU-00010,WH-APAC,2024-03-25,2024-04-24,2024-05-01,161.0,17.23,ocean,102.82,delivered
PO-000765,SUP-003,SKU-00010,WH-APAC,2024-04-15,2024-05-15,2024-05-06,202.0,17.23,ocean,125.94,delivered
PO-000766,SUP-003,SKU-00010,WH-APAC,2024-05-06,2024-06-05,2024-06-04,180.0,17.23,ocean,101.59,delivered
PO-000767,SUP-003,SKU-00010,WH-APAC,2024-05-27,2024-06-18,2024-06-24,178.0,17.23,road,216.28,delivered
PO-000768,SUP-003,SKU-00010,WH-APAC,2024-06-17,2024-06-27,2024-06-29,186.0,17.23,air,444.33,delivered
PO-000769,SUP-003,SKU-00010,WH-APAC,2024-07-08,2024-07-18,2024-07-15,176.0,17.23,air,376.48,delivered
PO-000770,SUP-003,SKU-00010,WH-APAC,2024-07-29,2024-08-28,2024-08-30,168.0,17.23,ocean,130.39,delivered
PO-000771,SUP-003,SKU-00010,WH-APAC,2024-08-19,2024-09-18,2024-09-05,167.0,17.23,ocean,107.34,delivered
PO-000772,SUP-003,SKU-00010,WH-APAC,2024-09-09,2024-10-09,2024-09-25,170.0,17.23,ocean,131.46,delivered
PO-000773,SUP-003,SKU-00010,WH-APAC,2024-09-30,2024-10-30,2024-11-05,198.0,17.23,ocean,110.99,delivered
PO-000774,SUP-003,SKU-00010,WH-APAC,2024-10-21,2024-11-14,2024-11-10,190.0,17.23,rail,183.93,delivered
PO-000775,SUP-003,SKU-00010,WH-APAC,2024-11-11,2024-11-21,2024-11-18,168.0,17.23,air,287.94,delivered
PO-000776,SUP-003,SKU-00010,WH-APAC,2024-12-02,2024-12-12,2024-12-14,196.0,17.23,air,387.69,delivered
PO-000777,SUP-003,SKU-00010,WH-APAC,2024-12-23,2025-01-22,2025-01-18,206.0,17.23,ocean,124.31,delivered
PO-000778,SUP-003,SKU-00010,WH-APAC,2025-01-13,2025-01-23,2025-01-25,192.0,17.23,air,354.29,delivered
PO-000779,SUP-003,SKU-00010,WH-APAC,2025-02-03,2025-02-27,2025-02-14,199.0,17.23,rail,141.85,delivered
PO-000780,SUP-003,SKU-00010,WH-APAC,2025-02-24,2025-03-26,2025-03-22,220.0,17.23,ocean,127.31,delivered
PO-000781,SUP-003,SKU-00010,WH-APAC,2025-03-10,2025-04-09,2025-04-04,164.0,17.23,ocean,113.06,delivered
PO-000782,SUP-003,SKU-00010,WH-APAC,2025-03-31,2025-04-30,2025-04-21,173.0,17.23,ocean,121.68,delivered
PO-000783,SUP-003,SKU-00010,WH-APAC,2025-04-21,2025-05-15,2025-05-12,161.0,17.23,rail,146.57,delivered
PO-000784,SUP-003,SKU-00010,WH-APAC,2025-05-12,2025-06-05,2025-06-06,159.0,17.23,rail,118.18,delivered
PO-000785,SUP-003,SKU-00010,WH-APAC,2025-06-09,2025-07-01,2025-07-03,200.0,17.23,road,220.78,delivered
PO-000786,SUP-003,SKU-00010,WH-APAC,2025-07-07,2025-08-06,2025-08-07,186.0,17.23,ocean,114.46,delivered
PO-000787,SUP-003,SKU-00010,WH-APAC,2025-08-04,2025-09-03,2025-08-20,197.0,17.23,ocean,111.2,delivered
PO-000788,SUP-003,SKU-00010,WH-APAC,2025-09-01,2025-10-01,2025-09-18,184.0,17.23,ocean,125.37,delivered
PO-000789,SUP-003,SKU-00010,WH-APAC,2025-09-22,2025-10-22,2025-10-26,176.0,17.23,ocean,129.67,delivered
PO-000790,SUP-003,SKU-00010,WH-APAC,2025-10-20,2025-11-19,2025-11-14,208.0,17.23,ocean,154.57,delivered
PO-000791,SUP-003,SKU-00010,WH-APAC,2025-11-10,2025-12-04,2025-12-07,170.0,17.23,rail,142.28,delivered
PO-000792,SUP-003,SKU-00010,WH-APAC,2025-12-01,2025-12-31,,178.0,17.23,ocean,137.34,open
PO-000793,SUP-003,SKU-00010,WH-APAC,2025-12-15,2026-01-14,,163.0,17.23,ocean,114.0,open
PO-000794,SUP-001,SKU-00011,WH-EU,2024-01-15,2024-01-18,2024-01-17,36.0,1.06,rail,1.7,delivered
PO-000795,SUP-001,SKU-00011,WH-EU,2024-02-05,2024-02-06,2024-02-06,46.0,1.06,air,5.79,delivered
PO-000796,SUP-001,SKU-00011,WH-EU,2024-02-26,2024-02-27,2024-02-27,49.0,1.06,air,5.78,delivered
PO-000797,SUP-001,SKU-00011,WH-EU,2024-03-11,2024-03-14,2024-03-15,39.0,1.06,rail,1.77,delivered
PO-000798,SUP-001,SKU-00011,WH-EU,2024-03-25,2024-03-26,2024-03-27,37.0,1.06,air,4.33,delivered
PO-000799,SUP-001,SKU-00011,WH-EU,2024-04-08,2024-04-11,2024-04-10,43.0,1.06,road,2.25,delivered
PO-000800,SUP-001,SKU-00011,WH-EU,2024-04-22,2024-04-25,2024-04-26,40.0,1.06,rail,2.47,delivered
PO-000801,SUP-001,SKU-00011,WH-EU,2024-05-06,2024-05-07,2024-05-05,47.0,1.06,air,6.04,delivered
PO-000802,SUP-001,SKU-00011,WH-EU,2024-05-20,2024-05-21,2024-05-22,49.0,1.06,air,5.82,delivered
PO-000803,SUP-001,SKU-00011,WH-EU,2024-06-03,2024-06-04,2024-06-04,49.0,1.06,air,5.61,delivered
PO-000804,SUP-001,SKU-00011,WH-EU,2024-06-17,2024-06-18,2024-06-18,49.0,1.06,air,5.47,delivered
PO-000805,SUP-001,SKU-00011,WH-EU,2024-07-01,2024-07-02,2024-07-03,49.0,1.06,air,6.91,delivered
PO-000806,SUP-001,SKU-00011,WH-EU,2024-07-15,2024-07-18,2024-07-16,49.0,1.06,road,2.82,delivered
PO-000807,SUP-001,SKU-00011,WH-EU,2024-07-29,2024-07-30,2024-07-31,49.0,1.06,air,7.12,delivered
PO-000808,SUP-001,SKU-00011,WH-EU,2024-08-12,2024-08-13,2024-08-13,49.0,1.06,air,5.07,delivered
PO-000809,SUP-001,SKU-00011,WH-EU,2024-08-26,2024-08-29,2024-08-28,49.0,1.06,rail,2.99,delivered
PO-000810,SUP-001,SKU-00011,WH-EU,2024-09-09,2024-09-10,2024-09-10,49.0,1.06,air,6.83,delivered
PO-000811,SUP-001,SKU-00011,WH-EU,2024-09-23,2024-09-24,2024-09-25,49.0,1.06,air,5.57,delivered
PO-000812,SUP-001,SKU-00011,WH-EU,2024-10-07,2024-10-10,2024-10-09,49.0,1.06,road,2.56,delivered
PO-000813,SUP-001,SKU-00011,WH-EU,2024-10-21,2024-10-22,2024-10-22,49.0,1.06,air,6.46,delivered
PO-000814,SUP-001,SKU-00011,WH-EU,2024-11-04,2024-11-05,2024-11-05,49.0,1.06,air,7.44,delivered
PO-000815,SUP-001,SKU-00011,WH-EU,2024-11-18,2024-11-21,2024-11-23,49.0,1.06,rail,2.19,delivered
PO-000816,SUP-001,SKU-00011,WH-EU,2024-12-09,2024-12-10,2024-12-11,49.0,1.06,air,5.53,delivered
PO-000817,SUP-001,SKU-00011,WH-EU,2024-12-23,2024-12-24,2024-12-24,49.0,1.06,air,6.48,delivered
PO-000818,SUP-001,SKU-00011,WH-EU,2025-01-06,2025-01-07,2025-01-08,48.0,1.06,air,4.98,delivered
PO-000819,SUP-001,SKU-00011,WH-EU,2025-01-20,2025-01-21,2025-01-21,37.0,1.06,air,4.81,delivered
PO-000820,SUP-001,SKU-00011,WH-EU,2025-02-03,2025-02-06,2025-02-08,44.0,1.06,rail,2.39,delivered
PO-000821,SUP-001,SKU-00011,WH-EU,2025-02-17,2025-02-20,2025-02-25,38.0,1.06,road,2.48,delivered
PO-000822,SUP-001,SKU-00011,WH-EU,2025-03-10,2025-03-11,2025-03-12,49.0,1.06,air,5.52,delivered
PO-000823,SUP-001,SKU-00011,WH-EU,2025-03-24,2025-03-25,2025-03-25,45.0,1.06,air,5.35,delivered
PO-000824,SUP-001,SKU-00011,WH-EU,2025-04-07,2025-04-08,2025-04-08,49.0,1.06,air,5.59,delivered
PO-000825,SUP-001,SKU-00011,WH-EU,2025-04-21,2025-04-22,2025-04-22,49.0,1.06,air,5.24,delivered
PO-000826,SUP-001,SKU-00011,WH-EU,2025-05-05,2025-05-06,2025-05-06,49.0,1.06,air,5.81,delivered
PO-000827,SUP-001,SKU-00011,WH-EU,2025-05-19,2025-05-22,2025-05-25,49.0,1.06,rail,2.25,delivered
PO-000828,SUP-001,SKU-00011,WH-EU,2025-06-02,2025-06-05,2025-06-07,49.0,1.06,rail,2.46,delivered
PO-000829,SUP-001,SKU-00011,WH-EU,2025-06-16,2025-06-17,2025-06-17,49.0,1.06,air,5.37,delivered
PO-000830,SUP-001,SKU-00011,WH-EU,2025-06-23,2025-06-26,2025-06-25,39.0,1.06,road,2.3,delivered
PO-000831,SUP-001,SKU-00011,WH-EU,2025-06-30,2025-07-03,2025-07-03,43.0,1.06,road,2.5,delivered
PO-000832,SUP-001,SKU-00011,WH-EU,2025-07-14,2025-07-17,2025-07-17,49.0,1.06,road,3.37,delivered
PO-000833,SUP-001,SKU-00011,WH-EU,2025-07-28,2025-07-29,2025-07-29,49.0,1.06,air,7.2,delivered
PO-000834,SUP-001,SKU-00011,WH-EU,2025-08-04,2025-08-07,2025-08-07,36.0,1.06,road,2.12,delivered
PO-000835,SUP-001,SKU-00011,WH-EU,2025-08-11,2025-08-12,2025-08-12,43.0,1.06,air,4.47,delivered
PO-000836,SUP-001,SKU-00011,WH-EU,2025-08-18,2025-08-21,2025-08-19,43.0,1.06,road,2.43,delivered
PO-000837,SUP-001,SKU-00011,WH-EU,2025-08-25,2025-08-26,2025-08-27,49.0,1.06,air,,delivered
PO-000838,SUP-001,SKU-00011,WH-EU,2025-09-01,2025-09-04,2025-09-05,40.0,1.06,road,2.61,delivered
PO-000839,SUP-001,SKU-00011,WH-EU,2025-09-15,2025-09-16,2025-09-17,49.0,1.06,air,6.04,delivered
PO-000840,SUP-001,SKU-00011,WH-EU,2025-09-29,2025-09-30,2025-09-30,49.0,1.06,air,6.74,delivered
PO-000841,SUP-001,SKU-00011,WH-EU,2025-10-06,2025-10-09,2025-10-09,37.0,1.06,road,2.51,delivered
PO-000842,SUP-001,SKU-00011,WH-EU,2025-10-13,2025-10-16,2025-10-17,39.0,1.06,road,2.18,delivered
PO-000843,SUP-001,SKU-00011,WH-EU,2025-10-27,2025-10-28,2025-10-29,49.0,1.06,air,6.51,delivered
PO-000844,SUP-001,SKU-00011,WH-EU,2025-11-10,2025-11-13,2025-11-11,49.0,1.06,rail,2.45,delivered
PO-000845,SUP-001,SKU-00011,WH-EU,2025-11-17,2025-11-18,2025-11-19,47.0,1.06,air,5.4,delivered
PO-000846,SUP-001,SKU-00011,WH-EU,2025-12-01,2025-12-04,2025-12-07,49.0,1.06,rail,2.55,delivered
PO-000847,SUP-001,SKU-00011,WH-EU,2025-12-22,2025-12-23,2025-12-23,49.0,1.06,air,6.41,delivered
PO-000848,SUP-001,SKU-00011,WH-SOUTH,2024-01-22,2024-01-23,2024-01-23,46.0,1.06,air,6.42,delivered
PO-000849,SUP-001,SKU-00011,WH-SOUTH,2024-02-12,2024-02-13,2024-02-14,43.0,1.06,air,4.56,delivered
PO-000850,SUP-001,SKU-00011,WH-SOUTH,2024-03-04,2024-03-07,2024-03-06,47.0,1.06,road,2.64,delivered
PO-000851,SUP-001,SKU-00011,WH-SOUTH,2024-03-18,2024-03-21,2024-03-22,40.0,1.06,road,2.63,delivered
PO-000852,SUP-001,SKU-00011,WH-SOUTH,2024-04-01,2024-04-04,2024-04-05,38.0,1.06,road,2.74,delivered
PO-000853,SUP-001,SKU-00011,WH-SOUTH,2024-04-15,2024-04-18,2024-04-20,37.0,1.06,rail,1.77,delivered
PO-000854,SUP-001,SKU-00011,WH-SOUTH,2024-04-29,2024-04-30,2024-04-30,41.0,1.06,air,6.21,delivered
PO-000855,SUP-001,SKU-00011,WH-SOUTH,2024-05-13,2024-05-16,2024-05-17,47.0,1.06,rail,2.83,delivered
PO-000856,SUP-001,SKU-00011,WH-SOUTH,2024-05-27,2024-05-30,2024-05-31,34.0,1.06,road,2.27,delivered
PO-000857,SUP-001,SKU-00011,WH-SOUTH,2024-06-10,2024-06-13,2024-06-12,47.0,1.06,road,3.54,delivered
PO-000858,SUP-001,SKU-00011,WH-SOUTH,2024-06-24,2024-06-25,2024-06-25,47.0,1.06,air,5.88,delivered
PO-000859,SUP-001,SKU-00011,WH-SOUTH,2024-07-08,2024-07-09,2024-07-09,47.0,1.06,air,4.79,delivered
PO-000860,SUP-001,SKU-00011,WH-SOUTH,2024-07-22,2024-07-25,2024-07-23,47.0,1.06,road,2.86,delivered
PO-000861,SUP-001,SKU-00011,WH-SOUTH,2024-08-05,2024-08-06,2024-08-07,47.0,1.06,air,5.89,delivered
PO-000862,SUP-001,SKU-00011,WH-SOUTH,2024-08-19,2024-08-20,2024-08-21,47.0,1.06,air,6.9,delivered
PO-000863,SUP-001,SKU-00011,WH-SOUTH,2024-09-02,2024-09-03,2024-09-04,47.0,1.06,air,5.93,delivered
PO-000864,SUP-001,SKU-00011,WH-SOUTH,2024-09-16,2024-09-19,2024-09-17,47.0,1.06,rail,,delivered
PO-000865,SUP-001,SKU-00011,WH-SOUTH,2024-09-30,2024-10-01,2024-10-01,47.0,1.06,air,6.56,delivered
PO-000866,SUP-001,SKU-00011,WH-SOUTH,2024-10-14,2024-10-15,2024-10-15,47.0,1.06,air,6.07,delivered
PO-000867,SUP-001,SKU-00011,WH-SOUTH,2024-10-28,2024-10-29,2024-10-29,47.0,1.06,air,6.17,delivered
PO-000868,SUP-001,SKU-00011,WH-SOUTH,2024-11-11,2024-11-14,2024-11-13,47.0,1.06,rail,2.47,delivered
PO-000869,SUP-001,SKU-00011,WH-SOUTH,2024-11-25,2024-11-26,2024-11-27,44.0,1.06,air,6.0,delivered
PO-000870,SUP-001,SKU-00011,WH-SOUTH,2024-12-09,2024-12-12,2024-12-12,40.0,1.06,road,2.52,delivered
PO-000871,SUP-001,SKU-00011,WH-SOUTH,2024-12-23,2024-12-24,2024-12-25,47.0,1.06,air,5.15,delivered
PO-000872,SUP-001,SKU-00011,WH-SOUTH,2025-01-06,2025-01-09,2025-01-10,38.0,1.06,road,2.35,delivered
PO-000873,SUP-001,SKU-00011,WH-SOUTH,2025-01-20,2025-01-23,2025-02-01,35.0,1.06,road,2.17,delivered
PO-000874,SUP-001,SKU-00011,WH-SOUTH,2025-02-10,2025-02-13,2025-02-12,40.0,1.06,road,2.83,delivered
PO-000875,SUP-001,SKU-00011,WH-SOUTH,2025-02-24,2025-02-27,2025-02-27,38.0,1.06,road,1.93,delivered
PO-000876,SUP-001,SKU-00011,WH-SOUTH,2025-03-10,2025-03-11,2025-03-11,44.0,1.06,air,5.06,delivered
PO-000877,SUP-001,SKU-00011,WH-SOUTH,2025-03-24,2025-03-27,2025-03-28,42.0,1.06,road,3.07,delivered
PO-000878,SUP-001,SKU-00011,WH-SOUTH,2025-04-07,2025-04-10,2025-04-10,39.0,1.06,road,2.21,delivered
PO-000879,SUP-001,SKU-00011,WH-SOUTH,2025-04-21,2025-04-24,2025-04-24,47.0,1.06,road,2.81,delivered
PO-000880,SUP-001,SKU-00011,WH-SOUTH,2025-05-05,2025-05-06,2025-05-06,45.0,1.06,air,4.64,delivered
PO-000881,SUP-001,SKU-00011,WH-SOUTH,2025-05-19,2025-05-22,2025-05-23,47.0,1.06,road,2.8,delivered
PO-000882,SUP-001,SKU-00011,WH-SOUTH,2025-06-02,2025-06-03,2025-06-03,47.0,1.06,air,6.44,delivered
PO-000883,SUP-001,SKU-00011,WH-SOUTH,2025-06-09,2025-06-12,2025-06-12,36.0,1.06,road,2.61,delivered
PO-000884,SUP-001,SKU-00011,WH-SOUTH,2025-06-16,2025-06-17,2025-06-18,35.0,1.06,air,4.96,delivered
PO-000885,SUP-001,SKU-00011,WH-SOUTH,2025-06-30,2025-07-03,2025-07-03,47.0,1.06,road,2.42,delivered
PO-000886,SUP-001,SKU-00011,WH-SOUTH,2025-07-14,2025-07-15,2025-07-15,47.0,1.06,air,6.0,delivered
PO-000887,SUP-001,SKU-00011,WH-SOUTH,2025-07-21,2025-07-24,2025-07-24,37.0,1.06,road,1.97,delivered
PO-000888,SUP-001,SKU-00011,WH-SOUTH,2025-08-04,2025-08-05,2025-08-05,47.0,1.06,air,5.36,delivered
PO-000889,SUP-001,SKU-00011,WH-SOUTH,2025-08-18,2025-08-19,2025-08-21,47.0,1.06,air,5.53,delivered
PO-000890,SUP-001,SKU-00011,WH-SOUTH,2025-08-25,2025-08-28,2025-08-30,36.0,1.06,road,2.74,delivered
PO-000891,SUP-001,SKU-00011,WH-SOUTH,2025-09-08,2025-09-09,2025-09-09,47.0,1.06,air,6.32,delivered
PO-000892,SUP-001,SKU-00011,WH-SOUTH,2025-09-15,2025-09-18,2025-09-17,36.0,1.06,road,2.52,delivered
PO-000893,SUP-001,SKU-00011,WH-SOUTH,2025-09-29,2025-10-02,2025-10-01,47.0,1.06,road,3.54,delivered
PO-000894,SUP-001,SKU-00011,WH-SOUTH,2025-10-13,2025-10-14,2025-10-14,47.0,1.06,air,5.17,delivered
PO-000895,SUP-001,SKU-00011,WH-SOUTH,2025-10-20,2025-10-23,2025-10-24,38.0,1.06,road,2.46,delivered
PO-000896,SUP-001,SKU-00011,WH-SOUTH,2025-11-03,2025-11-04,2025-11-05,47.0,1.06,air,7.0,delivered
PO-000897,SUP-001,SKU-00011,WH-SOUTH,2025-11-17,2025-11-18,2025-11-18,47.0,1.06,air,6.79,delivered
PO-000898,SUP-001,SKU-00011,WH-SOUTH,2025-12-01,2025-12-02,2025-12-02,47.0,1.06,air,6.86,delivered
PO-000899,SUP-001,SKU-00011,WH-SOUTH,2025-12-15,2025-12-16,2025-12-17,47.0,1.06,air,4.97,delivered
PO-000900,SUP-013,SKU-00012,WH-EU,2024-01-15,2024-02-02,2024-02-11,1166.0,6.46,rail,418.35,delivered
PO-000901,SUP-013,SKU-00012,WH-EU,2024-01-29,2024-02-20,2024-02-20,1030.0,6.46,ocean,280.04,delivered
PO-000902,SUP-013,SKU-00012,WH-EU,2024-02-26,2024-03-04,2024-03-07,1139.0,6.46,air,1032.75,delivered
PO-000903,SUP-013,SKU-00012,WH-EU,2024-03-18,2024-04-09,2024-04-13,1291.0,6.46,ocean,388.7,delivered
PO-000904,SUP-013,SKU-00012,WH-EU,2024-04-01,2024-04-23,2024-05-03,929.0,6.46,ocean,224.42,delivered
PO-000905,SUP-013,SKU-00012,WH-EU,2024-04-22,2024-04-29,2024-04-30,1019.0,6.46,air,761.82,delivered
PO-000906,SUP-013,SKU-00012,WH-EU,2024-05-06,2024-05-13,2024-05-13,1099.0,6.46,air,717.33,delivered
PO-000907,SUP-013,SKU-00012,WH-EU,2024-05-20,2024-06-11,2024-06-12,1128.0,6.46,ocean,335.74,delivered
PO-000908,SUP-013,SKU-00012,WH-EU,2024-06-03,2024-06-10,2024-06-11,1367.0,6.46,air,1084.98,delivered
PO-000909,SUP-013,SKU-00012,WH-EU,2024-06-24,2024-07-16,2024-07-17,1128.0,6.46,ocean,266.45,delivered
PO-000910,SUP-013,SKU-00012,WH-EU,2024-07-08,2024-07-26,2024-08-04,1199.0,6.46,rail,462.78,delivered
PO-000911,SUP-013,SKU-00012,WH-EU,2024-07-29,2024-08-05,2024-08-03,1296.0,6.46,air,1110.81,delivered
PO-000912,SUP-013,SKU-00012,WH-EU,2024-08-12,2024-08-19,2024-08-24,1154.0,6.46,air,945.3,delivered
PO-000913,SUP-013,SKU-00012,WH-EU,2024-08-26,2024-09-17,2024-09-19,1646.0,6.46,ocean,397.18,delivered
PO-000914,SUP-013,SKU-00012,WH-EU,2024-09-23,2024-10-15,2024-10-25,1390.0,6.46,ocean,391.49,delivered
PO-000915,SUP-013,SKU-00012,WH-EU,2024-09-30,2024-10-07,2024-10-03,1105.0,6.46,air,701.8,delivered
PO-000916,SUP-013,SKU-00012,WH-EU,2024-10-21,2024-10-28,2024-10-27,1105.0,6.46,air,723.93,delivered
PO-000917,SUP-013,SKU-00012,WH-EU,2024-11-04,2024-11-11,2024-11-12,1043.0,6.46,air,696.18,delivered
PO-000918,SUP-013,SKU-00012,WH-EU,2024-11-18,2024-11-25,2024-11-26,1020.0,6.46,air,844.62,delivered
PO-000919,SUP-013,SKU-00012,WH-EU,2024-12-02,2024-12-09,2024-12-12,1058.0,6.46,air,,delivered
PO-000920,SUP-013,SKU-00012,WH-EU,2024-12-16,2025-01-07,2025-01-20,1729.0,6.46,ocean,464.66,delivered
PO-000921,SUP-013,SKU-00012,WH-EU,2025-01-27,2025-02-03,2025-02-03,1303.0,6.46,air,1037.87,delivered
PO-000922,SUP-013,SKU-00012,WH-EU,2025-02-10,2025-03-04,2025-03-07,1213.0,6.46,ocean,345.99,delivered
PO-000923,SUP-013,SKU-00012,WH-EU,2025-02-24,2025-03-03,2025-03-07,1201.0,6.46,air,776.72,delivered
PO-000924,SUP-013,SKU-00012,WH-EU,2025-03-17,2025-04-08,2025-04-05,946.0,6.46,OCEAN,203.96,delivered
PO-000925,SUP-013,SKU-00012,WH-EU,2025-03-31,2025-04-22,2025-04-06,1191.0,6.46,ocean,352.6,delivered
PO-000926,SUP-013,SKU-00012,WH-EU,2025-04-14,2025-05-06,2025-05-01,1046.0,6.46,ocean,219.29,delivered
PO-000927,SUP-013,SKU-00012,WH-EU,2025-04-28,2025-05-05,2025-05-08,1449.0,6.46,air,1083.29,delivered
PO-000928,SUP-013,SKU-00012,WH-EU,2025-05-12,2025-05-19,2025-05-20,1138.0,6.46,air,846.16,delivered
PO-000929,SUP-013,SKU-00012,WH-EU,2025-05-26,2025-06-13,2025-06-02,1628.0,6.46,rail,589.12,delivered
PO-000930,SUP-013,SKU-00012,WH-EU,2025-06-09,2025-06-16,2025-06-19,1657.0,6.46,air,1273.73,delivered
PO-000931,SUP-013,SKU-00012,WH-EU,2025-06-23,2025-07-15,2025-07-19,1455.0,6.46,ocean,328.92,delivered
PO-000932,SUP-013,SKU-00012,WH-EU,2025-07-07,2025-07-14,2025-07-14,1040.0,6.46,air,853.38,delivered
PO-000933,SUP-013,SKU-00012,WH-EU,2025-07-21,2025-08-12,2025-08-14,1253.0,6.46,ocean,270.84,delivered
PO-000934,SUP-013,SKU-00012,WH-EU,2025-07-28,2025-08-15,2025-08-19,933.0,6.46,rail,291.71,delivered
PO-000935,SUP-013,SKU-00012,WH-EU,2025-08-18,2025-09-05,2025-09-06,1004.0,6.46,rail,274.33,delivered
PO-000936,SUP-013,SKU-00012,WH-EU,2025-08-25,2025-09-16,2025-09-18,1112.0,6.46,ocean,264.33,delivered
PO-000937,SUP-013,SKU-00012,WH-EU,2025-09-15,2025-09-22,2025-09-20,1383.0,6.46,air,1085.43,delivered
PO-000938,SUP-013,SKU-00012,WH-EU,2025-09-29,2025-10-15,2025-10-17,1810.0,6.46,road,684.17,delivered
PO-000939,SUP-013,SKU-00012,WH-EU,2025-10-20,2025-11-11,2025-11-22,1090.0,6.46,ocean,231.16,delivered
PO-000940,SUP-013,SKU-00012,WH-EU,2025-11-03,2025-11-25,2025-11-23,1405.0,6.46,OCEAN,315.32,delivered
PO-000941,SUP-013,SKU-00012,WH-EU,2025-12-01,2025-12-17,2025-12-19,1154.0,6.46,road,380.07,delivered
PO-000942,SUP-013,SKU-00012,WH-EU,2025-12-15,2025-12-22,2025-12-19,1341.0,6.46,air,1235.28,delivered
PO-000943,SUP-012,SKU-00013,WH-EAST,2024-01-15,2024-02-06,2024-02-05,180.0,12.86,ocean,105.77,delivered
PO-000944,SUP-012,SKU-00013,WH-EAST,2024-02-05,2024-02-22,2024-02-21,220.0,12.86,road,192.64,delivered
PO-000945,SUP-012,SKU-00013,WH-EAST,2024-02-26,2024-03-19,2024-03-26,241.0,12.86,ocean,133.21,delivered
PO-000946,SUP-012,SKU-00013,WH-EAST,2024-03-18,2024-03-25,2024-03-28,153.0,12.86,air,193.34,delivered
PO-000947,SUP-012,SKU-00013,WH-EAST,2024-04-15,2024-05-07,2024-05-09,204.0,12.86,ocean,119.36,delivered
PO-000948,SUP-012,SKU-00013,WH-EAST,2024-05-06,2024-05-13,2024-05-20,178.0,12.86,air,233.14,delivered
PO-000949,SUP-012,SKU-00013,WH-EAST,2024-05-27,2024-06-03,2024-06-06,167.0,12.86,air,206.49,delivered
PO-000950,SUP-012,SKU-00013,WH-EAST,2024-06-10,2024-07-02,2024-07-04,151.0,12.86,ocean,69.92,delivered
PO-000951,SUP-012,SKU-00013,WH-EAST,2024-07-01,2024-07-23,2024-07-15,180.0,12.86,ocean,97.91,delivered
PO-000952,SUP-012,SKU-00013,WH-EAST,2024-07-22,2024-08-13,2024-08-24,183.0,12.86,ocean,105.16,delivered
PO-000953,SUP-012,SKU-00013,WH-EAST,2024-08-12,2024-08-19,2024-08-19,211.0,12.86,air,272.24,delivered
PO-000954,SUP-012,SKU-00013,WH-EAST,2024-09-02,2024-09-24,2024-09-26,155.0,12.86,ocean,86.24,delivered
PO-000955,SUP-012,SKU-00013,WH-EAST,2024-09-16,2024-10-08,2024-10-09,186.0,12.86,ocean,92.33,delivered
PO-000956,SUP-012,SKU-00013,WH-EAST,2024-10-07,2024-10-29,2024-10-29,208.0,12.86,ocean,121.29,delivered
PO-000957,SUP-012,SKU-00013,WH-EAST,2024-10-21,2024-10-28,2024-11-01,154.0,12.86,air,259.27,delivered
PO-000958,SUP-012,SKU-00013,WH-EAST,2024-11-11,2024-11-28,2024-12-01,271.0,12.86,road,232.01,delivered
PO-000959,SUP-012,SKU-00013,WH-EAST,2024-12-02,2024-12-09,2024-12-09,165.0,12.86,air,247.52,delivered
PO-000960,SUP-012,SKU-00013,WH-EAST,2024-12-16,2024-12-23,2024-12-21,261.0,12.86,air,408.18,delivered
PO-000961,SUP-012,SKU-00013,WH-EAST,2024-12-30,2025-01-21,2025-01-25,229.0,12.86,ocean,112.34,delivered
PO-000962,SUP-012,SKU-00013,WH-EAST,2025-01-13,2025-01-20,2025-01-19,165.0,12.86,air,281.53,delivered
PO-000963,SUP-012,SKU-00013,WH-EAST,2025-01-27,2025-02-18,2025-02-23,150.0,12.86,ocean,86.21,delivered
PO-000964,SUP-012,SKU-00013,WH-EAST,2025-02-10,2025-02-17,2025-02-17,244.0,12.86,air,341.01,delivered
PO-000965,SUP-012,SKU-00013,WH-EAST,2025-03-03,2025-03-25,2025-03-30,204.0,12.86,ocean,110.95,delivered
PO-000966,SUP-012,SKU-00013,WH-EAST,2025-03-17,2025-04-08,2025-04-07,188.0,12.86,ocean,99.98,delivered
PO-000967,SUP-012,SKU-00013,WH-EAST,2025-04-14,2025-05-06,2025-05-11,217.0,12.86,ocean,122.98,delivered
PO-000968,SUP-012,SKU-00013,WH-EAST,2025-04-28,2025-05-05,2025-05-05,155.0,12.86,air,257.73,delivered
PO-000969,SUP-012,SKU-00013,WH-EAST,2025-05-19,2025-06-10,2025-06-15,196.0,12.86,ocean,112.28,delivered
PO-000970,SUP-012,SKU-00013,WH-EAST,2025-06-09,2025-06-16,2025-06-16,198.0,12.86,air,279.2,delivered
PO-000971,SUP-012,SKU-00013,WH-EAST,2025-06-30,2025-07-22,2025-07-28,183.0,12.86,ocean,103.87,delivered
PO-000972,SUP-012,SKU-00013,WH-EAST,2025-07-14,2025-07-21,2025-07-22,154.0,12.86,air,193.18,delivered
PO-000973,SUP-012,SKU-00013,WH-EAST,2025-08-04,2025-08-26,2025-08-30,232.0,12.86,ocean,114.26,delivered
PO-000974,SUP-012,SKU-00013,WH-EAST,2025-08-18,2025-09-05,2025-09-02,162.0,12.86,rail,88.73,delivered
PO-000975,SUP-012,SKU-00013,WH-EAST,2025-09-15,2025-09-22,2025-09-22,259.0,12.86,air,357.75,delivered
PO-000976,SUP-012,SKU-00013,WH-EAST,2025-09-29,2025-10-17,2025-10-14,216.0,12.86,rail,131.97,delivered
PO-000977,SUP-012,SKU-00013,WH-EAST,2025-10-13,2025-10-20,2025-10-21,178.0,12.86,air,267.81,delivered
PO-000978,SUP-012,SKU-00013,WH-EAST,2025-10-27,2025-11-13,2025-11-13,269.0,12.86,road,170.99,delivered
PO-000979,SUP-012,SKU-00013,WH-EAST,2025-11-17,2025-12-05,2025-12-06,223.0,12.86,rail,115.84,delivered
PO-000980,SUP-012,SKU-00013,WH-EAST,2025-12-01,2025-12-23,2025-12-25,171.0,12.86,ocean,86.93,delivered
PO-000981,SUP-012,SKU-00013,WH-EAST,2025-12-15,2025-12-22,2025-12-22,207.0,12.86,air,305.44,delivered
PO-000982,SUP-012,SKU-00013,WH-EU,2024-01-15,2024-01-22,2024-01-21,151.0,12.86,air,253.82,delivered
PO-000983,SUP-012,SKU-00013,WH-EU,2024-01-29,2024-02-20,2024-02-19,166.0,12.86,ocean,101.13,delivered
PO-000984,SUP-012,SKU-00013,WH-EU,2024-02-12,2024-03-05,2024-03-12,149.0,12.86,ocean,65.52,delivered
PO-000985,SUP-012,SKU-00013,WH-EU,2024-03-04,2024-03-26,2024-03-25,176.0,12.86,ocean,73.79,delivered
PO-000986,SUP-012,SKU-00013,WH-EU,2024-03-25,2024-04-01,2024-03-31,175.0,12.86,air,256.57,delivered
PO-000987,SUP-012,SKU-00013,WH-EU,2024-04-08,2024-04-30,2024-04-28,146.0,12.86,ocean,87.8,delivered
PO-000988,SUP-012,SKU-00013,WH-EU,2024-04-22,2024-04-29,2024-05-07,154.0,12.86,air,276.33,delivered
PO-000989,SUP-012,SKU-00013,WH-EU,2024-05-13,2024-06-04,2024-06-11,153.0,12.86,ocean,77.25,delivered
PO-000990,SUP-012,SKU-00013,WH-EU,2024-06-03,2024-06-25,2024-06-27,159.0,12.86,ocean,93.91,delivered
PO-000991,SUP-012,SKU-00013,WH-EU,2024-06-24,2024-07-16,2024-07-15,179.0,12.86,ocean,97.55,delivered
PO-000992,SUP-012,SKU-00013,WH-EU,2024-07-15,2024-08-01,2024-07-30,183.0,12.86,road,166.28,delivered
PO-000993,SUP-012,SKU-00013,WH-EU,2024-08-05,2024-08-27,2024-08-30,188.0,12.86,ocean,93.75,delivered
PO-000994,SUP-012,SKU-00013,WH-EU,2024-08-26,2024-09-02,2024-09-03,178.0,12.86,air,221.97,delivered
PO-000995,SUP-012,SKU-00013,WH-EU,2024-09-16,2024-10-08,2024-10-10,194.0,12.86,ocean,104.59,delivered
PO-000996,SUP-012,SKU-00013,WH-EU,2024-09-30,2024-10-07,2024-10-16,171.0,12.86,air,212.94,delivered
PO-000997,SUP-012,SKU-00013,WH-EU,2024-10-21,2024-11-08,2024-11-13,160.0,12.86,rail,112.18,delivered
PO-000998,SUP-012,SKU-00013,WH-EU,2024-11-04,2024-11-11,2024-11-21,206.0,12.86,air,345.45,delivered
PO-000999,SUP-012,SKU-00013,WH-EU,2024-11-25,2024-12-17,2024-12-17,216.0,12.86,ocean,90.92,delivered
PO-001000,SUP-012,SKU-00013,WH-EU,2024-12-09,2024-12-16,2024-12-19,150.0,12.86,air,185.97,delivered
PO-001001,SUP-012,SKU-00013,WH-EU,2024-12-30,2025-01-06,2025-01-12,187.0,12.86,air,259.43,delivered
PO-001002,SUP-012,SKU-00013,WH-EU,2025-01-13,2025-02-04,2025-02-06,193.0,12.86,ocean,83.43,delivered
PO-001003,SUP-012,SKU-00013,WH-EU,2025-01-27,2025-02-03,2025-02-04,173.0,12.86,air,287.94,delivered
PO-001004,SUP-012,SKU-00013,WH-EU,2025-02-17,2025-03-11,2025-03-07,210.0,12.86,ocean,108.91,delivered
PO-001005,SUP-012,SKU-00013,WH-EU,2025-03-03,2025-03-10,2025-03-12,156.0,12.86,air,205.87,delivered
PO-001006,SUP-012,SKU-00013,WH-EU,2025-03-17,2025-04-08,2025-04-10,141.0,12.86,ocean,76.12,delivered
PO-001007,SUP-012,SKU-00013,WH-EU,2025-03-31,2025-04-07,2025-04-05,172.0,12.86,air,217.22,delivered
PO-001008,SUP-012,SKU-00013,WH-EU,2025-04-14,2025-05-01,2025-04-28,170.0,12.86,road,128.85,delivered
PO-001009,SUP-012,SKU-00013,WH-EU,2025-04-28,2025-05-05,2025-05-09,149.0,12.86,air,213.52,delivered
PO-001010,SUP-012,SKU-00013,WH-EU,2025-05-19,2025-06-06,2025-06-08,222.0,12.86,rail,135.7,delivered
PO-001011,SUP-012,SKU-00013,WH-EU,2025-06-09,2025-06-26,2025-07-04,167.0,12.86,road,133.29,delivered
PO-001012,SUP-012,SKU-00013,WH-EU,2025-06-23,2025-07-15,2025-07-23,145.0,12.86,ocean,87.28,delivered
PO-001013,SUP-012,SKU-00013,WH-EU,2025-07-14,2025-08-05,2025-08-11,177.0,12.86,ocean,80.17,delivered
PO-001014,SUP-012,SKU-00013,WH-EU,2025-08-04,2025-08-26,2025-08-29,189.0,12.86,ocean,88.73,delivered
PO-001015,SUP-012,SKU-00013,WH-EU,2025-08-25,2025-09-01,2025-09-02,177.0,12.86,air,281.89,delivered
PO-001016,SUP-012,SKU-00013,WH-EU,2025-09-08,2025-09-30,2025-09-30,152.0,12.86,ocean,67.44,delivered
PO-001017,SUP-012,SKU-00013,WH-EU,2025-09-22,2025-09-29,2025-09-30,214.0,12.86,air,306.37,delivered
PO-001018,SUP-012,SKU-00013,WH-EU,2025-10-13,2025-11-04,2025-10-29,278.0,12.86,ocean,146.4,delivered
PO-001019,SUP-012,SKU-00013,WH-EU,2025-11-03,2025-11-25,2025-12-05,203.0,12.86,ocean,115.9,delivered
PO-001020,SUP-012,SKU-00013,WH-EU,2025-11-17,2025-11-24,2025-11-29,163.0,12.86,air,272.73,delivered
PO-001021,SUP-012,SKU-00013,WH-EU,2025-12-08,2025-12-30,,177.0,12.86,ocean,72.85,open
PO-001022,SUP-012,SKU-00013,WH-EU,2025-12-22,2025-12-29,2025-12-28,189.0,12.86,air,302.85,delivered
PO-001023,SUP-016,SKU-00014,WH-EU,2024-01-15,2024-02-05,2024-02-15,192.0,2.31,ocean,19.78,delivered
PO-001024,SUP-016,SKU-00014,WH-EU,2024-01-29,2024-02-05,2024-02-04,168.0,2.31,air,49.3,delivered
PO-001025,SUP-016,SKU-00014,WH-EU,2024-02-19,2024-03-07,2024-03-09,183.0,2.31,rail,17.66,delivered
PO-001026,SUP-016,SKU-00014,WH-EU,2024-03-11,2024-04-01,2024-03-25,213.0,2.31,ocean,20.11,delivered
PO-001027,SUP-016,SKU-00014,WH-EU,2024-04-01,2024-04-08,2024-04-10,197.0,2.31,air,59.92,delivered
PO-001028,SUP-016,SKU-00014,WH-EU,2024-04-22,2024-04-29,2024-04-28,194.0,2.31,air,43.62,delivered
PO-001029,SUP-016,SKU-00014,WH-EU,2024-05-13,2024-06-03,2024-06-06,199.0,2.31,ocean,21.33,delivered
PO-001030,SUP-016,SKU-00014,WH-EU,2024-06-03,2024-06-10,2024-06-17,180.0,2.31,air,48.1,delivered
PO-001031,SUP-016,SKU-00014,WH-EU,2024-06-24,2024-07-15,2024-07-12,217.0,2.31,ocean,22.43,delivered
PO-001032,SUP-016,SKU-00014,WH-EU,2024-07-08,2024-07-29,2024-07-29,162.0,2.31,ocean,15.25,delivered
PO-001033,SUP-016,SKU-00014,WH-EU,2024-07-22,2024-07-29,2024-07-28,206.0,2.31,air,49.15,delivered
PO-001034,SUP-016,SKU-00014,WH-EU,2024-08-12,2024-08-28,2024-09-05,267.0,2.31,road,30.8,delivered
PO-001035,SUP-016,SKU-00014,WH-EU,2024-09-09,2024-09-26,2024-09-28,206.0,2.31,rail,25.35,delivered
PO-001036,SUP-016,SKU-00014,WH-EU,2024-09-23,2024-09-30,2024-10-01,173.0,2.31,air,48.08,delivered
PO-001037,SUP-016,SKU-00014,WH-EU,2024-10-07,2024-10-24,2024-10-26,204.0,2.31,rail,28.06,delivered
PO-001038,SUP-016,SKU-00014,WH-EU,2024-10-14,2024-10-21,2024-10-28,156.0,2.31,air,37.35,delivered
PO-001039,SUP-016,SKU-00014,WH-EU,2024-11-04,2024-11-25,2024-11-28,213.0,2.31,ocean,20.51,delivered
PO-001040,SUP-016,SKU-00014,WH-EU,2024-11-18,2024-11-25,2024-11-26,166.0,2.31,air,47.2,delivered
PO-001041,SUP-016,SKU-00014,WH-EU,2024-12-09,2024-12-26,2024-12-10,281.0,2.31,rail,36.87,delivered
PO-001042,SUP-016,SKU-00014,WH-EU,2024-12-16,2025-01-01,2024-12-31,176.0,2.31,road,20.64,delivered
PO-001043,SUP-016,SKU-00014,WH-EU,2024-12-30,2025-01-20,2025-01-25,203.0,2.31,ocean,15.77,delivered
PO-001044,SUP-016,SKU-00014,WH-EU,2025-01-13,2025-01-20,2025-01-20,176.0,2.31,air,42.83,delivered
PO-001045,SUP-016,SKU-00014,WH-EU,2025-02-03,2025-02-24,2025-03-03,214.0,2.31,ocean,19.06,delivered
PO-001046,SUP-016,SKU-00014,WH-EU,2025-02-17,2025-02-24,2025-02-23,165.0,2.31,air,48.82,delivered
PO-001047,SUP-016,SKU-00014,WH-EU,2025-03-10,2025-03-31,2025-03-22,219.0,2.31,ocean,16.48,delivered
PO-001048,SUP-016,SKU-00014,WH-EU,2025-03-24,2025-04-14,2025-04-16,200.0,2.31,ocean,15.08,delivered
PO-001049,SUP-016,SKU-00014,WH-EU,2025-04-07,2025-04-14,2025-04-16,179.0,2.31,air,39.85,delivered
PO-001050,SUP-016,SKU-00014,WH-EU,2025-04-28,2025-05-14,2025-05-30,160.0,2.31,road,18.96,delivered
PO-001051,SUP-016,SKU-00014,WH-EU,2025-05-12,2025-05-19,2025-05-22,179.0,2.31,air,45.67,delivered
PO-001052,SUP-016,SKU-00014,WH-EU,2025-06-02,2025-06-23,2025-06-10,198.0,2.31,ocean,19.3,delivered
PO-001053,SUP-016,SKU-00014,WH-EU,2025-06-16,2025-07-07,2025-07-08,185.0,2.31,ocean,19.09,delivered
PO-001054,SUP-016,SKU-00014,WH-EU,2025-06-30,2025-07-21,2025-07-17,194.0,2.31,ocean,20.13,delivered
PO-001055,SUP-016,SKU-00014,WH-EU,2025-07-21,2025-08-07,2025-08-11,270.0,2.31,rail,33.67,delivered
PO-001056,SUP-016,SKU-00014,WH-EU,2025-08-18,2025-09-08,2025-09-07,293.0,2.31,ocean,26.22,delivered
PO-001057,SUP-016,SKU-00014,WH-EU,2025-09-15,2025-10-02,2025-10-06,316.0,2.31,rail,31.34,delivered
PO-001058,SUP-016,SKU-00014,WH-EU,2025-10-13,2025-11-03,2025-11-01,308.0,2.31,ocean,33.09,delivered
PO-001059,SUP-016,SKU-00014,WH-EU,2025-11-10,2025-12-01,2025-11-24,290.0,2.31,ocean,22.23,delivered
PO-001060,SUP-016,SKU-00014,WH-EU,2025-12-01,2025-12-22,,273.0,2.31,ocean,25.56,open
PO-001061,SUP-016,SKU-00014,WH-SOUTH,2024-01-15,2024-02-05,2024-02-10,163.0,2.31,ocean,17.09,delivered
PO-001062,SUP-016,SKU-00014,WH-SOUTH,2024-01-29,2024-02-14,2024-02-18,142.0,2.31,road,23.02,delivered
PO-001063,SUP-016,SKU-00014,WH-SOUTH,2024-02-26,2024-03-18,2024-03-19,178.0,2.31,ocean,14.29,delivered
PO-001064,SUP-016,SKU-00014,WH-SOUTH,2024-03-18,2024-04-03,2024-03-31,149.0,2.31,road,23.19,delivered
PO-001065,SUP-016,SKU-00014,WH-SOUTH,2024-04-08,2024-04-29,2024-04-30,158.0,2.31,ocean,16.65,delivered
PO-001066,SUP-016,SKU-00014,WH-SOUTH,2024-04-29,2024-05-06,2024-05-11,154.0,2.31,air,40.72,delivered
PO-001067,SUP-016,SKU-00014,WH-SOUTH,2024-05-20,2024-06-05,2024-06-08,167.0,2.31,road,19.65,delivered
PO-001068,SUP-016,SKU-00014,WH-SOUTH,2024-06-10,2024-06-27,2024-06-24,192.0,2.31,rail,18.81,delivered
PO-001069,SUP-016,SKU-00014,WH-SOUTH,2024-06-24,2024-07-15,2024-07-11,142.0,2.31,ocean,11.73,delivered
PO-001070,SUP-016,SKU-00014,WH-SOUTH,2024-07-08,2024-07-29,2024-08-03,157.0,2.31,ocean,13.37,delivered
PO-001071,SUP-016,SKU-00014,WH-SOUTH,2024-07-22,2024-08-12,2024-08-22,170.0,2.31,ocean,16.95,delivered
PO-001072,SUP-016,SKU-00014,WH-SOUTH,2024-08-12,2024-08-19,2024-08-17,143.0,2.31,air,40.54,delivered
PO-001073,SUP-016,SKU-00014,WH-SOUTH,2024-08-26,2024-09-16,2024-09-08,172.0,2.31,ocean,17.37,delivered
PO-001074,SUP-016,SKU-00014,WH-SOUTH,2024-09-09,2024-09-30,2024-09-27,200.0,2.31,ocean,21.22,delivered
PO-001075,SUP-016,SKU-00014,WH-SOUTH,2024-09-30,2024-10-07,2024-10-09,211.0,2.31,air,50.31,delivered
PO-001076,SUP-016,SKU-00014,WH-SOUTH,2024-10-14,2024-10-30,2024-11-02,216.0,2.31,road,24.71,delivered
PO-001077,SUP-016,SKU-00014,WH-SOUTH,2024-11-04,2024-11-21,2024-11-13,158.0,2.31,rail,21.04,delivered
PO-001078,SUP-016,SKU-00014,WH-SOUTH,2024-11-18,2024-12-09,2024-12-12,226.0,2.31,ocean,16.97,delivered
PO-001079,SUP-016,SKU-00014,WH-SOUTH,2024-12-16,2025-01-06,2025-01-01,233.0,2.31,ocean,17.69,delivered
PO-001080,SUP-016,SKU-00014,WH-SOUTH,2025-01-06,2025-01-27,2025-02-02,189.0,2.31,ocean,16.82,delivered
PO-001081,SUP-016,SKU-00014,WH-SOUTH,2025-01-20,2025-02-05,2025-02-14,138.0,2.31,road,20.01,delivered
PO-001082,SUP-016,SKU-00014,WH-SOUTH,2025-02-17,2025-03-06,2025-03-07,192.0,2.31,rail,21.42,delivered
PO-001083,SUP-016,SKU-00014,WH-SOUTH,2025-03-03,2025-03-24,2025-03-17,135.0,2.31,ocean,14.58,delivered
PO-001084,SUP-016,SKU-00014,WH-SOUTH,2025-03-17,2025-03-24,2025-03-23,131.0,2.31,air,32.09,delivered
PO-001085,SUP-016,SKU-00014,WH-SOUTH,2025-03-31,2025-04-21,2025-04-30,207.0,2.31,ocean,20.5,delivered
PO-001086,SUP-016,SKU-00014,WH-SOUTH,2025-05-05,2025-05-21,2025-05-22,183.0,2.31,road,,delivered
PO-001087,SUP-016,SKU-00014,WH-SOUTH,2025-05-19,2025-05-26,2025-05-22,136.0,2.31,air,37.95,delivered
PO-001088,SUP-016,SKU-00014,WH-SOUTH,2025-06-02,2025-06-23,2025-06-29,146.0,2.31,ocean,13.46,delivered
PO-001089,SUP-016,SKU-00014,WH-SOUTH,2025-06-16,2025-06-23,2025-06-21,169.0,2.31,air,40.03,delivered
PO-001090,SUP-016,SKU-00014,WH-SOUTH,2025-06-30,2025-07-16,2025-07-13,144.0,2.31,road,21.92,delivered
PO-001091,SUP-016,SKU-00014,WH-SOUTH,2025-07-14,2025-07-31,2025-07-24,204.0,2.31,RAIL,21.86,delivered
PO-001092,SUP-016,SKU-00014,WH-SOUTH,2025-07-28,2025-08-18,2025-08-19,211.0,2.31,ocean,16.74,delivered
PO-001093,SUP-016,SKU-00014,WH-SOUTH,2025-08-25,2025-09-15,2025-09-17,240.0,2.31,ocean,24.73,delivered
PO-001094,SUP-016,SKU-00014,WH-SOUTH,2025-09-22,2025-10-09,2025-10-18,193.0,2.31,rail,25.38,delivered
PO-001095,SUP-016,SKU-00014,WH-SOUTH,2025-09-29,2025-10-06,2025-10-06,134.0,2.31,air,40.23,delivered
PO-001096,SUP-016,SKU-00014,WH-SOUTH,2025-10-13,2025-10-20,2025-10-17,134.0,2.31,air,42.46,delivered
PO-001097,SUP-016,SKU-00014,WH-SOUTH,2025-10-27,2025-11-12,2025-11-19,233.0,2.31,road,37.6,delivered
PO-001098,SUP-016,SKU-00014,WH-SOUTH,2025-11-24,2025-12-15,2025-12-12,204.0,2.31,ocean,15.31,delivered
PO-001099,SUP-016,SKU-00014,WH-SOUTH,2025-12-15,2026-01-05,,206.0,2.31,ocean,16.45,open
PO-001100,SUP-016,SKU-00014,WH-EAST,2024-01-15,2024-02-05,2024-02-06,190.0,2.31,ocean,16.13,delivered
PO-001101,SUP-016,SKU-00014,WH-EAST,2024-01-29,2024-02-19,2024-03-05,159.0,2.31,ocean,16.91,delivered
PO-001102,SUP-016,SKU-00014,WH-EAST,2024-02-19,2024-03-11,2024-03-12,159.0,2.31,ocean,16.72,delivered
PO-001103,SUP-016,SKU-00014,WH-EAST,2024-03-18,2024-04-08,2024-04-20,200.0,2.31,ocean,14.85,delivered
PO-001104,SUP-016,SKU-00014,WH-EAST,2024-04-08,2024-04-15,2024-04-20,172.0,2.31,air,54.86,delivered
PO-001105,SUP-016,SKU-00014,WH-EAST,2024-05-06,2024-05-27,2024-05-31,153.0,2.31,ocean,12.47,delivered
PO-001106,SUP-016,SKU-00014,WH-EAST,2024-05-27,2024-06-17,2024-06-30,197.0,2.31,ocean,15.47,delivered
PO-001107,SUP-016,SKU-00014,WH-EAST,2024-06-17,2024-07-08,2024-07-12,175.0,2.31,ocean,15.99,delivered
PO-001108,SUP-016,SKU-00014,WH-EAST,2024-07-15,2024-08-01,2024-07-25,277.0,2.31,rail,30.81,delivered
PO-001109,SUP-016,SKU-00014,WH-EAST,2024-07-29,2024-08-05,2024-08-04,171.0,2.31,air,43.8,delivered
PO-001110,SUP-016,SKU-00014,WH-EAST,2024-08-12,2024-09-02,2024-08-28,213.0,2.31,ocean,23.29,delivered
PO-001111,SUP-016,SKU-00014,WH-EAST,2024-08-26,2024-09-11,2024-09-03,159.0,2.31,road,20.49,delivered
PO-001112,SUP-016,SKU-00014,WH-EAST,2024-09-09,2024-09-30,2024-10-05,217.0,2.31,OCEAN,17.54,delivered
PO-001113,SUP-016,SKU-00014,WH-EAST,2024-09-23,2024-09-30,2024-10-03,155.0,2.31,air,41.3,delivered
PO-001114,SUP-016,SKU-00014,WH-EAST,2024-10-14,2024-11-04,2024-11-17,214.0,2.31,ocean,23.72,delivered
PO-001115,SUP-016,SKU-00014,WH-EAST,2024-10-28,2024-11-04,2024-11-03,158.0,2.31,air,43.9,delivered
PO-001116,SUP-016,SKU-00014,WH-EAST,2024-11-11,2024-11-18,2024-11-20,158.0,2.31,air,37.8,delivered
PO-001117,SUP-016,SKU-00014,WH-EAST,2024-11-25,2024-12-16,2024-12-05,172.0,2.31,ocean,18.39,delivered
PO-001118,SUP-016,SKU-00014,WH-EAST,2024-12-09,2024-12-16,2024-12-15,263.0,2.31,air,73.27,delivered
PO-001119,SUP-016,SKU-00014,WH-EAST,2024-12-16,2025-01-02,2025-01-16,171.0,2.31,rail,20.99,delivered
PO-001120,SUP-016,SKU-00014,WH-EAST,2024-12-30,2025-01-16,2025-01-23,201.0,2.31,rail,26.29,delivered
PO-001121,SUP-016,SKU-00014,WH-EAST,2025-01-27,2025-02-17,2025-03-06,171.0,2.31,ocean,15.9,delivered
PO-001122,SUP-016,SKU-00014,WH-EAST,2025-02-10,2025-02-17,2025-02-20,187.0,2.31,air,44.1,delivered
PO-001123,SUP-016,SKU-00014,WH-EAST,2025-03-03,2025-03-10,2025-03-09,182.0,2.31,air,49.5,delivered
PO-001124,SUP-016,SKU-00014,WH-EAST,2025-03-17,2025-04-03,2025-04-10,167.0,2.31,rail,21.29,delivered
PO-001125,SUP-016,SKU-00014,WH-EAST,2025-03-31,2025-04-21,2025-04-20,205.0,2.31,ocean,18.9,delivered
PO-001126,SUP-016,SKU-00014,WH-EAST,2025-04-28,2025-05-14,2025-05-08,192.0,2.31,road,22.49,delivered
PO-001127,SUP-016,SKU-00014,WH-EAST,2025-05-12,2025-05-28,2025-05-15,173.0,2.31,road,25.47,delivered
PO-001128,SUP-016,SKU-00014,WH-EAST,2025-05-26,2025-06-16,2025-06-15,156.0,2.31,ocean,12.28,delivered
PO-001129,SUP-016,SKU-00014,WH-EAST,2025-06-09,2025-06-25,2025-06-27,189.0,2.31,road,23.23,delivered
PO-001130,SUP-016,SKU-00014,WH-EAST,2025-06-23,2025-07-14,2025-07-24,153.0,2.31,ocean,16.62,delivered
PO-001131,SUP-016,SKU-00014,WH-EAST,2025-07-07,2025-07-14,2025-07-17,201.0,2.31,air,60.12,delivered
PO-001132,SUP-016,SKU-00014,WH-EAST,2025-07-28,2025-08-18,2025-08-29,253.0,2.31,ocean,19.19,delivered
PO-001133,SUP-016,SKU-00014,WH-EAST,2025-09-01,2025-09-17,2025-09-21,193.0,2.31,road,27.26,delivered
PO-001134,SUP-016,SKU-00014,WH-EAST,2025-09-08,2025-09-15,2025-09-14,162.0,2.31,air,45.95,delivered
PO-001135,SUP-016,SKU-00014,WH-EAST,2025-09-22,2025-10-13,2025-10-04,224.0,2.31,ocean,24.25,delivered
PO-001136,SUP-016,SKU-00014,WH-EAST,2025-10-06,2025-10-13,2025-10-10,209.0,2.31,air,53.37,delivered
PO-001137,SUP-016,SKU-00014,WH-EAST,2025-10-13,2025-11-03,2025-11-03,217.0,2.31,ocean,17.1,delivered
PO-001138,SUP-016,SKU-00014,WH-EAST,2025-10-20,2025-10-27,2025-10-30,155.0,2.31,air,47.95,delivered
PO-001139,SUP-016,SKU-00014,WH-EAST,2025-11-10,2025-12-01,2025-11-25,281.0,2.31,ocean,31.13,delivered
PO-001140,SUP-016,SKU-00014,WH-EAST,2025-12-01,2025-12-22,2025-12-20,236.0,2.31,ocean,21.59,delivered
PO-001141,SUP-016,SKU-00014,WH-EAST,2025-12-22,2026-01-12,,205.0,2.31,ocean,21.68,open
PO-001142,SUP-009,SKU-00015,WH-EU,2024-01-15,2024-01-24,2024-01-29,77.0,3.53,air,34.13,delivered
PO-001143,SUP-009,SKU-00015,WH-EU,2024-01-29,2024-02-19,2024-02-05,76.0,3.53,road,19.29,delivered
PO-001144,SUP-009,SKU-00015,WH-EU,2024-02-19,2024-03-18,2024-03-17,92.0,3.53,ocean,12.28,delivered
PO-001145,SUP-009,SKU-00015,WH-EU,2024-03-11,2024-03-20,2024-03-17,97.0,3.53,air,38.99,delivered
PO-001146,SUP-009,SKU-00015,WH-EU,2024-04-01,2024-04-29,2024-05-18,74.0,3.53,ocean,10.14,delivered
PO-001147,SUP-009,SKU-00015,WH-EU,2024-04-22,2024-05-01,2024-05-05,78.0,3.53,air,34.17,delivered
PO-001148,SUP-009,SKU-00015,WH-EU,2024-05-13,2024-06-03,2024-05-28,67.0,3.53,road,13.37,delivered
PO-001149,SUP-009,SKU-00015,WH-EU,2024-06-10,2024-07-08,2024-07-04,85.0,3.53,ocean,13.43,delivered
PO-001150,SUP-009,SKU-00015,WH-EU,2024-07-08,2024-07-17,2024-07-15,80.0,3.53,air,32.27,delivered
PO-001151,SUP-009,SKU-00015,WH-EU,2024-08-05,2024-08-28,2024-08-28,75.0,3.53,rail,14.68,delivered
PO-001152,SUP-009,SKU-00015,WH-EU,2024-08-26,2024-09-16,2024-09-13,69.0,3.53,road,17.47,delivered
PO-001153,SUP-009,SKU-00015,WH-EU,2024-09-16,2024-09-25,2024-09-26,74.0,3.53,air,27.62,delivered
PO-001154,SUP-009,SKU-00015,WH-EU,2024-10-07,2024-10-30,2024-10-28,82.0,3.53,rail,13.42,delivered
PO-001155,SUP-009,SKU-00015,WH-EU,2024-10-28,2024-11-25,2024-12-05,92.0,3.53,ocean,10.72,delivered
PO-001156,SUP-009,SKU-00015,WH-EU,2024-11-18,2024-12-16,2024-12-21,90.0,3.53,ocean,10.38,delivered
PO-001157,SUP-009,SKU-00015,WH-EU,2024-12-16,2025-01-13,2024-12-26,73.0,3.53,ocean,10.75,delivered
PO-001158,SUP-009,SKU-00015,WH-EU,2024-12-30,2025-01-22,2025-01-10,69.0,3.53,rail,14.2,delivered
PO-001159,SUP-009,SKU-00015,WH-EU,2025-01-20,2025-01-29,2025-01-30,110.0,3.53,air,40.21,delivered
PO-001160,SUP-009,SKU-00015,WH-EU,2025-02-03,2025-03-03,2025-03-12,76.0,3.53,ocean,9.59,delivered
PO-001161,SUP-009,SKU-00015,WH-EU,2025-02-17,2025-03-17,2025-03-03,71.0,3.53,ocean,11.42,delivered
PO-001162,SUP-009,SKU-00015,WH-EU,2025-03-10,2025-04-07,2025-03-26,86.0,3.53,ocean,11.15,delivered
PO-001163,SUP-009,SKU-00015,WH-EU,2025-03-31,2025-04-09,2025-04-13,88.0,3.53,air,33.6,delivered
PO-001164,SUP-009,SKU-00015,WH-EU,2025-04-21,2025-05-12,2025-05-03,91.0,3.53,road,17.83,delivered
PO-001165,SUP-009,SKU-00015,WH-EU,2025-05-12,2025-05-21,2025-05-26,74.0,3.53,air,28.47,delivered
PO-001166,SUP-009,SKU-00015,WH-EU,2025-06-09,2025-07-07,2025-08-02,90.0,3.53,ocean,14.61,delivered
PO-001167,SUP-009,SKU-00015,WH-EU,2025-07-07,2025-08-04,2025-08-15,88.0,3.53,ocean,13.62,delivered
PO-001168,SUP-009,SKU-00015,WH-EU,2025-08-18,2025-08-27,2025-08-31,76.0,3.53,air,26.43,delivered
PO-001169,SUP-009,SKU-00015,WH-EU,2025-09-08,2025-10-06,2025-10-01,83.0,3.53,ocean,13.14,delivered
PO-001170,SUP-009,SKU-00015,WH-EU,2025-09-29,2025-10-27,2025-10-22,92.0,3.53,ocean,15.28,delivered
PO-001171,SUP-009,SKU-00015,WH-EU,2025-10-20,2025-11-17,2025-12-12,87.0,3.53,ocean,14.69,delivered
PO-001172,SUP-009,SKU-00015,WH-EU,2025-11-03,2025-11-12,2025-11-06,68.0,3.53,air,28.65,delivered
PO-001173,SUP-009,SKU-00015,WH-EU,2025-11-17,2025-12-15,2025-11-20,68.0,3.53,ocean,10.49,delivered
PO-001174,SUP-009,SKU-00015,WH-EU,2025-12-01,2025-12-29,,68.0,3.53,ocean,8.0,open
PO-001175,SUP-009,SKU-00015,WH-EU,2025-12-15,2026-01-12,,72.0,3.53,ocean,9.18,open
PO-001176,SUP-009,SKU-00015,WH-SOUTH,2024-01-15,2024-02-12,2024-02-15,57.0,3.53,ocean,8.76,delivered
PO-001177,SUP-009,SKU-00015,WH-SOUTH,2024-02-05,2024-03-04,2024-03-07,64.0,3.53,ocean,7.44,delivered
PO-001178,SUP-009,SKU-00015,WH-SOUTH,2024-02-26,2024-03-06,2024-03-07,56.0,3.53,air,26.21,delivered
PO-001179,SUP-009,SKU-00015,WH-SOUTH,2024-03-18,2024-04-08,2024-04-08,70.0,3.53,road,12.36,delivered
PO-001180,SUP-009,SKU-00015,WH-SOUTH,2024-04-08,2024-05-06,2024-05-29,64.0,3.53,ocean,9.13,delivered
PO-001181,SUP-009,SKU-00015,WH-SOUTH,2024-04-29,2024-05-08,2024-05-11,54.0,3.53,air,19.88,delivered
PO-001182,SUP-009,SKU-00015,WH-SOUTH,2024-05-20,2024-06-10,2024-06-13,49.0,3.53,road,10.09,delivered
PO-001183,SUP-009,SKU-00015,WH-SOUTH,2024-06-10,2024-07-08,2024-07-25,53.0,3.53,ocean,6.99,delivered
PO-001184,SUP-009,SKU-00015,WH-SOUTH,2024-07-08,2024-08-05,2024-07-10,58.0,3.53,ocean,9.5,delivered
PO-001185,SUP-009,SKU-00015,WH-SOUTH,2024-08-05,2024-08-14,2024-08-08,59.0,3.53,air,22.53,delivered
PO-001186,SUP-009,SKU-00015,WH-SOUTH,2024-08-26,2024-09-23,2024-09-17,58.0,3.53,ocean,8.99,delivered
PO-001187,SUP-009,SKU-00015,WH-SOUTH,2024-09-16,2024-10-14,2024-10-12,52.0,3.53,ocean,6.47,delivered
PO-001188,SUP-009,SKU-00015,WH-SOUTH,2024-10-07,2024-11-04,2024-10-25,64.0,3.53,ocean,10.48,delivered
PO-001189,SUP-009,SKU-00015,WH-SOUTH,2024-10-28,2024-11-25,2024-11-17,67.0,3.53,ocean,7.82,delivered
PO-001190,SUP-009,SKU-00015,WH-SOUTH,2024-11-11,2024-12-09,2024-12-07,54.0,3.53,ocean,6.67,delivered
PO-001191,SUP-009,SKU-00015,WH-SOUTH,2024-11-25,2024-12-23,2025-01-03,61.0,3.53,OCEAN,9.32,delivered
PO-001192,SUP-009,SKU-00015,WH-SOUTH,2024-12-16,2024-12-25,2024-12-21,62.0,3.53,air,26.35,delivered
PO-001193,SUP-009,SKU-00015,WH-SOUTH,2024-12-30,2025-01-22,2025-01-28,56.0,3.53,rail,10.49,delivered
PO-001194,SUP-009,SKU-00015,WH-SOUTH,2025-01-13,2025-02-05,2025-01-25,54.0,3.53,rail,10.13,delivered
PO-001195,SUP-009,SKU-00015,WH-SOUTH,2025-02-03,2025-02-12,2025-02-10,70.0,3.53,air,29.92,delivered
PO-001196,SUP-009,SKU-00015,WH-SOUTH,2025-02-17,2025-03-10,2025-03-16,49.0,3.53,road,10.95,delivered
PO-001197,SUP-009,SKU-00015,WH-SOUTH,2025-03-03,2025-03-31,2025-03-25,53.0,3.53,ocean,6.76,delivered
PO-001198,SUP-009,SKU-00015,WH-SOUTH,2025-03-24,2025-04-02,2025-04-02,72.0,3.53,air,29.14,delivered
PO-001199,SUP-009,SKU-00015,WH-SOUTH,2025-04-07,2025-04-30,2025-04-27,52.0,3.53,rail,9.85,delivered
PO-001200,SUP-009,SKU-00015,WH-SOUTH,2025-04-28,2025-05-26,2025-06-01,53.0,3.53,ocean,8.08,delivered
PO-001201,SUP-009,SKU-00015,WH-SOUTH,2025-05-19,2025-06-16,2025-06-10,59.0,3.53,ocean,8.61,delivered
PO-001202,SUP-009,SKU-00015,WH-SOUTH,2025-06-09,2025-07-07,2025-07-05,50.0,3.53,ocean,7.95,delivered
PO-001203,SUP-009,SKU-00015,WH-SOUTH,2025-06-30,2025-07-28,2025-07-26,49.0,3.53,ocean,6.12,delivered
PO-001204,SUP-009,SKU-00015,WH-SOUTH,2025-07-21,2025-07-30,2025-08-04,55.0,3.53,AIR,23.31,delivered
PO-001205,SUP-009,SKU-00015,WH-SOUTH,2025-08-18,2025-09-10,2025-09-05,73.0,3.53,RAIL,13.29,delivered
PO-001206,SUP-009,SKU-00015,WH-SOUTH,2025-09-08,2025-10-01,2025-10-17,61.0,3.53,rail,11.05,delivered
PO-001207,SUP-009,SKU-00015,WH-SOUTH,2025-09-29,2025-10-27,2025-10-31,66.0,3.53,ocean,8.0,delivered
PO-001208,SUP-009,SKU-00015,WH-SOUTH,2025-10-27,2025-11-19,2025-11-17,55.0,3.53,rail,8.76,delivered
PO-001209,SUP-009,SKU-00015,WH-SOUTH,2025-11-17,2025-11-26,2025-11-24,73.0,3.53,air,29.38,delivered
PO-001210,SUP-009,SKU-00015,WH-SOUTH,2025-12-01,2025-12-24,2025-12-25,57.0,3.53,rail,8.46,delivered
PO-001211,SUP-009,SKU-00015,WH-SOUTH,2025-12-15,2025-12-24,2025-12-26,57.0,3.53,air,21.43,delivered
PO-001212,SUP-009,SKU-00015,WH-WEST,2024-01-15,2024-02-12,2024-02-10,71.0,3.53,ocean,9.27,delivered
PO-001213,SUP-009,SKU-00015,WH-WEST,2024-02-05,2024-03-04,2024-02-19,100.0,3.53,ocean,12.52,delivered
PO-001214,SUP-009,SKU-00015,WH-WEST,2024-02-26,2024-03-25,2024-03-23,101.0,3.53,ocean,16.59,delivered
PO-001215,SUP-009,SKU-00015,WH-WEST,2024-03-11,2024-04-08,2024-04-08,82.0,3.53,ocean,10.42,delivered
PO-001216,SUP-009,SKU-00015,WH-WEST,2024-04-08,2024-05-06,2024-05-07,87.0,3.53,ocean,10.59,delivered
PO-001217,SUP-009,SKU-00015,WH-WEST,2024-04-29,2024-05-08,2024-05-06,80.0,3.53,air,36.33,delivered
PO-001218,SUP-009,SKU-00015,WH-WEST,2024-05-20,2024-06-10,2024-06-19,73.0,3.53,road,14.69,delivered
PO-001219,SUP-009,SKU-00015,WH-WEST,2024-06-10,2024-07-03,2024-07-16,69.0,3.53,rail,12.71,delivered
PO-001220,SUP-009,SKU-00015,WH-WEST,2024-07-08,2024-07-17,2024-07-15,72.0,3.53,air,27.0,delivered
PO-001221,SUP-009,SKU-00015,WH-WEST,2024-08-05,2024-08-28,2024-08-21,84.0,3.53,rail,12.53,delivered
PO-001222,SUP-009,SKU-00015,WH-WEST,2024-08-26,2024-09-18,2024-09-26,74.0,3.53,rail,11.06,delivered
PO-001223,SUP-009,SKU-00015,WH-WEST,2024-09-16,2024-10-14,2024-11-06,86.0,3.53,ocean,9.92,delivered
PO-001224,SUP-009,SKU-00015,WH-WEST,2024-10-07,2024-11-04,2024-10-23,83.0,3.53,ocean,11.34,delivered
PO-001225,SUP-009,SKU-00015,WH-WEST,2024-11-04,2024-11-27,2024-11-17,103.0,3.53,rail,21.62,delivered
PO-001226,SUP-009,SKU-00015,WH-WEST,2024-11-25,2024-12-23,2025-01-02,102.0,3.53,ocean,13.26,delivered
PO-001227,SUP-009,SKU-00015,WH-WEST,2024-12-16,2024-12-25,2024-12-30,98.0,3.53,air,37.48,delivered
PO-001228,SUP-009,SKU-00015,WH-WEST,2025-01-13,2025-02-10,2025-02-21,81.0,3.53,ocean,11.97,delivered
PO-001229,SUP-009,SKU-00015,WH-WEST,2025-01-27,2025-02-19,2025-02-19,101.0,3.53,rail,14.6,delivered
PO-001230,SUP-009,SKU-00015,WH-WEST,2025-03-03,2025-03-24,2025-03-24,98.0,3.53,road,20.41,delivered
PO-001231,SUP-009,SKU-00015,WH-WEST,2025-03-24,2025-04-21,2025-04-23,93.0,3.53,ocean,12.88,delivered
PO-001232,SUP-009,SKU-00015,WH-WEST,2025-04-14,2025-05-05,2025-05-06,95.0,3.53,road,21.88,delivered
PO-001233,SUP-009,SKU-00015,WH-WEST,2025-05-12,2025-06-09,2025-05-27,88.0,3.53,ocean,13.25,delivered
PO-001234,SUP-009,SKU-00015,WH-WEST,2025-06-09,2025-07-07,2025-07-27,93.0,3.53,ocean,12.52,delivered
PO-001235,SUP-009,SKU-00015,WH-WEST,2025-07-07,2025-07-16,2025-07-18,94.0,3.53,air,35.12,delivered
PO-001236,SUP-009,SKU-00015,WH-WEST,2025-08-04,2025-08-13,2025-08-15,77.0,3.53,air,26.13,delivered
PO-001237,SUP-009,SKU-00015,WH-WEST,2025-08-25,2025-09-22,2025-09-17,75.0,3.53,ocean,10.9,delivered
PO-001238,SUP-009,SKU-00015,WH-WEST,2025-09-15,2025-10-13,2025-09-30,88.0,3.53,ocean,13.91,delivered
PO-001239,SUP-009,SKU-00015,WH-WEST,2025-10-06,2025-11-03,2025-10-27,73.0,3.53,ocean,8.38,delivered
PO-001240,SUP-009,SKU-00015,WH-WEST,2025-10-27,2025-11-24,2025-11-17,92.0,3.53,ocean,11.05,delivered
PO-001241,SUP-009,SKU-00015,WH-WEST,2025-11-10,2025-12-08,2025-12-02,78.0,3.53,ocean,10.32,delivered
PO-001242,SUP-009,SKU-00015,WH-WEST,2025-12-01,2025-12-22,2025-12-20,97.0,3.53,road,19.52,delivered
PO-001243,SUP-009,SKU-00015,WH-WEST,2025-12-15,2026-01-12,,74.0,3.53,ocean,9.77,open
PO-001244,SUP-021,SKU-00016,WH-EU,2024-01-15,2024-02-17,2024-02-11,26.0,52.74,ocean,45.87,delivered
PO-001245,SUP-021,SKU-00016,WH-EU,2024-02-05,2024-02-29,2024-03-03,33.0,52.74,road,118.57,delivered
PO-001246,SUP-021,SKU-00016,WH-EU,2024-02-19,2024-03-23,2024-03-11,29.0,52.74,ocean,65.4,delivered
PO-001247,SUP-021,SKU-00016,WH-EU,2024-03-11,2024-03-22,2024-03-19,35.0,52.74,air,213.53,delivered
PO-001248,SUP-021,SKU-00016,WH-EU,2024-03-25,2024-04-21,2024-04-28,30.0,52.74,rail,88.36,delivered
PO-001249,SUP-021,SKU-00016,WH-EU,2024-04-15,2024-05-18,2024-05-17,36.0,52.74,ocean,64.63,delivered
PO-001250,SUP-021,SKU-00016,WH-EU,2024-05-06,2024-06-08,2024-06-12,36.0,52.74,ocean,81.09,delivered
PO-001251,SUP-021,SKU-00016,WH-EU,2024-05-27,2024-06-23,2024-07-04,34.0,52.74,rail,86.02,delivered
PO-001252,SUP-021,SKU-00016,WH-EU,2024-06-24,2024-07-27,2024-08-10,33.0,52.74,ocean,73.99,delivered
PO-001253,SUP-021,SKU-00016,WH-EU,2024-07-15,2024-08-17,2024-08-22,26.0,52.74,ocean,51.98,delivered
PO-001254,SUP-021,SKU-00016,WH-EU,2024-07-29,2024-08-09,2024-08-08,28.0,52.74,air,152.19,delivered
PO-001255,SUP-021,SKU-00016,WH-EU,2024-09-02,2024-10-05,2024-10-20,35.0,52.74,ocean,77.14,delivered
PO-001256,SUP-021,SKU-00016,WH-EU,2024-09-23,2024-10-04,2024-10-10,36.0,52.74,AIR,226.91,delivered
PO-001257,SUP-021,SKU-00016,WH-EU,2024-10-21,2024-11-17,2024-11-17,30.0,52.74,rail,93.3,delivered
PO-001258,SUP-021,SKU-00016,WH-EU,2024-11-11,2024-12-08,2024-12-01,32.0,52.74,rail,95.8,delivered
PO-001259,SUP-021,SKU-00016,WH-EU,2024-12-02,2025-01-04,2025-01-18,30.0,52.74,ocean,53.91,delivered
PO-001260,SUP-021,SKU-00016,WH-EU,2024-12-23,2025-01-19,2025-02-05,31.0,52.74,rail,69.36,delivered
PO-001261,SUP-021,SKU-00016,WH-EU,2025-01-13,2025-01-24,2025-01-24,26.0,52.74,air,158.93,delivered
PO-001262,SUP-021,SKU-00016,WH-EU,2025-02-03,2025-02-27,2025-03-14,26.0,52.74,road,92.4,delivered
PO-001263,SUP-021,SKU-00016,WH-EU,2025-02-24,2025-03-29,2025-04-05,36.0,52.74,ocean,68.27,delivered
PO-001264,SUP-021,SKU-00016,WH-EU,2025-03-17,2025-04-19,2025-04-13,28.0,52.74,ocean,57.55,delivered
PO-001265,SUP-021,SKU-00016,WH-EU,2025-04-07,2025-05-10,2025-04-23,27.0,52.74,ocean,65.16,delivered
PO-001266,SUP-021,SKU-00016,WH-EU,2025-05-05,2025-06-07,2025-05-29,32.0,52.74,ocean,74.96,delivered
PO-001267,SUP-021,SKU-00016,WH-EU,2025-06-02,2025-06-13,2025-06-08,34.0,52.74,air,205.36,delivered
PO-001268,SUP-021,SKU-00016,WH-EU,2025-06-23,2025-07-26,2025-08-10,27.0,52.74,ocean,56.47,delivered
PO-001269,SUP-021,SKU-00016,WH-EU,2025-07-14,2025-08-10,2025-08-19,28.0,52.74,rail,71.0,delivered
PO-001270,SUP-021,SKU-00016,WH-EU,2025-08-11,2025-08-22,2025-08-26,35.0,52.74,air,223.37,delivered
PO-001271,SUP-021,SKU-00016,WH-EU,2025-09-01,2025-09-12,2025-09-15,29.0,52.74,air,162.79,delivered
PO-001272,SUP-021,SKU-00016,WH-EU,2025-09-29,2025-11-01,2025-11-19,35.0,52.74,ocean,77.93,delivered
PO-001273,SUP-021,SKU-00016,WH-EU,2025-10-20,2025-11-22,2025-12-11,30.0,52.74,ocean,54.24,delivered
PO-001274,SUP-021,SKU-00016,WH-EU,2025-11-24,2025-12-18,2025-12-18,30.0,52.74,road,84.81,delivered
PO-001275,SUP-021,SKU-00016,WH-EU,2025-12-15,2026-01-08,,31.0,52.74,road,109.92,open
PO-001276,SUP-021,SKU-00016,WH-WEST,2024-01-15,2024-02-17,2024-02-26,34.0,52.74,ocean,78.33,delivered
PO-001277,SUP-021,SKU-00016,WH-WEST,2024-01-29,2024-03-02,2024-02-28,33.0,52.74,ocean,68.43,delivered
PO-001278,SUP-021,SKU-00016,WH-WEST,2024-02-19,2024-03-01,2024-03-01,42.0,52.74,air,318.86,delivered
PO-001279,SUP-021,SKU-00016,WH-WEST,2024-03-11,2024-04-13,2024-04-11,39.0,52.74,ocean,73.01,delivered
PO-001280,SUP-021,SKU-00016,WH-WEST,2024-04-01,2024-04-28,2024-04-24,41.0,52.74,rail,101.51,delivered
PO-001281,SUP-021,SKU-00016,WH-WEST,2024-04-15,2024-05-18,2024-06-12,33.0,52.74,OCEAN,69.51,delivered
PO-001282,SUP-021,SKU-00016,WH-WEST,2024-04-29,2024-06-01,2024-05-28,33.0,52.74,ocean,58.17,delivered
PO-001283,SUP-021,SKU-00016,WH-WEST,2024-05-20,2024-06-13,2024-06-10,43.0,52.74,road,142.65,delivered
PO-001284,SUP-021,SKU-00016,WH-WEST,2024-06-17,2024-07-20,2024-07-27,42.0,52.74,ocean,71.78,delivered
PO-001285,SUP-021,SKU-00016,WH-WEST,2024-07-08,2024-08-10,2024-07-25,43.0,52.74,ocean,88.18,delivered
PO-001286,SUP-021,SKU-00016,WH-WEST,2024-07-29,2024-08-31,2024-09-01,36.0,52.74,ocean,67.77,delivered
PO-001287,SUP-021,SKU-00016,WH-WEST,2024-08-19,2024-09-15,2024-09-23,41.0,52.74,rail,96.19,delivered
PO-001288,SUP-021,SKU-00016,WH-WEST,2024-09-09,2024-10-12,2024-09-20,37.0,52.74,ocean,79.46,delivered
PO-001289,SUP-021,SKU-00016,WH-WEST,2024-09-30,2024-11-02,2024-11-02,42.0,52.74,ocean,94.95,delivered
PO-001290,SUP-021,SKU-00016,WH-WEST,2024-10-21,2024-11-14,2024-10-29,42.0,52.74,road,125.82,delivered
PO-001291,SUP-021,SKU-00016,WH-WEST,2024-11-04,2024-12-07,2024-12-12,36.0,52.74,ocean,61.67,delivered
PO-001292,SUP-021,SKU-00016,WH-WEST,2024-11-18,2024-12-21,2025-01-16,34.0,52.74,ocean,58.77,delivered
PO-001293,SUP-021,SKU-00016,WH-WEST,2024-12-09,2025-01-05,2025-01-05,39.0,52.74,rail,121.78,delivered
PO-001294,SUP-021,SKU-00016,WH-WEST,2024-12-23,2025-01-03,2025-01-11,32.0,52.74,air,221.28,delivered
PO-001295,SUP-021,SKU-00016,WH-WEST,2025-01-20,2025-01-31,2025-01-28,38.0,52.74,air,273.05,delivered
PO-001296,SUP-021,SKU-00016,WH-WEST,2025-02-10,2025-03-06,2025-03-06,45.0,52.74,road,116.12,delivered
PO-001297,SUP-021,SKU-00016,WH-WEST,2025-03-03,2025-03-14,2025-03-24,43.0,52.74,air,285.01,delivered
PO-001298,SUP-021,SKU-00016,WH-WEST,2025-03-17,2025-04-19,2025-05-10,32.0,52.74,ocean,56.47,delivered
PO-001299,SUP-021,SKU-00016,WH-WEST,2025-04-07,2025-05-10,2025-05-26,37.0,52.74,ocean,69.4,delivered
PO-001300,SUP-021,SKU-00016,WH-WEST,2025-04-28,2025-05-09,2025-05-17,37.0,52.74,air,264.72,delivered
PO-001301,SUP-021,SKU-00016,WH-WEST,2025-05-26,2025-06-22,2025-06-21,32.0,52.74,rail,69.55,delivered
PO-001302,SUP-021,SKU-00016,WH-WEST,2025-06-16,2025-07-19,2025-07-14,36.0,52.74,ocean,71.17,delivered
PO-001303,SUP-021,SKU-00016,WH-WEST,2025-07-07,2025-08-09,2025-07-19,43.0,52.74,ocean,,delivered
PO-001304,SUP-021,SKU-00016,WH-WEST,2025-07-28,2025-08-24,2025-09-13,39.0,52.74,rail,87.63,delivered
PO-001305,SUP-021,SKU-00016,WH-WEST,2025-08-18,2025-09-20,2025-09-17,34.0,52.74,ocean,85.4,delivered
PO-001306,SUP-021,SKU-00016,WH-WEST,2025-09-15,2025-10-09,2025-09-21,38.0,52.74,road,121.85,delivered
PO-001307,SUP-021,SKU-00016,WH-WEST,2025-10-06,2025-10-17,2025-10-26,33.0,52.74,air,174.26,delivered
PO-001308,SUP-021,SKU-00016,WH-WEST,2025-10-27,2025-11-23,2025-11-19,39.0,52.74,rail,120.15,delivered
PO-001309,SUP-021,SKU-00016,WH-WEST,2025-11-17,2025-12-20,,32.0,52.74,ocean,72.12,open
PO-001310,SUP-021,SKU-00016,WH-WEST,2025-12-08,2026-01-10,2025-12-28,39.0,52.74,ocean,88.84,delivered
PO-001311,SUP-021,SKU-00016,WH-SOUTH,2024-01-15,2024-01-26,2024-01-31,42.0,52.74,air,299.56,delivered
PO-001312,SUP-021,SKU-00016,WH-SOUTH,2024-01-29,2024-03-02,2024-02-18,40.0,52.74,ocean,94.65,delivered
PO-001313,SUP-021,SKU-00016,WH-SOUTH,2024-02-12,2024-03-16,2024-03-06,50.0,52.74,ocean,119.99,delivered
PO-001314,SUP-021,SKU-00016,WH-SOUTH,2024-03-04,2024-04-06,2024-04-10,52.0,52.74,ocean,120.13,delivered
PO-001315,SUP-021,SKU-00016,WH-SOUTH,2024-03-25,2024-04-21,2024-04-26,52.0,52.74,rail,125.59,delivered
PO-001316,SUP-021,SKU-00016,WH-SOUTH,2024-04-15,2024-05-12,2024-05-05,48.0,52.74,rail,140.71,delivered
PO-001317,SUP-021,SKU-00016,WH-SOUTH,2024-05-06,2024-06-08,2024-07-02,43.0,52.74,ocean,106.7,delivered
PO-001318,SUP-021,SKU-00016,WH-SOUTH,2024-05-27,2024-06-07,2024-06-14,47.0,52.74,air,302.03,delivered
PO-001319,SUP-021,SKU-00016,WH-SOUTH,2024-06-17,2024-06-28,2024-07-01,45.0,52.74,air,257.66,delivered
PO-001320,SUP-021,SKU-00016,WH-SOUTH,2024-07-08,2024-07-19,2024-07-18,46.0,52.74,air,292.47,delivered
PO-001321,SUP-021,SKU-00016,WH-SOUTH,2024-07-29,2024-08-09,2024-08-08,60.0,52.74,air,364.86,delivered
PO-001322,SUP-021,SKU-00016,WH-SOUTH,2024-08-19,2024-08-30,2024-09-02,44.0,52.74,air,253.35,delivered
PO-001323,SUP-021,SKU-00016,WH-SOUTH,2024-09-09,2024-10-12,2024-09-29,49.0,52.74,ocean,96.69,delivered
PO-001324,SUP-021,SKU-00016,WH-SOUTH,2024-09-30,2024-11-02,2024-10-25,49.0,52.74,ocean,104.44,delivered
PO-001325,SUP-021,SKU-00016,WH-SOUTH,2024-10-21,2024-11-01,2024-10-26,44.0,52.74,air,323.1,delivered
PO-001326,SUP-021,SKU-00016,WH-SOUTH,2024-11-04,2024-12-07,2024-11-29,39.0,52.74,ocean,78.02,delivered
PO-001327,SUP-021,SKU-00016,WH-SOUTH,2024-11-25,2024-12-06,2024-12-14,49.0,52.74,air,319.08,delivered
PO-001328,SUP-021,SKU-00016,WH-SOUTH,2024-12-16,2025-01-18,2025-01-12,47.0,52.74,ocean,82.02,delivered
PO-001329,SUP-021,SKU-00016,WH-SOUTH,2025-01-06,2025-02-08,2025-02-13,48.0,52.74,ocean,87.46,delivered
PO-001330,SUP-021,SKU-00016,WH-SOUTH,2025-01-27,2025-03-01,2025-02-15,46.0,52.74,ocean,102.78,delivered
PO-001331,SUP-021,SKU-00016,WH-SOUTH,2025-02-17,2025-03-16,2025-03-24,46.0,52.74,rail,108.39,delivered
PO-001332,SUP-021,SKU-00016,WH-SOUTH,2025-03-10,2025-04-12,2025-03-19,44.0,52.74,ocean,104.56,delivered
PO-001333,SUP-021,SKU-00016,WH-SOUTH,2025-03-31,2025-05-03,2025-05-06,48.0,52.74,ocean,101.79,delivered
PO-001334,SUP-021,SKU-00016,WH-SOUTH,2025-04-21,2025-05-18,2025-06-01,44.0,52.74,rail,118.89,delivered
PO-001335,SUP-021,SKU-00016,WH-SOUTH,2025-05-12,2025-06-14,2025-07-07,41.0,52.74,ocean,89.44,delivered
PO-001336,SUP-021,SKU-00016,WH-SOUTH,2025-06-02,2025-07-05,2025-07-06,41.0,52.74,ocean,80.62,delivered
PO-001337,SUP-021,SKU-00016,WH-SOUTH,2025-06-23,2025-07-26,2025-07-18,40.0,52.74,ocean,88.17,delivered
PO-001338,SUP-021,SKU-00016,WH-SOUTH,2025-07-28,2025-08-30,2025-09-06,46.0,52.74,ocean,105.16,delivered
PO-001339,SUP-021,SKU-00016,WH-SOUTH,2025-08-18,2025-09-20,2025-10-10,41.0,52.74,ocean,69.2,delivered
PO-001340,SUP-021,SKU-00016,WH-SOUTH,2025-09-15,2025-10-18,2025-10-17,44.0,52.74,ocean,85.82,delivered
PO-001341,SUP-021,SKU-00016,WH-SOUTH,2025-10-13,2025-11-15,2025-10-29,47.0,52.74,ocean,95.77,delivered
PO-001342,SUP-021,SKU-00016,WH-SOUTH,2025-11-03,2025-12-06,,40.0,52.74,ocean,71.82,open
PO-001343,SUP-021,SKU-00016,WH-SOUTH,2025-12-01,2025-12-28,,51.0,52.74,rail,138.69,open
PO-001344,SUP-021,SKU-00016,WH-SOUTH,2025-12-22,2026-01-02,,39.0,52.74,air,203.25,open
PO-001345,SUP-009,SKU-00017,WH-SOUTH,2024-01-15,2024-02-12,2024-02-13,900.0,43.52,ocean,1539.72,delivered
PO-001346,SUP-009,SKU-00017,WH-SOUTH,2024-02-05,2024-03-04,2024-03-10,1078.0,43.52,ocean,1767.27,delivered
PO-001347,SUP-009,SKU-00017,WH-SOUTH,2024-02-26,2024-03-06,2024-03-01,1207.0,43.52,air,6155.42,delivered
PO-001348,SUP-009,SKU-00017,WH-SOUTH,2024-03-18,2024-03-27,2024-03-25,1204.0,43.52,air,5977.26,delivered
PO-001349,SUP-009,SKU-00017,WH-SOUTH,2024-04-01,2024-04-10,2024-04-07,910.0,43.52,air,5492.85,delivered
PO-001350,SUP-009,SKU-00017,WH-SOUTH,2024-04-22,2024-05-20,2024-05-11,1166.0,43.52,ocean,2351.07,delivered
PO-001351,SUP-009,SKU-00017,WH-SOUTH,2024-05-13,2024-06-10,2024-06-22,1027.0,43.52,ocean,2116.64,delivered
PO-001352,SUP-009,SKU-00017,WH-SOUTH,2024-06-03,2024-07-01,2024-06-20,1034.0,43.52,ocean,1917.65,delivered
PO-001353,SUP-009,SKU-00017,WH-SOUTH,2024-07-01,2024-07-29,2024-07-31,947.0,43.52,ocean,1364.3,delivered
PO-001354,SUP-009,SKU-00017,WH-SOUTH,2024-07-22,2024-08-12,2024-08-27,975.0,43.52,road,2322.43,delivered
PO-001355,SUP-009,SKU-00017,WH-SOUTH,2024-08-12,2024-09-02,2024-09-13,1110.0,43.52,road,2660.46,delivered
PO-001356,SUP-009,SKU-00017,WH-SOUTH,2024-09-02,2024-09-30,2024-09-30,862.0,43.52,ocean,1207.43,delivered
PO-001357,SUP-009,SKU-00017,WH-SOUTH,2024-09-23,2024-10-21,2024-11-02,1028.0,43.52,ocean,1649.89,delivered
PO-001358,SUP-009,SKU-00017,WH-SOUTH,2024-10-14,2024-11-06,2024-11-03,1124.0,43.52,rail,2550.86,delivered
PO-001359,SUP-009,SKU-00017,WH-SOUTH,2024-11-11,2024-12-09,2024-12-08,881.0,43.52,ocean,1266.92,delivered
PO-001360,SUP-009,SKU-00017,WH-SOUTH,2024-12-02,2024-12-25,2024-12-21,1138.0,43.52,rail,2875.6,delivered
PO-001361,SUP-009,SKU-00017,WH-SOUTH,2024-12-23,2025-01-13,2025-01-11,1291.0,43.52,road,2752.37,delivered
PO-001362,SUP-009,SKU-00017,WH-SOUTH,2025-01-06,2025-02-03,2025-02-05,869.0,43.52,ocean,1550.34,delivered
PO-001363,SUP-009,SKU-00017,WH-SOUTH,2025-01-27,2025-02-24,2025-02-21,1215.0,43.52,ocean,1704.86,delivered
PO-001364,SUP-009,SKU-00017,WH-SOUTH,2025-02-17,2025-02-26,2025-02-25,1108.0,43.52,air,6320.72,delivered
PO-001365,SUP-009,SKU-00017,WH-SOUTH,2025-03-10,2025-04-07,2025-04-08,1091.0,43.52,ocean,2155.65,delivered
PO-001366,SUP-009,SKU-00017,WH-SOUTH,2025-03-31,2025-04-28,2025-05-01,1059.0,43.52,ocean,1876.59,delivered
PO-001367,SUP-009,SKU-00017,WH-SOUTH,2025-04-14,2025-04-23,2025-04-18,1271.0,43.52,air,7485.24,delivered
PO-001368,SUP-009,SKU-00017,WH-SOUTH,2025-04-28,2025-05-26,2025-05-04,924.0,43.52,ocean,1789.75,delivered
PO-001369,SUP-009,SKU-00017,WH-SOUTH,2025-05-19,2025-06-09,2025-06-09,1023.0,43.52,road,2263.55,delivered
PO-001370,SUP-009,SKU-00017,WH-SOUTH,2025-06-09,2025-07-07,2025-07-14,1032.0,43.52,ocean,2013.92,delivered
PO-001371,SUP-009,SKU-00017,WH-SOUTH,2025-06-30,2025-07-28,2025-08-09,974.0,43.52,ocean,1860.03,delivered
PO-001372,SUP-009,SKU-00017,WH-SOUTH,2025-07-21,2025-08-13,2025-08-02,866.0,43.52,rail,2151.16,delivered
PO-001373,SUP-009,SKU-00017,WH-SOUTH,2025-08-11,2025-09-08,2025-09-12,1033.0,43.52,ocean,1772.69,delivered
PO-001374,SUP-009,SKU-00017,WH-SOUTH,2025-09-01,2025-09-10,2025-09-11,1023.0,43.52,air,6035.03,delivered
PO-001375,SUP-009,SKU-00017,WH-SOUTH,2025-09-22,2025-10-15,2025-11-02,1186.0,43.52,rail,2964.98,delivered
PO-001376,SUP-009,SKU-00017,WH-SOUTH,2025-10-13,2025-10-22,2025-10-26,1156.0,43.52,air,5415.53,delivered
PO-001377,SUP-009,SKU-00017,WH-SOUTH,2025-11-10,2025-12-08,2025-12-10,1052.0,43.52,ocean,1619.12,delivered
PO-001378,SUP-009,SKU-00017,WH-SOUTH,2025-11-24,2025-12-17,2025-12-19,1028.0,43.52,rail,2602.13,delivered
PO-001379,SUP-009,SKU-00017,WH-SOUTH,2025-12-22,2026-01-14,,1090.0,43.52,rail,2719.45,open
PO-001380,SUP-008,SKU-00018,WH-WEST,2024-01-22,2024-02-15,2024-02-06,38.0,7.79,ocean,10.66,delivered
PO-001381,SUP-008,SKU-00018,WH-WEST,2024-02-05,2024-02-22,2024-02-21,34.0,7.79,road,17.67,delivered
PO-001382,SUP-008,SKU-00018,WH-WEST,2024-02-26,2024-03-05,2024-03-02,45.0,7.79,air,45.34,delivered
PO-001383,SUP-008,SKU-00018,WH-WEST,2024-03-18,2024-04-11,2024-04-14,49.0,7.79,ocean,16.41,delivered
PO-001384,SUP-008,SKU-00018,WH-WEST,2024-04-01,2024-04-09,2024-04-10,32.0,7.79,air,35.45,delivered
PO-001385,SUP-008,SKU-00018,WH-WEST,2024-04-22,2024-05-16,2024-06-06,40.0,7.79,ocean,11.7,delivered
PO-001386,SUP-008,SKU-00018,WH-WEST,2024-05-06,2024-05-14,2024-05-19,43.0,7.79,air,38.78,delivered
PO-001387,SUP-008,SKU-00018,WH-WEST,2024-06-03,2024-06-20,2024-06-23,43.0,7.79,road,17.38,delivered
PO-001388,SUP-008,SKU-00018,WH-WEST,2024-06-17,2024-07-06,2024-07-07,40.0,7.79,rail,18.36,delivered
PO-001389,SUP-008,SKU-00018,WH-WEST,2024-07-01,2024-07-25,2024-07-09,33.0,7.79,ocean,9.79,delivered
PO-001390,SUP-008,SKU-00018,WH-WEST,2024-07-15,2024-08-08,2024-08-18,40.0,7.79,ocean,14.0,delivered
PO-001391,SUP-008,SKU-00018,WH-WEST,2024-07-29,2024-08-06,2024-08-06,43.0,7.79,air,43.05,delivered
PO-001392,SUP-008,SKU-00018,WH-WEST,2024-08-19,2024-09-07,2024-09-17,52.0,7.79,rail,19.6,delivered
PO-001393,SUP-008,SKU-00018,WH-WEST,2024-09-02,2024-09-21,2024-09-24,31.0,7.79,rail,13.08,delivered
PO-001394,SUP-008,SKU-00018,WH-WEST,2024-09-30,2024-10-17,2024-10-10,46.0,7.79,road,21.84,delivered
PO-001395,SUP-008,SKU-00018,WH-WEST,2024-10-14,2024-11-07,2024-11-13,42.0,7.79,ocean,14.73,delivered
PO-001396,SUP-008,SKU-00018,WH-WEST,2024-10-28,2024-11-05,2024-11-15,41.0,7.79,air,45.8,delivered
PO-001397,SUP-008,SKU-00018,WH-WEST,2024-11-25,2024-12-14,2024-12-16,55.0,7.79,rail,19.51,delivered
PO-001398,SUP-008,SKU-00018,WH-WEST,2024-12-16,2025-01-09,2025-01-06,33.0,7.79,ocean,9.56,delivered
PO-001399,SUP-008,SKU-00018,WH-WEST,2024-12-30,2025-01-23,2025-02-03,39.0,7.79,ocean,9.96,delivered
PO-001400,SUP-008,SKU-00018,WH-WEST,2025-01-13,2025-02-06,2025-02-01,34.0,7.79,ocean,10.3,delivered
PO-001401,SUP-008,SKU-00018,WH-WEST,2025-02-10,2025-03-06,2025-03-18,57.0,7.79,ocean,18.15,delivered
PO-001402,SUP-008,SKU-00018,WH-WEST,2025-03-24,2025-04-17,2025-04-17,44.0,7.79,ocean,15.11,delivered
PO-001403,SUP-008,SKU-00018,WH-WEST,2025-04-07,2025-04-15,2025-04-12,39.0,7.79,air,33.77,delivered
PO-001404,SUP-008,SKU-00018,WH-WEST,2025-04-28,2025-05-17,2025-05-19,55.0,7.79,rail,21.87,delivered
PO-001405,SUP-008,SKU-00018,WH-WEST,2025-05-26,2025-06-19,2025-06-13,62.0,7.79,ocean,17.15,delivered
PO-001406,SUP-008,SKU-00018,WH-WEST,2025-06-16,2025-07-05,2025-07-11,35.0,7.79,rail,11.0,delivered
PO-001407,SUP-008,SKU-00018,WH-WEST,2025-06-30,2025-07-08,2025-07-09,45.0,7.79,air,33.75,delivered
PO-001408,SUP-008,SKU-00018,WH-WEST,2025-07-21,2025-07-29,2025-07-29,55.0,7.79,air,58.97,delivered
PO-001409,SUP-008,SKU-00018,WH-WEST,2025-08-04,2025-08-23,2025-08-19,56.0,7.79,rail,22.36,delivered
PO-001410,SUP-008,SKU-00018,WH-WEST,2025-08-25,2025-09-18,2025-09-22,60.0,7.79,ocean,20.93,delivered
PO-001411,SUP-008,SKU-00018,WH-WEST,2025-09-29,2025-10-07,2025-10-09,58.0,7.79,air,62.46,delivered
PO-001412,SUP-008,SKU-00018,WH-WEST,2025-10-13,2025-11-06,2025-10-30,45.0,7.79,ocean,13.09,delivered
PO-001413,SUP-008,SKU-00018,WH-WEST,2025-10-27,2025-11-04,2025-11-03,38.0,7.79,air,30.13,delivered
PO-001414,SUP-008,SKU-00018,WH-WEST,2025-11-10,2025-12-04,2025-11-28,48.0,7.79,ocean,14.12,delivered
PO-001415,SUP-008,SKU-00018,WH-WEST,2025-11-24,2025-12-02,2025-11-29,35.0,7.79,air,34.61,delivered
PO-001416,SUP-008,SKU-00018,WH-WEST,2025-12-08,2025-12-27,,42.0,7.79,rail,17.49,open
PO-001417,SUP-008,SKU-00018,WH-WEST,2025-12-22,2025-12-30,,41.0,7.79,air,32.5,open
PO-001418,SUP-008,SKU-00018,WH-SOUTH,2024-01-22,2024-02-15,2024-02-16,65.0,7.79,ocean,16.96,delivered
PO-001419,SUP-008,SKU-00018,WH-SOUTH,2024-02-12,2024-03-07,2024-03-02,59.0,7.79,ocean,15.85,delivered
PO-001420,SUP-008,SKU-00018,WH-SOUTH,2024-03-04,2024-03-28,2024-03-29,53.0,7.79,ocean,15.92,delivered
PO-001421,SUP-008,SKU-00018,WH-SOUTH,2024-03-18,2024-04-11,2024-04-20,53.0,7.79,ocean,17.28,delivered
PO-001422,SUP-008,SKU-00018,WH-SOUTH,2024-04-08,2024-05-02,2024-05-27,48.0,7.79,ocean,17.48,delivered
PO-001423,SUP-008,SKU-00018,WH-SOUTH,2024-04-29,2024-05-23,2024-06-06,54.0,7.79,ocean,17.05,delivered
PO-001424,SUP-008,SKU-00018,WH-SOUTH,2024-06-03,2024-06-27,2024-06-19,55.0,7.79,ocean,18.72,delivered
PO-001425,SUP-008,SKU-00018,WH-SOUTH,2024-06-17,2024-06-25,2024-06-29,63.0,7.79,air,62.27,delivered
PO-001426,SUP-008,SKU-00018,WH-SOUTH,2024-07-01,2024-07-18,2024-07-18,68.0,7.79,road,30.47,delivered
PO-001427,SUP-008,SKU-00018,WH-SOUTH,2024-07-15,2024-07-23,2024-07-23,56.0,7.79,air,61.36,delivered
PO-001428,SUP-008,SKU-00018,WH-SOUTH,2024-07-29,2024-08-06,2024-08-11,61.0,7.79,air,63.8,delivered
PO-001429,SUP-008,SKU-00018,WH-SOUTH,2024-08-12,2024-09-05,2024-08-30,67.0,7.79,ocean,19.55,delivered
PO-001430,SUP-008,SKU-00018,WH-SOUTH,2024-08-26,2024-09-03,2024-09-04,57.0,7.79,air,48.17,delivered
PO-001431,SUP-008,SKU-00018,WH-SOUTH,2024-09-16,2024-10-10,2024-10-10,73.0,7.79,ocean,18.81,delivered
PO-001432,SUP-008,SKU-00018,WH-SOUTH,2024-09-30,2024-10-08,2024-10-15,51.0,7.79,air,49.46,delivered
PO-001433,SUP-008,SKU-00018,WH-SOUTH,2024-10-21,2024-11-07,2024-11-10,52.0,7.79,road,24.79,delivered
PO-001434,SUP-008,SKU-00018,WH-SOUTH,2024-11-04,2024-11-12,2024-11-13,69.0,7.79,air,71.62,delivered
PO-001435,SUP-008,SKU-00018,WH-SOUTH,2024-11-25,2024-12-14,2024-12-03,84.0,7.79,rail,31.44,delivered
PO-001436,SUP-008,SKU-00018,WH-SOUTH,2024-12-09,2024-12-17,2024-12-15,55.0,7.79,air,54.57,delivered
PO-001437,SUP-008,SKU-00018,WH-SOUTH,2024-12-23,2025-01-11,2025-01-08,55.0,7.79,rail,22.93,delivered
PO-001438,SUP-008,SKU-00018,WH-SOUTH,2025-01-06,2025-01-14,2025-01-15,48.0,7.79,air,43.02,delivered
PO-001439,SUP-008,SKU-00018,WH-SOUTH,2025-01-20,2025-01-28,2025-01-23,58.0,7.79,air,43.67,delivered
PO-001440,SUP-008,SKU-00018,WH-SOUTH,2025-02-03,2025-02-11,2025-02-15,51.0,7.79,air,45.28,delivered
PO-001441,SUP-008,SKU-00018,WH-SOUTH,2025-02-17,2025-03-08,2025-03-05,67.0,7.79,rail,21.96,delivered
PO-001442,SUP-008,SKU-00018,WH-SOUTH,2025-03-03,2025-03-22,2025-03-23,54.0,7.79,rail,23.02,delivered
PO-001443,SUP-008,SKU-00018,WH-SOUTH,2025-03-24,2025-04-17,2025-04-30,72.0,7.79,ocean,19.44,delivered
PO-001444,SUP-008,SKU-00018,WH-SOUTH,2025-04-07,2025-04-15,2025-04-17,52.0,7.79,air,,delivered
PO-001445,SUP-008,SKU-00018,WH-SOUTH,2025-04-28,2025-05-22,2025-05-31,52.0,7.79,ocean,15.67,delivered
PO-001446,SUP-008,SKU-00018,WH-SOUTH,2025-05-12,2025-06-05,2025-06-06,47.0,7.79,ocean,15.38,delivered
PO-001447,SUP-008,SKU-00018,WH-SOUTH,2025-06-09,2025-07-03,2025-07-19,61.0,7.79,ocean,16.86,delivered
PO-001448,SUP-008,SKU-00018,WH-SOUTH,2025-06-23,2025-07-10,2025-07-11,63.0,7.79,road,28.86,delivered
PO-001449,SUP-008,SKU-00018,WH-SOUTH,2025-07-21,2025-08-14,2025-08-14,60.0,7.79,ocean,15.69,delivered
PO-001450,SUP-008,SKU-00018,WH-SOUTH,2025-08-04,2025-08-12,2025-08-12,64.0,7.79,air,55.31,delivered
PO-001451,SUP-008,SKU-00018,WH-SOUTH,2025-08-25,2025-09-02,2025-09-03,69.0,7.79,air,66.6,delivered
PO-001452,SUP-008,SKU-00018,WH-SOUTH,2025-09-01,2025-09-09,2025-09-11,54.0,7.79,air,54.75,delivered
PO-001453,SUP-008,SKU-00018,WH-SOUTH,2025-09-15,2025-10-09,2025-10-24,70.0,7.79,ocean,18.76,delivered
PO-001454,SUP-008,SKU-00018,WH-SOUTH,2025-09-29,2025-10-18,2025-10-29,54.0,7.79,rail,18.95,delivered
PO-001455,SUP-008,SKU-00018,WH-SOUTH,2025-11-03,2025-11-20,2025-11-21,66.0,7.79,road,36.13,delivered
PO-001456,SUP-008,SKU-00018,WH-SOUTH,2025-11-17,2025-11-25,2025-11-27,58.0,7.79,air,55.11,delivered
PO-001457,SUP-008,SKU-00018,WH-SOUTH,2025-12-01,2025-12-25,,47.0,7.79,ocean,14.76,open
PO-001458,SUP-008,SKU-00018,WH-SOUTH,2025-12-15,2025-12-23,2025-12-20,65.0,7.79,air,53.43,delivered
PO-001459,SUP-008,SKU-00018,WH-APAC,2024-01-15,2024-02-01,2024-02-12,38.0,7.79,road,20.8,delivered
PO-001460,SUP-008,SKU-00018,WH-APAC,2024-01-29,2024-02-15,2024-02-06,35.0,7.79,road,16.96,delivered
PO-001461,SUP-008,SKU-00018,WH-APAC,2024-02-19,2024-03-14,2024-03-26,47.0,7.79,ocean,16.42,delivered
PO-001462,SUP-008,SKU-00018,WH-APAC,2024-03-11,2024-04-04,2024-03-25,40.0,7.79,OCEAN,12.49,delivered
PO-001463,SUP-008,SKU-00018,WH-APAC,2024-04-15,2024-05-09,2024-05-24,52.0,7.79,ocean,18.51,delivered
PO-001464,SUP-008,SKU-00018,WH-APAC,2024-04-29,2024-05-07,2024-05-09,33.0,7.79,air,29.89,delivered
PO-001465,SUP-008,SKU-00018,WH-APAC,2024-05-20,2024-06-13,2024-06-13,35.0,7.79,ocean,9.67,delivered
PO-001466,SUP-008,SKU-00018,WH-APAC,2024-06-03,2024-06-11,2024-06-07,33.0,7.79,air,35.47,delivered
PO-001467,SUP-008,SKU-00018,WH-APAC,2024-06-17,2024-07-11,2024-07-06,47.0,7.79,ocean,14.62,delivered
PO-001468,SUP-008,SKU-00018,WH-APAC,2024-07-01,2024-07-09,2024-07-06,40.0,7.79,air,42.82,delivered
PO-001469,SUP-008,SKU-00018,WH-APAC,2024-07-15,2024-07-23,2024-07-20,38.0,7.79,air,34.69,delivered
PO-001470,SUP-008,SKU-00018,WH-APAC,2024-07-29,2024-08-15,2024-08-16,50.0,7.79,road,19.88,delivered
PO-001471,SUP-008,SKU-00018,WH-APAC,2024-08-12,2024-08-20,2024-08-22,37.0,7.79,air,38.76,delivered
PO-001472,SUP-008,SKU-00018,WH-APAC,2024-08-26,2024-09-19,2024-09-24,44.0,7.79,ocean,11.44,delivered
PO-001473,SUP-008,SKU-00018,WH-APAC,2024-09-09,2024-09-17,2024-09-16,43.0,7.79,air,33.39,delivered
PO-001474,SUP-008,SKU-00018,WH-APAC,2024-09-30,2024-10-19,2024-10-17,56.0,7.79,rail,18.56,delivered
PO-001475,SUP-008,SKU-00018,WH-APAC,2024-10-21,2024-11-14,2024-11-09,48.0,7.79,ocean,,delivered
PO-001476,SUP-008,SKU-00018,WH-APAC,2024-11-04,2024-11-12,2024-11-16,39.0,7.79,air,39.75,delivered
PO-001477,SUP-008,SKU-00018,WH-APAC,2024-11-25,2024-12-14,2024-12-23,50.0,7.79,rail,22.28,delivered
PO-001478,SUP-008,SKU-00018,WH-APAC,2024-12-09,2024-12-17,2024-12-17,37.0,7.79,air,28.11,delivered
PO-001479,SUP-008,SKU-00018,WH-APAC,2024-12-30,2025-01-07,2025-01-07,39.0,7.79,air,38.88,delivered
PO-001480,SUP-008,SKU-00018,WH-APAC,2025-01-13,2025-02-06,2025-02-01,41.0,7.79,ocean,10.36,delivered
PO-001481,SUP-008,SKU-00018,WH-APAC,2025-01-27,2025-02-15,2025-02-22,36.0,7.79,rail,11.23,delivered
PO-001482,SUP-008,SKU-00018,WH-APAC,2025-02-10,2025-02-18,2025-02-21,45.0,7.79,air,34.44,delivered
PO-001483,SUP-008,SKU-00018,WH-APAC,2025-03-03,2025-03-20,2025-03-23,35.0,7.79,road,19.03,delivered
PO-001484,SUP-008,SKU-00018,WH-APAC,2025-03-17,2025-03-25,2025-03-28,43.0,7.79,air,36.42,delivered
PO-001485,SUP-008,SKU-00018,WH-APAC,2025-03-31,2025-04-24,2025-04-14,42.0,7.79,OCEAN,12.6,delivered
PO-001486,SUP-008,SKU-00018,WH-APAC,2025-04-14,2025-05-01,2025-05-09,48.0,7.79,road,26.26,delivered
PO-001487,SUP-008,SKU-00018,WH-APAC,2025-04-28,2025-05-06,2025-05-07,39.0,7.79,air,33.93,delivered
PO-001488,SUP-008,SKU-00018,WH-APAC,2025-05-19,2025-06-12,2025-06-16,38.0,7.79,ocean,12.98,delivered
PO-001489,SUP-008,SKU-00018,WH-APAC,2025-06-02,2025-06-10,2025-06-11,46.0,7.79,air,35.7,delivered
PO-001490,SUP-008,SKU-00018,WH-APAC,2025-06-23,2025-07-01,2025-06-30,53.0,7.79,air,47.09,delivered
PO-001491,SUP-008,SKU-00018,WH-APAC,2025-07-07,2025-07-31,2025-08-09,60.0,7.79,ocean,18.46,delivered
PO-001492,SUP-008,SKU-00018,WH-APAC,2025-08-11,2025-08-19,2025-08-20,36.0,7.79,air,34.89,delivered
PO-001493,SUP-008,SKU-00018,WH-APAC,2025-08-25,2025-09-02,2025-08-30,58.0,7.79,air,61.69,delivered
PO-001494,SUP-008,SKU-00018,WH-APAC,2025-09-01,2025-09-25,2025-09-27,43.0,7.79,ocean,12.74,delivered
PO-001495,SUP-008,SKU-00018,WH-APAC,2025-09-15,2025-09-23,2025-09-20,44.0,7.79,air,39.54,delivered
PO-001496,SUP-008,SKU-00018,WH-APAC,2025-09-29,2025-10-23,2025-10-22,33.0,7.79,ocean,10.31,delivered
PO-001497,SUP-008,SKU-00018,WH-APAC,2025-10-13,2025-10-21,2025-10-18,54.0,7.79,air,46.59,delivered
PO-001498,SUP-008,SKU-00018,WH-APAC,2025-10-27,2025-11-04,2025-11-05,37.0,7.79,air,33.14,delivered
PO-001499,SUP-008,SKU-00018,WH-APAC,2025-11-10,2025-11-29,2025-12-02,51.0,7.79,rail,18.05,delivered
PO-001500,SUP-008,SKU-00018,WH-APAC,2025-11-24,2025-12-13,2025-12-14,36.0,7.79,rail,12.42,delivered
PO-001501,SUP-008,SKU-00018,WH-APAC,2025-12-15,2026-01-08,,49.0,7.79,ocean,12.92,open
PO-001502,SUP-024,SKU-00019,WH-WEST,2024-01-15,2024-02-05,2024-02-01,221.0,8.71,rail,104.58,delivered
PO-001503,SUP-024,SKU-00019,WH-WEST,2024-01-29,2024-02-19,2024-02-24,217.0,8.71,rail,95.97,delivered
PO-001504,SUP-024,SKU-00019,WH-WEST,2024-02-12,2024-03-02,2024-03-11,211.0,8.71,road,117.75,delivered
PO-001505,SUP-024,SKU-00019,WH-WEST,2024-03-04,2024-03-13,2024-03-10,257.0,8.71,air,274.22,delivered
PO-001506,SUP-024,SKU-00019,WH-WEST,2024-03-25,2024-04-20,2024-05-03,291.0,8.71,ocean,81.66,delivered
PO-001507,SUP-024,SKU-00019,WH-WEST,2024-04-15,2024-05-11,2024-05-14,269.0,8.71,ocean,,delivered
PO-001508,SUP-024,SKU-00019,WH-WEST,2024-05-20,2024-06-15,2024-06-02,212.0,8.71,ocean,77.97,delivered
PO-001509,SUP-024,SKU-00019,WH-WEST,2024-06-03,2024-06-29,2024-06-30,215.0,8.71,ocean,67.52,delivered
PO-001510,SUP-024,SKU-00019,WH-WEST,2024-06-24,2024-07-20,2024-07-18,274.0,8.71,ocean,97.24,delivered
PO-001511,SUP-024,SKU-00019,WH-WEST,2024-07-15,2024-07-24,2024-07-24,279.0,8.71,air,318.07,delivered
PO-001512,SUP-024,SKU-00019,WH-WEST,2024-08-05,2024-08-14,2024-08-10,264.0,8.71,air,221.97,delivered
PO-001513,SUP-024,SKU-00019,WH-WEST,2024-08-19,2024-09-14,2024-09-18,232.0,8.71,ocean,91.45,delivered
PO-001514,SUP-024,SKU-00019,WH-WEST,2024-09-02,2024-09-23,2024-10-02,204.0,8.71,rail,84.49,delivered
PO-001515,SUP-024,SKU-00019,WH-WEST,2024-09-23,2024-10-19,2024-10-02,221.0,8.71,ocean,75.51,delivered
PO-001516,SUP-024,SKU-00019,WH-WEST,2024-10-07,2024-11-02,2024-10-19,229.0,8.71,ocean,,delivered
PO-001517,SUP-024,SKU-00019,WH-WEST,2024-11-04,2024-11-30,2024-12-24,254.0,8.71,ocean,77.64,delivered
PO-001518,SUP-024,SKU-00019,WH-WEST,2024-11-18,2024-12-07,2024-12-11,255.0,8.71,road,152.42,delivered
PO-001519,SUP-024,SKU-00019,WH-WEST,2024-12-23,2025-01-18,2025-01-03,302.0,8.71,ocean,114.18,delivered
PO-001520,SUP-024,SKU-00019,WH-WEST,2025-01-06,2025-01-27,2025-01-26,259.0,8.71,rail,96.84,delivered
PO-001521,SUP-024,SKU-00019,WH-WEST,2025-01-20,2025-01-29,2025-01-30,282.0,8.71,air,250.69,delivered
PO-001522,SUP-024,SKU-00019,WH-WEST,2025-02-10,2025-03-08,2025-03-02,277.0,8.71,ocean,86.81,delivered
PO-001523,SUP-024,SKU-00019,WH-WEST,2025-02-24,2025-03-17,2025-03-05,237.0,8.71,rail,113.44,delivered
PO-001524,SUP-024,SKU-00019,WH-WEST,2025-03-17,2025-04-07,2025-04-12,275.0,8.71,rail,113.0,delivered
PO-001525,SUP-024,SKU-00019,WH-WEST,2025-03-31,2025-04-26,2025-04-28,206.0,8.71,ocean,79.79,delivered
PO-001526,SUP-024,SKU-00019,WH-WEST,2025-04-21,2025-05-12,2025-05-12,221.0,8.71,rail,106.08,delivered
PO-001527,SUP-024,SKU-00019,WH-WEST,2025-05-12,2025-06-07,2025-06-22,-280.0,8.71,ocean,88.29,delivered
PO-001528,SUP-024,SKU-00019,WH-WEST,2025-05-26,2025-06-21,2025-06-18,212.0,8.71,ocean,69.38,delivered
PO-001529,SUP-024,SKU-00019,WH-WEST,2025-06-30,2025-07-09,2025-07-15,249.0,8.71,air,257.01,delivered
PO-001530,SUP-024,SKU-00019,WH-WEST,2025-07-21,2025-08-09,2025-08-05,275.0,8.71,road,148.29,delivered
PO-001531,SUP-024,SKU-00019,WH-WEST,2025-08-04,2025-08-30,2025-09-11,209.0,8.71,ocean,65.91,delivered
PO-001532,SUP-024,SKU-00019,WH-WEST,2025-08-18,2025-09-08,2025-09-05,218.0,8.71,rail,105.02,delivered
PO-001533,SUP-024,SKU-00019,WH-WEST,2025-09-08,2025-09-29,2025-09-23,207.0,8.71,rail,81.26,delivered
PO-001534,SUP-024,SKU-00019,WH-WEST,2025-09-22,2025-10-11,2025-09-23,234.0,8.71,road,107.64,delivered
PO-001535,SUP-024,SKU-00019,WH-WEST,2025-10-06,2025-11-01,2025-10-14,352.0,8.71,ocean,143.64,delivered
PO-001536,SUP-024,SKU-00019,WH-WEST,2025-10-20,2025-11-15,2025-11-15,273.0,8.71,ocean,80.79,delivered
PO-001537,SUP-024,SKU-00019,WH-WEST,2025-11-03,2025-11-12,2025-11-11,262.0,8.71,air,265.15,delivered
PO-001538,SUP-024,SKU-00019,WH-WEST,2025-11-24,2025-12-20,2025-12-25,336.0,8.71,ocean,112.44,delivered
PO-001539,SUP-024,SKU-00019,WH-WEST,2025-12-08,2025-12-17,2025-12-17,224.0,8.71,air,205.18,delivered
PO-001540,SUP-021,SKU-00020,WH-WEST,2024-01-15,2024-02-17,2024-02-07,826.0,9.82,ocean,268.86,delivered
PO-001541,SUP-021,SKU-00020,WH-WEST,2024-02-05,2024-03-09,2024-03-26,1100.0,9.82,ocean,500.51,delivered
PO-001542,SUP-021,SKU-00020,WH-WEST,2024-02-19,2024-03-23,2024-03-11,818.0,9.82,ocean,343.34,delivered
PO-001543,SUP-021,SKU-00020,WH-WEST,2024-03-18,2024-04-20,2024-05-03,1099.0,9.82,ocean,361.91,delivered
PO-001544,SUP-021,SKU-00020,WH-WEST,2024-04-01,2024-05-04,2024-05-08,880.0,9.82,ocean,359.06,delivered
PO-001545,SUP-021,SKU-00020,WH-WEST,2024-05-06,2024-06-02,2024-05-30,946.0,9.82,rail,412.49,delivered
PO-001546,SUP-021,SKU-00020,WH-WEST,2024-05-27,2024-06-29,2024-06-25,946.0,9.82,ocean,326.95,delivered
PO-001547,SUP-021,SKU-00020,WH-WEST,2024-06-10,2024-07-13,2024-07-10,807.0,9.82,ocean,348.05,delivered
PO-001548,SUP-021,SKU-00020,WH-WEST,2024-07-01,2024-07-25,2024-08-16,1049.0,9.82,road,499.02,delivered
PO-001549,SUP-021,SKU-00020,WH-WEST,2024-07-22,2024-08-18,2024-08-25,1097.0,9.82,rail,555.29,delivered
PO-001550,SUP-021,SKU-00020,WH-WEST,2024-08-26,2024-09-28,2024-10-04,1024.0,9.82,ocean,445.59,delivered
PO-001551,SUP-021,SKU-00020,WH-WEST,2024-09-16,2024-10-13,2024-10-16,1059.0,9.82,rail,542.3,delivered
PO-001552,SUP-021,SKU-00020,WH-WEST,2024-10-14,2024-11-16,2024-11-19,1092.0,9.82,ocean,463.53,delivered
PO-001553,SUP-021,SKU-00020,WH-WEST,2024-10-28,2024-11-30,2024-12-11,862.0,9.82,ocean,342.21,delivered
PO-001554,SUP-021,SKU-00020,WH-WEST,2024-11-25,2024-12-28,2025-01-06,1101.0,9.82,ocean,396.78,delivered
PO-001555,SUP-021,SKU-00020,WH-WEST,2024-12-16,2025-01-18,2025-01-26,1031.0,9.82,ocean,453.91,delivered
PO-001556,SUP-021,SKU-00020,WH-WEST,2025-01-13,2025-02-09,2025-03-14,956.0,9.82,rail,430.73,delivered
PO-001557,SUP-021,SKU-00020,WH-WEST,2025-02-03,2025-02-14,2025-02-18,1210.0,9.82,air,1579.32,delivered
PO-001558,SUP-021,SKU-00020,WH-WEST,2025-02-24,2025-03-23,2025-04-05,910.0,9.82,rail,462.59,delivered
PO-001559,SUP-021,SKU-00020,WH-WEST,2025-03-17,2025-04-19,2025-05-17,980.0,9.82,ocean,459.03,delivered
PO-001560,SUP-021,SKU-00020,WH-WEST,2025-04-07,2025-05-04,2025-04-21,889.0,9.82,rail,352.88,delivered
PO-001561,SUP-021,SKU-00020,WH-WEST,2025-04-21,2025-05-02,2025-05-06,783.0,9.82,AIR,960.72,delivered
PO-001562,SUP-021,SKU-00020,WH-WEST,2025-05-05,2025-05-16,2025-05-08,821.0,9.82,air,787.08,delivered
PO-001563,SUP-021,SKU-00020,WH-WEST,2025-05-19,2025-06-12,2025-06-06,831.0,9.82,road,477.27,delivered
PO-001564,SUP-021,SKU-00020,WH-WEST,2025-06-02,2025-07-05,2025-07-02,822.0,9.82,ocean,286.0,delivered
PO-001565,SUP-021,SKU-00020,WH-WEST,2025-06-16,2025-06-27,2025-06-22,900.0,9.82,air,1206.09,delivered
PO-001566,SUP-021,SKU-00020,WH-WEST,2025-06-30,2025-07-24,2025-08-08,847.0,9.82,road,538.2,delivered
PO-001567,SUP-021,SKU-00020,WH-WEST,2025-07-14,2025-08-16,2025-08-15,834.0,9.82,ocean,359.18,delivered
PO-001568,SUP-021,SKU-00020,WH-WEST,2025-07-28,2025-08-30,2025-08-19,867.0,9.82,ocean,293.52,delivered
PO-001569,SUP-021,SKU-00020,WH-WEST,2025-08-18,2025-09-11,2025-08-26,784.0,9.82,road,480.03,delivered
PO-001570,SUP-021,SKU-00020,WH-WEST,2025-09-01,2025-10-04,2025-10-12,1041.0,9.82,ocean,426.48,delivered
PO-001571,SUP-021,SKU-00020,WH-WEST,2025-09-15,2025-10-18,2025-11-02,1243.0,9.82,ocean,568.82,delivered
PO-001572,SUP-021,SKU-00020,WH-WEST,2025-10-20,2025-11-22,2025-11-29,932.0,9.82,ocean,336.44,delivered
PO-001573,SUP-021,SKU-00020,WH-WEST,2025-11-10,2025-11-21,2025-11-20,1035.0,9.82,air,1288.69,delivered
PO-001574,SUP-021,SKU-00020,WH-WEST,2025-11-24,2025-12-27,,977.0,9.82,ocean,453.13,open
PO-001575,SUP-021,SKU-00020,WH-WEST,2025-12-08,2026-01-10,,1156.0,9.82,ocean,363.56,open
PO-001576,SUP-021,SKU-00020,WH-SOUTH,2024-01-22,2024-02-18,2024-02-09,1166.0,9.82,RAIL,541.87,delivered
PO-001577,SUP-021,SKU-00020,WH-SOUTH,2024-02-12,2024-03-16,2024-03-05,1031.0,9.82,ocean,333.14,delivered
PO-001578,SUP-021,SKU-00020,WH-SOUTH,2024-02-26,2024-03-24,2024-03-31,929.0,9.82,rail,391.48,delivered
PO-001579,SUP-021,SKU-00020,WH-SOUTH,2024-03-18,2024-04-11,2024-04-25,1134.0,9.82,road,595.21,delivered
PO-001580,SUP-021,SKU-00020,WH-SOUTH,2024-04-08,2024-05-11,2024-05-05,986.0,9.82,ocean,324.97,delivered
PO-001581,SUP-021,SKU-00020,WH-SOUTH,2024-05-06,2024-06-08,2024-05-14,1214.0,9.82,ocean,391.93,delivered
PO-001582,SUP-021,SKU-00020,WH-SOUTH,2024-05-27,2024-06-20,2024-07-07,1062.0,9.82,road,738.31,delivered
PO-001583,SUP-021,SKU-00020,WH-SOUTH,2024-06-17,2024-07-20,2024-08-09,1115.0,9.82,ocean,402.45,delivered
PO-001584,SUP-021,SKU-00020,WH-SOUTH,2024-07-15,2024-07-26,2024-07-31,893.0,9.82,air,899.44,delivered
PO-001585,SUP-021,SKU-00020,WH-SOUTH,2024-08-05,2024-09-07,2024-08-27,881.0,9.82,ocean,300.56,delivered
PO-001586,SUP-021,SKU-00020,WH-SOUTH,2024-08-26,2024-09-22,2024-10-02,1104.0,9.82,rail,450.04,delivered
PO-001587,SUP-021,SKU-00020,WH-SOUTH,2024-09-16,2024-10-19,2024-10-01,1158.0,9.82,ocean,380.86,delivered
PO-001588,SUP-021,SKU-00020,WH-SOUTH,2024-10-14,2024-11-07,2024-11-21,1168.0,9.82,road,689.41,delivered
PO-001589,SUP-021,SKU-00020,WH-SOUTH,2024-10-28,2024-11-30,2024-11-07,836.0,9.82,ocean,335.28,delivered
PO-001590,SUP-021,SKU-00020,WH-SOUTH,2024-11-11,2024-12-14,2024-12-20,894.0,9.82,ocean,410.82,delivered
PO-001591,SUP-021,SKU-00020,WH-SOUTH,2024-11-25,2024-12-19,2024-12-15,802.0,9.82,road,448.51,delivered
PO-001592,SUP-021,SKU-00020,WH-SOUTH,2024-12-09,2024-12-20,2024-12-10,889.0,9.82,air,1032.08,delivered
PO-001593,SUP-021,SKU-00020,WH-SOUTH,2024-12-23,2025-01-25,2025-02-03,856.0,9.82,ocean,298.97,delivered
PO-001594,SUP-021,SKU-00020,WH-SOUTH,2025-01-06,2025-02-08,2025-02-08,919.0,9.82,ocean,420.13,delivered
PO-001595,SUP-021,SKU-00020,WH-SOUTH,2025-01-20,2025-01-31,2025-02-03,818.0,9.82,air,846.73,delivered
PO-001596,SUP-021,SKU-00020,WH-SOUTH,2025-02-17,2025-03-22,2025-02-28,983.0,9.82,ocean,393.65,delivered
PO-001597,SUP-021,SKU-00020,WH-SOUTH,2025-03-03,2025-04-05,2025-03-07,915.0,9.82,ocean,361.86,delivered
PO-001598,SUP-021,SKU-00020,WH-SOUTH,2025-03-17,2025-04-19,2025-04-01,899.0,9.82,ocean,301.9,delivered
PO-001599,SUP-021,SKU-00020,WH-SOUTH,2025-03-31,2025-04-11,2025-04-07,919.0,9.82,air,1208.59,delivered
PO-001600,SUP-021,SKU-00020,WH-SOUTH,2025-04-14,2025-05-08,2025-05-04,924.0,9.82,road,632.47,delivered
PO-001601,SUP-021,SKU-00020,WH-SOUTH,2025-04-28,2025-05-09,2025-05-10,892.0,9.82,air,1168.44,delivered
PO-001602,SUP-021,SKU-00020,WH-SOUTH,2025-05-12,2025-06-08,2025-06-08,909.0,9.82,rail,528.12,delivered
PO-001603,SUP-021,SKU-00020,WH-SOUTH,2025-05-26,2025-06-06,2025-06-07,908.0,9.82,air,1276.64,delivered
PO-001604,SUP-021,SKU-00020,WH-SOUTH,2025-06-09,2025-07-12,2025-07-17,855.0,9.82,ocean,291.12,delivered
PO-001605,SUP-021,SKU-00020,WH-SOUTH,2025-06-23,2025-07-04,2025-07-05,877.0,9.82,air,1206.36,delivered
PO-001606,SUP-021,SKU-00020,WH-SOUTH,2025-07-07,2025-08-09,2025-07-27,869.0,9.82,ocean,363.57,delivered
PO-001607,SUP-021,SKU-00020,WH-SOUTH,2025-07-21,2025-08-23,2025-08-19,849.0,9.82,ocean,267.18,delivered
PO-001608,SUP-021,SKU-00020,WH-SOUTH,2025-08-04,2025-08-15,2025-08-12,820.0,9.82,air,1105.67,delivered
PO-001609,SUP-021,SKU-00020,WH-SOUTH,2025-08-18,2025-08-29,2025-09-02,916.0,9.82,air,1198.13,delivered
PO-001610,SUP-021,SKU-00020,WH-SOUTH,2025-09-01,2025-09-12,2025-09-15,1036.0,9.82,air,1320.65,delivered
PO-001611,SUP-021,SKU-00020,WH-SOUTH,2025-09-15,2025-10-18,2025-10-18,1254.0,9.82,ocean,549.43,delivered
PO-001612,SUP-021,SKU-00020,WH-SOUTH,2025-09-29,2025-10-26,2025-10-23,952.0,9.82,rail,559.28,delivered
PO-001613,SUP-021,SKU-00020,WH-SOUTH,2025-10-27,2025-11-29,2025-10-30,1128.0,9.82,ocean,446.86,delivered
PO-001614,SUP-021,SKU-00020,WH-SOUTH,2025-11-10,2025-12-13,2025-12-14,1024.0,9.82,ocean,382.54,delivered
PO-001615,SUP-021,SKU-00020,WH-SOUTH,2025-11-24,2025-12-18,2025-12-07,1155.0,9.82,road,654.92,delivered
PO-001616,SUP-021,SKU-00020,WH-SOUTH,2025-12-15,2026-01-17,,1121.0,9.82,ocean,431.06,open
PO-001617,SUP-020,SKU-00021,WH-APAC,2024-01-15,2024-01-28,2024-02-03,149.0,2.87,rail,20.23,delivered
PO-001618,SUP-020,SKU-00021,WH-APAC,2024-01-29,2024-02-13,2024-02-06,145.0,2.87,ocean,15.35,delivered
PO-001619,SUP-020,SKU-00021,WH-APAC,2024-02-19,2024-03-05,2024-02-27,195.0,2.87,ocean,26.43,delivered
PO-001620,SUP-020,SKU-00021,WH-APAC,2024-03-11,2024-03-26,2024-03-25,189.0,2.87,ocean,22.73,delivered
PO-001621,SUP-020,SKU-00021,WH-APAC,2024-04-01,2024-04-16,2024-04-13,178.0,2.87,ocean,22.48,delivered
PO-001622,SUP-020,SKU-00021,WH-APAC,2024-04-22,2024-05-03,2024-05-02,193.0,2.87,road,36.93,delivered
PO-001623,SUP-020,SKU-00021,WH-APAC,2024-05-06,2024-05-21,2024-05-20,215.0,2.87,ocean,26.92,delivered
PO-001624,SUP-020,SKU-00021,WH-APAC,2024-05-27,2024-06-11,2024-06-19,212.0,2.87,ocean,24.3,delivered
PO-001625,SUP-020,SKU-00021,WH-APAC,2024-06-24,2024-07-09,2024-07-13,163.0,2.87,ocean,21.88,delivered
PO-001626,SUP-020,SKU-00021,WH-APAC,2024-07-08,2024-07-13,2024-07-16,142.0,2.87,air,40.48,delivered
PO-001627,SUP-020,SKU-00021,WH-APAC,2024-07-29,2024-08-03,2024-08-02,212.0,2.87,air,58.8,delivered
PO-001628,SUP-020,SKU-00021,WH-APAC,2024-08-12,2024-08-27,2024-08-23,164.0,2.87,ocean,15.16,delivered
PO-001629,SUP-020,SKU-00021,WH-APAC,2024-08-26,2024-09-08,2024-09-16,173.0,2.87,rail,19.91,delivered
PO-001630,SUP-020,SKU-00021,WH-APAC,2024-09-16,2024-09-21,2024-09-22,152.0,2.87,air,45.5,delivered
PO-001631,SUP-020,SKU-00021,WH-APAC,2024-09-30,2024-10-13,2024-10-14,217.0,2.87,rail,36.18,delivered
PO-001632,SUP-020,SKU-00021,WH-APAC,2024-10-21,2024-10-26,2024-10-23,303.0,2.87,air,111.83,delivered
PO-001633,SUP-020,SKU-00021,WH-APAC,2024-11-11,2024-11-26,2024-12-06,231.0,2.87,ocean,27.64,delivered
PO-001634,SUP-020,SKU-00021,WH-APAC,2024-12-16,2024-12-31,2025-01-06,187.0,2.87,ocean,22.56,delivered
PO-001635,SUP-020,SKU-00021,WH-APAC,2025-01-13,2025-01-28,2025-01-27,-194.0,2.87,ocean,25.3,delivered
PO-001636,SUP-020,SKU-00021,WH-APAC,2025-02-03,2025-02-14,2025-02-25,212.0,2.87,road,31.2,delivered
PO-001637,SUP-020,SKU-00021,WH-APAC,2025-03-03,2025-03-18,2025-03-11,151.0,2.87,ocean,15.55,delivered
PO-001638,SUP-020,SKU-00021,WH-APAC,2025-03-24,2025-04-08,2025-04-04,185.0,2.87,ocean,24.32,delivered
PO-001639,SUP-020,SKU-00021,WH-APAC,2025-04-07,2025-04-12,2025-04-10,141.0,2.87,air,40.91,delivered
PO-001640,SUP-020,SKU-00021,WH-APAC,2025-04-21,2025-04-26,2025-04-24,164.0,2.87,air,59.0,delivered
PO-001641,SUP-020,SKU-00021,WH-APAC,2025-05-12,2025-05-27,2025-06-13,206.0,2.87,ocean,22.04,delivered
PO-001642,SUP-020,SKU-00021,WH-APAC,2025-06-16,2025-07-01,2025-07-04,152.0,2.87,ocean,15.75,delivered
PO-001643,SUP-020,SKU-00021,WH-APAC,2025-06-30,2025-07-05,2025-07-01,153.0,2.87,air,46.76,delivered
PO-001644,SUP-020,SKU-00021,WH-APAC,2025-07-14,2025-07-29,2025-07-25,166.0,2.87,ocean,19.44,delivered
PO-001645,SUP-020,SKU-00021,WH-APAC,2025-07-28,2025-08-12,2025-08-15,186.0,2.87,ocean,21.36,delivered
PO-001646,SUP-020,SKU-00021,WH-APAC,2025-08-18,2025-09-02,2025-08-29,164.0,2.87,ocean,15.29,delivered
PO-001647,SUP-020,SKU-00021,WH-APAC,2025-09-01,2025-09-16,2025-09-10,197.0,2.87,ocean,19.15,delivered
PO-001648,SUP-020,SKU-00021,WH-APAC,2025-09-15,2025-09-30,2025-10-01,151.0,2.87,ocean,18.68,delivered
PO-001649,SUP-020,SKU-00021,WH-APAC,2025-09-29,2025-10-04,2025-10-11,154.0,2.87,air,55.98,delivered
PO-001650,SUP-020,SKU-00021,WH-APAC,2025-10-13,2025-10-28,2025-10-21,156.0,2.87,ocean,17.3,delivered
PO-001651,SUP-020,SKU-00021,WH-APAC,2025-10-27,2025-11-11,2025-11-15,186.0,2.87,ocean,20.88,delivered
PO-001652,SUP-020,SKU-00021,WH-APAC,2025-11-17,2025-12-02,2025-12-13,158.0,2.87,ocean,18.25,delivered
PO-001653,SUP-020,SKU-00021,WH-APAC,2025-12-08,2025-12-21,2025-12-15,147.0,2.87,rail,20.43,delivered
PO-001654,SUP-020,SKU-00021,WH-EAST,2024-01-15,2024-01-26,2024-01-31,122.0,2.87,road,20.12,delivered
PO-001655,SUP-020,SKU-00021,WH-EAST,2024-01-29,2024-02-03,2024-02-08,110.0,2.87,AIR,44.73,delivered
PO-001656,SUP-020,SKU-00021,WH-EAST,2024-02-19,2024-03-03,2024-03-09,126.0,2.87,rail,17.33,delivered
PO-001657,SUP-020,SKU-00021,WH-EAST,2024-03-04,2024-03-09,2024-03-11,106.0,2.87,air,36.89,delivered
PO-001658,SUP-020,SKU-00021,WH-EAST,2024-03-25,2024-04-09,2024-04-12,117.0,2.87,ocean,12.87,delivered
PO-001659,SUP-020,SKU-00021,WH-EAST,2024-04-15,2024-04-30,2024-05-05,145.0,2.87,ocean,15.88,delivered
PO-001660,SUP-020,SKU-00021,WH-EAST,2024-05-06,2024-05-17,2024-05-07,117.0,2.87,road,19.97,delivered
PO-001661,SUP-020,SKU-00021,WH-EAST,2024-05-20,2024-06-04,2024-05-30,181.0,2.87,ocean,18.91,delivered
PO-001662,SUP-020,SKU-00021,WH-EAST,2024-06-10,2024-06-23,2024-06-22,176.0,2.87,rail,29.78,delivered
PO-001663,SUP-020,SKU-00021,WH-EAST,2024-07-01,2024-07-16,2024-07-17,125.0,2.87,ocean,15.01,delivered
PO-001664,SUP-020,SKU-00021,WH-EAST,2024-07-15,2024-07-20,2024-07-22,107.0,2.87,air,34.56,delivered
PO-001665,SUP-020,SKU-00021,WH-EAST,2024-07-29,2024-08-13,2024-08-18,170.0,2.87,ocean,16.83,delivered
PO-001666,SUP-020,SKU-00021,WH-EAST,2024-08-26,2024-09-06,2024-09-06,190.0,2.87,road,38.08,delivered
PO-001667,SUP-020,SKU-00021,WH-EAST,2024-09-16,2024-09-29,2024-10-01,192.0,2.87,rail,32.03,delivered
PO-001668,SUP-020,SKU-00021,WH-EAST,2024-10-07,2024-10-22,2024-11-01,106.0,2.87,ocean,10.2,delivered
PO-001669,SUP-020,SKU-00021,WH-EAST,2024-10-21,2024-10-26,2024-10-23,126.0,2.87,air,48.77,delivered
PO-001670,SUP-020,SKU-00021,WH-EAST,2024-11-04,2024-11-17,2024-11-23,117.0,2.87,rail,17.97,delivered
PO-001671,SUP-020,SKU-00021,WH-EAST,2024-11-18,2024-11-23,2024-11-14,115.0,2.87,air,33.82,delivered
PO-001672,SUP-020,SKU-00021,WH-EAST,2024-12-09,2024-12-24,2024-12-19,142.0,2.87,ocean,13.29,delivered
PO-001673,SUP-020,SKU-00021,WH-EAST,2024-12-23,2024-12-28,2024-12-25,110.0,2.87,air,43.97,delivered
PO-001674,SUP-020,SKU-00021,WH-EAST,2025-01-13,2025-01-28,2025-01-27,144.0,2.87,ocean,13.96,delivered
PO-001675,SUP-020,SKU-00021,WH-EAST,2025-02-03,2025-02-16,2025-02-18,139.0,2.87,rail,21.55,delivered
PO-001676,SUP-020,SKU-00021,WH-EAST,2025-02-24,2025-03-01,2025-03-03,177.0,2.87,air,52.34,delivered
PO-001677,SUP-020,SKU-00021,WH-EAST,2025-03-17,2025-04-01,2025-04-02,152.0,2.87,ocean,17.74,delivered
PO-001678,SUP-020,SKU-00021,WH-EAST,2025-04-07,2025-04-22,2025-04-23,131.0,2.87,ocean,13.59,delivered
PO-001679,SUP-020,SKU-00021,WH-EAST,2025-04-28,2025-05-13,2025-05-21,123.0,2.87,ocean,12.28,delivered
PO-001680,SUP-020,SKU-00021,WH-EAST,2025-05-12,2025-05-17,2025-05-17,109.0,2.87,air,30.36,delivered
PO-001681,SUP-020,SKU-00021,WH-EAST,2025-06-02,2025-06-13,2025-06-12,123.0,2.87,road,22.43,delivered
PO-001682,SUP-020,SKU-00021,WH-EAST,2025-06-16,2025-07-01,2025-06-17,143.0,2.87,ocean,14.3,delivered
PO-001683,SUP-020,SKU-00021,WH-EAST,2025-06-30,2025-07-05,2025-07-05,137.0,2.87,air,54.88,delivered
PO-001684,SUP-020,SKU-00021,WH-EAST,2025-07-14,2025-07-27,2025-07-15,116.0,2.87,rail,17.09,delivered
PO-001685,SUP-020,SKU-00021,WH-EAST,2025-07-28,2025-08-12,2025-08-13,155.0,2.87,ocean,16.52,delivered
PO-001686,SUP-020,SKU-00021,WH-EAST,2025-08-18,2025-09-02,2025-09-05,117.0,2.87,ocean,12.5,delivered
PO-001687,SUP-020,SKU-00021,WH-EAST,2025-09-01,2025-09-14,2025-09-02,115.0,2.87,rail,17.48,delivered
PO-001688,SUP-020,SKU-00021,WH-EAST,2025-09-15,2025-09-20,2025-09-19,155.0,2.87,air,61.73,delivered
PO-001689,SUP-020,SKU-00021,WH-EAST,2025-09-29,2025-10-14,2025-09-30,148.0,2.87,ocean,13.69,delivered
PO-001690,SUP-020,SKU-00021,WH-EAST,2025-10-13,2025-10-26,2025-10-25,135.0,2.87,rail,20.99,delivered
PO-001691,SUP-020,SKU-00021,WH-EAST,2025-10-27,2025-11-09,2025-11-05,113.0,2.87,rail,15.2,delivered
PO-001692,SUP-020,SKU-00021,WH-EAST,2025-11-10,2025-11-23,2025-11-20,137.0,2.87,rail,17.04,delivered
PO-001693,SUP-020,SKU-00021,WH-EAST,2025-11-24,2025-12-09,2025-12-22,108.0,2.87,ocean,12.54,delivered
PO-001694,SUP-020,SKU-00021,WH-EAST,2025-12-08,2025-12-13,2025-12-16,105.0,2.87,air,42.19,delivered
PO-001695,SUP-020,SKU-00022,WH-SOUTH,2024-01-15,2024-01-30,2024-01-25,106.0,1.3,ocean,5.32,delivered
PO-001696,SUP-020,SKU-00022,WH-SOUTH,2024-02-05,2024-02-20,2024-02-10,133.0,1.3,ocean,7.22,delivered
PO-001697,SUP-020,SKU-00022,WH-SOUTH,2024-02-19,2024-03-05,2024-03-06,100.0,1.3,ocean,5.31,delivered
PO-001698,SUP-020,SKU-00022,WH-SOUTH,2024-03-11,2024-03-16,2024-03-20,136.0,1.3,air,20.05,delivered
PO-001699,SUP-020,SKU-00022,WH-SOUTH,2024-03-25,2024-04-05,2024-04-03,97.0,1.3,road,6.97,delivered
PO-001700,SUP-020,SKU-00022,WH-SOUTH,2024-04-08,2024-04-23,2024-05-06,119.0,1.3,ocean,5.84,delivered
PO-001701,SUP-020,SKU-00022,WH-SOUTH,2024-05-13,2024-05-18,2024-05-18,168.0,1.3,air,27.94,delivered
PO-001702,SUP-020,SKU-00022,WH-SOUTH,2024-05-27,2024-06-09,2024-06-14,138.0,1.3,rail,10.19,delivered
PO-001703,SUP-020,SKU-00022,WH-SOUTH,2024-06-17,2024-06-22,2024-06-20,101.0,1.3,air,13.83,delivered
PO-001704,SUP-020,SKU-00022,WH-SOUTH,2024-07-01,2024-07-16,2024-07-15,147.0,1.3,ocean,7.61,delivered
PO-001705,SUP-020,SKU-00022,WH-SOUTH,2024-07-22,2024-07-27,2024-07-23,135.0,1.3,air,22.14,delivered
PO-001706,SUP-020,SKU-00022,WH-SOUTH,2024-08-05,2024-08-10,2024-08-11,159.0,1.3,air,25.29,delivered
PO-001707,SUP-020,SKU-00022,WH-SOUTH,2024-08-19,2024-08-30,2024-08-24,132.0,1.3,road,9.1,delivered
PO-001708,SUP-020,SKU-00022,WH-SOUTH,2024-09-02,2024-09-13,2024-09-15,147.0,1.3,road,9.73,delivered
PO-001709,SUP-020,SKU-00022,WH-SOUTH,2024-09-23,2024-10-04,2024-09-24,138.0,1.3,road,11.03,delivered
PO-001710,SUP-020,SKU-00022,WH-SOUTH,2024-10-07,2024-10-20,2024-10-23,146.0,1.3,rail,7.81,delivered
PO-001711,SUP-020,SKU-00022,WH-SOUTH,2024-10-28,2024-11-02,2024-10-29,102.0,1.3,air,13.45,delivered
PO-001712,SUP-020,SKU-00022,WH-SOUTH,2024-11-11,2024-11-26,2024-12-01,128.0,1.3,ocean,6.78,delivered
PO-001713,SUP-020,SKU-00022,WH-SOUTH,2024-12-09,2024-12-22,2024-12-23,143.0,1.3,rail,9.9,delivered
PO-001714,SUP-020,SKU-00022,WH-SOUTH,2024-12-30,2025-01-04,2025-01-02,121.0,1.3,air,16.01,delivered
PO-001715,SUP-020,SKU-00022,WH-SOUTH,2025-01-13,2025-01-18,2025-01-20,97.0,1.3,air,17.68,delivered
PO-001716,SUP-020,SKU-00022,WH-SOUTH,2025-02-03,2025-02-08,2025-02-08,143.0,1.3,air,23.22,delivered
PO-001717,SUP-020,SKU-00022,WH-SOUTH,2025-02-24,2025-03-09,2025-03-12,145.0,1.3,rail,11.01,delivered
PO-001718,SUP-020,SKU-00022,WH-SOUTH,2025-03-17,2025-04-01,2025-04-04,96.0,1.3,ocean,4.62,delivered
PO-001719,SUP-020,SKU-00022,WH-SOUTH,2025-03-31,2025-04-05,2025-04-06,101.0,1.3,air,18.43,delivered
PO-001720,SUP-020,SKU-00022,WH-SOUTH,2025-04-21,2025-04-26,2025-04-23,131.0,1.3,air,22.02,delivered
PO-001721,SUP-020,SKU-00022,WH-SOUTH,2025-05-05,2025-05-20,2025-05-16,122.0,1.3,ocean,6.23,delivered
PO-001722,SUP-020,SKU-00022,WH-SOUTH,2025-05-19,2025-06-01,2025-06-09,110.0,1.3,rail,8.17,delivered
PO-001723,SUP-020,SKU-00022,WH-SOUTH,2025-06-09,2025-06-24,2025-07-06,101.0,1.3,ocean,6.07,delivered
PO-001724,SUP-020,SKU-00022,WH-SOUTH,2025-06-23,2025-07-08,2025-07-07,101.0,1.3,ocean,4.3,delivered
PO-001725,SUP-020,SKU-00022,WH-SOUTH,2025-07-21,2025-07-26,2025-07-29,168.0,1.3,air,26.85,delivered
PO-001726,SUP-020,SKU-00022,WH-SOUTH,2025-08-11,2025-08-16,2025-08-15,191.0,1.3,air,33.52,delivered
PO-001727,SUP-020,SKU-00022,WH-SOUTH,2025-08-25,2025-08-30,2025-08-28,118.0,1.3,air,16.9,delivered
PO-001728,SUP-020,SKU-00022,WH-SOUTH,2025-09-01,2025-09-16,2025-09-09,119.0,1.3,ocean,5.46,delivered
PO-001729,SUP-020,SKU-00022,WH-SOUTH,2025-09-15,2025-09-20,2025-09-19,142.0,1.3,air,23.02,delivered
PO-001730,SUP-020,SKU-00022,WH-SOUTH,2025-09-29,2025-10-14,2025-10-13,125.0,1.3,ocean,6.07,delivered
PO-001731,SUP-020,SKU-00022,WH-SOUTH,2025-10-20,2025-10-31,2025-11-09,149.0,1.3,road,11.82,delivered
PO-001732,SUP-020,SKU-00022,WH-SOUTH,2025-11-17,2025-11-28,2025-11-24,112.0,1.3,road,9.03,delivered
PO-001733,SUP-020,SKU-00022,WH-SOUTH,2025-12-01,2025-12-16,2025-12-07,140.0,1.3,ocean,5.86,delivered
PO-001734,SUP-020,SKU-00022,WH-SOUTH,2025-12-22,2026-01-04,,135.0,1.3,rail,9.09,open
PO-001735,SUP-020,SKU-00022,WH-EAST,2024-01-15,2024-01-30,2024-01-30,183.0,1.3,ocean,10.78,delivered
PO-001736,SUP-020,SKU-00022,WH-EAST,2024-02-05,2024-02-20,2024-03-05,229.0,1.3,ocean,12.92,delivered
PO-001737,SUP-020,SKU-00022,WH-EAST,2024-03-11,2024-03-24,2024-03-17,165.0,1.3,rail,9.9,delivered
PO-001738,SUP-020,SKU-00022,WH-EAST,2024-04-01,2024-04-14,2024-04-11,234.0,1.3,rail,13.33,delivered
PO-001739,SUP-020,SKU-00022,WH-EAST,2024-04-15,2024-04-30,2024-05-13,162.0,1.3,ocean,7.7,delivered
PO-001740,SUP-020,SKU-00022,WH-EAST,2024-04-29,2024-05-04,2024-05-02,169.0,1.3,air,26.83,delivered
PO-001741,SUP-020,SKU-00022,WH-EAST,2024-05-13,2024-05-28,2024-05-16,190.0,1.3,ocean,8.19,delivered
PO-001742,SUP-020,SKU-00022,WH-EAST,2024-05-27,2024-06-07,2024-06-04,206.0,1.3,road,15.46,delivered
PO-001743,SUP-020,SKU-00022,WH-EAST,2024-06-10,2024-06-25,2024-07-02,225.0,1.3,ocean,13.36,delivered
PO-001744,SUP-020,SKU-00022,WH-EAST,2024-07-08,2024-07-23,2024-07-31,218.0,1.3,ocean,10.74,delivered
PO-001745,SUP-020,SKU-00022,WH-EAST,2024-08-05,2024-08-16,2024-08-15,212.0,1.3,road,14.99,delivered
PO-001746,SUP-020,SKU-00022,WH-EAST,2024-08-19,2024-08-24,2024-08-27,196.0,1.3,air,30.98,delivered
PO-001747,SUP-020,SKU-00022,WH-EAST,2024-09-02,2024-09-07,2024-09-11,241.0,1.3,air,37.34,delivered
PO-001748,SUP-020,SKU-00022,WH-EAST,2024-09-16,2024-10-01,2024-10-08,191.0,1.3,ocean,8.33,delivered
PO-001749,SUP-020,SKU-00022,WH-EAST,2024-10-14,2024-10-19,2024-10-20,277.0,1.3,air,49.85,delivered
PO-001750,SUP-020,SKU-00022,WH-EAST,2024-10-28,2024-11-10,2024-11-06,186.0,1.3,rail,11.33,delivered
PO-001751,SUP-020,SKU-00022,WH-EAST,2024-11-11,2024-11-26,2024-11-17,214.0,1.3,ocean,10.48,delivered
PO-001752,SUP-020,SKU-00022,WH-EAST,2024-11-25,2024-12-10,2024-11-29,204.0,1.3,OCEAN,9.97,delivered
PO-001753,SUP-020,SKU-00022,WH-EAST,2024-12-09,2024-12-14,2024-12-12,175.0,1.3,air,31.51,delivered
PO-001754,SUP-020,SKU-00022,WH-EAST,2024-12-23,2025-01-03,2025-01-08,178.0,1.3,road,12.04,delivered
PO-001755,SUP-020,SKU-00022,WH-EAST,2025-01-13,2025-01-28,2025-02-04,205.0,1.3,ocean,12.07,delivered
PO-001756,SUP-020,SKU-00022,WH-EAST,2025-02-10,2025-02-25,2025-03-05,202.0,1.3,ocean,10.83,delivered
PO-001757,SUP-020,SKU-00022,WH-EAST,2025-03-10,2025-03-25,2025-03-21,185.0,1.3,ocean,9.93,delivered
PO-001758,SUP-020,SKU-00022,WH-EAST,2025-03-31,2025-04-15,2025-04-11,234.0,1.3,ocean,12.79,delivered
PO-001759,SUP-020,SKU-00022,WH-EAST,2025-04-21,2025-05-06,2025-05-09,224.0,1.3,ocean,13.17,delivered
PO-001760,SUP-020,SKU-00022,WH-EAST,2025-05-19,2025-06-03,2025-06-11,249.0,1.3,ocean,10.95,delivered
PO-001761,SUP-020,SKU-00022,WH-EAST,2025-06-16,2025-06-21,2025-06-21,228.0,1.3,air,31.82,delivered
PO-001762,SUP-020,SKU-00022,WH-EAST,2025-06-30,2025-07-15,2025-07-12,180.0,1.3,ocean,10.27,delivered
PO-001763,SUP-020,SKU-00022,WH-EAST,2025-07-14,2025-07-29,2025-08-05,205.0,1.3,ocean,12.76,delivered
PO-001764,SUP-020,SKU-00022,WH-EAST,2025-08-11,2025-08-22,2025-08-29,289.0,1.3,road,23.96,delivered
PO-001765,SUP-020,SKU-00022,WH-EAST,2025-09-08,2025-09-23,2025-09-30,262.0,1.3,ocean,12.44,delivered
PO-001766,SUP-020,SKU-00022,WH-EAST,2025-10-06,2025-10-21,2025-10-21,178.0,1.3,ocean,11.0,delivered
PO-001767,SUP-020,SKU-00022,WH-EAST,2025-10-27,2025-11-11,2025-11-13,255.0,1.3,ocean,13.54,delivered
PO-001768,SUP-020,SKU-00022,WH-EAST,2025-11-24,2025-11-29,2025-11-27,227.0,1.3,air,41.41,delivered
PO-001769,SUP-020,SKU-00022,WH-EAST,2025-12-08,2025-12-23,2025-12-25,170.0,1.3,ocean,8.62,delivered
PO-001770,SUP-020,SKU-00022,WH-EAST,2025-12-22,2025-12-27,2025-12-28,161.0,1.3,air,23.47,delivered
PO-001771,SUP-015,SKU-00023,WH-EU,2024-01-15,2024-02-01,2024-01-29,166.0,2.32,ocean,17.57,delivered
PO-001772,SUP-015,SKU-00023,WH-EU,2024-02-05,2024-02-22,2024-02-19,263.0,2.32,ocean,26.38,delivered
PO-001773,SUP-015,SKU-00023,WH-EU,2024-02-26,2024-03-14,2024-03-11,145.0,2.32,ocean,13.92,delivered
PO-001774,SUP-015,SKU-00023,WH-EU,2024-03-18,2024-03-24,2024-03-24,168.0,2.32,air,41.85,delivered
PO-001775,SUP-015,SKU-00023,WH-EU,2024-04-08,2024-04-25,2024-04-28,196.0,2.32,ocean,18.39,delivered
PO-001776,SUP-015,SKU-00023,WH-EU,2024-04-29,2024-05-16,2024-05-13,145.0,2.32,ocean,14.92,delivered
PO-001777,SUP-015,SKU-00023,WH-EU,2024-05-27,2024-06-02,2024-06-01,163.0,2.32,AIR,40.89,delivered
PO-001778,SUP-015,SKU-00023,WH-EU,2024-06-24,2024-06-30,2024-06-30,143.0,2.32,air,46.83,delivered
PO-001779,SUP-015,SKU-00023,WH-EU,2024-07-29,2024-08-15,2024-08-15,163.0,2.32,ocean,12.58,delivered
PO-001780,SUP-015,SKU-00023,WH-EU,2024-09-02,2024-09-19,2024-09-17,169.0,2.32,ocean,18.44,delivered
PO-001781,SUP-015,SKU-00023,WH-EU,2024-09-30,2024-10-14,2024-10-10,180.0,2.32,rail,18.91,delivered
PO-001782,SUP-015,SKU-00023,WH-EU,2024-10-21,2024-11-04,2024-11-02,165.0,2.32,rail,20.05,delivered
PO-001783,SUP-015,SKU-00023,WH-EU,2024-11-11,2024-11-25,2024-11-24,166.0,2.32,rail,16.03,delivered
PO-001784,SUP-015,SKU-00023,WH-EU,2024-12-02,2024-12-19,2024-12-21,165.0,2.32,ocean,16.3,delivered
PO-001785,SUP-015,SKU-00023,WH-EU,2024-12-16,2025-01-02,2024-12-28,159.0,2.32,ocean,14.05,delivered
PO-001786,SUP-015,SKU-00023,WH-EU,2025-01-06,2025-01-18,2025-01-23,163.0,2.32,road,26.61,delivered
PO-001787,SUP-015,SKU-00023,WH-EU,2025-01-20,2025-01-26,2025-01-26,144.0,2.32,air,47.15,delivered
PO-001788,SUP-015,SKU-00023,WH-EU,2025-02-10,2025-02-16,2025-02-15,210.0,2.32,air,48.59,delivered
PO-001789,SUP-015,SKU-00023,WH-EU,2025-03-03,2025-03-20,2025-03-14,198.0,2.32,ocean,20.6,delivered
PO-001790,SUP-015,SKU-00023,WH-EU,2025-03-24,2025-04-10,2025-04-08,186.0,2.32,ocean,16.83,delivered
PO-001791,SUP-015,SKU-00023,WH-EU,2025-04-14,2025-04-20,2025-04-18,154.0,2.32,air,37.63,delivered
PO-001792,SUP-015,SKU-00023,WH-EU,2025-05-12,2025-05-29,2025-05-27,176.0,2.32,ocean,18.96,delivered
PO-001793,SUP-015,SKU-00023,WH-EU,2025-06-09,2025-06-15,2025-06-15,147.0,2.32,air,39.9,delivered
PO-001794,SUP-015,SKU-00023,WH-EU,2025-07-14,2025-07-31,2025-07-30,150.0,2.32,ocean,11.65,delivered
PO-001795,SUP-015,SKU-00023,WH-EU,2025-08-18,2025-08-24,2025-08-24,149.0,2.32,air,40.72,delivered
PO-001796,SUP-015,SKU-00023,WH-EU,2025-09-15,2025-09-29,2025-09-30,161.0,2.32,rail,18.07,delivered
PO-001797,SUP-015,SKU-00023,WH-EU,2025-10-13,2025-10-30,2025-10-31,172.0,2.32,ocean,15.43,delivered
PO-001798,SUP-015,SKU-00023,WH-EU,2025-10-27,2025-11-02,2025-10-31,148.0,2.32,air,33.35,delivered
PO-001799,SUP-015,SKU-00023,WH-EU,2025-11-17,2025-12-01,2025-11-30,156.0,2.32,rail,19.62,delivered
PO-001800,SUP-015,SKU-00023,WH-EU,2025-12-08,2025-12-25,2025-12-24,204.0,2.32,ocean,21.99,delivered
PO-001801,SUP-015,SKU-00023,WH-WEST,2024-01-22,2024-01-28,2024-01-28,211.0,2.32,air,51.97,delivered
PO-001802,SUP-015,SKU-00023,WH-WEST,2024-02-05,2024-02-11,2024-02-11,183.0,2.32,air,57.09,delivered
PO-001803,SUP-015,SKU-00023,WH-WEST,2024-02-19,2024-03-04,2024-03-02,183.0,2.32,rail,21.54,delivered
PO-001804,SUP-015,SKU-00023,WH-WEST,2024-03-11,2024-03-28,2024-03-27,212.0,2.32,ocean,16.06,delivered
PO-001805,SUP-015,SKU-00023,WH-WEST,2024-04-01,2024-04-13,2024-04-15,185.0,2.32,road,21.46,delivered
PO-001806,SUP-015,SKU-00023,WH-WEST,2024-04-22,2024-04-28,2024-04-28,171.0,2.32,air,41.98,delivered
PO-001807,SUP-015,SKU-00023,WH-WEST,2024-05-13,2024-05-19,2024-05-19,151.0,2.32,air,35.73,delivered
PO-001808,SUP-015,SKU-00023,WH-WEST,2024-06-03,2024-06-20,2024-06-22,163.0,2.32,ocean,12.82,delivered
PO-001809,SUP-015,SKU-00023,WH-WEST,2024-07-15,2024-07-29,2024-07-29,187.0,2.32,rail,22.2,delivered
PO-001810,SUP-015,SKU-00023,WH-WEST,2024-08-19,2024-09-05,2024-09-02,168.0,2.32,ocean,16.0,delivered
PO-001811,SUP-015,SKU-00023,WH-WEST,2024-09-23,2024-09-29,2024-09-28,178.0,2.32,air,58.38,delivered
PO-001812,SUP-015,SKU-00023,WH-WEST,2024-10-14,2024-10-31,2024-10-28,178.0,2.32,ocean,14.8,delivered
PO-001813,SUP-015,SKU-00023,WH-WEST,2024-11-04,2024-11-10,2024-11-11,175.0,2.32,air,53.79,delivered
PO-001814,SUP-015,SKU-00023,WH-WEST,2024-11-25,2024-12-12,2024-12-11,192.0,2.32,ocean,18.85,delivered
PO-001815,SUP-015,SKU-00023,WH-WEST,2024-12-09,2024-12-15,2024-12-15,149.0,2.32,air,48.59,delivered
PO-001816,SUP-015,SKU-00023,WH-WEST,2024-12-30,2025-01-16,2025-01-11,217.0,2.32,ocean,16.64,delivered
PO-001817,SUP-015,SKU-00023,WH-WEST,2025-01-20,2025-02-06,2025-02-03,225.0,2.32,ocean,17.43,delivered
PO-001818,SUP-015,SKU-00023,WH-WEST,2025-02-03,2025-02-20,2025-02-21,153.0,2.32,ocean,11.92,delivered
PO-001819,SUP-015,SKU-00023,WH-WEST,2025-02-24,2025-03-13,2025-03-12,199.0,2.32,ocean,19.89,delivered
PO-001820,SUP-015,SKU-00023,WH-WEST,2025-03-17,2025-04-03,2025-04-08,174.0,2.32,ocean,17.89,delivered
PO-001821,SUP-015,SKU-00023,WH-WEST,2025-04-07,2025-04-13,2025-04-12,167.0,2.32,air,43.42,delivered
PO-001822,SUP-015,SKU-00023,WH-WEST,2025-05-05,2025-05-22,2025-05-20,167.0,2.32,ocean,13.09,delivered
PO-001823,SUP-015,SKU-00023,WH-WEST,2025-06-02,2025-06-19,2025-06-17,172.0,2.32,ocean,13.7,delivered
PO-001824,SUP-015,SKU-00023,WH-WEST,2025-07-07,2025-07-13,2025-07-13,159.0,2.32,air,38.05,delivered
PO-001825,SUP-015,SKU-00023,WH-WEST,2025-08-11,2025-08-25,2025-08-25,165.0,2.32,rail,16.03,delivered
PO-001826,SUP-015,SKU-00023,WH-WEST,2025-09-08,2025-09-14,2025-09-13,158.0,2.32,air,36.37,delivered
PO-001827,SUP-015,SKU-00023,WH-WEST,2025-10-06,2025-10-23,2025-10-15,196.0,2.32,ocean,14.8,delivered
PO-001828,SUP-015,SKU-00023,WH-WEST,2025-10-27,2025-11-08,2025-11-09,189.0,2.32,road,27.59,delivered
PO-001829,SUP-015,SKU-00023,WH-WEST,2025-11-17,2025-12-04,2025-12-03,215.0,2.32,ocean,21.01,delivered
PO-001830,SUP-015,SKU-00023,WH-WEST,2025-12-08,2025-12-25,2025-12-27,195.0,2.32,ocean,19.25,delivered
PO-001831,SUP-015,SKU-00023,WH-SOUTH,2024-01-15,2024-01-29,2024-01-28,152.0,2.32,rail,20.7,delivered
PO-001832,SUP-015,SKU-00023,WH-SOUTH,2024-01-29,2024-02-10,2024-02-08,133.0,2.32,road,18.45,delivered
PO-001833,SUP-015,SKU-00023,WH-SOUTH,2024-02-12,2024-02-29,2024-02-27,169.0,2.32,ocean,16.96,delivered
PO-001834,SUP-015,SKU-00023,WH-SOUTH,2024-03-04,2024-03-18,2024-03-18,163.0,2.32,rail,15.31,delivered
PO-001835,SUP-015,SKU-00023,WH-SOUTH,2024-03-25,2024-03-31,2024-03-31,171.0,2.32,air,44.62,delivered
PO-001836,SUP-015,SKU-00023,WH-SOUTH,2024-04-15,2024-04-21,2024-04-21,153.0,2.32,air,44.37,delivered
PO-001837,SUP-015,SKU-00023,WH-SOUTH,2024-05-13,2024-05-30,2024-05-28,179.0,2.32,ocean,13.81,delivered
PO-001838,SUP-015,SKU-00023,WH-SOUTH,2024-06-10,2024-06-27,2024-06-28,147.0,2.32,ocean,14.24,delivered
PO-001839,SUP-015,SKU-00023,WH-SOUTH,2024-07-22,2024-07-28,2024-07-29,153.0,2.32,air,47.62,delivered
PO-001840,SUP-015,SKU-00023,WH-SOUTH,2024-08-26,2024-09-12,2024-09-11,159.0,2.32,ocean,15.62,delivered
PO-001841,SUP-015,SKU-00023,WH-SOUTH,2024-09-23,2024-10-10,2024-10-12,145.0,2.32,ocean,15.01,delivered
PO-001842,SUP-015,SKU-00023,WH-SOUTH,2024-10-14,2024-10-31,2024-10-29,147.0,2.32,ocean,10.92,delivered
PO-001843,SUP-015,SKU-00023,WH-SOUTH,2024-11-04,2024-11-21,2024-11-19,149.0,2.32,ocean,14.74,delivered
PO-001844,SUP-015,SKU-00023,WH-SOUTH,2024-11-18,2024-12-02,2024-12-02,140.0,2.32,rail,18.57,delivered
PO-001845,SUP-015,SKU-00023,WH-SOUTH,2024-12-09,2024-12-23,2024-12-24,213.0,2.32,rail,20.3,delivered
PO-001846,SUP-015,SKU-00023,WH-SOUTH,2024-12-30,2025-01-16,2025-01-14,146.0,2.32,ocean,14.57,delivered
PO-001847,SUP-015,SKU-00023,WH-SOUTH,2025-01-13,2025-01-19,2025-01-19,133.0,2.32,air,33.82,delivered
PO-001848,SUP-015,SKU-00023,WH-SOUTH,2025-02-03,2025-02-20,2025-02-16,201.0,2.32,ocean,21.39,delivered
PO-001849,SUP-015,SKU-00023,WH-SOUTH,2025-02-24,2025-03-13,2025-03-10,164.0,2.32,ocean,12.79,delivered
PO-001850,SUP-015,SKU-00023,WH-SOUTH,2025-03-17,2025-04-03,2025-04-03,163.0,2.32,ocean,17.87,delivered
PO-001851,SUP-015,SKU-00023,WH-SOUTH,2025-04-07,2025-04-24,2025-04-24,141.0,2.32,ocean,14.77,delivered
PO-001852,SUP-015,SKU-00023,WH-SOUTH,2025-04-28,2025-05-12,2025-05-13,152.0,2.32,rail,,delivered
PO-001853,SUP-015,SKU-00023,WH-SOUTH,2025-05-26,2025-06-09,2025-06-07,142.0,2.32,rail,15.95,delivered
PO-001854,SUP-015,SKU-00023,WH-SOUTH,2025-06-30,2025-07-17,2025-07-14,132.0,2.32,ocean,14.53,delivered
PO-001855,SUP-015,SKU-00023,WH-SOUTH,2025-08-04,2025-08-10,2025-08-10,133.0,2.32,air,35.32,delivered
PO-001856,SUP-015,SKU-00023,WH-SOUTH,2025-09-01,2025-09-15,2025-09-16,130.0,2.32,rail,17.39,delivered
PO-001857,SUP-015,SKU-00023,WH-SOUTH,2025-09-29,2025-10-16,2025-10-16,144.0,2.32,ocean,14.49,delivered
PO-001858,SUP-015,SKU-00023,WH-SOUTH,2025-10-20,2025-10-26,2025-10-26,137.0,2.32,air,35.77,delivered
PO-001859,SUP-015,SKU-00023,WH-SOUTH,2025-11-10,2025-11-27,2025-11-30,160.0,2.32,ocean,17.17,delivered
PO-001860,SUP-015,SKU-00023,WH-SOUTH,2025-12-01,2025-12-15,2025-12-16,147.0,2.32,rail,17.13,delivered
PO-001861,SUP-015,SKU-00023,WH-SOUTH,2025-12-15,2025-12-21,2025-12-19,129.0,2.32,air,37.49,delivered
PO-001862,SUP-009,SKU-00024,WH-EAST,2024-01-15,2024-02-12,2024-02-16,1092.0,26.5,ocean,1146.97,delivered
PO-001863,SUP-009,SKU-00024,WH-EAST,2024-02-05,2024-02-14,2024-02-13,1496.0,26.5,air,4089.19,delivered
PO-001864,SUP-009,SKU-00024,WH-EAST,2024-02-26,2024-03-06,2024-03-06,1646.0,26.5,air,4593.65,delivered
PO-001865,SUP-009,SKU-00024,WH-EAST,2024-03-11,2024-03-20,2024-03-18,1146.0,26.5,air,3856.32,delivered
PO-001866,SUP-009,SKU-00024,WH-EAST,2024-04-01,2024-04-22,2024-04-25,1531.0,26.5,road,2799.47,delivered
PO-001867,SUP-009,SKU-00024,WH-EAST,2024-04-22,2024-05-01,2024-05-03,1408.0,26.5,air,,delivered
PO-001868,SUP-009,SKU-00024,WH-EAST,2024-05-13,2024-05-22,2024-05-24,1108.0,26.5,air,2987.74,delivered
PO-001869,SUP-009,SKU-00024,WH-EAST,2024-06-03,2024-06-12,2024-06-10,1138.0,26.5,air,,delivered
PO-001870,SUP-009,SKU-00024,WH-EAST,2024-07-01,2024-07-10,2024-07-09,1413.0,26.5,air,3874.69,delivered
PO-001871,SUP-009,SKU-00024,WH-EAST,2024-07-22,2024-08-19,2024-08-21,1224.0,26.5,ocean,1213.92,delivered
PO-001872,SUP-009,SKU-00024,WH-EAST,2024-08-19,2024-08-28,2024-08-30,1508.0,26.5,air,4746.92,delivered
PO-001873,SUP-009,SKU-00024,WH-EAST,2024-09-09,2024-10-07,2024-09-20,1156.0,26.5,ocean,1379.95,delivered
PO-001874,SUP-009,SKU-00024,WH-EAST,2024-09-23,2024-10-14,2024-10-25,1117.0,26.5,road,1813.06,delivered
PO-001875,SUP-009,SKU-00024,WH-EAST,2024-10-14,2024-11-04,2024-11-09,1658.0,26.5,road,3091.36,delivered
PO-001876,SUP-009,SKU-00024,WH-EAST,2024-11-04,2024-12-02,2024-11-14,1152.0,26.5,ocean,1220.63,delivered
PO-001877,SUP-009,SKU-00024,WH-EAST,2024-11-18,2024-12-16,2024-11-25,1154.0,26.5,ocean,1174.93,delivered
PO-001878,SUP-009,SKU-00024,WH-EAST,2024-12-09,2025-01-06,2025-01-04,1648.0,26.5,ocean,1542.66,delivered
PO-001879,SUP-009,SKU-00024,WH-EAST,2024-12-23,2025-01-01,2025-01-04,1205.0,26.5,air,4071.67,delivered
PO-001880,SUP-009,SKU-00024,WH-EAST,2025-01-13,2025-02-10,2025-02-22,1355.0,26.5,ocean,1488.36,delivered
PO-001881,SUP-009,SKU-00024,WH-EAST,2025-01-27,2025-02-17,2025-02-11,1242.0,26.5,road,1869.87,delivered
PO-001882,SUP-009,SKU-00024,WH-EAST,2025-02-17,2025-03-12,2025-03-13,1726.0,26.5,rail,2199.38,delivered
PO-001883,SUP-009,SKU-00024,WH-EAST,2025-03-10,2025-03-19,2025-03-18,1492.0,26.5,air,5209.04,delivered
PO-001884,SUP-009,SKU-00024,WH-EAST,2025-03-31,2025-04-28,2025-04-27,1531.0,26.5,ocean,1863.16,delivered
PO-001885,SUP-009,SKU-00024,WH-EAST,2025-04-14,2025-04-23,2025-04-29,1172.0,26.5,air,4249.11,delivered
PO-001886,SUP-009,SKU-00024,WH-EAST,2025-05-12,2025-06-09,2025-06-15,1489.0,26.5,ocean,1868.43,delivered
PO-001887,SUP-009,SKU-00024,WH-EAST,2025-06-02,2025-06-11,2025-06-12,1382.0,26.5,air,4861.87,delivered
PO-001888,SUP-009,SKU-00024,WH-EAST,2025-06-23,2025-07-02,2025-06-29,1145.0,26.5,air,3072.94,delivered
PO-001889,SUP-009,SKU-00024,WH-EAST,2025-07-14,2025-07-23,2025-07-23,1443.0,26.5,air,4661.52,delivered
PO-001890,SUP-009,SKU-00024,WH-EAST,2025-08-04,2025-08-13,2025-08-10,1219.0,26.5,air,3778.11,delivered
PO-001891,SUP-009,SKU-00024,WH-EAST,2025-08-25,2025-09-22,2025-09-16,1194.0,26.5,ocean,1084.28,delivered
PO-001892,SUP-009,SKU-00024,WH-EAST,2025-09-08,2025-10-06,2025-10-08,1098.0,26.5,ocean,1000.61,delivered
PO-001893,SUP-009,SKU-00024,WH-EAST,2025-09-22,2025-10-13,2025-10-09,1139.0,26.5,road,1990.34,delivered
PO-001894,SUP-009,SKU-00024,WH-EAST,2025-10-13,2025-10-22,2025-10-19,1354.0,26.5,air,5156.83,delivered
PO-001895,SUP-009,SKU-00024,WH-EAST,2025-10-27,2025-11-19,2025-12-04,1489.0,26.5,rail,1918.4,delivered
PO-001896,SUP-009,SKU-00024,WH-EAST,2025-11-10,2025-11-19,2025-11-25,1551.0,26.5,air,4242.65,delivered
PO-001897,SUP-009,SKU-00024,WH-EAST,2025-12-08,2026-01-05,,1833.0,26.5,ocean,1896.92,open
PO-001898,SUP-009,SKU-00024,WH-EAST,2025-12-22,2025-12-31,,1333.0,26.5,air,,open
PO-001899,SUP-009,SKU-00024,WH-APAC,2024-01-22,2024-02-19,2024-02-20,1685.0,26.5,ocean,2009.53,delivered
PO-001900,SUP-009,SKU-00024,WH-APAC,2024-02-12,2024-02-21,2024-02-24,1867.0,26.5,air,6602.91,delivered
PO-001901,SUP-009,SKU-00024,WH-APAC,2024-03-04,2024-03-27,2024-03-19,1602.0,26.5,rail,2378.51,delivered
PO-001902,SUP-009,SKU-00024,WH-APAC,2024-03-25,2024-04-22,2024-04-09,2226.0,26.5,ocean,1985.3,delivered
PO-001903,SUP-009,SKU-00024,WH-APAC,2024-04-15,2024-05-13,2024-05-13,1635.0,26.5,OCEAN,1723.65,delivered
PO-001904,SUP-009,SKU-00024,WH-APAC,2024-05-06,2024-06-03,2024-06-06,1593.0,26.5,ocean,1531.57,delivered
PO-001905,SUP-009,SKU-00024,WH-APAC,2024-05-27,2024-06-24,2024-06-23,1298.0,26.5,ocean,1520.2,delivered
PO-001906,SUP-009,SKU-00024,WH-APAC,2024-06-17,2024-06-26,2024-06-23,1323.0,26.5,air,4980.44,delivered
PO-001907,SUP-009,SKU-00024,WH-APAC,2024-07-08,2024-07-31,2024-08-09,1351.0,26.5,rail,1447.93,delivered
PO-001908,SUP-009,SKU-00024,WH-APAC,2024-07-29,2024-08-26,2024-09-13,1517.0,26.5,ocean,1331.82,delivered
PO-001909,SUP-009,SKU-00024,WH-APAC,2024-08-19,2024-09-11,2024-09-17,1363.0,26.5,rail,1755.57,delivered
PO-001910,SUP-009,SKU-00024,WH-APAC,2024-09-16,2024-09-25,2024-09-19,1300.0,26.5,air,3323.12,delivered
PO-001911,SUP-009,SKU-00024,WH-APAC,2024-10-07,2024-11-04,2024-11-11,1655.0,26.5,ocean,1588.29,delivered
PO-001912,SUP-009,SKU-00024,WH-APAC,2024-10-21,2024-11-18,2024-11-16,1269.0,26.5,ocean,1198.22,delivered
PO-001913,SUP-009,SKU-00024,WH-APAC,2024-11-18,2024-12-09,2024-11-25,1765.0,26.5,road,2864.71,delivered
PO-001914,SUP-009,SKU-00024,WH-APAC,2024-12-02,2024-12-30,2025-01-25,1425.0,26.5,ocean,1220.48,delivered
PO-001915,SUP-009,SKU-00024,WH-APAC,2024-12-23,2025-01-13,2025-01-15,1701.0,26.5,road,2749.92,delivered
PO-001916,SUP-009,SKU-00024,WH-APAC,2025-01-20,2025-02-17,2025-02-09,1543.0,26.5,ocean,1333.75,delivered
PO-001917,SUP-009,SKU-00024,WH-APAC,2025-02-03,2025-02-24,2025-03-11,1597.0,26.5,road,2200.45,delivered
PO-001918,SUP-009,SKU-00024,WH-APAC,2025-02-17,2025-03-17,2025-03-12,1768.0,26.5,ocean,1899.04,delivered
PO-001919,SUP-009,SKU-00024,WH-APAC,2025-03-24,2025-04-21,2025-04-06,1866.0,26.5,ocean,2205.24,delivered
PO-001920,SUP-009,SKU-00024,WH-APAC,2025-04-07,2025-05-05,2025-04-27,1832.0,26.5,ocean,2171.38,delivered
PO-001921,SUP-009,SKU-00024,WH-APAC,2025-04-21,2025-05-19,2025-06-05,1602.0,26.5,ocean,2016.38,delivered
PO-001922,SUP-009,SKU-00024,WH-APAC,2025-05-12,2025-06-09,2025-05-08,1701.0,26.5,ocean,2155.77,delivered
PO-001923,SUP-009,SKU-00024,WH-APAC,2025-06-16,2025-07-14,2025-07-16,1507.0,26.5,ocean,1486.04,delivered
PO-001924,SUP-009,SKU-00024,WH-APAC,2025-07-07,2025-07-16,2025-07-14,1718.0,26.5,air,5069.43,delivered
PO-001925,SUP-009,SKU-00024,WH-APAC,2025-07-28,2025-08-18,2025-08-27,1468.0,26.5,road,2648.49,delivered
PO-001926,SUP-009,SKU-00024,WH-APAC,2025-08-18,2025-09-15,2025-09-13,1852.0,26.5,ocean,1770.4,delivered
PO-001927,SUP-009,SKU-00024,WH-APAC,2025-09-08,2025-10-01,2025-10-03,1734.0,26.5,rail,2652.16,delivered
PO-001928,SUP-009,SKU-00024,WH-APAC,2025-09-29,2025-10-08,2025-10-07,1800.0,26.5,air,6862.29,delivered
PO-001929,SUP-009,SKU-00024,WH-APAC,2025-10-13,2025-11-05,2025-11-08,1319.0,26.5,rail,1590.76,delivered
PO-001930,SUP-009,SKU-00024,WH-APAC,2025-10-27,2025-11-19,2025-11-07,1793.0,26.5,rail,1955.83,delivered
PO-001931,SUP-009,SKU-00024,WH-APAC,2025-11-10,2025-12-08,2025-12-04,1658.0,26.5,ocean,2098.32,delivered
PO-001932,SUP-009,SKU-00024,WH-APAC,2025-11-24,2025-12-22,2025-12-02,1993.0,26.5,ocean,1816.42,delivered
PO-001933,SUP-009,SKU-00024,WH-APAC,2025-12-15,2026-01-12,2025-12-13,2131.0,26.5,ocean,1849.38,delivered
PO-001934,SUP-002,SKU-00025,WH-APAC,2024-01-22,2024-02-16,2024-02-08,114.0,19.18,ocean,89.06,delivered
PO-001935,SUP-002,SKU-00025,WH-APAC,2024-02-05,2024-02-13,2024-02-12,113.0,19.18,air,281.21,delivered
PO-001936,SUP-002,SKU-00025,WH-APAC,2024-02-19,2024-03-15,2024-03-20,89.0,19.18,ocean,78.26,delivered
PO-001937,SUP-002,SKU-00025,WH-APAC,2024-03-04,2024-03-29,2024-03-28,88.0,19.18,ocean,63.96,delivered
PO-001938,SUP-002,SKU-00025,WH-APAC,2024-03-25,2024-04-19,2024-04-23,93.0,19.18,ocean,81.42,delivered
PO-001939,SUP-002,SKU-00025,WH-APAC,2024-04-15,2024-04-23,2024-04-29,121.0,19.18,air,324.35,delivered
PO-001940,SUP-002,SKU-00025,WH-APAC,2024-05-06,2024-05-27,2024-06-02,104.0,19.18,rail,119.04,delivered
PO-001941,SUP-002,SKU-00025,WH-APAC,2024-05-20,2024-06-14,2024-06-13,105.0,19.18,ocean,77.13,delivered
PO-001942,SUP-002,SKU-00025,WH-APAC,2024-06-10,2024-06-18,2024-06-20,105.0,19.18,air,240.32,delivered
PO-001943,SUP-002,SKU-00025,WH-APAC,2024-06-24,2024-07-19,2024-07-24,111.0,19.18,ocean,83.04,delivered
PO-001944,SUP-002,SKU-00025,WH-APAC,2024-07-08,2024-07-16,2024-07-23,125.0,19.18,air,304.87,delivered
PO-001945,SUP-002,SKU-00025,WH-APAC,2024-08-05,2024-08-30,2024-08-28,127.0,19.18,ocean,113.31,delivered
PO-001946,SUP-002,SKU-00025,WH-APAC,2024-08-19,2024-08-27,2024-08-30,109.0,19.18,air,292.12,delivered
PO-001947,SUP-002,SKU-00025,WH-APAC,2024-09-09,2024-10-04,2024-09-25,126.0,19.18,ocean,86.1,delivered
PO-001948,SUP-002,SKU-00025,WH-APAC,2024-09-16,2024-09-24,2024-09-25,110.0,19.18,air,222.25,delivered
PO-001949,SUP-002,SKU-00025,WH-APAC,2024-10-07,2024-11-01,2024-11-05,132.0,19.18,ocean,106.2,delivered
PO-001950,SUP-002,SKU-00025,WH-APAC,2024-10-21,2024-10-29,2024-10-23,89.0,19.18,air,208.35,delivered
PO-001951,SUP-002,SKU-00025,WH-APAC,2024-11-04,2024-11-12,2024-11-16,104.0,19.18,air,238.74,delivered
PO-001952,SUP-002,SKU-00025,WH-APAC,2024-11-18,2024-12-09,2024-12-03,90.0,19.18,rail,98.84,delivered
PO-001953,SUP-002,SKU-00025,WH-APAC,2024-12-09,2024-12-17,2024-12-17,116.0,19.18,air,259.96,delivered
PO-001954,SUP-002,SKU-00025,WH-APAC,2024-12-30,2025-01-24,2025-01-16,100.0,19.18,ocean,62.56,delivered
PO-001955,SUP-002,SKU-00025,WH-APAC,2025-01-20,2025-02-14,2025-02-24,92.0,19.18,ocean,77.08,delivered
PO-001956,SUP-002,SKU-00025,WH-APAC,2025-02-10,2025-03-03,2025-02-20,90.0,19.18,rail,74.79,delivered
PO-001957,SUP-002,SKU-00025,WH-APAC,2025-03-03,2025-03-22,2025-03-19,87.0,19.18,road,106.7,delivered
PO-001958,SUP-002,SKU-00025,WH-APAC,2025-03-24,2025-04-12,2025-04-16,98.0,19.18,road,124.73,delivered
PO-001959,SUP-002,SKU-00025,WH-APAC,2025-04-14,2025-05-09,2025-05-20,105.0,19.18,ocean,64.68,delivered
PO-001960,SUP-002,SKU-00025,WH-APAC,2025-04-28,2025-05-23,2025-05-06,90.0,19.18,ocean,77.32,delivered
PO-001961,SUP-002,SKU-00025,WH-APAC,2025-05-19,2025-05-27,2025-05-25,131.0,19.18,air,352.06,delivered
PO-001962,SUP-002,SKU-00025,WH-APAC,2025-06-09,2025-06-30,2025-07-08,127.0,19.18,rail,105.02,delivered
PO-001963,SUP-002,SKU-00025,WH-APAC,2025-06-23,2025-07-01,2025-06-25,99.0,19.18,AIR,182.99,delivered
PO-001964,SUP-002,SKU-00025,WH-APAC,2025-07-07,2025-08-01,2025-08-09,92.0,19.18,ocean,58.39,delivered
PO-001965,SUP-002,SKU-00025,WH-APAC,2025-07-21,2025-08-15,2025-08-16,106.0,19.18,ocean,90.31,delivered
PO-001966,SUP-002,SKU-00025,WH-APAC,2025-08-18,2025-09-08,2025-08-31,125.0,19.18,rail,99.93,delivered
PO-001967,SUP-002,SKU-00025,WH-APAC,2025-09-01,2025-09-20,2025-09-24,104.0,19.18,road,115.15,delivered
PO-001968,SUP-002,SKU-00025,WH-APAC,2025-09-15,2025-10-10,2025-10-23,116.0,19.18,ocean,74.56,delivered
PO-001969,SUP-002,SKU-00025,WH-APAC,2025-10-06,2025-10-14,2025-10-14,104.0,19.18,air,252.86,delivered
PO-001970,SUP-002,SKU-00025,WH-APAC,2025-10-27,2025-11-21,2025-11-19,91.0,19.18,ocean,76.9,delivered
PO-001971,SUP-002,SKU-00025,WH-APAC,2025-11-10,2025-11-18,2025-11-16,93.0,19.18,air,233.9,delivered
PO-001972,SUP-002,SKU-00025,WH-APAC,2025-12-01,2025-12-26,,105.0,19.18,ocean,92.88,open
PO-001973,SUP-002,SKU-00025,WH-APAC,2025-12-22,2026-01-16,,91.0,19.18,ocean,66.55,open
PO-001974,SUP-002,SKU-00025,WH-EU,2024-01-22,2024-02-16,2024-02-18,131.0,19.18,ocean,88.22,delivered
PO-001975,SUP-002,SKU-00025,WH-EU,2024-02-05,2024-02-13,2024-02-16,115.0,19.18,air,233.44,delivered
PO-001976,SUP-002,SKU-00025,WH-EU,2024-02-26,2024-03-22,2024-03-15,125.0,19.18,ocean,111.65,delivered
PO-001977,SUP-002,SKU-00025,WH-EU,2024-03-18,2024-04-12,2024-04-20,122.0,19.18,ocean,74.89,delivered
PO-001978,SUP-002,SKU-00025,WH-EU,2024-04-08,2024-04-27,2024-05-02,127.0,19.18,road,128.83,delivered
PO-001979,SUP-002,SKU-00025,WH-EU,2024-05-06,2024-05-14,2024-05-15,141.0,19.18,air,319.12,delivered
PO-001980,SUP-002,SKU-00025,WH-EU,2024-05-20,2024-06-14,2024-06-19,119.0,19.18,ocean,85.67,delivered
PO-001981,SUP-002,SKU-00025,WH-EU,2024-06-03,2024-06-28,2024-06-26,105.0,19.18,ocean,91.45,delivered
PO-001982,SUP-002,SKU-00025,WH-EU,2024-06-24,2024-07-19,2024-08-08,105.0,19.18,OCEAN,87.21,delivered
PO-001983,SUP-002,SKU-00025,WH-EU,2024-07-08,2024-08-02,2024-08-06,132.0,19.18,ocean,103.63,delivered
PO-001984,SUP-002,SKU-00025,WH-EU,2024-08-12,2024-09-06,2024-08-28,102.0,19.18,ocean,71.77,delivered
PO-001985,SUP-002,SKU-00025,WH-EU,2024-08-26,2024-09-03,2024-09-01,142.0,19.18,air,289.46,delivered
PO-001986,SUP-002,SKU-00025,WH-EU,2024-09-09,2024-09-17,2024-09-21,130.0,19.18,air,335.5,delivered
PO-001987,SUP-002,SKU-00025,WH-EU,2024-09-23,2024-10-01,2024-10-09,134.0,19.18,air,355.56,delivered
PO-001988,SUP-002,SKU-00025,WH-EU,2024-10-07,2024-10-15,2024-10-14,117.0,19.18,air,252.21,delivered
PO-001989,SUP-002,SKU-00025,WH-EU,2024-10-21,2024-11-15,2024-11-28,93.0,19.18,OCEAN,80.65,delivered
PO-001990,SUP-002,SKU-00025,WH-EU,2024-11-04,2024-11-29,2024-12-24,97.0,19.18,ocean,69.9,delivered
PO-001991,SUP-002,SKU-00025,WH-EU,2024-12-02,2024-12-23,2024-12-17,125.0,19.18,rail,106.08,delivered
PO-001992,SUP-002,SKU-00025,WH-EU,2024-12-30,2025-01-20,2025-01-15,135.0,19.18,rail,107.58,delivered
PO-001993,SUP-002,SKU-00025,WH-EU,2025-01-20,2025-02-14,2025-02-11,115.0,19.18,ocean,92.53,delivered
PO-001994,SUP-002,SKU-00025,WH-EU,2025-02-10,2025-03-07,2025-03-18,111.0,19.18,ocean,90.35,delivered
PO-001995,SUP-002,SKU-00025,WH-EU,2025-03-10,2025-04-04,2025-04-15,149.0,19.18,ocean,106.26,delivered
PO-001996,SUP-002,SKU-00025,WH-EU,2025-04-07,2025-05-02,2025-05-14,123.0,19.18,ocean,98.11,delivered
PO-001997,SUP-002,SKU-00025,WH-EU,2025-05-05,2025-05-13,2025-05-09,140.0,19.18,air,335.56,delivered
PO-001998,SUP-002,SKU-00025,WH-EU,2025-05-19,2025-06-09,2025-06-07,102.0,19.18,rail,89.74,delivered
PO-001999,SUP-002,SKU-00025,WH-EU,2025-06-02,2025-06-27,2025-06-25,103.0,19.18,ocean,73.27,delivered
PO-002000,SUP-002,SKU-00025,WH-EU,2025-06-16,2025-07-11,2025-06-26,103.0,19.18,ocean,94.6,delivered
PO-002001,SUP-002,SKU-00025,WH-EU,2025-06-30,2025-07-08,2025-07-06,118.0,19.18,air,285.49,delivered
PO-002002,SUP-002,SKU-00025,WH-EU,2025-07-14,2025-08-04,2025-07-25,124.0,19.18,rail,123.86,delivered
PO-002003,SUP-002,SKU-00025,WH-EU,2025-07-28,2025-08-22,2025-09-11,118.0,19.18,ocean,81.72,delivered
PO-002004,SUP-002,SKU-00025,WH-EU,2025-08-11,2025-08-19,2025-08-19,125.0,19.18,air,324.81,delivered
PO-002005,SUP-002,SKU-00025,WH-EU,2025-09-01,2025-09-26,2025-09-25,148.0,19.18,ocean,135.42,delivered
PO-002006,SUP-002,SKU-00025,WH-EU,2025-09-22,2025-09-30,2025-10-06,96.0,19.18,air,262.97,delivered
PO-002007,SUP-002,SKU-00025,WH-EU,2025-10-06,2025-10-31,2025-11-07,112.0,19.18,ocean,86.51,delivered
PO-002008,SUP-002,SKU-00025,WH-EU,2025-10-20,2025-11-14,2025-11-06,111.0,19.18,ocean,101.58,delivered
PO-002009,SUP-002,SKU-00025,WH-EU,2025-11-17,2025-12-12,,140.0,19.18,ocean,107.39,open
PO-002010,SUP-002,SKU-00025,WH-EU,2025-12-08,2026-01-02,,127.0,19.18,ocean,79.86,open
PO-002011,SUP-005,SKU-00026,WH-WEST,2024-01-22,2024-01-27,2024-01-25,308.0,7.95,road,147.47,delivered
PO-002012,SUP-005,SKU-00026,WH-WEST,2024-02-12,2024-02-14,2024-02-13,373.0,7.95,air,284.82,delivered
PO-002013,SUP-005,SKU-00026,WH-WEST,2024-02-26,2024-03-02,2024-03-11,306.0,7.95,road,160.96,delivered
PO-002014,SUP-005,SKU-00026,WH-WEST,2024-03-18,2024-03-20,2024-03-20,298.0,7.95,air,288.79,delivered
PO-002015,SUP-005,SKU-00026,WH-WEST,2024-04-08,2024-04-10,2024-04-10,344.0,7.95,air,363.5,delivered
PO-002016,SUP-005,SKU-00026,WH-WEST,2024-04-22,2024-04-27,2024-04-25,309.0,7.95,road,148.78,delivered
PO-002017,SUP-005,SKU-00026,WH-WEST,2024-05-13,2024-05-15,2024-05-09,382.0,7.95,air,296.97,delivered
PO-002018,SUP-005,SKU-00026,WH-WEST,2024-05-27,2024-06-01,2024-06-03,274.0,7.95,road,133.32,delivered
PO-002019,SUP-005,SKU-00026,WH-WEST,2024-06-10,2024-06-15,2024-06-20,269.0,7.95,rail,,delivered
PO-002020,SUP-005,SKU-00026,WH-WEST,2024-07-01,2024-07-03,2024-07-12,341.0,7.95,air,307.57,delivered
PO-002021,SUP-005,SKU-00026,WH-WEST,2024-07-22,2024-07-24,2024-07-24,262.0,7.95,air,239.82,delivered
PO-002022,SUP-005,SKU-00026,WH-WEST,2024-08-12,2024-08-14,2024-08-13,304.0,7.95,air,319.24,delivered
PO-002023,SUP-005,SKU-00026,WH-WEST,2024-09-09,2024-09-14,2024-09-16,301.0,7.95,road,123.3,delivered
PO-002024,SUP-005,SKU-00026,WH-WEST,2024-09-30,2024-10-05,2024-10-02,306.0,7.95,RAIL,130.15,delivered
PO-002025,SUP-005,SKU-00026,WH-WEST,2024-10-21,2024-10-26,2024-10-23,282.0,7.95,road,123.48,delivered
PO-002026,SUP-005,SKU-00026,WH-WEST,2024-11-11,2024-11-16,2024-11-17,269.0,7.95,rail,102.03,delivered
PO-002027,SUP-005,SKU-00026,WH-WEST,2024-12-02,2024-12-07,2024-12-16,266.0,7.95,road,152.23,delivered
PO-002028,SUP-005,SKU-00026,WH-WEST,2024-12-23,2024-12-28,2024-12-28,282.0,7.95,road,147.18,delivered
PO-002029,SUP-005,SKU-00026,WH-WEST,2025-01-13,2025-01-18,2025-01-18,336.0,7.95,road,180.16,delivered
PO-002030,SUP-005,SKU-00026,WH-WEST,2025-02-03,2025-02-08,2025-02-08,413.0,7.95,rail,174.77,delivered
PO-002031,SUP-005,SKU-00026,WH-WEST,2025-02-24,2025-02-26,2025-02-25,384.0,7.95,air,310.63,delivered
PO-002032,SUP-005,SKU-00026,WH-WEST,2025-03-10,2025-03-15,2025-03-22,293.0,7.95,rail,123.83,delivered
PO-002033,SUP-005,SKU-00026,WH-WEST,2025-03-31,2025-04-05,2025-04-05,360.0,7.95,road,163.34,delivered
PO-002034,SUP-005,SKU-00026,WH-WEST,2025-04-21,2025-04-26,2025-04-28,401.0,7.95,rail,138.55,delivered
PO-002035,SUP-005,SKU-00026,WH-WEST,2025-05-12,2025-05-17,2025-05-18,342.0,7.95,road,165.28,delivered
PO-002036,SUP-005,SKU-00026,WH-WEST,2025-06-02,2025-06-04,2025-06-04,372.0,7.95,air,308.17,delivered
PO-002037,SUP-005,SKU-00026,WH-WEST,2025-06-16,2025-06-21,2025-06-22,271.0,7.95,road,135.08,delivered
PO-002038,SUP-005,SKU-00026,WH-WEST,2025-06-30,2025-07-05,2025-07-10,295.0,7.95,rail,102.73,delivered
PO-002039,SUP-005,SKU-00026,WH-WEST,2025-07-21,2025-07-26,2025-07-25,358.0,7.95,road,157.88,delivered
PO-002040,SUP-005,SKU-00026,WH-WEST,2025-08-11,2025-08-16,2025-08-16,336.0,7.95,road,148.31,delivered
PO-002041,SUP-005,SKU-00026,WH-WEST,2025-09-01,2025-09-06,2025-09-06,277.0,7.95,road,137.81,delivered
PO-002042,SUP-005,SKU-00026,WH-WEST,2025-09-22,2025-09-27,2025-09-30,266.0,7.95,rail,121.22,delivered
PO-002043,SUP-005,SKU-00026,WH-WEST,2025-10-13,2025-10-18,2025-10-19,268.0,7.95,rail,113.26,delivered
PO-002044,SUP-005,SKU-00026,WH-WEST,2025-11-03,2025-11-05,2025-11-04,271.0,7.95,air,257.45,delivered
PO-002045,SUP-005,SKU-00026,WH-WEST,2025-11-24,2025-11-26,2025-11-28,385.0,7.95,air,364.74,delivered
PO-002046,SUP-005,SKU-00026,WH-WEST,2025-12-15,2025-12-20,2025-12-19,352.0,7.95,road,168.88,delivered
PO-002047,SUP-003,SKU-00027,WH-APAC,2024-01-15,2024-02-14,2024-02-21,75.0,3.23,ocean,9.73,delivered
PO-002048,SUP-003,SKU-00027,WH-APAC,2024-02-05,2024-03-06,2024-02-21,95.0,3.23,ocean,13.78,delivered
PO-002049,SUP-003,SKU-00027,WH-APAC,2024-02-26,2024-03-19,2024-03-18,87.0,3.23,ROAD,17.67,delivered
PO-002050,SUP-003,SKU-00027,WH-APAC,2024-03-18,2024-03-28,2024-03-28,90.0,3.23,air,39.61,delivered
PO-002051,SUP-003,SKU-00027,WH-APAC,2024-04-08,2024-05-08,2024-04-29,71.0,3.23,ocean,7.72,delivered
PO-002052,SUP-003,SKU-00027,WH-APAC,2024-04-29,2024-05-29,2024-05-06,73.0,3.23,ocean,9.99,delivered
PO-002053,SUP-003,SKU-00027,WH-APAC,2024-05-27,2024-06-26,2024-06-26,93.0,3.23,ocean,12.33,delivered
PO-002054,SUP-003,SKU-00027,WH-APAC,2024-06-24,2024-07-18,2024-07-21,90.0,3.23,rail,16.67,delivered
PO-002055,SUP-003,SKU-00027,WH-APAC,2024-07-22,2024-08-15,2024-08-10,88.0,3.23,rail,12.46,delivered
PO-002056,SUP-003,SKU-00027,WH-APAC,2024-08-12,2024-09-05,2024-09-05,73.0,3.23,rail,12.5,delivered
PO-002057,SUP-003,SKU-00027,WH-APAC,2024-09-02,2024-09-12,2024-09-14,69.0,3.23,air,28.43,delivered
PO-002058,SUP-003,SKU-00027,WH-APAC,2024-09-16,2024-10-16,2024-10-20,71.0,3.23,ocean,7.74,delivered
PO-002059,SUP-003,SKU-00027,WH-APAC,2024-10-07,2024-10-31,2024-11-06,78.0,3.23,rail,11.09,delivered
PO-002060,SUP-003,SKU-00027,WH-APAC,2024-10-28,2024-11-27,2024-11-11,89.0,3.23,ocean,12.58,delivered
PO-002061,SUP-003,SKU-00027,WH-APAC,2024-11-18,2024-11-28,2024-11-28,86.0,3.23,air,30.98,delivered
PO-002062,SUP-003,SKU-00027,WH-APAC,2024-12-02,2025-01-01,2025-01-04,70.0,3.23,ocean,9.27,delivered
PO-002063,SUP-003,SKU-00027,WH-APAC,2024-12-23,2025-01-02,2025-01-04,99.0,3.23,air,31.32,delivered
PO-002064,SUP-003,SKU-00027,WH-APAC,2025-01-13,2025-02-12,2025-02-06,99.0,3.23,ocean,14.44,delivered
PO-002065,SUP-003,SKU-00027,WH-APAC,2025-02-03,2025-02-13,2025-02-17,117.0,3.23,air,38.6,delivered
PO-002066,SUP-003,SKU-00027,WH-APAC,2025-02-24,2025-03-26,2025-03-22,90.0,3.23,ocean,13.45,delivered
PO-002067,SUP-003,SKU-00027,WH-APAC,2025-03-10,2025-04-01,2025-04-09,74.0,3.23,road,12.08,delivered
PO-002068,SUP-003,SKU-00027,WH-APAC,2025-03-31,2025-04-10,2025-04-12,83.0,3.23,air,30.35,delivered
PO-002069,SUP-003,SKU-00027,WH-APAC,2025-04-21,2025-05-21,2025-06-09,93.0,3.23,ocean,10.2,delivered
PO-002070,SUP-003,SKU-00027,WH-APAC,2025-05-12,2025-06-05,2025-06-04,86.0,3.23,rail,11.24,delivered
PO-002071,SUP-003,SKU-00027,WH-APAC,2025-06-16,2025-07-16,2025-07-10,74.0,3.23,ocean,10.49,delivered
PO-002072,SUP-003,SKU-00027,WH-APAC,2025-07-07,2025-08-06,2025-08-05,75.0,3.23,ocean,11.2,delivered
PO-002073,SUP-003,SKU-00027,WH-APAC,2025-07-28,2025-08-27,2025-08-12,78.0,3.23,ocean,10.16,delivered
PO-002074,SUP-003,SKU-00027,WH-APAC,2025-08-18,2025-09-11,2025-09-25,79.0,3.23,rail,11.83,delivered
PO-002075,SUP-003,SKU-00027,WH-APAC,2025-09-08,2025-10-08,2025-09-23,82.0,3.23,ocean,8.84,delivered
PO-002076,SUP-003,SKU-00027,WH-APAC,2025-09-29,2025-10-29,2025-10-27,83.0,3.23,ocean,8.77,delivered
PO-002077,SUP-003,SKU-00027,WH-APAC,2025-10-20,2025-10-30,2025-11-06,90.0,3.23,air,30.3,delivered
PO-002078,SUP-003,SKU-00027,WH-APAC,2025-11-03,2025-12-03,2025-12-06,93.0,3.23,ocean,10.1,delivered
PO-002079,SUP-003,SKU-00027,WH-APAC,2025-11-24,2025-12-18,2025-12-20,110.0,3.23,rail,17.27,delivered
PO-002080,SUP-003,SKU-00027,WH-APAC,2025-12-15,2026-01-14,,70.0,3.23,ocean,8.87,open
PO-002081,SUP-003,SKU-00027,WH-EU,2024-01-15,2024-02-06,2024-02-06,69.0,3.23,road,13.46,delivered
PO-002082,SUP-003,SKU-00027,WH-EU,2024-02-05,2024-03-06,2024-03-08,95.0,3.23,ocean,13.38,delivered
PO-002083,SUP-003,SKU-00027,WH-EU,2024-02-19,2024-03-20,2024-03-27,81.0,3.23,ocean,8.57,delivered
PO-002084,SUP-003,SKU-00027,WH-EU,2024-03-18,2024-04-17,2024-03-26,78.0,3.23,ocean,8.6,delivered
PO-002085,SUP-003,SKU-00027,WH-EU,2024-04-08,2024-05-08,2024-05-03,91.0,3.23,ocean,13.3,delivered
PO-002086,SUP-003,SKU-00027,WH-EU,2024-04-29,2024-05-29,2024-06-10,93.0,3.23,ocean,10.32,delivered
PO-002087,SUP-003,SKU-00027,WH-EU,2024-05-20,2024-06-19,2024-06-05,85.0,3.23,ocean,10.44,delivered
PO-002088,SUP-003,SKU-00027,WH-EU,2024-06-17,2024-06-27,2024-06-18,78.0,3.23,air,32.91,delivered
PO-002089,SUP-003,SKU-00027,WH-EU,2024-07-08,2024-08-07,2024-08-02,67.0,3.23,ocean,8.11,delivered
PO-002090,SUP-003,SKU-00027,WH-EU,2024-07-29,2024-08-28,2024-09-08,68.0,3.23,ocean,10.28,delivered
PO-002091,SUP-003,SKU-00027,WH-EU,2024-08-19,2024-08-29,2024-08-27,93.0,3.23,air,41.35,delivered
PO-002092,SUP-003,SKU-00027,WH-EU,2024-09-09,2024-10-09,2024-10-19,103.0,3.23,ocean,12.83,delivered
PO-002093,SUP-003,SKU-00027,WH-EU,2024-09-30,2024-10-30,2024-11-11,73.0,3.23,ocean,8.64,delivered
PO-002094,SUP-003,SKU-00027,WH-EU,2024-10-28,2024-11-19,2024-11-21,78.0,3.23,road,13.09,delivered
PO-002095,SUP-003,SKU-00027,WH-EU,2024-11-18,2024-12-18,2024-12-23,98.0,3.23,ocean,11.66,delivered
PO-002096,SUP-003,SKU-00027,WH-EU,2024-12-02,2024-12-26,2025-01-10,76.0,3.23,rail,9.83,delivered
PO-002097,SUP-003,SKU-00027,WH-EU,2024-12-30,2025-01-09,2025-01-05,68.0,3.23,air,29.49,delivered
PO-002098,SUP-003,SKU-00027,WH-EU,2025-01-20,2025-02-13,2025-02-22,101.0,3.23,rail,13.73,delivered
PO-002099,SUP-003,SKU-00027,WH-EU,2025-02-03,2025-03-05,2025-02-19,89.0,3.23,ocean,9.53,delivered
PO-002100,SUP-003,SKU-00027,WH-EU,2025-03-03,2025-04-02,2025-03-28,89.0,3.23,ocean,12.36,delivered
PO-002101,SUP-003,SKU-00027,WH-EU,2025-03-24,2025-04-23,2025-04-28,100.0,3.23,ocean,14.86,delivered
PO-002102,SUP-003,SKU-00027,WH-EU,2025-04-07,2025-05-01,2025-04-28,67.0,3.23,rail,12.05,delivered
PO-002103,SUP-003,SKU-00027,WH-EU,2025-05-05,2025-05-29,2025-06-09,68.0,3.23,rail,10.72,delivered
PO-002104,SUP-003,SKU-00027,WH-EU,2025-06-02,2025-06-24,2025-06-22,93.0,3.23,road,15.2,delivered
PO-002105,SUP-003,SKU-00027,WH-EU,2025-06-23,2025-07-23,2025-07-27,89.0,3.23,ocean,11.19,delivered
PO-002106,SUP-003,SKU-00027,WH-EU,2025-07-14,2025-07-24,2025-07-24,77.0,3.23,air,27.0,delivered
PO-002107,SUP-003,SKU-00027,WH-EU,2025-08-04,2025-09-03,2025-08-29,81.0,3.23,ocean,12.32,delivered
PO-002108,SUP-003,SKU-00027,WH-EU,2025-08-25,2025-09-24,2025-09-25,72.0,3.23,ocean,8.12,delivered
PO-002109,SUP-003,SKU-00027,WH-EU,2025-09-15,2025-10-15,2025-09-20,88.0,3.23,ocean,13.32,delivered
PO-002110,SUP-003,SKU-00027,WH-EU,2025-09-29,2025-10-29,2025-10-04,67.0,3.23,ocean,7.47,delivered
PO-002111,SUP-003,SKU-00027,WH-EU,2025-10-13,2025-11-04,2025-11-10,68.0,3.23,road,12.74,delivered
PO-002112,SUP-003,SKU-00027,WH-EU,2025-10-27,2025-11-26,2025-11-21,70.0,3.23,ocean,8.91,delivered
PO-002113,SUP-003,SKU-00027,WH-EU,2025-11-10,2025-12-04,2025-12-16,81.0,3.23,rail,12.36,delivered
PO-002114,SUP-003,SKU-00027,WH-EU,2025-12-01,2025-12-23,2025-12-26,97.0,3.23,road,22.08,delivered
PO-002115,SUP-003,SKU-00027,WH-EU,2025-12-22,2026-01-21,,71.0,3.23,ocean,7.57,open
PO-002116,SUP-003,SKU-00028,WH-EU,2024-01-22,2024-02-01,2024-02-02,80.0,14.02,air,114.34,delivered
PO-002117,SUP-003,SKU-00028,WH-EU,2024-02-12,2024-02-22,2024-02-24,95.0,14.02,air,176.69,delivered
PO-002118,SUP-003,SKU-00028,WH-EU,2024-03-04,2024-04-03,2024-03-16,89.0,14.02,ocean,44.62,delivered
PO-002119,SUP-003,SKU-00028,WH-EU,2024-03-25,2024-04-18,2024-04-18,80.0,14.02,rail,49.68,delivered
PO-002120,SUP-003,SKU-00028,WH-EU,2024-04-08,2024-05-08,2024-05-07,59.0,14.02,ocean,30.24,delivered
PO-002121,SUP-003,SKU-00028,WH-EU,2024-04-29,2024-05-23,2024-06-02,67.0,14.02,rail,54.63,delivered
PO-002122,SUP-003,SKU-00028,WH-EU,2024-05-20,2024-06-19,2024-06-26,65.0,14.02,ocean,31.5,delivered
PO-002123,SUP-003,SKU-00028,WH-EU,2024-06-03,2024-07-03,2024-07-05,61.0,14.02,ocean,34.88,delivered
PO-002124,SUP-003,SKU-00028,WH-EU,2024-06-24,2024-07-04,2024-07-05,60.0,14.02,air,107.79,delivered
PO-002125,SUP-003,SKU-00028,WH-EU,2024-07-15,2024-07-25,2024-07-23,72.0,14.02,air,107.05,delivered
PO-002126,SUP-003,SKU-00028,WH-EU,2024-08-05,2024-09-04,2024-09-20,66.0,14.02,ocean,36.34,delivered
PO-002127,SUP-003,SKU-00028,WH-EU,2024-09-02,2024-10-02,2024-09-28,73.0,14.02,ocean,38.23,delivered
PO-002128,SUP-003,SKU-00028,WH-EU,2024-09-23,2024-10-23,2024-10-28,59.0,14.02,ocean,38.57,delivered
PO-002129,SUP-003,SKU-00028,WH-EU,2024-10-14,2024-11-13,2024-11-22,71.0,14.02,OCEAN,44.61,delivered
PO-002130,SUP-003,SKU-00028,WH-EU,2024-11-04,2024-12-04,2024-11-29,76.0,14.02,ocean,49.31,delivered
PO-002131,SUP-003,SKU-00028,WH-EU,2024-12-02,2025-01-01,2025-01-07,75.0,14.02,ocean,50.16,delivered
PO-002132,SUP-003,SKU-00028,WH-EU,2024-12-23,2025-01-22,2025-01-27,85.0,14.02,ocean,46.69,delivered
PO-002133,SUP-003,SKU-00028,WH-EU,2025-01-13,2025-02-12,2025-02-11,63.0,14.02,ocean,33.22,delivered
PO-002134,SUP-003,SKU-00028,WH-EU,2025-02-03,2025-03-05,2025-03-24,65.0,14.02,ocean,35.99,delivered
PO-002135,SUP-003,SKU-00028,WH-EU,2025-02-24,2025-03-26,2025-03-10,78.0,14.02,ocean,46.14,delivered
PO-002136,SUP-003,SKU-00028,WH-EU,2025-03-17,2025-04-16,2025-04-16,77.0,14.02,ocean,38.23,delivered
PO-002137,SUP-003,SKU-00028,WH-EU,2025-04-07,2025-05-07,2025-05-08,58.0,14.02,ocean,31.81,delivered
PO-002138,SUP-003,SKU-00028,WH-EU,2025-04-28,2025-05-28,2025-06-08,58.0,14.02,ocean,27.3,delivered
PO-002139,SUP-003,SKU-00028,WH-EU,2025-05-19,2025-06-10,2025-06-16,67.0,14.02,road,48.77,delivered
PO-002140,SUP-003,SKU-00028,WH-EU,2025-06-09,2025-07-09,2025-07-29,62.0,14.02,ocean,28.44,delivered
PO-002141,SUP-003,SKU-00028,WH-EU,2025-07-07,2025-08-06,2025-08-13,73.0,14.02,ocean,46.69,delivered
PO-002142,SUP-003,SKU-00028,WH-EU,2025-08-04,2025-09-03,2025-09-12,71.0,14.02,ocean,42.21,delivered
PO-002143,SUP-003,SKU-00028,WH-EU,2025-08-25,2025-09-24,2025-10-09,67.0,14.02,ocean,40.3,delivered
PO-002144,SUP-003,SKU-00028,WH-EU,2025-09-15,2025-10-15,2025-10-08,62.0,14.02,ocean,32.38,delivered
PO-002145,SUP-003,SKU-00028,WH-EU,2025-10-13,2025-10-23,2025-10-23,78.0,14.02,air,122.41,delivered
PO-002146,SUP-003,SKU-00028,WH-EU,2025-11-03,2025-12-03,2025-12-01,71.0,14.02,ocean,45.9,delivered
PO-002147,SUP-003,SKU-00028,WH-EU,2025-11-24,2025-12-18,2025-12-21,73.0,14.02,rail,42.51,delivered
PO-002148,SUP-003,SKU-00028,WH-EU,2025-12-15,2026-01-14,,76.0,14.02,ocean,50.64,open
PO-002149,SUP-012,SKU-00029,WH-EAST,2024-01-22,2024-02-09,2024-02-12,494.0,22.15,rail,537.51,delivered
PO-002150,SUP-012,SKU-00029,WH-EAST,2024-02-12,2024-02-29,2024-02-22,440.0,22.15,road,563.34,delivered
PO-002151,SUP-012,SKU-00029,WH-EAST,2024-02-26,2024-03-19,2024-03-21,341.0,22.15,ocean,277.03,delivered
PO-002152,SUP-012,SKU-00029,WH-EAST,2024-03-18,2024-03-25,2024-03-27,516.0,22.15,air,1107.33,delivered
PO-002153,SUP-012,SKU-00029,WH-EAST,2024-04-08,2024-04-15,2024-04-17,524.0,22.15,air,1400.31,delivered
PO-002154,SUP-012,SKU-00029,WH-EAST,2024-04-29,2024-05-16,2024-05-17,377.0,22.15,road,579.99,delivered
PO-002155,SUP-012,SKU-00029,WH-EAST,2024-05-13,2024-05-31,2024-06-02,370.0,22.15,rail,418.37,delivered
PO-002156,SUP-012,SKU-00029,WH-EAST,2024-05-27,2024-06-18,2024-06-24,383.0,22.15,ocean,302.03,delivered
PO-002157,SUP-012,SKU-00029,WH-EAST,2024-06-17,2024-07-04,2024-07-07,427.0,22.15,road,621.22,delivered
PO-002158,SUP-012,SKU-00029,WH-EAST,2024-07-08,2024-07-30,2024-07-31,529.0,22.15,ocean,462.32,delivered
PO-002159,SUP-012,SKU-00029,WH-EAST,2024-07-22,2024-07-29,2024-07-30,367.0,22.15,air,854.0,delivered
PO-002160,SUP-012,SKU-00029,WH-EAST,2024-08-12,2024-09-03,2024-09-04,454.0,22.15,ocean,392.7,delivered
PO-002161,SUP-012,SKU-00029,WH-EAST,2024-08-26,2024-09-17,2024-09-14,359.0,22.15,ocean,377.95,delivered
PO-002162,SUP-012,SKU-00029,WH-EAST,2024-09-16,2024-10-08,2024-10-24,505.0,22.15,ocean,388.03,delivered
PO-002163,SUP-012,SKU-00029,WH-EAST,2024-09-30,2024-10-07,2024-10-07,355.0,22.15,air,1050.61,delivered
PO-002164,SUP-012,SKU-00029,WH-EAST,2024-10-21,2024-10-28,2024-10-29,425.0,22.15,air,1029.72,delivered
PO-002165,SUP-012,SKU-00029,WH-EAST,2024-11-04,2024-11-21,2024-11-16,351.0,22.15,road,496.25,delivered
PO-002166,SUP-012,SKU-00029,WH-EAST,2024-11-18,2024-12-10,2024-12-10,367.0,22.15,ocean,,delivered
PO-002167,SUP-012,SKU-00029,WH-EAST,2024-12-02,2024-12-24,2024-12-30,378.0,22.15,ocean,369.32,delivered
PO-002168,SUP-012,SKU-00029,WH-EAST,2024-12-16,2025-01-03,2025-01-05,382.0,22.15,rail,365.1,delivered
PO-002169,SUP-012,SKU-00029,WH-EAST,2025-01-06,2025-01-28,2025-01-30,483.0,22.15,ocean,489.92,delivered
PO-002170,SUP-012,SKU-00029,WH-EAST,2025-01-20,2025-01-27,2025-01-29,447.0,22.15,air,1162.91,delivered
PO-002171,SUP-012,SKU-00029,WH-EAST,2025-02-10,2025-02-17,2025-02-18,496.0,22.15,air,1430.73,delivered
PO-002172,SUP-012,SKU-00029,WH-EAST,2025-02-24,2025-03-14,2025-03-12,378.0,22.15,rail,357.52,delivered
PO-002173,SUP-012,SKU-00029,WH-EAST,2025-03-10,2025-04-01,2025-03-31,432.0,22.15,ocean,319.11,delivered
PO-002174,SUP-012,SKU-00029,WH-EAST,2025-03-24,2025-03-31,2025-03-30,498.0,22.15,air,1084.47,delivered
PO-002175,SUP-012,SKU-00029,WH-EAST,2025-04-14,2025-05-06,2025-05-04,546.0,22.15,ocean,545.4,delivered
PO-002176,SUP-012,SKU-00029,WH-EAST,2025-04-28,2025-05-05,2025-05-07,384.0,22.15,air,1219.36,delivered
PO-002177,SUP-012,SKU-00029,WH-EAST,2025-05-19,2025-06-10,2025-06-13,580.0,22.15,ocean,566.79,delivered
PO-002178,SUP-012,SKU-00029,WH-EAST,2025-06-02,2025-06-09,2025-06-15,350.0,22.15,air,1066.68,delivered
PO-002179,SUP-012,SKU-00029,WH-EAST,2025-06-30,2025-07-18,2025-07-17,451.0,22.15,rail,441.25,delivered
PO-002180,SUP-012,SKU-00029,WH-EAST,2025-07-21,2025-07-28,2025-07-29,488.0,22.15,air,1391.77,delivered
PO-002181,SUP-012,SKU-00029,WH-EAST,2025-08-04,2025-08-26,2025-08-26,355.0,22.15,ocean,356.05,delivered
PO-002182,SUP-012,SKU-00029,WH-EAST,2025-08-18,2025-09-09,2025-09-03,410.0,22.15,ocean,309.24,delivered
PO-002183,SUP-012,SKU-00029,WH-EAST,2025-09-01,2025-09-23,2025-09-21,410.0,22.15,ocean,351.24,delivered
PO-002184,SUP-012,SKU-00029,WH-EAST,2025-09-15,2025-10-07,2025-10-16,422.0,22.15,ocean,399.3,delivered
PO-002185,SUP-012,SKU-00029,WH-EAST,2025-09-29,2025-10-06,2025-10-08,452.0,22.15,air,998.57,delivered
PO-002186,SUP-012,SKU-00029,WH-EAST,2025-10-20,2025-11-07,2025-11-09,570.0,22.15,rail,627.38,delivered
PO-002187,SUP-012,SKU-00029,WH-EAST,2025-11-03,2025-11-10,2025-11-13,360.0,22.15,air,1048.56,delivered
PO-002188,SUP-012,SKU-00029,WH-EAST,2025-11-17,2025-11-24,2025-11-29,439.0,22.15,air,1335.37,delivered
PO-002189,SUP-012,SKU-00029,WH-EAST,2025-12-01,2025-12-08,2025-12-07,449.0,22.15,air,1244.71,delivered
PO-002190,SUP-012,SKU-00029,WH-EAST,2025-12-15,2026-01-06,,572.0,22.15,ocean,598.36,open
PO-002191,SUP-012,SKU-00029,WH-WEST,2024-01-15,2024-02-06,2024-02-03,723.0,22.15,ocean,565.09,delivered
PO-002192,SUP-012,SKU-00029,WH-WEST,2024-02-05,2024-02-22,2024-02-23,857.0,22.15,road,1287.92,delivered
PO-002193,SUP-012,SKU-00029,WH-WEST,2024-02-19,2024-02-26,2024-02-26,663.0,22.15,air,1971.29,delivered
PO-002194,SUP-012,SKU-00029,WH-WEST,2024-03-04,2024-03-22,2024-03-27,645.0,22.15,rail,805.45,delivered
PO-002195,SUP-012,SKU-00029,WH-WEST,2024-03-18,2024-04-09,2024-04-08,630.0,22.15,ocean,526.8,delivered
PO-002196,SUP-012,SKU-00029,WH-WEST,2024-04-08,2024-04-30,2024-04-28,809.0,22.15,ocean,811.75,delivered
PO-002197,SUP-012,SKU-00029,WH-WEST,2024-04-29,2024-05-06,2024-05-15,792.0,22.15,air,2309.82,delivered
PO-002198,SUP-012,SKU-00029,WH-WEST,2024-05-20,2024-06-11,2024-06-09,1074.0,22.15,ocean,1137.99,delivered
PO-002199,SUP-012,SKU-00029,WH-WEST,2024-06-10,2024-06-27,2024-06-26,706.0,22.15,road,788.77,delivered
PO-002200,SUP-012,SKU-00029,WH-WEST,2024-06-24,2024-07-16,2024-07-20,616.0,22.15,ocean,,delivered
PO-002201,SUP-012,SKU-00029,WH-WEST,2024-07-08,2024-07-30,2024-07-29,611.0,22.15,ocean,470.68,delivered
PO-002202,SUP-012,SKU-00029,WH-WEST,2024-07-29,2024-08-20,2024-08-27,745.0,22.15,ocean,667.76,delivered
PO-002203,SUP-012,SKU-00029,WH-WEST,2024-08-12,2024-09-03,2024-09-06,606.0,22.15,ocean,511.94,delivered
PO-002204,SUP-012,SKU-00029,WH-WEST,2024-09-02,2024-09-24,2024-09-27,716.0,22.15,ocean,569.6,delivered
PO-002205,SUP-012,SKU-00029,WH-WEST,2024-09-16,2024-09-23,2024-09-23,661.0,22.15,air,1676.74,delivered
PO-002206,SUP-012,SKU-00029,WH-WEST,2024-09-30,2024-10-22,2024-10-25,688.0,22.15,ocean,563.16,delivered
PO-002207,SUP-012,SKU-00029,WH-WEST,2024-10-14,2024-11-05,2024-11-09,734.0,22.15,ocean,649.74,delivered
PO-002208,SUP-012,SKU-00029,WH-WEST,2024-11-04,2024-11-11,2024-11-11,923.0,22.15,air,1992.83,delivered
PO-002209,SUP-012,SKU-00029,WH-WEST,2024-11-18,2024-11-25,2024-11-26,618.0,22.15,air,1719.94,delivered
PO-002210,SUP-012,SKU-00029,WH-WEST,2024-12-02,2024-12-19,2024-12-18,724.0,22.15,road,951.11,delivered
PO-002211,SUP-012,SKU-00029,WH-WEST,2024-12-16,2024-12-23,2024-12-23,909.0,22.15,air,2712.48,delivered
PO-002212,SUP-012,SKU-00029,WH-WEST,2024-12-30,2025-01-21,2025-01-20,772.0,22.15,ocean,629.65,delivered
PO-002213,SUP-012,SKU-00029,WH-WEST,2025-01-13,2025-01-20,2025-01-21,885.0,22.15,air,2457.12,delivered
PO-002214,SUP-012,SKU-00029,WH-WEST,2025-02-03,2025-02-25,2025-02-28,838.0,22.15,ocean,614.63,delivered
PO-002215,SUP-012,SKU-00029,WH-WEST,2025-02-17,2025-02-24,2025-02-27,672.0,22.15,air,1892.87,delivered
PO-002216,SUP-012,SKU-00029,WH-WEST,2025-03-10,2025-04-01,2025-03-29,688.0,22.15,ocean,532.43,delivered
PO-002217,SUP-012,SKU-00029,WH-WEST,2025-03-24,2025-03-31,2025-04-01,784.0,22.15,air,2277.58,delivered
PO-002218,SUP-012,SKU-00029,WH-WEST,2025-04-14,2025-05-02,2025-05-07,1057.0,22.15,rail,1354.88,delivered
PO-002219,SUP-012,SKU-00029,WH-WEST,2025-05-12,2025-05-19,2025-05-20,853.0,22.15,air,2007.86,delivered
PO-002220,SUP-012,SKU-00029,WH-WEST,2025-05-26,2025-06-17,2025-06-12,981.0,22.15,ocean,834.9,delivered
PO-002221,SUP-012,SKU-00029,WH-WEST,2025-06-16,2025-07-08,2025-07-14,761.0,22.15,ocean,549.97,delivered
PO-002222,SUP-012,SKU-00029,WH-WEST,2025-06-30,2025-07-22,2025-07-27,807.0,22.15,ocean,748.19,delivered
PO-002223,SUP-012,SKU-00029,WH-WEST,2025-07-21,2025-07-28,2025-07-28,605.0,22.15,air,1398.2,delivered
PO-002224,SUP-012,SKU-00029,WH-WEST,2025-08-04,2025-08-22,2025-08-24,794.0,22.15,rail,939.45,delivered
PO-002225,SUP-012,SKU-00029,WH-WEST,2025-08-18,2025-08-25,2025-08-26,731.0,22.15,air,1911.41,delivered
PO-002226,SUP-012,SKU-00029,WH-WEST,2025-09-01,2025-09-23,2025-09-17,610.0,22.15,ocean,553.34,delivered
PO-002227,SUP-012,SKU-00029,WH-WEST,2025-09-15,2025-10-07,2025-10-14,798.0,22.15,ocean,645.93,delivered
PO-002228,SUP-012,SKU-00029,WH-WEST,2025-09-29,2025-10-06,2025-10-06,859.0,22.15,air,2453.57,delivered
PO-002229,SUP-012,SKU-00029,WH-WEST,2025-10-20,2025-11-11,2025-11-10,895.0,22.15,ocean,651.02,delivered
PO-002230,SUP-012,SKU-00029,WH-WEST,2025-11-03,2025-11-10,2025-11-10,762.0,22.15,air,1916.97,delivered
PO-002231,SUP-012,SKU-00029,WH-WEST,2025-11-17,2025-12-05,2025-12-12,631.0,22.15,rail,581.26,delivered
PO-002232,SUP-012,SKU-00029,WH-WEST,2025-12-01,2025-12-08,2025-12-14,1026.0,22.15,air,2516.72,delivered
PO-002233,SUP-012,SKU-00029,WH-WEST,2025-12-22,2026-01-13,,662.0,22.15,ocean,648.77,open
PO-002234,SUP-019,SKU-00030,WH-WEST,2024-01-15,2024-02-08,2024-02-08,314.0,5.88,ocean,75.13,delivered
PO-002235,SUP-019,SKU-00030,WH-WEST,2024-01-29,2024-02-16,2024-02-23,275.0,5.88,road,109.3,delivered
PO-002236,SUP-019,SKU-00030,WH-WEST,2024-02-19,2024-03-14,2024-03-19,366.0,5.88,ocean,82.98,delivered
PO-002237,SUP-019,SKU-00030,WH-WEST,2024-03-11,2024-03-19,2024-03-19,351.0,5.88,air,278.24,delivered
PO-002238,SUP-019,SKU-00030,WH-WEST,2024-04-01,2024-04-20,2024-04-25,352.0,5.88,rail,111.99,delivered
PO-002239,SUP-019,SKU-00030,WH-WEST,2024-04-15,2024-04-23,2024-04-23,351.0,5.88,air,220.49,delivered
PO-002240,SUP-019,SKU-00030,WH-WEST,2024-05-06,2024-05-30,2024-05-31,445.0,5.88,ocean,119.64,delivered
PO-002241,SUP-019,SKU-00030,WH-WEST,2024-05-20,2024-05-28,2024-05-29,298.0,5.88,air,188.22,delivered
PO-002242,SUP-019,SKU-00030,WH-WEST,2024-06-10,2024-07-04,2024-07-14,400.0,5.88,ocean,107.06,delivered
PO-002243,SUP-019,SKU-00030,WH-WEST,2024-06-17,2024-07-11,2024-07-16,272.0,5.88,ocean,71.32,delivered
PO-002244,SUP-019,SKU-00030,WH-WEST,2024-07-22,2024-07-30,2024-07-27,412.0,5.88,air,235.13,delivered
PO-002245,SUP-019,SKU-00030,WH-WEST,2024-08-05,2024-08-13,2024-08-15,489.0,5.88,air,314.06,delivered
PO-002246,SUP-019,SKU-00030,WH-WEST,2024-08-19,2024-09-07,2024-09-13,438.0,5.88,rail,135.21,delivered
PO-002247,SUP-019,SKU-00030,WH-WEST,2024-09-02,2024-09-10,2024-09-11,305.0,5.88,air,208.25,delivered
PO-002248,SUP-019,SKU-00030,WH-WEST,2024-09-23,2024-10-01,2024-10-01,541.0,5.88,air,446.04,delivered
PO-002249,SUP-019,SKU-00030,WH-WEST,2024-10-07,2024-10-26,2024-10-27,461.0,5.88,rail,,delivered
PO-002250,SUP-019,SKU-00030,WH-WEST,2024-10-21,2024-11-09,2024-11-11,282.0,5.88,rail,79.92,delivered
PO-002251,SUP-019,SKU-00030,WH-WEST,2024-11-11,2024-12-05,2024-12-01,407.0,5.88,ocean,89.91,delivered
PO-002252,SUP-019,SKU-00030,WH-WEST,2024-11-25,2024-12-03,2024-12-03,328.0,5.88,air,261.64,delivered
PO-002253,SUP-019,SKU-00030,WH-WEST,2024-12-16,2025-01-04,2025-01-09,306.0,5.88,rail,82.09,delivered
PO-002254,SUP-019,SKU-00030,WH-WEST,2025-01-06,2025-01-30,2025-01-29,427.0,5.88,ocean,103.34,delivered
PO-002255,SUP-019,SKU-00030,WH-WEST,2025-01-27,2025-02-04,2025-02-05,316.0,5.88,air,207.61,delivered
PO-002256,SUP-019,SKU-00030,WH-WEST,2025-02-17,2025-03-13,2025-03-11,396.0,5.88,ocean,83.48,delivered
PO-002257,SUP-019,SKU-00030,WH-WEST,2025-03-03,2025-03-11,2025-03-11,285.0,5.88,air,206.18,delivered
PO-002258,SUP-019,SKU-00030,WH-WEST,2025-03-24,2025-04-01,2025-03-31,339.0,5.88,air,275.97,delivered
PO-002259,SUP-019,SKU-00030,WH-WEST,2025-04-07,2025-05-01,2025-04-26,333.0,5.88,ocean,90.96,delivered
PO-002260,SUP-019,SKU-00030,WH-WEST,2025-04-21,2025-05-15,2025-05-10,394.0,5.88,ocean,90.26,delivered
PO-002261,SUP-019,SKU-00030,WH-WEST,2025-05-05,2025-05-13,2025-05-13,319.0,5.88,air,216.23,delivered
PO-002262,SUP-019,SKU-00030,WH-WEST,2025-05-19,2025-06-12,2025-06-15,334.0,5.88,ocean,69.84,delivered
PO-002263,SUP-019,SKU-00030,WH-WEST,2025-06-02,2025-06-10,2025-06-13,409.0,5.88,air,345.02,delivered
PO-002264,SUP-019,SKU-00030,WH-WEST,2025-06-23,2025-07-17,2025-07-11,333.0,5.88,ocean,73.62,delivered
PO-002265,SUP-019,SKU-00030,WH-WEST,2025-07-07,2025-07-15,2025-07-20,410.0,5.88,air,275.38,delivered
PO-002266,SUP-019,SKU-00030,WH-WEST,2025-07-21,2025-08-14,2025-08-09,420.0,5.88,ocean,101.53,delivered
PO-002267,SUP-019,SKU-00030,WH-WEST,2025-08-04,2025-08-28,2025-08-31,323.0,5.88,OCEAN,83.66,delivered
PO-002268,SUP-019,SKU-00030,WH-WEST,2025-08-18,2025-08-26,2025-08-23,281.0,5.88,air,173.83,delivered
PO-002269,SUP-019,SKU-00030,WH-WEST,2025-09-01,2025-09-25,2025-09-24,490.0,5.88,ocean,137.74,delivered
PO-002270,SUP-019,SKU-00030,WH-WEST,2025-09-29,2025-10-23,2025-10-17,414.0,5.88,ocean,87.21,delivered
PO-002271,SUP-019,SKU-00030,WH-WEST,2025-10-13,2025-10-31,2025-10-25,329.0,5.88,road,127.02,delivered
PO-002272,SUP-019,SKU-00030,WH-WEST,2025-10-27,2025-11-20,2025-11-25,273.0,5.88,ocean,54.5,delivered
PO-002273,SUP-019,SKU-00030,WH-WEST,2025-11-10,2025-11-29,2025-11-29,362.0,5.88,rail,86.11,delivered
PO-002274,SUP-019,SKU-00030,WH-WEST,2025-12-08,2025-12-26,2025-12-23,406.0,5.88,road,136.89,delivered
PO-002275,SUP-019,SKU-00030,WH-WEST,2025-12-22,2025-12-30,,337.0,5.88,air,202.95,open
PO-002276,SUP-019,SKU-00030,WH-APAC,2024-01-15,2024-02-08,2024-02-11,314.0,5.88,ocean,59.16,delivered
PO-002277,SUP-019,SKU-00030,WH-APAC,2024-01-29,2024-02-22,2024-02-23,273.0,5.88,ocean,59.91,delivered
PO-002278,SUP-019,SKU-00030,WH-APAC,2024-02-19,2024-03-09,2024-03-19,255.0,5.88,rail,60.62,delivered
PO-002279,SUP-019,SKU-00030,WH-APAC,2024-03-11,2024-04-04,2024-04-02,336.0,5.88,ocean,83.62,delivered
PO-002280,SUP-019,SKU-00030,WH-APAC,2024-04-01,2024-04-09,2024-04-08,328.0,5.88,air,213.92,delivered
PO-002281,SUP-019,SKU-00030,WH-APAC,2024-04-15,2024-05-09,2024-05-11,270.0,5.88,ocean,67.23,delivered
PO-002282,SUP-019,SKU-00030,WH-APAC,2024-04-29,2024-05-23,2024-05-24,262.0,5.88,ocean,50.07,delivered
PO-002283,SUP-019,SKU-00030,WH-APAC,2024-05-20,2024-05-28,2024-05-27,423.0,5.88,air,333.13,delivered
PO-002284,SUP-019,SKU-00030,WH-APAC,2024-06-03,2024-06-27,2024-07-02,305.0,5.88,ocean,79.55,delivered
PO-002285,SUP-019,SKU-00030,WH-APAC,2024-06-17,2024-06-25,2024-06-25,365.0,5.88,air,228.42,delivered
PO-002286,SUP-019,SKU-00030,WH-APAC,2024-07-08,2024-08-01,2024-08-09,397.0,5.88,ocean,95.3,delivered
PO-002287,SUP-019,SKU-00030,WH-APAC,2024-07-22,2024-07-30,2024-07-31,288.0,5.88,air,232.62,delivered
PO-002288,SUP-019,SKU-00030,WH-APAC,2024-08-12,2024-09-05,2024-09-04,394.0,5.88,ocean,108.55,delivered
PO-002289,SUP-019,SKU-00030,WH-APAC,2024-08-26,2024-09-03,2024-09-04,291.0,5.88,air,212.87,delivered
PO-002290,SUP-019,SKU-00030,WH-APAC,2024-09-16,2024-10-05,2024-09-27,290.0,5.88,rail,93.33,delivered
PO-002291,SUP-019,SKU-00030,WH-APAC,2024-09-30,2024-10-08,2024-10-09,431.0,5.88,air,,delivered
PO-002292,SUP-019,SKU-00030,WH-APAC,2024-10-14,2024-11-07,2024-11-11,420.0,5.88,ocean,99.22,delivered
PO-002293,SUP-019,SKU-00030,WH-APAC,2024-10-28,2024-11-21,2024-11-28,265.0,5.88,ocean,52.95,delivered
PO-002294,SUP-019,SKU-00030,WH-APAC,2024-11-25,2024-12-19,2024-12-18,324.0,5.88,ocean,69.98,delivered
PO-002295,SUP-019,SKU-00030,WH-APAC,2024-12-09,2025-01-02,2024-12-28,290.0,5.88,ocean,59.94,delivered
PO-002296,SUP-019,SKU-00030,WH-APAC,2024-12-30,2025-01-23,2025-01-15,289.0,5.88,ocean,72.91,delivered
PO-002297,SUP-019,SKU-00030,WH-APAC,2025-01-13,2025-02-06,2025-02-05,262.0,5.88,ocean,59.74,delivered
PO-002298,SUP-019,SKU-00030,WH-APAC,2025-02-03,2025-02-22,2025-02-25,321.0,5.88,rail,80.91,delivered
PO-002299,SUP-019,SKU-00030,WH-APAC,2025-02-24,2025-03-04,2025-03-04,364.0,5.88,air,236.54,delivered
PO-002300,SUP-019,SKU-00030,WH-APAC,2025-03-17,2025-04-10,2025-04-13,381.0,5.88,ocean,82.85,delivered
PO-002301,SUP-019,SKU-00030,WH-APAC,2025-04-07,2025-05-01,2025-05-03,304.0,5.88,ocean,81.88,delivered
PO-002302,SUP-019,SKU-00030,WH-APAC,2025-04-28,2025-05-22,2025-05-14,379.0,5.88,ocean,86.46,delivered
PO-002303,SUP-019,SKU-00030,WH-APAC,2025-05-12,2025-05-20,2025-05-22,275.0,5.88,air,184.38,delivered
PO-002304,SUP-019,SKU-00030,WH-APAC,2025-05-26,2025-06-19,2025-06-03,418.0,5.88,ocean,93.06,delivered
PO-002305,SUP-019,SKU-00030,WH-APAC,2025-06-09,2025-07-03,2025-07-04,361.0,5.88,ocean,90.12,delivered
PO-002306,SUP-019,SKU-00030,WH-APAC,2025-06-23,2025-07-01,2025-07-03,324.0,5.88,air,226.11,delivered
PO-002307,SUP-019,SKU-00030,WH-APAC,2025-07-14,2025-07-22,2025-07-22,396.0,5.88,air,253.82,delivered
PO-002308,SUP-019,SKU-00030,WH-APAC,2025-07-28,2025-08-05,2025-08-08,431.0,5.88,air,251.77,delivered
PO-002309,SUP-019,SKU-00030,WH-APAC,2025-08-11,2025-08-30,2025-08-29,336.0,5.88,rail,94.33,delivered
PO-002310,SUP-019,SKU-00030,WH-APAC,2025-08-25,2025-09-18,2025-09-21,349.0,5.88,ocean,66.18,delivered
PO-002311,SUP-019,SKU-00030,WH-APAC,2025-09-08,2025-09-16,2025-09-14,331.0,5.88,air,219.49,delivered
PO-002312,SUP-019,SKU-00030,WH-APAC,2025-09-22,2025-10-16,2025-10-13,287.0,5.88,ocean,78.08,delivered
PO-002313,SUP-019,SKU-00030,WH-APAC,2025-10-06,2025-10-14,2025-10-14,367.0,5.88,air,234.99,delivered
PO-002314,SUP-019,SKU-00030,WH-APAC,2025-10-27,2025-11-14,2025-11-07,371.0,5.88,road,113.16,delivered
PO-002315,SUP-019,SKU-00030,WH-APAC,2025-11-10,2025-12-04,2025-11-30,325.0,5.88,ocean,84.82,delivered
PO-002316,SUP-019,SKU-00030,WH-APAC,2025-11-24,2025-12-18,2025-12-17,271.0,5.88,ocean,51.92,delivered
PO-002317,SUP-019,SKU-00030,WH-APAC,2025-12-08,2025-12-16,2025-12-14,289.0,5.88,air,210.61,delivered
PO-002318,SUP-023,SKU-00031,WH-WEST,2024-01-15,2024-02-10,2024-02-18,413.0,10.95,ocean,171.0,delivered
PO-002319,SUP-023,SKU-00031,WH-WEST,2024-01-29,2024-02-07,2024-02-07,418.0,10.95,air,603.45,delivered
PO-002320,SUP-023,SKU-00031,WH-WEST,2024-02-19,2024-03-16,2024-03-18,570.0,10.95,ocean,288.34,delivered
PO-002321,SUP-023,SKU-00031,WH-WEST,2024-03-04,2024-03-13,2024-03-14,409.0,10.95,air,557.02,delivered
PO-002322,SUP-023,SKU-00031,WH-WEST,2024-03-25,2024-04-20,2024-04-18,536.0,10.95,ocean,210.82,delivered
PO-002323,SUP-023,SKU-00031,WH-WEST,2024-04-15,2024-05-11,2024-05-07,553.0,10.95,ocean,195.72,delivered
PO-002324,SUP-023,SKU-00031,WH-WEST,2024-05-06,2024-06-01,2024-06-03,540.0,10.95,ocean,254.61,delivered
PO-002325,SUP-023,SKU-00031,WH-WEST,2024-05-20,2024-06-15,2024-06-17,397.0,10.95,ocean,178.93,delivered
PO-002326,SUP-023,SKU-00031,WH-WEST,2024-06-10,2024-06-19,2024-06-18,691.0,10.95,air,920.55,delivered
PO-002327,SUP-023,SKU-00031,WH-WEST,2024-07-01,2024-07-27,2024-07-27,522.0,10.95,ocean,268.14,delivered
PO-002328,SUP-023,SKU-00031,WH-WEST,2024-07-15,2024-08-10,2024-08-06,523.0,10.95,ocean,187.64,delivered
PO-002329,SUP-023,SKU-00031,WH-WEST,2024-08-05,2024-08-31,2024-09-06,498.0,10.95,ocean,219.89,delivered
PO-002330,SUP-023,SKU-00031,WH-WEST,2024-08-19,2024-09-14,2024-09-16,482.0,10.95,ocean,244.69,delivered
PO-002331,SUP-023,SKU-00031,WH-WEST,2024-09-16,2024-10-12,2024-10-05,510.0,10.95,ocean,218.91,delivered
PO-002332,SUP-023,SKU-00031,WH-WEST,2024-10-07,2024-10-26,2024-11-01,529.0,10.95,road,356.8,delivered
PO-002333,SUP-023,SKU-00031,WH-WEST,2024-10-21,2024-11-16,2024-11-21,502.0,10.95,ocean,243.35,delivered
PO-002334,SUP-023,SKU-00031,WH-WEST,2024-11-11,2024-12-07,2024-12-05,508.0,10.95,ocean,194.7,delivered
PO-002335,SUP-023,SKU-00031,WH-WEST,2024-12-02,2024-12-28,2025-01-10,515.0,10.95,ocean,208.76,delivered
PO-002336,SUP-023,SKU-00031,WH-WEST,2024-12-16,2025-01-06,2025-01-10,428.0,10.95,rail,263.29,delivered
PO-002337,SUP-023,SKU-00031,WH-WEST,2025-01-20,2025-02-15,2025-02-12,686.0,10.95,ocean,310.07,delivered
PO-002338,SUP-023,SKU-00031,WH-WEST,2025-02-03,2025-02-12,2025-02-17,429.0,10.95,air,630.79,delivered
PO-002339,SUP-023,SKU-00031,WH-WEST,2025-02-24,2025-03-17,2025-03-14,477.0,10.95,rail,256.19,delivered
PO-002340,SUP-023,SKU-00031,WH-WEST,2025-03-10,2025-04-05,2025-04-06,555.0,10.95,ocean,239.09,delivered
PO-002341,SUP-023,SKU-00031,WH-WEST,2025-03-24,2025-04-19,2025-04-28,514.0,10.95,ocean,206.4,delivered
PO-002342,SUP-023,SKU-00031,WH-WEST,2025-04-14,2025-04-23,2025-04-22,654.0,10.95,air,698.46,delivered
PO-002343,SUP-023,SKU-00031,WH-WEST,2025-05-05,2025-05-31,2025-05-28,503.0,10.95,ocean,190.41,delivered
PO-002344,SUP-023,SKU-00031,WH-WEST,2025-05-19,2025-06-14,2025-06-23,403.0,10.95,ocean,181.65,delivered
PO-002345,SUP-023,SKU-00031,WH-WEST,2025-06-02,2025-06-23,2025-07-05,459.0,10.95,rail,252.45,delivered
PO-002346,SUP-023,SKU-00031,WH-WEST,2025-06-30,2025-07-26,2025-07-24,562.0,10.95,ocean,247.97,delivered
PO-002347,SUP-023,SKU-00031,WH-WEST,2025-07-14,2025-07-23,2025-07-24,529.0,10.95,air,658.33,delivered
PO-002348,SUP-023,SKU-00031,WH-WEST,2025-08-04,2025-08-30,2025-08-26,472.0,10.95,ocean,213.78,delivered
PO-002349,SUP-023,SKU-00031,WH-WEST,2025-08-18,2025-08-27,2025-08-28,581.0,10.95,air,714.33,delivered
PO-002350,SUP-023,SKU-00031,WH-WEST,2025-09-08,2025-10-04,2025-09-26,626.0,10.95,ocean,242.66,delivered
PO-002351,SUP-023,SKU-00031,WH-WEST,2025-09-22,2025-10-01,2025-10-05,542.0,10.95,air,828.37,delivered
PO-002352,SUP-023,SKU-00031,WH-WEST,2025-10-06,2025-11-01,2025-10-31,438.0,10.95,ocean,202.1,delivered
PO-002353,SUP-023,SKU-00031,WH-WEST,2025-10-20,2025-10-29,2025-10-30,491.0,10.95,air,541.59,delivered
PO-002354,SUP-023,SKU-00031,WH-WEST,2025-11-03,2025-11-12,2025-11-15,399.0,10.95,air,626.98,delivered
PO-002355,SUP-023,SKU-00031,WH-WEST,2025-11-17,2025-12-13,2025-12-17,460.0,10.95,ocean,201.81,delivered
PO-002356,SUP-023,SKU-00031,WH-WEST,2025-12-01,2025-12-10,2025-12-13,613.0,10.95,air,855.72,delivered
PO-002357,SUP-023,SKU-00031,WH-WEST,2025-12-22,2026-01-17,,553.0,10.95,ocean,198.4,open
PO-002358,SUP-023,SKU-00031,WH-APAC,2024-01-22,2024-01-31,2024-02-01,528.0,10.95,air,712.07,delivered
PO-002359,SUP-023,SKU-00031,WH-APAC,2024-02-12,2024-03-09,2024-03-26,478.0,10.95,ocean,244.44,delivered
PO-002360,SUP-023,SKU-00031,WH-APAC,2024-02-26,2024-03-06,2024-03-05,386.0,10.95,air,420.91,delivered
PO-002361,SUP-023,SKU-00031,WH-APAC,2024-03-11,2024-04-01,2024-04-04,355.0,10.95,rail,213.91,delivered
PO-002362,SUP-023,SKU-00031,WH-APAC,2024-04-01,2024-04-27,2024-04-27,408.0,10.95,ocean,200.27,delivered
PO-002363,SUP-023,SKU-00031,WH-APAC,2024-04-15,2024-05-06,2024-04-30,378.0,10.95,rail,221.68,delivered
PO-002364,SUP-023,SKU-00031,WH-APAC,2024-04-29,2024-05-08,2024-05-08,364.0,10.95,AIR,470.16,delivered
PO-002365,SUP-023,SKU-00031,WH-APAC,2024-05-20,2024-06-15,2024-06-26,509.0,10.95,ocean,184.96,delivered
PO-002366,SUP-023,SKU-00031,WH-APAC,2024-06-03,2024-06-12,2024-06-12,422.0,10.95,air,499.2,delivered
PO-002367,SUP-023,SKU-00031,WH-APAC,2024-06-24,2024-07-03,2024-07-05,440.0,10.95,air,566.67,delivered
PO-002368,SUP-023,SKU-00031,WH-APAC,2024-07-15,2024-08-10,2024-08-09,603.0,10.95,OCEAN,291.33,delivered
PO-002369,SUP-023,SKU-00031,WH-APAC,2024-07-29,2024-08-07,2024-08-07,376.0,10.95,air,514.73,delivered
PO-002370,SUP-023,SKU-00031,WH-APAC,2024-08-19,2024-08-28,2024-08-31,356.0,10.95,air,547.51,delivered
PO-002371,SUP-023,SKU-00031,WH-APAC,2024-09-09,2024-09-28,2024-09-25,494.0,10.95,road,309.98,delivered
PO-002372,SUP-023,SKU-00031,WH-APAC,2024-09-23,2024-10-02,2024-10-02,386.0,10.95,air,413.07,delivered
PO-002373,SUP-023,SKU-00031,WH-APAC,2024-10-07,2024-11-02,2024-10-28,393.0,10.95,ocean,162.28,delivered
PO-002374,SUP-023,SKU-00031,WH-APAC,2024-10-21,2024-11-16,2024-11-23,355.0,10.95,ocean,144.44,delivered
PO-002375,SUP-023,SKU-00031,WH-APAC,2024-11-04,2024-11-23,2024-11-24,399.0,10.95,road,239.39,delivered
PO-002376,SUP-023,SKU-00031,WH-APAC,2024-11-25,2024-12-14,2024-12-14,360.0,10.95,road,274.87,delivered
PO-002377,SUP-023,SKU-00031,WH-APAC,2024-12-09,2025-01-04,2025-01-02,435.0,10.95,ocean,224.71,delivered
PO-002378,SUP-023,SKU-00031,WH-APAC,2024-12-23,2025-01-18,2025-01-19,439.0,10.95,ocean,211.0,delivered
PO-002379,SUP-023,SKU-00031,WH-APAC,2025-01-06,2025-02-01,2025-02-05,348.0,10.95,ocean,140.9,delivered
PO-002380,SUP-023,SKU-00031,WH-APAC,2025-01-27,2025-02-15,2025-02-18,571.0,10.95,road,408.42,delivered
PO-002381,SUP-023,SKU-00031,WH-APAC,2025-02-17,2025-02-26,2025-02-26,461.0,10.95,air,517.59,delivered
PO-002382,SUP-023,SKU-00031,WH-APAC,2025-03-03,2025-03-12,2025-03-16,466.0,10.95,air,585.24,delivered
PO-002383,SUP-023,SKU-00031,WH-APAC,2025-03-17,2025-04-07,2025-04-04,518.0,10.95,rail,259.11,delivered
PO-002384,SUP-023,SKU-00031,WH-APAC,2025-03-31,2025-04-19,2025-04-22,514.0,10.95,road,322.72,delivered
PO-002385,SUP-023,SKU-00031,WH-APAC,2025-04-14,2025-04-23,2025-04-18,518.0,10.95,air,763.75,delivered
PO-002386,SUP-023,SKU-00031,WH-APAC,2025-04-28,2025-05-24,2025-05-27,408.0,10.95,OCEAN,171.29,delivered
PO-002387,SUP-023,SKU-00031,WH-APAC,2025-05-12,2025-05-21,2025-05-22,513.0,10.95,air,669.21,delivered
PO-002388,SUP-023,SKU-00031,WH-APAC,2025-06-02,2025-06-28,2025-06-23,601.0,10.95,ocean,256.37,delivered
PO-002389,SUP-023,SKU-00031,WH-APAC,2025-06-16,2025-06-25,2025-06-21,431.0,10.95,air,675.2,delivered
PO-002390,SUP-023,SKU-00031,WH-APAC,2025-07-07,2025-07-16,2025-07-18,462.0,10.95,air,567.49,delivered
PO-002391,SUP-023,SKU-00031,WH-APAC,2025-07-21,2025-08-16,2025-08-21,517.0,10.95,ocean,249.48,delivered
PO-002392,SUP-023,SKU-00031,WH-APAC,2025-08-04,2025-08-13,2025-08-12,419.0,10.95,air,518.07,delivered
PO-002393,SUP-023,SKU-00031,WH-APAC,2025-08-25,2025-09-20,2025-09-26,489.0,10.95,ocean,192.37,delivered
PO-002394,SUP-023,SKU-00031,WH-APAC,2025-09-08,2025-10-04,2025-10-02,414.0,10.95,ocean,204.32,delivered
PO-002395,SUP-023,SKU-00031,WH-APAC,2025-10-06,2025-11-01,2025-11-02,548.0,10.95,ocean,207.71,delivered
PO-002396,SUP-023,SKU-00031,WH-APAC,2025-10-20,2025-10-29,2025-10-27,440.0,10.95,air,637.16,delivered
PO-002397,SUP-023,SKU-00031,WH-APAC,2025-11-10,2025-12-06,2025-12-09,580.0,10.95,ocean,292.8,delivered
PO-002398,SUP-023,SKU-00031,WH-APAC,2025-11-24,2025-12-03,2025-12-15,452.0,10.95,air,503.89,delivered
PO-002399,SUP-023,SKU-00031,WH-APAC,2025-12-22,2026-01-17,,513.0,10.95,ocean,187.17,open
PO-002400,SUP-023,SKU-00031,WH-EAST,2024-01-15,2024-02-03,2024-01-29,459.0,10.95,road,361.51,delivered
PO-002401,SUP-023,SKU-00031,WH-EAST,2024-02-05,2024-02-14,2024-02-14,564.0,10.95,air,637.26,delivered
PO-002402,SUP-023,SKU-00031,WH-EAST,2024-02-19,2024-03-16,2024-03-13,462.0,10.95,ocean,240.46,delivered
PO-002403,SUP-023,SKU-00031,WH-EAST,2024-03-11,2024-04-06,2024-04-13,523.0,10.95,ocean,209.79,delivered
PO-002404,SUP-023,SKU-00031,WH-EAST,2024-03-25,2024-04-20,2024-04-07,419.0,10.95,ocean,211.08,delivered
PO-002405,SUP-023,SKU-00031,WH-EAST,2024-04-15,2024-05-11,2024-05-07,528.0,10.95,ocean,252.86,delivered
PO-002406,SUP-023,SKU-00031,WH-EAST,2024-04-29,2024-05-20,2024-05-27,400.0,10.95,rail,183.3,delivered
PO-002407,SUP-023,SKU-00031,WH-EAST,2024-05-13,2024-06-08,2024-06-04,424.0,10.95,ocean,175.75,delivered
PO-002408,SUP-023,SKU-00031,WH-EAST,2024-06-03,2024-06-22,2024-06-25,566.0,10.95,road,331.15,delivered
PO-002409,SUP-023,SKU-00031,WH-EAST,2024-06-10,2024-06-19,2024-06-26,514.0,10.95,air,675.52,delivered
PO-002410,SUP-023,SKU-00031,WH-EAST,2024-07-08,2024-07-29,2024-08-01,503.0,10.95,rail,317.59,delivered
PO-002411,SUP-023,SKU-00031,WH-EAST,2024-07-22,2024-07-31,2024-08-04,458.0,10.95,air,599.98,delivered
PO-002412,SUP-023,SKU-00031,WH-EAST,2024-08-12,2024-09-07,2024-09-20,525.0,10.95,ocean,197.87,delivered
PO-002413,SUP-023,SKU-00031,WH-EAST,2024-09-02,2024-09-11,2024-09-13,467.0,10.95,air,499.77,delivered
PO-002414,SUP-023,SKU-00031,WH-EAST,2024-09-23,2024-10-02,2024-10-01,483.0,10.95,air,664.91,delivered
PO-002415,SUP-023,SKU-00031,WH-EAST,2024-10-07,2024-10-26,2024-10-28,443.0,10.95,road,289.37,delivered
PO-002416,SUP-023,SKU-00031,WH-EAST,2024-10-21,2024-10-30,2024-10-28,401.0,10.95,air,560.94,delivered
PO-002417,SUP-023,SKU-00031,WH-EAST,2024-11-04,2024-11-30,2024-12-02,455.0,10.95,ocean,183.84,delivered
PO-002418,SUP-023,SKU-00031,WH-EAST,2024-11-25,2024-12-16,2024-12-24,656.0,10.95,rail,319.54,delivered
PO-002419,SUP-023,SKU-00031,WH-EAST,2024-12-16,2025-01-11,2025-01-18,504.0,10.95,ocean,225.98,delivered
PO-002420,SUP-023,SKU-00031,WH-EAST,2025-01-06,2025-01-15,2025-01-14,476.0,10.95,air,698.35,delivered
PO-002421,SUP-023,SKU-00031,WH-EAST,2025-01-20,2025-02-15,2025-02-19,401.0,10.95,ocean,182.14,delivered
PO-002422,SUP-023,SKU-00031,WH-EAST,2025-02-03,2025-03-01,2025-02-19,481.0,10.95,ocean,204.1,delivered
PO-002423,SUP-023,SKU-00031,WH-EAST,2025-02-24,2025-03-17,2025-03-22,490.0,10.95,rail,292.82,delivered
PO-002424,SUP-023,SKU-00031,WH-EAST,2025-03-10,2025-03-19,2025-03-18,558.0,10.95,air,773.08,delivered
PO-002425,SUP-023,SKU-00031,WH-EAST,2025-03-31,2025-04-19,2025-04-21,662.0,10.95,road,472.31,delivered
PO-002426,SUP-023,SKU-00031,WH-EAST,2025-04-14,2025-05-10,2025-05-05,504.0,10.95,ocean,223.11,delivered
PO-002427,SUP-023,SKU-00031,WH-EAST,2025-05-05,2025-05-26,2025-05-25,609.0,10.95,rail,350.62,delivered
PO-002428,SUP-023,SKU-00031,WH-EAST,2025-05-19,2025-05-28,2025-05-31,557.0,10.95,air,627.0,delivered
PO-002429,SUP-023,SKU-00031,WH-EAST,2025-06-09,2025-06-18,2025-06-17,668.0,10.95,air,796.22,delivered
PO-002430,SUP-023,SKU-00031,WH-EAST,2025-06-23,2025-07-19,2025-07-17,606.0,10.95,ocean,220.71,delivered
PO-002431,SUP-023,SKU-00031,WH-EAST,2025-07-14,2025-07-23,2025-07-25,560.0,10.95,air,748.63,delivered
PO-002432,SUP-023,SKU-00031,WH-EAST,2025-07-28,2025-08-23,2025-08-23,455.0,10.95,ocean,213.13,delivered
PO-002433,SUP-023,SKU-00031,WH-EAST,2025-08-11,2025-09-01,2025-09-12,491.0,10.95,rail,316.26,delivered
PO-002434,SUP-023,SKU-00031,WH-EAST,2025-08-25,2025-09-20,2025-09-19,416.0,10.95,ocean,208.88,delivered
PO-002435,SUP-023,SKU-00031,WH-EAST,2025-09-15,2025-10-04,2025-10-09,411.0,10.95,road,229.83,delivered
PO-002436,SUP-023,SKU-00031,WH-EAST,2025-09-29,2025-10-08,2025-10-09,542.0,10.95,air,586.99,delivered
PO-002437,SUP-023,SKU-00031,WH-EAST,2025-10-20,2025-11-15,2025-11-17,652.0,10.95,ocean,247.84,delivered
PO-002438,SUP-023,SKU-00031,WH-EAST,2025-11-03,2025-11-29,2025-11-29,514.0,10.95,ocean,245.32,delivered
PO-002439,SUP-023,SKU-00031,WH-EAST,2025-12-01,2025-12-27,2025-12-21,560.0,10.95,ocean,204.94,delivered
PO-002440,SUP-023,SKU-00031,WH-EAST,2025-12-15,2025-12-24,2025-12-24,604.0,10.95,air,873.25,delivered
PO-002441,SUP-012,SKU-00032,WH-EU,2024-01-15,2024-02-06,2024-02-14,168.0,1.72,ocean,10.12,delivered
PO-002442,SUP-012,SKU-00032,WH-EU,2024-01-29,2024-02-20,2024-03-02,162.0,1.72,ocean,12.06,delivered
PO-002443,SUP-012,SKU-00032,WH-EU,2024-02-26,2024-03-14,2024-03-19,163.0,1.72,road,17.88,delivered
PO-002444,SUP-012,SKU-00032,WH-EU,2024-03-11,2024-04-02,2024-04-12,148.0,1.72,ocean,10.1,delivered
PO-002445,SUP-012,SKU-00032,WH-EU,2024-04-01,2024-04-23,2024-04-15,160.0,1.72,ocean,12.99,delivered
PO-002446,SUP-012,SKU-00032,WH-EU,2024-04-29,2024-05-21,2024-05-27,180.0,1.72,ocean,14.03,delivered
PO-002447,SUP-012,SKU-00032,WH-EU,2024-05-27,2024-06-18,2024-06-21,184.0,1.72,ocean,10.33,delivered
PO-002448,SUP-012,SKU-00032,WH-EU,2024-06-24,2024-07-16,2024-07-21,183.0,1.72,ocean,13.81,delivered
PO-002449,SUP-012,SKU-00032,WH-EU,2024-07-15,2024-08-02,2024-08-05,144.0,1.72,rail,10.74,delivered
PO-002450,SUP-012,SKU-00032,WH-EU,2024-08-05,2024-08-12,2024-08-16,158.0,1.72,air,36.25,delivered
PO-002451,SUP-012,SKU-00032,WH-EU,2024-08-26,2024-09-17,2024-09-23,202.0,1.72,ocean,12.21,delivered
PO-002452,SUP-012,SKU-00032,WH-EU,2024-09-09,2024-09-16,2024-09-19,154.0,1.72,air,28.7,delivered
PO-002453,SUP-012,SKU-00032,WH-EU,2024-09-30,2024-10-18,2024-10-19,181.0,1.72,rail,17.43,delivered
PO-002454,SUP-012,SKU-00032,WH-EU,2024-10-14,2024-10-21,2024-10-23,172.0,1.72,air,30.41,delivered
PO-002455,SUP-012,SKU-00032,WH-EU,2024-10-28,2024-11-04,2024-11-11,145.0,1.72,air,25.34,delivered
PO-002456,SUP-012,SKU-00032,WH-EU,2024-11-11,2024-11-18,2024-11-18,183.0,1.72,air,34.71,delivered
PO-002457,SUP-012,SKU-00032,WH-EU,2024-11-25,2024-12-17,2024-12-20,191.0,1.72,ocean,10.76,delivered
PO-002458,SUP-012,SKU-00032,WH-EU,2024-12-09,2024-12-16,2024-12-15,168.0,1.72,air,38.74,delivered
PO-002459,SUP-012,SKU-00032,WH-EU,2024-12-30,2025-01-06,2025-01-08,222.0,1.72,air,50.53,delivered
PO-002460,SUP-012,SKU-00032,WH-EU,2025-01-13,2025-02-04,2025-02-08,161.0,1.72,ocean,11.08,delivered
PO-002461,SUP-012,SKU-00032,WH-EU,2025-01-27,2025-02-18,2025-02-21,158.0,1.72,ocean,10.63,delivered
PO-002462,SUP-012,SKU-00032,WH-EU,2025-02-17,2025-03-06,2025-03-04,160.0,1.72,road,15.66,delivered
PO-002463,SUP-012,SKU-00032,WH-EU,2025-03-10,2025-03-28,2025-03-29,200.0,1.72,rail,17.13,delivered
PO-002464,SUP-012,SKU-00032,WH-EU,2025-03-24,2025-04-15,2025-04-21,159.0,1.72,ocean,13.06,delivered
PO-002465,SUP-012,SKU-00032,WH-EU,2025-04-21,2025-05-13,2025-05-10,188.0,1.72,ocean,14.76,delivered
PO-002466,SUP-012,SKU-00032,WH-EU,2025-05-12,2025-06-03,2025-05-31,145.0,1.72,ocean,10.78,delivered
PO-002467,SUP-012,SKU-00032,WH-EU,2025-06-02,2025-06-09,2025-06-20,187.0,1.72,air,45.4,delivered
PO-002468,SUP-012,SKU-00032,WH-EU,2025-06-23,2025-07-15,2025-07-16,159.0,1.72,ocean,12.83,delivered
PO-002469,SUP-012,SKU-00032,WH-EU,2025-07-14,2025-08-01,2025-08-04,166.0,1.72,rail,13.06,delivered
PO-002470,SUP-012,SKU-00032,WH-EU,2025-08-04,2025-08-26,2025-08-29,185.0,1.72,ocean,11.54,delivered
PO-002471,SUP-012,SKU-00032,WH-EU,2025-08-25,2025-09-01,2025-09-08,179.0,1.72,air,37.77,delivered
PO-002472,SUP-012,SKU-00032,WH-EU,2025-09-15,2025-09-22,2025-09-22,196.0,1.72,air,39.04,delivered
PO-002473,SUP-012,SKU-00032,WH-EU,2025-09-29,2025-10-06,2025-10-06,202.0,1.72,air,34.45,delivered
PO-002474,SUP-012,SKU-00032,WH-EU,2025-10-13,2025-10-31,2025-11-01,162.0,1.72,rail,15.29,delivered
PO-002475,SUP-012,SKU-00032,WH-EU,2025-10-27,2025-11-14,2025-11-25,184.0,1.72,rail,14.96,delivered
PO-002476,SUP-012,SKU-00032,WH-EU,2025-11-10,2025-12-02,2025-12-06,158.0,1.72,ocean,12.74,delivered
PO-002477,SUP-012,SKU-00032,WH-EU,2025-12-08,2025-12-30,2025-12-28,213.0,1.72,ocean,16.78,delivered
PO-002478,SUP-012,SKU-00032,WH-EU,2025-12-22,2025-12-29,,151.0,1.72,air,36.44,open
PO-002479,SUP-024,SKU-00033,WH-WEST,2024-01-15,2024-02-10,2024-01-30,300.0,4.26,ocean,41.27,delivered
PO-002480,SUP-024,SKU-00033,WH-WEST,2024-02-05,2024-02-24,2024-02-11,357.0,4.26,road,84.81,delivered
PO-002481,SUP-024,SKU-00033,WH-WEST,2024-02-19,2024-02-28,2024-03-03,295.0,4.26,air,133.89,delivered
PO-002482,SUP-024,SKU-00033,WH-WEST,2024-03-04,2024-03-30,2024-04-07,244.0,4.26,ocean,47.59,delivered
PO-002483,SUP-024,SKU-00033,WH-WEST,2024-03-25,2024-04-15,2024-04-25,300.0,4.26,rail,57.34,delivered
PO-002484,SUP-024,SKU-00033,WH-WEST,2024-04-15,2024-05-11,2024-05-04,243.0,4.26,ocean,35.14,delivered
PO-002485,SUP-024,SKU-00033,WH-WEST,2024-05-06,2024-06-01,2024-06-05,265.0,4.26,ocean,46.12,delivered
PO-002486,SUP-024,SKU-00033,WH-WEST,2024-06-03,2024-06-12,2024-06-09,297.0,4.26,air,177.22,delivered
PO-002487,SUP-024,SKU-00033,WH-WEST,2024-07-01,2024-07-27,2024-07-27,295.0,4.26,ocean,48.86,delivered
PO-002488,SUP-024,SKU-00033,WH-WEST,2024-07-22,2024-08-17,2024-08-27,272.0,4.26,ocean,43.28,delivered
PO-002489,SUP-024,SKU-00033,WH-WEST,2024-08-12,2024-09-07,2024-08-24,312.0,4.26,ocean,45.48,delivered
PO-002490,SUP-024,SKU-00033,WH-WEST,2024-09-02,2024-09-28,2024-09-25,282.0,4.26,ocean,45.21,delivered
PO-002491,SUP-024,SKU-00033,WH-WEST,2024-09-16,2024-09-25,2024-09-28,263.0,4.26,air,156.0,delivered
PO-002492,SUP-024,SKU-00033,WH-WEST,2024-09-30,2024-10-26,2024-10-27,281.0,4.26,ocean,47.19,delivered
PO-002493,SUP-024,SKU-00033,WH-WEST,2024-10-14,2024-11-04,2024-11-05,277.0,4.26,rail,65.05,delivered
PO-002494,SUP-024,SKU-00033,WH-WEST,2024-11-04,2024-11-23,2024-11-24,350.0,4.26,road,86.73,delivered
PO-002495,SUP-024,SKU-00033,WH-WEST,2024-11-18,2024-12-14,2025-01-02,328.0,4.26,ocean,48.13,delivered
PO-002496,SUP-024,SKU-00033,WH-WEST,2024-12-09,2024-12-18,2024-12-11,360.0,4.26,air,196.39,delivered
PO-002497,SUP-024,SKU-00033,WH-WEST,2024-12-23,2025-01-13,2025-01-10,306.0,4.26,rail,53.58,delivered
PO-002498,SUP-024,SKU-00033,WH-WEST,2025-01-13,2025-02-08,2025-02-02,354.0,4.26,ocean,71.88,delivered
PO-002499,SUP-024,SKU-00033,WH-WEST,2025-01-27,2025-02-22,2025-02-21,314.0,4.26,ocean,52.07,delivered
PO-002500,SUP-024,SKU-00033,WH-WEST,2025-02-17,2025-02-26,2025-03-01,371.0,4.26,air,222.53,delivered
PO-002501,SUP-024,SKU-00033,WH-WEST,2025-03-03,2025-03-22,2025-03-22,245.0,4.26,road,65.57,delivered
PO-002502,SUP-024,SKU-00033,WH-WEST,2025-03-17,2025-03-26,2025-03-27,251.0,4.26,air,151.1,delivered
PO-002503,SUP-024,SKU-00033,WH-WEST,2025-04-07,2025-05-03,2025-05-04,331.0,4.26,ocean,57.66,delivered
PO-002504,SUP-024,SKU-00033,WH-WEST,2025-04-21,2025-05-17,2025-05-24,297.0,4.26,ocean,59.83,delivered
PO-002505,SUP-024,SKU-00033,WH-WEST,2025-05-19,2025-06-14,2025-07-01,280.0,4.26,ocean,38.63,delivered
PO-002506,SUP-024,SKU-00033,WH-WEST,2025-06-09,2025-06-30,2025-06-29,297.0,4.26,rail,51.41,delivered
PO-002507,SUP-024,SKU-00033,WH-WEST,2025-07-07,2025-08-02,2025-08-07,304.0,4.26,ocean,58.22,delivered
PO-002508,SUP-024,SKU-00033,WH-WEST,2025-07-21,2025-08-16,2025-08-20,251.0,4.26,ocean,38.21,delivered
PO-002509,SUP-024,SKU-00033,WH-WEST,2025-08-11,2025-08-30,2025-08-30,267.0,4.26,road,63.34,delivered
PO-002510,SUP-024,SKU-00033,WH-WEST,2025-08-25,2025-09-20,2025-09-16,271.0,4.26,ocean,40.02,delivered
PO-002511,SUP-024,SKU-00033,WH-WEST,2025-09-08,2025-09-17,2025-09-19,325.0,4.26,air,168.28,delivered
PO-002512,SUP-024,SKU-00033,WH-WEST,2025-09-22,2025-10-18,2025-09-29,274.0,4.26,ocean,45.68,delivered
PO-002513,SUP-024,SKU-00033,WH-WEST,2025-10-06,2025-10-25,2025-10-14,392.0,4.26,road,109.18,delivered
PO-002514,SUP-024,SKU-00033,WH-WEST,2025-10-20,2025-11-15,2025-12-08,418.0,4.26,ocean,64.68,delivered
PO-002515,SUP-024,SKU-00033,WH-WEST,2025-11-03,2025-11-12,2025-11-15,270.0,4.26,air,150.92,delivered
PO-002516,SUP-024,SKU-00033,WH-WEST,2025-11-24,2025-12-15,2025-12-22,270.0,4.26,rail,57.28,delivered
PO-002517,SUP-024,SKU-00033,WH-WEST,2025-12-15,2026-01-03,,247.0,4.26,road,57.45,open
PO-002518,SUP-024,SKU-00033,WH-SOUTH,2024-01-15,2024-02-10,2024-02-21,278.0,4.26,ocean,38.35,delivered
PO-002519,SUP-024,SKU-00033,WH-SOUTH,2024-01-29,2024-02-17,2024-02-24,263.0,4.26,road,73.97,delivered
PO-002520,SUP-024,SKU-00033,WH-SOUTH,2024-03-04,2024-03-13,2024-03-07,377.0,4.26,air,191.23,delivered
PO-002521,SUP-024,SKU-00033,WH-SOUTH,2024-03-25,2024-04-03,2024-04-01,332.0,4.26,air,182.58,delivered
PO-002522,SUP-024,SKU-00033,WH-SOUTH,2024-04-15,2024-05-11,2024-05-06,246.0,4.26,ocean,37.1,delivered
PO-002523,SUP-024,SKU-00033,WH-SOUTH,2024-05-06,2024-06-01,2024-05-24,281.0,4.26,ocean,46.68,delivered
PO-002524,SUP-024,SKU-00033,WH-SOUTH,2024-06-03,2024-06-24,2024-07-03,317.0,4.26,rail,74.62,delivered
PO-002525,SUP-024,SKU-00033,WH-SOUTH,2024-06-24,2024-07-20,2024-08-03,248.0,4.26,ocean,37.74,delivered
PO-002526,SUP-024,SKU-00033,WH-SOUTH,2024-07-15,2024-07-24,2024-07-25,264.0,4.26,air,149.26,delivered
PO-002527,SUP-024,SKU-00033,WH-SOUTH,2024-08-05,2024-08-14,2024-08-13,304.0,4.26,air,185.38,delivered
PO-002528,SUP-024,SKU-00033,WH-SOUTH,2024-08-26,2024-09-21,2024-09-22,363.0,4.26,ocean,69.92,delivered
PO-002529,SUP-024,SKU-00033,WH-SOUTH,2024-09-09,2024-09-18,2024-09-17,267.0,4.26,air,113.36,delivered
PO-002530,SUP-024,SKU-00033,WH-SOUTH,2024-09-30,2024-10-19,2024-10-14,363.0,4.26,road,96.3,delivered
PO-002531,SUP-024,SKU-00033,WH-SOUTH,2024-10-14,2024-10-23,2024-10-25,354.0,4.26,air,153.9,delivered
PO-002532,SUP-024,SKU-00033,WH-SOUTH,2024-10-28,2024-11-23,2024-12-18,349.0,4.26,ocean,51.53,delivered
PO-002533,SUP-024,SKU-00033,WH-SOUTH,2024-11-11,2024-11-30,2024-12-07,343.0,4.26,road,82.63,delivered
PO-002534,SUP-024,SKU-00033,WH-SOUTH,2024-12-16,2025-01-11,2025-01-18,276.0,4.26,ocean,42.77,delivered
PO-002535,SUP-024,SKU-00033,WH-SOUTH,2024-12-30,2025-01-08,2025-01-07,374.0,4.26,air,227.61,delivered
PO-002536,SUP-024,SKU-00033,WH-SOUTH,2025-01-20,2025-02-10,2025-01-18,435.0,4.26,rail,87.02,delivered
PO-002537,SUP-024,SKU-00033,WH-SOUTH,2025-02-03,2025-02-12,2025-02-10,257.0,4.26,air,134.6,delivered
PO-002538,SUP-024,SKU-00033,WH-SOUTH,2025-02-24,2025-03-22,2025-03-09,381.0,4.26,ocean,65.14,delivered
PO-002539,SUP-024,SKU-00033,WH-SOUTH,2025-03-10,2025-03-31,2025-04-07,280.0,4.26,rail,60.79,delivered
PO-002540,SUP-024,SKU-00033,WH-SOUTH,2025-03-24,2025-04-19,2025-04-09,277.0,4.26,ocean,50.41,delivered
PO-002541,SUP-024,SKU-00033,WH-SOUTH,2025-04-14,2025-05-10,2025-05-11,269.0,4.26,ocean,50.68,delivered
PO-002542,SUP-024,SKU-00033,WH-SOUTH,2025-04-28,2025-05-24,2025-05-16,332.0,4.26,ocean,56.64,delivered
PO-002543,SUP-024,SKU-00033,WH-SOUTH,2025-05-26,2025-06-21,2025-06-19,328.0,4.26,ocean,63.28,delivered
PO-002544,SUP-024,SKU-00033,WH-SOUTH,2025-06-16,2025-07-05,2025-07-14,299.0,4.26,road,90.11,delivered
PO-002545,SUP-024,SKU-00033,WH-SOUTH,2025-06-30,2025-07-21,2025-07-16,271.0,4.26,rail,57.98,delivered
PO-002546,SUP-024,SKU-00033,WH-SOUTH,2025-07-21,2025-08-16,2025-08-18,274.0,4.26,ocean,38.23,delivered
PO-002547,SUP-024,SKU-00033,WH-SOUTH,2025-08-04,2025-08-13,2025-08-08,336.0,4.26,air,195.76,delivered
PO-002548,SUP-024,SKU-00033,WH-SOUTH,2025-08-18,2025-09-13,2025-09-10,330.0,4.26,ocean,58.14,delivered
PO-002549,SUP-024,SKU-00033,WH-SOUTH,2025-09-01,2025-09-27,2025-09-17,313.0,4.26,ocean,54.31,delivered
PO-002550,SUP-024,SKU-00033,WH-SOUTH,2025-09-22,2025-10-18,2025-10-05,384.0,4.26,ocean,64.13,delivered
PO-002551,SUP-024,SKU-00033,WH-SOUTH,2025-10-06,2025-10-15,2025-10-14,369.0,4.26,air,184.59,delivered
PO-002552,SUP-024,SKU-00033,WH-SOUTH,2025-10-20,2025-11-15,2025-11-23,443.0,4.26,ocean,83.92,delivered
PO-002553,SUP-024,SKU-00033,WH-SOUTH,2025-10-27,2025-11-05,2025-11-03,249.0,4.26,air,135.63,delivered
PO-002554,SUP-024,SKU-00033,WH-SOUTH,2025-11-10,2025-11-19,2025-11-13,249.0,4.26,air,134.15,delivered
PO-002555,SUP-024,SKU-00033,WH-SOUTH,2025-11-24,2025-12-20,2025-12-18,331.0,4.26,ocean,52.56,delivered
PO-002556,SUP-024,SKU-00033,WH-SOUTH,2025-12-01,2025-12-27,2025-12-20,252.0,4.26,ocean,34.51,delivered
PO-002557,SUP-024,SKU-00033,WH-SOUTH,2025-12-22,2026-01-17,,246.0,4.26,ocean,42.56,open
PO-002558,SUP-008,SKU-00034,WH-EU,2024-01-15,2024-02-08,2024-01-26,49.0,18.64,ocean,38.19,delivered
PO-002559,SUP-008,SKU-00034,WH-EU,2024-01-29,2024-02-17,2024-02-21,54.0,18.64,RAIL,50.42,delivered
PO-002560,SUP-008,SKU-00034,WH-EU,2024-02-19,2024-02-27,2024-03-03,65.0,18.64,air,168.58,delivered
PO-002561,SUP-008,SKU-00034,WH-EU,2024-03-11,2024-03-30,2024-04-14,67.0,18.64,rail,61.43,delivered
PO-002562,SUP-008,SKU-00034,WH-EU,2024-04-01,2024-04-09,2024-04-09,58.0,18.64,air,131.74,delivered
PO-002563,SUP-008,SKU-00034,WH-EU,2024-04-22,2024-05-16,2024-05-08,65.0,18.64,ocean,49.08,delivered
PO-002564,SUP-008,SKU-00034,WH-EU,2024-05-06,2024-05-14,2024-05-14,60.0,18.64,air,158.92,delivered
PO-002565,SUP-008,SKU-00034,WH-EU,2024-05-20,2024-06-08,2024-06-13,65.0,18.64,rail,52.04,delivered
PO-002566,SUP-008,SKU-00034,WH-EU,2024-06-03,2024-06-11,2024-06-09,60.0,18.64,air,128.99,delivered
PO-002567,SUP-008,SKU-00034,WH-EU,2024-06-17,2024-07-04,2024-07-04,51.0,18.64,road,47.35,delivered
PO-002568,SUP-008,SKU-00034,WH-EU,2024-06-24,2024-07-18,2024-07-14,53.0,18.64,ocean,47.19,delivered
PO-002569,SUP-008,SKU-00034,WH-EU,2024-07-08,2024-08-01,2024-08-07,50.0,18.64,ocean,30.48,delivered
PO-002570,SUP-008,SKU-00034,WH-EU,2024-07-22,2024-07-30,2024-08-01,75.0,18.64,AIR,145.92,delivered
PO-002571,SUP-008,SKU-00034,WH-EU,2024-08-12,2024-09-05,2024-09-08,95.0,18.64,ocean,60.28,delivered
PO-002572,SUP-008,SKU-00034,WH-EU,2024-09-16,2024-10-10,2024-10-01,80.0,18.64,ocean,51.96,delivered
PO-002573,SUP-008,SKU-00034,WH-EU,2024-10-07,2024-10-15,2024-10-19,71.0,18.64,air,175.44,delivered
PO-002574,SUP-008,SKU-00034,WH-EU,2024-10-21,2024-11-07,2024-11-07,67.0,18.64,road,72.02,delivered
PO-002575,SUP-008,SKU-00034,WH-EU,2024-11-04,2024-11-28,2024-12-02,58.0,18.64,ocean,45.94,delivered
PO-002576,SUP-008,SKU-00034,WH-EU,2024-11-18,2024-12-12,2024-12-05,53.0,18.64,OCEAN,31.93,delivered
PO-002577,SUP-008,SKU-00034,WH-EU,2024-12-09,2025-01-02,2025-01-02,47.0,18.64,ocean,34.42,delivered
PO-002578,SUP-008,SKU-00034,WH-EU,2024-12-23,2025-01-16,2025-01-26,57.0,18.64,ocean,43.32,delivered
PO-002579,SUP-008,SKU-00034,WH-EU,2025-01-13,2025-01-21,2025-01-21,62.0,18.64,air,153.4,delivered
PO-002580,SUP-008,SKU-00034,WH-EU,2025-02-10,2025-02-18,2025-02-19,63.0,18.64,air,164.63,delivered
PO-002581,SUP-008,SKU-00034,WH-EU,2025-02-24,2025-03-13,2025-03-12,47.0,18.64,ROAD,58.83,delivered
PO-002582,SUP-008,SKU-00034,WH-EU,2025-03-17,2025-03-25,2025-03-23,66.0,18.64,air,133.68,delivered
PO-002583,SUP-008,SKU-00034,WH-EU,2025-03-31,2025-04-08,2025-04-09,49.0,18.64,air,114.35,delivered
PO-002584,SUP-008,SKU-00034,WH-EU,2025-04-14,2025-05-08,2025-05-10,56.0,18.64,ocean,38.26,delivered
PO-002585,SUP-008,SKU-00034,WH-EU,2025-04-28,2025-05-22,2025-05-20,50.0,18.64,ocean,43.01,delivered
PO-002586,SUP-008,SKU-00034,WH-EU,2025-05-19,2025-05-27,2025-05-29,60.0,18.64,air,154.27,delivered
PO-002587,SUP-008,SKU-00034,WH-EU,2025-06-02,2025-06-26,2025-06-20,57.0,18.64,ocean,34.76,delivered
PO-002588,SUP-008,SKU-00034,WH-EU,2025-06-16,2025-06-24,2025-06-26,67.0,18.64,air,144.02,delivered
PO-002589,SUP-008,SKU-00034,WH-EU,2025-06-30,2025-07-24,2025-08-05,53.0,18.64,ocean,34.18,delivered
PO-002590,SUP-008,SKU-00034,WH-EU,2025-07-07,2025-07-31,2025-08-09,49.0,18.64,ocean,29.47,delivered
PO-002591,SUP-008,SKU-00034,WH-EU,2025-08-11,2025-09-04,2025-09-02,68.0,18.64,ocean,47.91,delivered
PO-002592,SUP-008,SKU-00034,WH-EU,2025-08-25,2025-09-02,2025-08-31,57.0,18.64,air,129.21,delivered
PO-002593,SUP-008,SKU-00034,WH-EU,2025-09-08,2025-10-02,2025-10-12,52.0,18.64,ocean,34.45,delivered
PO-002594,SUP-008,SKU-00034,WH-EU,2025-09-22,2025-09-30,2025-09-30,73.0,18.64,air,166.07,delivered
PO-002595,SUP-008,SKU-00034,WH-EU,2025-10-13,2025-11-01,2025-11-01,66.0,18.64,rail,55.57,delivered
PO-002596,SUP-008,SKU-00034,WH-EU,2025-10-27,2025-11-20,2025-11-30,55.0,18.64,ocean,36.33,delivered
PO-002597,SUP-008,SKU-00034,WH-EU,2025-11-17,2025-11-25,2025-11-27,61.0,18.64,air,145.63,delivered
PO-002598,SUP-008,SKU-00034,WH-EU,2025-12-08,2026-01-01,,51.0,18.64,ocean,40.08,open
PO-002599,SUP-008,SKU-00034,WH-EU,2025-12-22,2026-01-15,,52.0,18.64,ocean,37.41,open
PO-002600,SUP-008,SKU-00034,WH-EAST,2024-01-15,2024-02-08,2024-01-26,44.0,18.64,ocean,27.68,delivered
PO-002601,SUP-008,SKU-00034,WH-EAST,2024-01-29,2024-02-22,2024-02-14,45.0,18.64,ocean,31.06,delivered
PO-002602,SUP-008,SKU-00034,WH-EAST,2024-02-19,2024-03-14,2024-03-14,58.0,18.64,ocean,49.93,delivered
PO-002603,SUP-008,SKU-00034,WH-EAST,2024-03-11,2024-03-19,2024-03-26,61.0,18.64,air,129.37,delivered
PO-002604,SUP-008,SKU-00034,WH-EAST,2024-04-01,2024-04-25,2024-04-26,74.0,18.64,ocean,49.82,delivered
PO-002605,SUP-008,SKU-00034,WH-EAST,2024-04-15,2024-04-23,2024-04-23,45.0,18.64,air,83.33,delivered
PO-002606,SUP-008,SKU-00034,WH-EAST,2024-05-06,2024-05-30,2024-05-27,49.0,18.64,ocean,31.83,delivered
PO-002607,SUP-008,SKU-00034,WH-EAST,2024-05-20,2024-05-28,2024-05-22,63.0,18.64,air,158.24,delivered
PO-002608,SUP-008,SKU-00034,WH-EAST,2024-06-03,2024-06-27,2024-06-22,69.0,18.64,ocean,55.0,delivered
PO-002609,SUP-008,SKU-00034,WH-EAST,2024-06-10,2024-06-18,2024-06-22,50.0,18.64,air,104.46,delivered
PO-002610,SUP-008,SKU-00034,WH-EAST,2024-07-01,2024-07-18,2024-07-23,51.0,18.64,road,45.64,delivered
PO-002611,SUP-008,SKU-00034,WH-EAST,2024-07-15,2024-07-23,2024-07-23,68.0,18.64,air,147.09,delivered
PO-002612,SUP-008,SKU-00034,WH-EAST,2024-07-29,2024-08-22,2024-08-13,48.0,18.64,ocean,39.0,delivered
PO-002613,SUP-008,SKU-00034,WH-EAST,2024-08-05,2024-08-29,2024-09-17,51.0,18.64,ocean,42.35,delivered
PO-002614,SUP-008,SKU-00034,WH-EAST,2024-08-19,2024-08-27,2024-08-26,61.0,18.64,air,116.49,delivered
PO-002615,SUP-008,SKU-00034,WH-EAST,2024-09-02,2024-09-10,2024-09-08,58.0,18.64,air,125.32,delivered
PO-002616,SUP-008,SKU-00034,WH-EAST,2024-09-16,2024-10-10,2024-10-03,58.0,18.64,ocean,49.04,delivered
PO-002617,SUP-008,SKU-00034,WH-EAST,2024-09-30,2024-10-08,2024-10-08,61.0,18.64,air,152.98,delivered
PO-002618,SUP-008,SKU-00034,WH-EAST,2024-10-14,2024-11-07,2024-11-18,61.0,18.64,ocean,51.6,delivered
PO-002619,SUP-008,SKU-00034,WH-EAST,2024-10-28,2024-11-05,2024-11-08,48.0,18.64,air,94.44,delivered
PO-002620,SUP-008,SKU-00034,WH-EAST,2024-11-18,2024-12-12,2024-12-04,45.0,18.64,ocean,35.42,delivered
PO-002621,SUP-008,SKU-00034,WH-EAST,2024-12-02,2024-12-26,2025-01-01,55.0,18.64,ocean,47.99,delivered
PO-002622,SUP-008,SKU-00034,WH-EAST,2024-12-16,2024-12-24,2024-12-21,61.0,18.64,air,129.83,delivered
PO-002623,SUP-008,SKU-00034,WH-EAST,2025-01-06,2025-01-14,2025-01-14,55.0,18.64,AIR,107.85,delivered
PO-002624,SUP-008,SKU-00034,WH-EAST,2025-01-27,2025-02-20,2025-03-01,55.0,18.64,ocean,48.37,delivered
PO-002625,SUP-008,SKU-00034,WH-EAST,2025-02-17,2025-03-06,2025-03-15,50.0,18.64,road,67.07,delivered
PO-002626,SUP-008,SKU-00034,WH-EAST,2025-03-17,2025-03-25,2025-04-01,57.0,18.64,air,107.91,delivered
PO-002627,SUP-008,SKU-00034,WH-EAST,2025-03-31,2025-04-08,2025-04-16,46.0,18.64,air,102.84,delivered
PO-002628,SUP-008,SKU-00034,WH-EAST,2025-04-14,2025-04-22,2025-04-26,47.0,18.64,air,107.79,delivered
PO-002629,SUP-008,SKU-00034,WH-EAST,2025-04-28,2025-05-22,2025-05-22,48.0,18.64,ocean,40.82,delivered
PO-002630,SUP-008,SKU-00034,WH-EAST,2025-05-12,2025-05-29,2025-06-08,50.0,18.64,road,63.71,delivered
PO-002631,SUP-008,SKU-00034,WH-EAST,2025-06-02,2025-06-26,2025-07-04,69.0,18.64,ocean,51.43,delivered
PO-002632,SUP-008,SKU-00034,WH-EAST,2025-06-16,2025-06-24,2025-06-23,48.0,18.64,air,87.44,delivered
PO-002633,SUP-008,SKU-00034,WH-EAST,2025-07-07,2025-07-31,2025-07-27,72.0,18.64,ocean,55.53,delivered
PO-002634,SUP-008,SKU-00034,WH-EAST,2025-07-21,2025-07-29,2025-07-27,47.0,18.64,air,87.81,delivered
PO-002635,SUP-008,SKU-00034,WH-EAST,2025-08-04,2025-08-23,2025-08-30,46.0,18.64,rail,37.11,delivered
PO-002636,SUP-008,SKU-00034,WH-EAST,2025-08-18,2025-08-26,2025-08-28,68.0,18.64,air,181.82,delivered
PO-002637,SUP-008,SKU-00034,WH-EAST,2025-09-08,2025-10-02,2025-09-22,56.0,18.64,ocean,45.93,delivered
PO-002638,SUP-008,SKU-00034,WH-EAST,2025-09-15,2025-10-04,2025-10-10,52.0,18.64,rail,57.98,delivered
PO-002639,SUP-008,SKU-00034,WH-EAST,2025-09-29,2025-10-18,2025-10-22,50.0,18.64,rail,48.27,delivered
PO-002640,SUP-008,SKU-00034,WH-EAST,2025-10-20,2025-11-13,2025-11-05,66.0,18.64,ocean,44.93,delivered
PO-002641,SUP-008,SKU-00034,WH-EAST,2025-11-03,2025-11-11,2025-11-11,51.0,18.64,air,94.36,delivered
PO-002642,SUP-008,SKU-00034,WH-EAST,2025-11-17,2025-12-11,2025-12-16,46.0,18.64,ocean,35.57,delivered
PO-002643,SUP-008,SKU-00034,WH-EAST,2025-12-01,2025-12-25,,46.0,18.64,ocean,32.45,open
PO-002644,SUP-008,SKU-00034,WH-EAST,2025-12-22,2026-01-08,,46.0,18.64,road,50.2,open
PO-002645,SUP-006,SKU-00035,WH-WEST,2024-01-15,2024-02-07,2024-02-01,54.0,8.18,rail,18.25,delivered
PO-002646,SUP-006,SKU-00035,WH-WEST,2024-02-05,2024-03-04,2024-02-28,67.0,8.18,ocean,20.49,delivered
PO-002647,SUP-006,SKU-00035,WH-WEST,2024-02-26,2024-03-06,2024-03-04,69.0,8.18,air,55.27,delivered
PO-002648,SUP-006,SKU-00035,WH-WEST,2024-03-18,2024-04-15,2024-04-16,63.0,8.18,ocean,16.93,delivered
PO-002649,SUP-006,SKU-00035,WH-WEST,2024-04-01,2024-04-29,2024-05-02,51.0,8.18,ocean,16.84,delivered
PO-002650,SUP-006,SKU-00035,WH-WEST,2024-04-22,2024-05-15,2024-05-14,52.0,8.18,rail,20.98,delivered
PO-002651,SUP-006,SKU-00035,WH-WEST,2024-05-06,2024-05-15,2024-05-15,81.0,8.18,air,88.57,delivered
PO-002652,SUP-006,SKU-00035,WH-WEST,2024-05-27,2024-06-24,2024-06-29,64.0,8.18,ocean,17.53,delivered
PO-002653,SUP-006,SKU-00035,WH-WEST,2024-06-17,2024-07-10,2024-07-15,64.0,8.18,rail,21.8,delivered
PO-002654,SUP-006,SKU-00035,WH-WEST,2024-07-08,2024-07-17,2024-07-17,53.0,8.18,air,56.69,delivered
PO-002655,SUP-006,SKU-00035,WH-WEST,2024-07-29,2024-08-26,2024-08-31,62.0,8.18,ocean,23.62,delivered
PO-002656,SUP-006,SKU-00035,WH-WEST,2024-08-19,2024-08-28,2024-08-30,71.0,8.18,air,68.1,delivered
PO-002657,SUP-006,SKU-00035,WH-WEST,2024-09-09,2024-10-07,2024-10-09,49.0,8.18,ocean,15.68,delivered
PO-002658,SUP-006,SKU-00035,WH-WEST,2024-09-30,2024-10-28,2024-10-22,66.0,8.18,ocean,19.53,delivered
PO-002659,SUP-006,SKU-00035,WH-WEST,2024-10-21,2024-11-18,2024-11-19,61.0,8.18,ocean,17.46,delivered
PO-002660,SUP-006,SKU-00035,WH-WEST,2024-11-11,2024-11-20,2024-11-22,71.0,8.18,air,63.9,delivered
PO-002661,SUP-006,SKU-00035,WH-WEST,2024-12-02,2024-12-23,2024-12-25,59.0,8.18,road,27.12,delivered
PO-002662,SUP-006,SKU-00035,WH-WEST,2024-12-16,2025-01-08,2025-01-03,52.0,8.18,rail,22.31,delivered
PO-002663,SUP-006,SKU-00035,WH-WEST,2025-01-06,2025-01-29,2025-01-27,60.0,8.18,rail,21.13,delivered
PO-002664,SUP-006,SKU-00035,WH-WEST,2025-01-20,2025-02-17,2025-02-26,52.0,8.18,ocean,14.07,delivered
PO-002665,SUP-006,SKU-00035,WH-WEST,2025-02-10,2025-02-19,2025-02-18,62.0,8.18,air,66.6,delivered
PO-002666,SUP-006,SKU-00035,WH-WEST,2025-03-03,2025-03-31,2025-04-03,56.0,8.18,ocean,15.78,delivered
PO-002667,SUP-006,SKU-00035,WH-WEST,2025-03-24,2025-04-21,2025-04-16,51.0,8.18,ocean,19.42,delivered
PO-002668,SUP-006,SKU-00035,WH-WEST,2025-04-14,2025-05-12,2025-05-03,51.0,8.18,ocean,14.77,delivered
PO-002669,SUP-006,SKU-00035,WH-WEST,2025-05-05,2025-05-14,2025-05-15,50.0,8.18,air,55.7,delivered
PO-002670,SUP-006,SKU-00035,WH-WEST,2025-05-26,2025-06-23,2025-06-16,53.0,8.18,ocean,19.25,delivered
PO-002671,SUP-006,SKU-00035,WH-WEST,2025-06-16,2025-06-25,2025-06-29,62.0,8.18,air,61.19,delivered
PO-002672,SUP-006,SKU-00035,WH-WEST,2025-07-07,2025-08-04,2025-08-03,48.0,8.18,ocean,18.08,delivered
PO-002673,SUP-006,SKU-00035,WH-WEST,2025-07-28,2025-08-25,2025-08-24,54.0,8.18,ocean,15.72,delivered
PO-002674,SUP-006,SKU-00035,WH-WEST,2025-08-18,2025-09-15,2025-09-27,51.0,8.18,ocean,14.71,delivered
PO-002675,SUP-006,SKU-00035,WH-WEST,2025-09-08,2025-10-06,2025-09-30,51.0,8.18,ocean,15.57,delivered
PO-002676,SUP-006,SKU-00035,WH-WEST,2025-10-06,2025-11-03,2025-11-06,62.0,8.18,ocean,16.55,delivered
PO-002677,SUP-006,SKU-00035,WH-WEST,2025-10-27,2025-11-19,2025-11-22,55.0,8.18,rail,24.66,delivered
PO-002678,SUP-006,SKU-00035,WH-WEST,2025-11-17,2025-12-15,2025-12-14,53.0,8.18,ocean,14.38,delivered
PO-002679,SUP-006,SKU-00035,WH-WEST,2025-12-08,2026-01-05,2025-12-28,51.0,8.18,ocean,18.51,delivered
PO-002680,SUP-006,SKU-00035,WH-EU,2024-01-15,2024-02-05,2024-01-27,80.0,8.18,road,43.81,delivered
PO-002681,SUP-006,SKU-00035,WH-EU,2024-02-05,2024-03-04,2024-03-02,98.0,8.18,ocean,37.16,delivered
PO-002682,SUP-006,SKU-00035,WH-EU,2024-02-19,2024-03-18,2024-03-11,78.0,8.18,ocean,29.25,delivered
PO-002683,SUP-006,SKU-00035,WH-EU,2024-03-11,2024-04-08,2024-04-13,103.0,8.18,ocean,27.13,delivered
PO-002684,SUP-006,SKU-00035,WH-EU,2024-03-25,2024-04-17,2024-04-14,107.0,8.18,rail,40.37,delivered
PO-002685,SUP-006,SKU-00035,WH-EU,2024-04-29,2024-05-27,2024-05-27,106.0,8.18,ocean,29.62,delivered
PO-002686,SUP-006,SKU-00035,WH-EU,2024-05-20,2024-05-29,2024-05-29,109.0,8.18,air,117.1,delivered
PO-002687,SUP-006,SKU-00035,WH-EU,2024-06-10,2024-07-08,2024-07-10,84.0,8.18,ocean,24.14,delivered
PO-002688,SUP-006,SKU-00035,WH-EU,2024-07-01,2024-07-29,2024-07-31,81.0,8.18,ocean,30.21,delivered
PO-002689,SUP-006,SKU-00035,WH-EU,2024-07-22,2024-08-19,2024-08-22,86.0,8.18,ocean,30.66,delivered
PO-002690,SUP-006,SKU-00035,WH-EU,2024-08-12,2024-09-09,2024-09-07,96.0,8.18,ocean,31.68,delivered
PO-002691,SUP-006,SKU-00035,WH-EU,2024-09-02,2024-09-30,2024-09-30,78.0,8.18,ocean,25.02,delivered
PO-002692,SUP-006,SKU-00035,WH-EU,2024-09-23,2024-10-14,2024-10-17,97.0,8.18,road,53.56,delivered
PO-002693,SUP-006,SKU-00035,WH-EU,2024-10-14,2024-11-06,2024-11-06,89.0,8.18,rail,31.78,delivered
PO-002694,SUP-006,SKU-00035,WH-EU,2024-11-11,2024-12-09,2024-12-20,106.0,8.18,ocean,33.37,delivered
PO-002695,SUP-006,SKU-00035,WH-EU,2024-12-02,2024-12-23,2024-12-31,99.0,8.18,road,55.64,delivered
PO-002696,SUP-006,SKU-00035,WH-EU,2024-12-30,2025-01-27,2025-01-25,87.0,8.18,ocean,23.59,delivered
PO-002697,SUP-006,SKU-00035,WH-EU,2025-01-20,2025-02-17,2025-02-15,87.0,8.18,ocean,32.17,delivered
PO-002698,SUP-006,SKU-00035,WH-EU,2025-02-10,2025-03-03,2025-03-05,83.0,8.18,road,48.37,delivered
PO-002699,SUP-006,SKU-00035,WH-EU,2025-03-03,2025-03-26,2025-03-31,88.0,8.18,rail,30.89,delivered
PO-002700,SUP-006,SKU-00035,WH-EU,2025-03-24,2025-04-14,2025-04-09,87.0,8.18,road,42.55,delivered
PO-002701,SUP-006,SKU-00035,WH-EU,2025-04-14,2025-05-05,2025-05-07,105.0,8.18,road,59.98,delivered
PO-002702,SUP-006,SKU-00035,WH-EU,2025-05-05,2025-06-02,2025-06-01,85.0,8.18,ocean,23.26,delivered
PO-002703,SUP-006,SKU-00035,WH-EU,2025-05-26,2025-06-23,2025-06-23,79.0,8.18,ocean,28.36,delivered
PO-002704,SUP-006,SKU-00035,WH-EU,2025-06-16,2025-07-14,2025-07-12,85.0,8.18,ocean,28.49,delivered
PO-002705,SUP-006,SKU-00035,WH-EU,2025-07-14,2025-07-23,2025-07-21,110.0,8.18,air,116.7,delivered
PO-002706,SUP-006,SKU-00035,WH-EU,2025-08-11,2025-09-08,2025-09-12,99.0,8.18,ocean,32.16,delivered
PO-002707,SUP-006,SKU-00035,WH-EU,2025-09-01,2025-09-29,2025-09-25,91.0,8.18,ocean,35.67,delivered
PO-002708,SUP-006,SKU-00035,WH-EU,2025-09-22,2025-10-20,2025-10-12,95.0,8.18,ocean,36.06,delivered
PO-002709,SUP-006,SKU-00035,WH-EU,2025-10-13,2025-11-10,2025-11-10,89.0,8.18,ocean,32.0,delivered
PO-002710,SUP-006,SKU-00035,WH-EU,2025-11-03,2025-11-26,2025-11-26,90.0,8.18,rail,43.0,delivered
PO-002711,SUP-006,SKU-00035,WH-EU,2025-12-01,2025-12-29,,101.0,8.18,ocean,34.91,open
PO-002712,SUP-006,SKU-00035,WH-EU,2025-12-22,2026-01-12,,77.0,8.18,ROAD,37.22,open
PO-002713,SUP-006,SKU-00035,WH-APAC,2024-01-22,2024-02-12,2024-02-12,67.0,8.18,road,30.49,delivered
PO-002714,SUP-006,SKU-00035,WH-APAC,2024-02-12,2024-03-11,2024-03-11,82.0,8.18,ocean,29.21,delivered
PO-002715,SUP-006,SKU-00035,WH-APAC,2024-02-26,2024-03-25,2024-04-03,53.0,8.18,ocean,15.55,delivered
PO-002716,SUP-006,SKU-00035,WH-APAC,2024-03-18,2024-04-15,2024-04-15,54.0,8.18,ocean,16.48,delivered
PO-002717,SUP-006,SKU-00035,WH-APAC,2024-04-01,2024-04-29,2024-04-24,55.0,8.18,ocean,18.78,delivered
PO-002718,SUP-006,SKU-00035,WH-APAC,2024-04-22,2024-05-20,2024-05-12,53.0,8.18,ocean,20.45,delivered
PO-002719,SUP-006,SKU-00035,WH-APAC,2024-05-06,2024-05-27,2024-05-24,58.0,8.18,road,,delivered
PO-002720,SUP-006,SKU-00035,WH-APAC,2024-05-27,2024-06-05,2024-06-06,63.0,8.18,air,67.07,delivered
PO-002721,SUP-006,SKU-00035,WH-APAC,2024-06-17,2024-07-15,2024-07-08,64.0,8.18,ocean,,delivered
PO-002722,SUP-006,SKU-00035,WH-APAC,2024-07-08,2024-08-05,2024-08-07,65.0,8.18,ocean,23.04,delivered
PO-002723,SUP-006,SKU-00035,WH-APAC,2024-07-29,2024-08-26,2024-08-28,69.0,8.18,ocean,23.68,delivered
PO-002724,SUP-006,SKU-00035,WH-APAC,2024-08-19,2024-09-16,2024-09-22,56.0,8.18,ocean,17.47,delivered
PO-002725,SUP-006,SKU-00035,WH-APAC,2024-09-09,2024-09-18,2024-09-17,62.0,8.18,AIR,49.02,delivered
PO-002726,SUP-006,SKU-00035,WH-APAC,2024-09-30,2024-10-23,2024-10-17,63.0,8.18,rail,29.49,delivered
PO-002727,SUP-006,SKU-00035,WH-APAC,2024-10-21,2024-11-13,2024-11-07,66.0,8.18,rail,22.46,delivered
PO-002728,SUP-006,SKU-00035,WH-APAC,2024-11-11,2024-12-09,2024-12-07,60.0,8.18,OCEAN,20.07,delivered
PO-002729,SUP-006,SKU-00035,WH-APAC,2024-12-02,2024-12-30,2025-01-01,67.0,8.18,OCEAN,19.58,delivered
PO-002730,SUP-006,SKU-00035,WH-APAC,2024-12-23,2025-01-01,2025-01-02,57.0,8.18,air,58.39,delivered
PO-002731,SUP-006,SKU-00035,WH-APAC,2025-01-13,2025-02-10,2025-02-11,70.0,8.18,ocean,19.5,delivered
PO-002732,SUP-006,SKU-00035,WH-APAC,2025-02-03,2025-03-03,2025-03-07,59.0,8.18,ocean,23.06,delivered
PO-002733,SUP-006,SKU-00035,WH-APAC,2025-02-24,2025-03-24,2025-03-16,59.0,8.18,ocean,20.03,delivered
PO-002734,SUP-006,SKU-00035,WH-APAC,2025-03-17,2025-04-14,2025-04-09,53.0,8.18,ocean,17.21,delivered
PO-002735,SUP-006,SKU-00035,WH-APAC,2025-04-14,2025-05-12,2025-05-10,65.0,8.18,ocean,17.76,delivered
PO-002736,SUP-006,SKU-00035,WH-APAC,2025-05-05,2025-05-28,2025-06-01,53.0,8.18,rail,20.85,delivered
PO-002737,SUP-006,SKU-00035,WH-APAC,2025-06-02,2025-06-30,2025-07-11,63.0,8.18,ocean,22.59,delivered
PO-002738,SUP-006,SKU-00035,WH-APAC,2025-06-23,2025-07-16,2025-07-12,53.0,8.18,rail,19.57,delivered
PO-002739,SUP-006,SKU-00035,WH-APAC,2025-07-14,2025-08-11,2025-08-09,56.0,8.18,ocean,21.4,delivered
PO-002740,SUP-006,SKU-00035,WH-APAC,2025-08-04,2025-08-25,2025-08-23,58.0,8.18,road,25.09,delivered
PO-002741,SUP-006,SKU-00035,WH-APAC,2025-08-25,2025-09-17,2025-09-17,55.0,8.18,rail,26.95,delivered
PO-002742,SUP-006,SKU-00035,WH-APAC,2025-09-15,2025-10-08,2025-10-17,60.0,8.18,rail,22.66,delivered
PO-002743,SUP-006,SKU-00035,WH-APAC,2025-10-06,2025-10-27,2025-10-30,65.0,8.18,road,35.77,delivered
PO-002744,SUP-006,SKU-00035,WH-APAC,2025-10-27,2025-11-24,2025-11-26,58.0,8.18,ocean,17.97,delivered
PO-002745,SUP-006,SKU-00035,WH-APAC,2025-11-17,2025-11-26,2025-11-25,60.0,8.18,air,62.06,delivered
PO-002746,SUP-006,SKU-00035,WH-APAC,2025-12-15,2026-01-12,,56.0,8.18,ocean,14.72,open
PO-002747,SUP-019,SKU-00036,WH-WEST,2024-01-22,2024-02-15,2024-02-23,53.0,2.1,ocean,3.74,delivered
PO-002748,SUP-019,SKU-00036,WH-WEST,2024-02-12,2024-02-20,2024-02-27,44.0,2.1,air,11.9,delivered
PO-002749,SUP-019,SKU-00036,WH-WEST,2024-03-11,2024-03-19,2024-03-16,47.0,2.1,air,9.64,delivered
PO-002750,SUP-019,SKU-00036,WH-WEST,2024-03-25,2024-04-18,2024-04-27,41.0,2.1,ocean,3.06,delivered
PO-002751,SUP-019,SKU-00036,WH-WEST,2024-04-08,2024-04-16,2024-04-15,50.0,2.1,air,11.52,delivered
PO-002752,SUP-019,SKU-00036,WH-WEST,2024-04-22,2024-05-16,2024-05-14,37.0,2.1,ocean,2.83,delivered
PO-002753,SUP-019,SKU-00036,WH-WEST,2024-05-06,2024-05-30,2024-05-31,58.0,2.1,ocean,3.96,delivered
PO-002754,SUP-019,SKU-00036,WH-WEST,2024-05-27,2024-06-15,2024-06-12,39.0,2.1,rail,,delivered
PO-002755,SUP-019,SKU-00036,WH-WEST,2024-06-10,2024-07-04,2024-07-08,48.0,2.1,ocean,3.29,delivered
PO-002756,SUP-019,SKU-00036,WH-WEST,2024-06-17,2024-07-11,2024-07-08,38.0,2.1,ocean,3.8,delivered
PO-002757,SUP-019,SKU-00036,WH-WEST,2024-07-15,2024-08-03,2024-08-01,59.0,2.1,rail,6.08,delivered
PO-002758,SUP-019,SKU-00036,WH-WEST,2024-07-22,2024-07-30,2024-07-31,38.0,2.1,air,8.63,delivered
PO-002759,SUP-019,SKU-00036,WH-WEST,2024-08-12,2024-08-20,2024-08-18,74.0,2.1,air,22.32,delivered
PO-002760,SUP-019,SKU-00036,WH-WEST,2024-08-26,2024-09-19,2024-09-06,79.0,2.1,ocean,6.4,delivered
PO-002761,SUP-019,SKU-00036,WH-WEST,2024-09-09,2024-09-27,2024-09-27,39.0,2.1,road,4.96,delivered
PO-002762,SUP-019,SKU-00036,WH-WEST,2024-09-16,2024-10-05,2024-10-01,41.0,2.1,rail,4.95,delivered
PO-002763,SUP-019,SKU-00036,WH-WEST,2024-09-30,2024-10-19,2024-10-10,38.0,2.1,rail,4.46,delivered
PO-002764,SUP-019,SKU-00036,WH-WEST,2024-10-07,2024-10-31,2024-10-19,40.0,2.1,ocean,3.25,delivered
PO-002765,SUP-019,SKU-00036,WH-WEST,2024-10-21,2024-11-09,2024-11-08,66.0,2.1,rail,7.32,delivered
PO-002766,SUP-019,SKU-00036,WH-WEST,2024-11-11,2024-11-29,2024-11-24,48.0,2.1,road,7.19,delivered
PO-002767,SUP-019,SKU-00036,WH-WEST,2024-11-25,2024-12-03,2024-12-02,56.0,2.1,air,13.02,delivered
PO-002768,SUP-019,SKU-00036,WH-WEST,2024-12-09,2025-01-02,2024-12-31,51.0,2.1,ocean,3.91,delivered
PO-002769,SUP-019,SKU-00036,WH-WEST,2024-12-23,2024-12-31,2025-01-02,46.0,2.1,air,13.46,delivered
PO-002770,SUP-019,SKU-00036,WH-WEST,2025-01-13,2025-02-06,2025-01-31,40.0,2.1,ocean,2.79,delivered
PO-002771,SUP-019,SKU-00036,WH-WEST,2025-01-27,2025-02-04,2025-02-04,41.0,2.1,air,8.43,delivered
PO-002772,SUP-019,SKU-00036,WH-WEST,2025-02-10,2025-03-06,2025-03-04,46.0,2.1,ocean,3.44,delivered
PO-002773,SUP-019,SKU-00036,WH-WEST,2025-02-24,2025-03-14,2025-03-15,44.0,2.1,road,5.86,delivered
PO-002774,SUP-019,SKU-00036,WH-WEST,2025-03-17,2025-04-04,2025-04-01,57.0,2.1,road,6.37,delivered
PO-002775,SUP-019,SKU-00036,WH-WEST,2025-03-31,2025-04-08,2025-04-07,40.0,2.1,air,8.53,delivered
PO-002776,SUP-019,SKU-00036,WH-WEST,2025-04-14,2025-05-08,2025-05-12,63.0,2.1,ocean,4.98,delivered
PO-002777,SUP-019,SKU-00036,WH-WEST,2025-05-12,2025-06-05,2025-06-04,40.0,2.1,ocean,2.89,delivered
PO-002778,SUP-019,SKU-00036,WH-WEST,2025-05-19,2025-06-07,2025-06-06,38.0,2.1,rail,4.31,delivered
PO-002779,SUP-019,SKU-00036,WH-WEST,2025-06-09,2025-07-03,2025-07-03,60.0,2.1,ocean,5.17,delivered
PO-002780,SUP-019,SKU-00036,WH-WEST,2025-06-16,2025-07-10,2025-07-18,37.0,2.1,ocean,,delivered
PO-002781,SUP-019,SKU-00036,WH-WEST,2025-07-14,2025-08-07,2025-08-11,60.0,2.1,ocean,5.3,delivered
PO-002782,SUP-019,SKU-00036,WH-WEST,2025-07-28,2025-08-05,2025-08-01,37.0,2.1,air,9.84,delivered
PO-002783,SUP-019,SKU-00036,WH-WEST,2025-08-11,2025-08-19,2025-08-27,46.0,2.1,air,10.77,delivered
PO-002784,SUP-019,SKU-00036,WH-WEST,2025-08-18,2025-08-26,2025-08-26,48.0,2.1,air,11.57,delivered
PO-002785,SUP-019,SKU-00036,WH-WEST,2025-09-01,2025-09-25,2025-09-29,60.0,2.1,ocean,4.6,delivered
PO-002786,SUP-019,SKU-00036,WH-WEST,2025-09-08,2025-09-16,2025-09-13,37.0,2.1,air,8.69,delivered
PO-002787,SUP-019,SKU-00036,WH-WEST,2025-09-22,2025-09-30,2025-10-01,37.0,2.1,air,10.03,delivered
PO-002788,SUP-019,SKU-00036,WH-WEST,2025-10-06,2025-10-30,2025-10-28,44.0,2.1,ocean,4.3,delivered
PO-002789,SUP-019,SKU-00036,WH-WEST,2025-10-13,2025-11-06,2025-11-05,40.0,2.1,ocean,2.76,delivered
PO-002790,SUP-019,SKU-00036,WH-WEST,2025-11-03,2025-11-11,2025-11-12,54.0,2.1,air,11.59,delivered
PO-002791,SUP-019,SKU-00036,WH-WEST,2025-11-17,2025-12-11,2025-12-25,72.0,2.1,ocean,5.19,delivered
PO-002792,SUP-021,SKU-00037,WH-EU,2024-01-15,2024-02-17,2024-02-16,1550.0,25.64,ocean,1529.07,delivered
PO-002793,SUP-021,SKU-00037,WH-EU,2024-02-05,2024-02-16,2024-02-14,2009.0,25.64,air,5877.67,delivered
PO-002794,SUP-021,SKU-00037,WH-EU,2024-02-19,2024-03-23,2024-03-28,1592.0,25.64,ocean,1346.09,delivered
PO-002795,SUP-021,SKU-00037,WH-EU,2024-03-04,2024-04-06,2024-04-12,1629.0,25.64,ocean,1974.69,delivered
PO-002796,SUP-021,SKU-00037,WH-EU,2024-03-18,2024-03-29,2024-04-05,1466.0,25.64,air,5277.93,delivered
PO-002797,SUP-021,SKU-00037,WH-EU,2024-04-22,2024-05-25,2024-05-18,2084.0,25.64,ocean,1790.22,delivered
PO-002798,SUP-021,SKU-00037,WH-EU,2024-05-13,2024-06-15,2024-06-07,1884.0,25.64,ocean,1803.3,delivered
PO-002799,SUP-021,SKU-00037,WH-EU,2024-06-03,2024-07-06,2024-07-07,1713.0,25.64,ocean,1845.85,delivered
PO-002800,SUP-021,SKU-00037,WH-EU,2024-06-24,2024-07-27,2024-08-12,1816.0,25.64,ocean,1729.06,delivered
PO-002801,SUP-021,SKU-00037,WH-EU,2024-07-08,2024-08-10,2024-08-11,1455.0,25.64,ocean,1363.36,delivered
PO-002802,SUP-021,SKU-00037,WH-EU,2024-07-29,2024-08-09,2024-08-07,1599.0,25.64,air,4778.84,delivered
PO-002803,SUP-021,SKU-00037,WH-EU,2024-08-26,2024-09-06,2024-09-01,1935.0,25.64,air,5780.17,delivered
PO-002804,SUP-021,SKU-00037,WH-EU,2024-09-09,2024-10-12,2024-10-20,1564.0,25.64,ocean,1636.71,delivered
PO-002805,SUP-021,SKU-00037,WH-EU,2024-09-23,2024-10-26,2024-10-13,1520.0,25.64,ocean,1338.3,delivered
PO-002806,SUP-021,SKU-00037,WH-EU,2024-10-07,2024-10-18,2024-10-13,1490.0,25.64,air,5150.46,delivered
PO-002807,SUP-021,SKU-00037,WH-EU,2024-10-21,2024-11-23,2024-11-15,1454.0,25.64,ocean,1238.78,delivered
PO-002808,SUP-021,SKU-00037,WH-EU,2024-11-04,2024-12-07,2024-12-17,1460.0,25.64,ocean,1443.62,delivered
PO-002809,SUP-021,SKU-00037,WH-EU,2024-11-18,2024-12-12,2024-12-12,1607.0,25.64,road,2911.89,delivered
PO-002810,SUP-021,SKU-00037,WH-EU,2024-12-02,2024-12-13,2024-12-13,1529.0,25.64,air,5140.3,delivered
PO-002811,SUP-021,SKU-00037,WH-EU,2024-12-23,2025-01-03,2025-01-03,1963.0,25.64,air,5896.7,delivered
PO-002812,SUP-021,SKU-00037,WH-EU,2025-01-06,2025-02-08,2025-02-06,1749.0,25.64,ocean,1809.96,delivered
PO-002813,SUP-021,SKU-00037,WH-EU,2025-01-20,2025-02-22,2025-02-26,2018.0,25.64,ocean,2318.13,delivered
PO-002814,SUP-021,SKU-00037,WH-EU,2025-02-10,2025-03-15,2025-03-04,1766.0,25.64,ocean,1745.06,delivered
PO-002815,SUP-021,SKU-00037,WH-EU,2025-03-03,2025-04-05,2025-03-19,2002.0,25.64,ocean,2215.41,delivered
PO-002816,SUP-021,SKU-00037,WH-EU,2025-03-17,2025-04-19,2025-04-28,1839.0,25.64,ocean,2113.89,delivered
PO-002817,SUP-021,SKU-00037,WH-EU,2025-03-31,2025-04-11,2025-04-10,1606.0,25.64,air,4040.6,delivered
PO-002818,SUP-021,SKU-00037,WH-EU,2025-04-14,2025-04-25,2025-04-28,1859.0,25.64,air,6541.21,delivered
PO-002819,SUP-021,SKU-00037,WH-EU,2025-05-05,2025-06-07,2025-05-14,2232.0,25.64,ocean,2405.04,delivered
PO-002820,SUP-021,SKU-00037,WH-EU,2025-05-19,2025-06-21,2025-06-08,1500.0,25.64,ocean,1347.69,delivered
PO-002821,SUP-021,SKU-00037,WH-EU,2025-06-02,2025-06-26,2025-06-19,1863.0,25.64,road,2467.08,delivered
PO-002822,SUP-021,SKU-00037,WH-EU,2025-06-16,2025-07-19,2025-07-20,2121.0,25.64,ocean,2281.74,delivered
PO-002823,SUP-021,SKU-00037,WH-EU,2025-06-30,2025-08-02,2025-08-22,1601.0,25.64,ocean,1456.46,delivered
PO-002824,SUP-021,SKU-00037,WH-EU,2025-07-28,2025-08-30,2025-09-20,2453.0,25.64,ocean,2797.34,delivered
PO-002825,SUP-021,SKU-00037,WH-EU,2025-09-01,2025-09-12,2025-09-18,2190.0,25.64,air,7164.26,delivered
PO-002826,SUP-021,SKU-00037,WH-EU,2025-09-29,2025-10-26,2025-10-17,2036.0,25.64,rail,2720.25,delivered
PO-002827,SUP-021,SKU-00037,WH-EU,2025-10-13,2025-11-06,2025-12-06,1595.0,25.64,road,2196.48,delivered
PO-002828,SUP-021,SKU-00037,WH-EU,2025-10-27,2025-11-07,2025-10-28,2010.0,25.64,air,5436.69,delivered
PO-002829,SUP-021,SKU-00037,WH-EU,2025-11-10,2025-12-13,,2075.0,25.64,ocean,2177.87,open
PO-002830,SUP-021,SKU-00037,WH-EU,2025-12-08,2026-01-10,,1768.0,25.64,ocean,1660.86,open
PO-002831,SUP-001,SKU-00038,WH-EAST,2024-01-15,2024-01-18,2024-01-19,829.0,4.63,road,233.44,delivered
PO-002832,SUP-001,SKU-00038,WH-EAST,2024-02-05,2024-02-06,2024-02-08,1024.0,4.63,air,649.92,delivered
PO-002833,SUP-001,SKU-00038,WH-EAST,2024-02-26,2024-02-29,2024-03-02,868.0,4.63,road,193.87,delivered
PO-002834,SUP-001,SKU-00038,WH-EAST,2024-03-11,2024-03-14,2024-03-13,895.0,4.63,road,245.33,delivered
PO-002835,SUP-001,SKU-00038,WH-EAST,2024-04-01,2024-04-02,2024-04-02,1076.0,4.63,air,497.29,delivered
PO-002836,SUP-001,SKU-00038,WH-EAST,2024-04-15,2024-04-16,2024-04-17,996.0,4.63,air,638.86,delivered
PO-002837,SUP-001,SKU-00038,WH-EAST,2024-04-29,2024-05-02,2024-05-03,980.0,4.63,road,278.23,delivered
PO-002838,SUP-001,SKU-00038,WH-EAST,2024-05-27,2024-05-28,2024-05-28,1006.0,4.63,air,636.6,delivered
PO-002839,SUP-001,SKU-00038,WH-EAST,2024-06-10,2024-06-11,2024-06-12,1076.0,4.63,air,522.53,delivered
PO-002840,SUP-001,SKU-00038,WH-EAST,2024-06-24,2024-06-25,2024-06-25,1076.0,4.63,air,675.58,delivered
PO-002841,SUP-001,SKU-00038,WH-EAST,2024-07-08,2024-07-11,2024-07-11,1076.0,4.63,road,300.27,delivered
PO-002842,SUP-001,SKU-00038,WH-EAST,2024-07-22,2024-07-23,2024-07-23,938.0,4.63,air,435.02,delivered
PO-002843,SUP-001,SKU-00038,WH-EAST,2024-08-05,2024-08-08,2024-08-06,1076.0,4.63,rail,285.39,delivered
PO-002844,SUP-001,SKU-00038,WH-EAST,2024-08-19,2024-08-20,2024-08-20,1076.0,4.63,air,644.37,delivered
PO-002845,SUP-001,SKU-00038,WH-EAST,2024-09-02,2024-09-03,2024-09-03,1076.0,4.63,air,524.28,delivered
PO-002846,SUP-001,SKU-00038,WH-EAST,2024-09-16,2024-09-17,2024-09-17,937.0,4.63,air,448.37,delivered
PO-002847,SUP-001,SKU-00038,WH-EAST,2024-09-23,2024-09-26,2024-09-26,814.0,4.63,road,258.11,delivered
PO-002848,SUP-001,SKU-00038,WH-EAST,2024-10-07,2024-10-08,2024-10-09,1076.0,4.63,air,639.1,delivered
PO-002849,SUP-001,SKU-00038,WH-EAST,2024-10-21,2024-10-24,2024-10-24,963.0,4.63,road,294.23,delivered
PO-002850,SUP-001,SKU-00038,WH-EAST,2024-11-04,2024-11-07,2024-11-09,889.0,4.63,rail,203.35,delivered
PO-002851,SUP-001,SKU-00038,WH-EAST,2024-11-18,2024-11-21,2024-11-22,870.0,4.63,road,267.13,delivered
PO-002852,SUP-001,SKU-00038,WH-EAST,2024-12-02,2024-12-05,2024-12-06,758.0,4.63,road,219.67,delivered
PO-002853,SUP-001,SKU-00038,WH-EAST,2024-12-16,2024-12-19,2024-12-18,776.0,4.63,road,173.32,delivered
PO-002854,SUP-001,SKU-00038,WH-EAST,2025-01-06,2025-01-09,2025-01-08,1053.0,4.63,ROAD,250.34,delivered
PO-002855,SUP-001,SKU-00038,WH-EAST,2025-01-27,2025-01-30,2025-01-31,801.0,4.63,road,180.03,delivered
PO-002856,SUP-001,SKU-00038,WH-EAST,2025-02-17,2025-02-20,2025-02-18,831.0,4.63,road,192.95,delivered
PO-002857,SUP-001,SKU-00038,WH-EAST,2025-03-10,2025-03-11,2025-03-11,941.0,4.63,air,626.06,delivered
PO-002858,SUP-001,SKU-00038,WH-EAST,2025-03-31,2025-04-01,2025-04-01,1065.0,4.63,air,572.55,delivered
PO-002859,SUP-001,SKU-00038,WH-EAST,2025-04-21,2025-04-22,2025-04-22,1076.0,4.63,air,665.66,delivered
PO-002860,SUP-001,SKU-00038,WH-EAST,2025-05-12,2025-05-13,2025-05-19,1076.0,4.63,air,519.14,delivered
PO-002861,SUP-001,SKU-00038,WH-EAST,2025-06-02,2025-06-03,2025-06-04,974.0,4.63,air,434.8,delivered
PO-002862,SUP-001,SKU-00038,WH-EAST,2025-06-16,2025-06-17,2025-06-17,1076.0,4.63,air,697.4,delivered
PO-002863,SUP-001,SKU-00038,WH-EAST,2025-06-30,2025-07-03,2025-07-02,1022.0,4.63,road,327.57,delivered
PO-002864,SUP-001,SKU-00038,WH-EAST,2025-07-14,2025-07-15,2025-07-15,948.0,4.63,air,445.09,delivered
PO-002865,SUP-001,SKU-00038,WH-EAST,2025-07-28,2025-07-29,2025-07-30,1076.0,4.63,air,613.05,delivered
PO-002866,SUP-001,SKU-00038,WH-EAST,2025-08-11,2025-08-12,2025-08-12,1033.0,4.63,air,569.88,delivered
PO-002867,SUP-001,SKU-00038,WH-EAST,2025-08-25,2025-08-26,2025-08-26,1037.0,4.63,air,494.22,delivered
PO-002868,SUP-001,SKU-00038,WH-EAST,2025-09-08,2025-09-11,2025-09-12,928.0,4.63,road,285.56,delivered
PO-002869,SUP-001,SKU-00038,WH-EAST,2025-09-22,2025-09-23,2025-09-23,769.0,4.63,air,483.72,delivered
PO-002870,SUP-001,SKU-00038,WH-EAST,2025-10-06,2025-10-07,2025-10-07,1032.0,4.63,air,541.71,delivered
PO-002871,SUP-001,SKU-00038,WH-EAST,2025-10-27,2025-10-28,2025-10-29,1076.0,4.63,air,569.37,delivered
PO-002872,SUP-001,SKU-00038,WH-EAST,2025-11-17,2025-11-18,2025-11-18,1076.0,4.63,air,501.42,delivered
PO-002873,SUP-001,SKU-00038,WH-EAST,2025-12-08,2025-12-11,2025-12-12,813.0,4.63,ROAD,223.14,delivered
PO-002874,SUP-001,SKU-00038,WH-EAST,2025-12-22,2025-12-25,2025-12-25,894.0,4.63,road,213.3,delivered
PO-002875,SUP-001,SKU-00038,WH-APAC,2024-01-15,2024-01-18,2024-01-17,882.0,4.63,road,204.62,delivered
PO-002876,SUP-001,SKU-00038,WH-APAC,2024-02-05,2024-02-08,2024-02-08,1023.0,4.63,road,259.67,delivered
PO-002877,SUP-001,SKU-00038,WH-APAC,2024-02-26,2024-02-29,2024-03-01,905.0,4.63,rail,205.87,delivered
PO-002878,SUP-001,SKU-00038,WH-APAC,2024-03-11,2024-03-14,2024-03-15,928.0,4.63,rail,173.71,delivered
PO-002879,SUP-001,SKU-00038,WH-APAC,2024-03-25,2024-03-28,2024-03-29,820.0,4.63,road,222.01,delivered
PO-002880,SUP-001,SKU-00038,WH-APAC,2024-04-08,2024-04-11,2024-04-11,815.0,4.63,road,209.39,delivered
PO-002881,SUP-001,SKU-00038,WH-APAC,2024-04-29,2024-04-30,2024-04-30,1072.0,4.63,air,537.36,delivered
PO-002882,SUP-001,SKU-00038,WH-APAC,2024-05-13,2024-05-14,2024-05-14,1050.0,4.63,air,698.7,delivered
PO-002883,SUP-001,SKU-00038,WH-APAC,2024-05-27,2024-05-30,2024-05-31,932.0,4.63,road,300.65,delivered
PO-002884,SUP-001,SKU-00038,WH-APAC,2024-06-10,2024-06-13,2024-06-11,932.0,4.63,rail,200.14,delivered
PO-002885,SUP-001,SKU-00038,WH-APAC,2024-06-24,2024-06-25,2024-06-25,1072.0,4.63,AIR,493.98,delivered
PO-002886,SUP-001,SKU-00038,WH-APAC,2024-07-08,2024-07-09,2024-07-10,1072.0,4.63,air,645.84,delivered
PO-002887,SUP-001,SKU-00038,WH-APAC,2024-07-22,2024-07-25,2024-07-23,997.0,4.63,rail,232.74,delivered
PO-002888,SUP-001,SKU-00038,WH-APAC,2024-08-05,2024-08-06,2024-08-07,998.0,4.63,air,614.97,delivered
PO-002889,SUP-001,SKU-00038,WH-APAC,2024-08-19,2024-08-20,2024-08-21,960.0,4.63,air,627.81,delivered
PO-002890,SUP-001,SKU-00038,WH-APAC,2024-09-02,2024-09-05,2024-09-04,927.0,4.63,rail,218.04,delivered
PO-002891,SUP-001,SKU-00038,WH-APAC,2024-09-16,2024-09-19,2024-09-19,903.0,4.63,road,291.62,delivered
PO-002892,SUP-001,SKU-00038,WH-APAC,2024-09-30,2024-10-03,2024-10-03,1072.0,4.63,road,289.49,delivered
PO-002893,SUP-001,SKU-00038,WH-APAC,2024-10-21,2024-10-22,2024-10-23,1072.0,4.63,air,649.18,delivered
PO-002894,SUP-001,SKU-00038,WH-APAC,2024-11-04,2024-11-07,2024-11-07,878.0,4.63,road,240.39,delivered
PO-002895,SUP-001,SKU-00038,WH-APAC,2024-11-18,2024-11-19,2024-11-19,959.0,4.63,air,507.22,delivered
PO-002896,SUP-001,SKU-00038,WH-APAC,2024-12-02,2024-12-03,2024-12-03,788.0,4.63,air,382.07,delivered
PO-002897,SUP-001,SKU-00038,WH-APAC,2024-12-23,2024-12-24,2024-12-25,1072.0,4.63,air,605.87,delivered
PO-002898,SUP-001,SKU-00038,WH-APAC,2025-01-13,2025-01-14,2025-01-14,987.0,4.63,air,478.83,delivered
PO-002899,SUP-001,SKU-00038,WH-APAC,2025-02-03,2025-02-06,2025-02-08,797.0,4.63,rail,205.04,delivered
PO-002900,SUP-001,SKU-00038,WH-APAC,2025-02-24,2025-02-27,2025-02-28,874.0,4.63,rail,232.8,delivered
PO-002901,SUP-001,SKU-00038,WH-APAC,2025-03-17,2025-03-18,2025-03-18,986.0,4.63,air,447.5,delivered
PO-002902,SUP-001,SKU-00038,WH-APAC,2025-04-07,2025-04-10,2025-04-10,1072.0,4.63,road,342.11,delivered
PO-002903,SUP-001,SKU-00038,WH-APAC,2025-04-28,2025-05-01,2025-05-02,1050.0,4.63,road,284.35,delivered
PO-002904,SUP-001,SKU-00038,WH-APAC,2025-05-19,2025-05-22,2025-05-22,944.0,4.63,road,237.22,delivered
PO-002905,SUP-001,SKU-00038,WH-APAC,2025-06-02,2025-06-03,2025-06-03,967.0,4.63,air,566.3,delivered
PO-002906,SUP-001,SKU-00038,WH-APAC,2025-06-16,2025-06-19,2025-06-17,844.0,4.63,rail,183.29,delivered
PO-002907,SUP-001,SKU-00038,WH-APAC,2025-06-30,2025-07-03,2025-07-03,798.0,4.63,rail,184.39,delivered
PO-002908,SUP-001,SKU-00038,WH-APAC,2025-07-14,2025-07-15,2025-07-15,1068.0,4.63,air,660.18,delivered
PO-002909,SUP-001,SKU-00038,WH-APAC,2025-07-28,2025-07-31,2025-07-31,878.0,4.63,road,244.11,delivered
PO-002910,SUP-001,SKU-00038,WH-APAC,2025-08-11,2025-08-12,2025-08-21,1072.0,4.63,air,675.55,delivered
PO-002911,SUP-001,SKU-00038,WH-APAC,2025-09-01,2025-09-04,2025-09-05,828.0,4.63,road,274.46,delivered
PO-002912,SUP-001,SKU-00038,WH-APAC,2025-09-15,2025-09-18,2025-09-20,886.0,4.63,road,270.59,delivered
PO-002913,SUP-001,SKU-00038,WH-APAC,2025-09-29,2025-10-02,2025-10-02,844.0,4.63,road,226.29,delivered
PO-002914,SUP-001,SKU-00038,WH-APAC,2025-10-20,2025-10-23,2025-10-22,978.0,4.63,road,270.22,delivered
PO-002915,SUP-001,SKU-00038,WH-APAC,2025-11-03,2025-11-04,2025-11-04,902.0,4.63,air,454.93,delivered
PO-002916,SUP-001,SKU-00038,WH-APAC,2025-11-24,2025-11-27,2025-11-30,939.0,4.63,road,228.14,delivered
PO-002917,SUP-001,SKU-00038,WH-APAC,2025-12-22,2025-12-23,2025-12-23,1072.0,4.63,air,652.53,delivered
PO-002918,SUP-006,SKU-00039,WH-WEST,2024-01-15,2024-02-05,2024-02-07,75.0,1.85,road,9.57,delivered
PO-002919,SUP-006,SKU-00039,WH-WEST,2024-01-29,2024-02-19,2024-02-20,65.0,1.85,road,8.21,delivered
PO-002920,SUP-006,SKU-00039,WH-WEST,2024-02-12,2024-02-21,2024-02-20,66.0,1.85,air,12.32,delivered
PO-002921,SUP-006,SKU-00039,WH-WEST,2024-03-04,2024-03-13,2024-03-17,75.0,1.85,air,19.75,delivered
PO-002922,SUP-006,SKU-00039,WH-WEST,2024-03-25,2024-04-22,2024-04-25,84.0,1.85,ocean,6.49,delivered
PO-002923,SUP-006,SKU-00039,WH-WEST,2024-04-15,2024-04-24,2024-04-23,72.0,1.85,air,16.83,delivered
PO-002924,SUP-006,SKU-00039,WH-WEST,2024-05-13,2024-06-10,2024-06-16,79.0,1.85,ocean,5.93,delivered
PO-002925,SUP-006,SKU-00039,WH-WEST,2024-06-03,2024-06-12,2024-06-13,62.0,1.85,air,14.84,delivered
PO-002926,SUP-006,SKU-00039,WH-WEST,2024-07-01,2024-07-29,2024-07-28,75.0,1.85,ocean,6.52,delivered
PO-002927,SUP-006,SKU-00039,WH-WEST,2024-07-22,2024-08-19,2024-08-15,82.0,1.85,ocean,5.9,delivered
PO-002928,SUP-006,SKU-00039,WH-WEST,2024-08-12,2024-08-21,2024-08-21,74.0,1.85,air,17.69,delivered
PO-002929,SUP-006,SKU-00039,WH-WEST,2024-09-02,2024-09-30,2024-10-05,85.0,1.85,ocean,5.79,delivered
PO-002930,SUP-006,SKU-00039,WH-WEST,2024-09-16,2024-10-14,2024-10-21,74.0,1.85,ocean,6.53,delivered
PO-002931,SUP-006,SKU-00039,WH-WEST,2024-10-14,2024-10-23,2024-10-25,82.0,1.85,air,19.71,delivered
PO-002932,SUP-006,SKU-00039,WH-WEST,2024-10-28,2024-11-25,2024-11-20,61.0,1.85,ocean,4.47,delivered
PO-002933,SUP-006,SKU-00039,WH-WEST,2024-11-18,2024-12-16,2024-12-13,89.0,1.85,ocean,6.0,delivered
PO-002934,SUP-006,SKU-00039,WH-WEST,2024-12-02,2024-12-30,2024-12-28,66.0,1.85,ocean,4.04,delivered
PO-002935,SUP-006,SKU-00039,WH-WEST,2024-12-23,2025-01-20,2025-01-23,63.0,1.85,ocean,4.76,delivered
PO-002936,SUP-006,SKU-00039,WH-WEST,2025-01-06,2025-01-15,2025-01-17,69.0,1.85,air,14.84,delivered
PO-002937,SUP-006,SKU-00039,WH-WEST,2025-01-20,2025-02-17,2025-02-13,76.0,1.85,ocean,4.76,delivered
PO-002938,SUP-006,SKU-00039,WH-WEST,2025-02-03,2025-03-03,2025-02-21,63.0,1.85,ocean,5.54,delivered
PO-002939,SUP-006,SKU-00039,WH-WEST,2025-02-24,2025-03-24,2025-03-24,86.0,1.85,ocean,7.53,delivered
PO-002940,SUP-006,SKU-00039,WH-WEST,2025-03-17,2025-03-26,2025-03-26,89.0,1.85,air,16.43,delivered
PO-002941,SUP-006,SKU-00039,WH-WEST,2025-04-14,2025-05-12,2025-05-11,80.0,1.85,ocean,6.68,delivered
PO-002942,SUP-006,SKU-00039,WH-WEST,2025-05-05,2025-06-02,2025-05-24,60.0,1.85,ocean,4.8,delivered
PO-002943,SUP-006,SKU-00039,WH-WEST,2025-05-26,2025-06-23,2025-06-22,72.0,1.85,ocean,4.3,delivered
PO-002944,SUP-006,SKU-00039,WH-WEST,2025-06-16,2025-07-14,2025-07-17,75.0,1.85,ocean,6.54,delivered
PO-002945,SUP-006,SKU-00039,WH-WEST,2025-07-14,2025-08-11,2025-08-10,77.0,1.85,ocean,4.57,delivered
PO-002946,SUP-006,SKU-00039,WH-WEST,2025-08-04,2025-08-13,2025-08-14,65.0,1.85,air,15.04,delivered
PO-002947,SUP-006,SKU-00039,WH-WEST,2025-08-25,2025-09-22,2025-09-20,77.0,1.85,ocean,5.7,delivered
PO-002948,SUP-006,SKU-00039,WH-WEST,2025-09-15,2025-10-13,2025-10-10,76.0,1.85,ocean,5.22,delivered
PO-002949,SUP-006,SKU-00039,WH-WEST,2025-10-06,2025-10-15,2025-10-16,100.0,1.85,air,19.71,delivered
PO-002950,SUP-006,SKU-00039,WH-WEST,2025-10-20,2025-11-17,2025-11-18,60.0,1.85,ocean,3.72,delivered
PO-002951,SUP-006,SKU-00039,WH-WEST,2025-11-03,2025-12-01,2025-12-01,77.0,1.85,ocean,4.73,delivered
PO-002952,SUP-006,SKU-00039,WH-WEST,2025-11-24,2025-12-03,2025-12-04,100.0,1.85,air,21.83,delivered
PO-002953,SUP-006,SKU-00039,WH-WEST,2025-12-15,2026-01-07,,101.0,1.85,rail,7.76,open
PO-002954,SUP-006,SKU-00039,WH-APAC,2024-01-15,2024-02-07,2024-02-06,86.0,1.85,rail,9.49,delivered
PO-002955,SUP-006,SKU-00039,WH-APAC,2024-01-29,2024-02-19,2024-02-16,68.0,1.85,road,7.21,delivered
PO-002956,SUP-006,SKU-00039,WH-APAC,2024-02-12,2024-03-11,2024-02-07,77.0,1.85,ocean,5.92,delivered
PO-002957,SUP-006,SKU-00039,WH-APAC,2024-03-04,2024-04-01,2024-03-30,88.0,1.85,ocean,6.86,delivered
PO-002958,SUP-006,SKU-00039,WH-APAC,2024-03-25,2024-04-22,2024-04-15,79.0,1.85,ocean,5.07,delivered
PO-002959,SUP-006,SKU-00039,WH-APAC,2024-04-15,2024-05-13,2024-05-17,76.0,1.85,ocean,5.94,delivered
PO-002960,SUP-006,SKU-00039,WH-APAC,2024-05-06,2024-05-27,2024-05-26,74.0,1.85,road,8.4,delivered
PO-002961,SUP-006,SKU-00039,WH-APAC,2024-05-27,2024-06-24,2024-06-25,68.0,1.85,ocean,5.02,delivered
PO-002962,SUP-006,SKU-00039,WH-APAC,2024-06-24,2024-07-17,2024-07-12,80.0,1.85,rail,8.6,delivered
PO-002963,SUP-006,SKU-00039,WH-APAC,2024-07-15,2024-07-24,2024-07-25,81.0,1.85,air,16.87,delivered
PO-002964,SUP-006,SKU-00039,WH-APAC,2024-08-05,2024-09-02,2024-08-30,93.0,1.85,ocean,5.96,delivered
PO-002965,SUP-006,SKU-00039,WH-APAC,2024-08-19,2024-09-16,2024-09-03,68.0,1.85,ocean,5.26,delivered
PO-002966,SUP-006,SKU-00039,WH-APAC,2024-09-09,2024-09-18,2024-09-19,82.0,1.85,air,19.8,delivered
PO-002967,SUP-006,SKU-00039,WH-APAC,2024-09-23,2024-10-02,2024-10-02,97.0,1.85,air,23.47,delivered
PO-002968,SUP-006,SKU-00039,WH-APAC,2024-10-07,2024-10-30,2024-11-01,77.0,1.85,rail,8.37,delivered
PO-002969,SUP-006,SKU-00039,WH-APAC,2024-10-21,2024-10-30,2024-11-01,130.0,1.85,air,23.62,delivered
PO-002970,SUP-006,SKU-00039,WH-APAC,2024-11-18,2024-12-11,2024-12-12,104.0,1.85,rail,10.44,delivered
PO-002971,SUP-006,SKU-00039,WH-APAC,2024-12-02,2024-12-11,2024-12-14,97.0,1.85,air,17.44,delivered
PO-002972,SUP-006,SKU-00039,WH-APAC,2024-12-23,2025-01-20,2025-01-14,77.0,1.85,ocean,4.57,delivered
PO-002973,SUP-006,SKU-00039,WH-APAC,2025-01-06,2025-02-03,2025-01-31,81.0,1.85,ocean,5.69,delivered
PO-002974,SUP-006,SKU-00039,WH-APAC,2025-01-27,2025-02-24,2025-02-24,98.0,1.85,ocean,6.74,delivered
PO-002975,SUP-006,SKU-00039,WH-APAC,2025-02-10,2025-03-10,2025-03-17,68.0,1.85,ocean,5.4,delivered
PO-002976,SUP-006,SKU-00039,WH-APAC,2025-03-10,2025-03-19,2025-03-18,92.0,1.85,air,17.81,delivered
PO-002977,SUP-006,SKU-00039,WH-APAC,2025-03-31,2025-04-28,2025-04-27,101.0,1.85,ocean,8.59,delivered
PO-002978,SUP-006,SKU-00039,WH-APAC,2025-04-21,2025-04-30,2025-05-02,80.0,1.85,air,18.45,delivered
PO-002979,SUP-006,SKU-00039,WH-APAC,2025-05-19,2025-06-11,2025-06-11,90.0,1.85,rail,8.96,delivered
PO-002980,SUP-006,SKU-00039,WH-APAC,2025-06-09,2025-06-18,2025-06-18,83.0,1.85,air,17.68,delivered
PO-002981,SUP-006,SKU-00039,WH-APAC,2025-06-23,2025-07-21,2025-07-18,70.0,1.85,ocean,5.11,delivered
PO-002982,SUP-006,SKU-00039,WH-APAC,2025-07-21,2025-08-18,2025-08-18,92.0,1.85,ocean,7.64,delivered
PO-002983,SUP-006,SKU-00039,WH-APAC,2025-08-11,2025-09-03,2025-09-01,81.0,1.85,rail,8.03,delivered
PO-002984,SUP-006,SKU-00039,WH-APAC,2025-08-25,2025-09-22,2025-10-01,67.0,1.85,ocean,5.16,delivered
PO-002985,SUP-006,SKU-00039,WH-APAC,2025-09-08,2025-10-06,2025-10-12,101.0,1.85,ocean,8.7,delivered
PO-002986,SUP-006,SKU-00039,WH-APAC,2025-10-06,2025-10-15,2025-10-15,72.0,1.85,air,12.87,delivered
PO-002987,SUP-006,SKU-00039,WH-APAC,2025-10-20,2025-11-17,2025-11-14,93.0,1.85,ocean,8.04,delivered
PO-002988,SUP-006,SKU-00039,WH-APAC,2025-11-03,2025-11-12,2025-11-10,93.0,1.85,air,20.09,delivered
PO-002989,SUP-006,SKU-00039,WH-APAC,2025-11-17,2025-11-26,2025-11-24,83.0,1.85,air,20.4,delivered
PO-002990,SUP-006,SKU-00039,WH-APAC,2025-12-01,2025-12-29,,88.0,1.85,ocean,7.49,open
PO-002991,SUP-006,SKU-00039,WH-APAC,2025-12-15,2025-12-24,2025-12-27,103.0,1.85,air,20.24,delivered
PO-002992,SUP-006,SKU-00039,WH-EU,2024-01-15,2024-02-07,2024-02-05,65.0,1.85,rail,6.28,delivered
PO-002993,SUP-006,SKU-00039,WH-EU,2024-01-29,2024-02-26,2024-03-01,67.0,1.85,ocean,4.43,delivered
PO-002994,SUP-006,SKU-00039,WH-EU,2024-02-12,2024-03-06,2024-03-05,65.0,1.85,rail,6.8,delivered
PO-002995,SUP-006,SKU-00039,WH-EU,2024-03-04,2024-04-01,2024-04-01,64.0,1.85,ocean,4.44,delivered
PO-002996,SUP-006,SKU-00039,WH-EU,2024-03-25,2024-04-17,2024-04-13,75.0,1.85,rail,7.62,delivered
PO-002997,SUP-006,SKU-00039,WH-EU,2024-04-15,2024-05-06,2024-05-07,89.0,1.85,road,11.41,delivered
PO-002998,SUP-006,SKU-00039,WH-EU,2024-05-06,2024-05-15,2024-05-17,76.0,1.85,air,14.75,delivered
PO-002999,SUP-006,SKU-00039,WH-EU,2024-05-27,2024-06-17,2024-06-14,67.0,1.85,road,6.4,delivered
PO-003000,SUP-006,SKU-00039,WH-EU,2024-06-17,2024-07-15,2024-07-13,66.0,1.85,ocean,4.65,delivered
PO-003001,SUP-006,SKU-00039,WH-EU,2024-07-08,2024-08-05,2024-07-26,75.0,1.85,ocean,5.31,delivered
PO-003002,SUP-006,SKU-00039,WH-EU,2024-07-29,2024-08-19,2024-08-14,75.0,1.85,road,6.87,delivered
PO-003003,SUP-006,SKU-00039,WH-EU,2024-08-19,2024-08-28,2024-08-26,87.0,1.85,air,18.13,delivered
PO-003004,SUP-006,SKU-00039,WH-EU,2024-09-02,2024-09-23,2024-09-15,59.0,1.85,road,7.66,delivered
PO-003005,SUP-006,SKU-00039,WH-EU,2024-09-16,2024-10-14,2024-10-08,83.0,1.85,ocean,6.19,delivered
PO-003006,SUP-006,SKU-00039,WH-EU,2024-09-30,2024-10-28,2024-10-27,73.0,1.85,OCEAN,4.73,delivered
PO-003007,SUP-006,SKU-00039,WH-EU,2024-10-14,2024-11-11,2024-11-08,63.0,1.85,ocean,5.19,delivered
PO-003008,SUP-006,SKU-00039,WH-EU,2024-10-28,2024-11-18,2024-11-21,70.0,1.85,road,6.86,delivered
PO-003009,SUP-006,SKU-00039,WH-EU,2024-11-11,2024-12-04,2024-12-03,71.0,1.85,RAIL,6.64,delivered
PO-003010,SUP-006,SKU-00039,WH-EU,2024-11-25,2024-12-18,2024-12-18,72.0,1.85,rail,6.42,delivered
PO-003011,SUP-006,SKU-00039,WH-EU,2024-12-09,2025-01-06,2024-12-27,77.0,1.85,ocean,4.81,delivered
PO-003012,SUP-006,SKU-00039,WH-EU,2024-12-23,2025-01-20,2025-01-18,62.0,1.85,ocean,4.96,delivered
PO-003013,SUP-006,SKU-00039,WH-EU,2025-01-06,2025-02-03,2025-02-05,78.0,1.85,ocean,4.95,delivered
PO-003014,SUP-006,SKU-00039,WH-EU,2025-01-27,2025-02-05,2025-02-07,99.0,1.85,air,23.33,delivered
PO-003015,SUP-006,SKU-00039,WH-EU,2025-02-17,2025-03-17,2025-03-14,81.0,1.85,ocean,5.94,delivered
PO-003016,SUP-006,SKU-00039,WH-EU,2025-03-10,2025-03-19,2025-03-20,84.0,1.85,air,20.11,delivered
PO-003017,SUP-006,SKU-00039,WH-EU,2025-03-24,2025-04-21,2025-04-23,63.0,1.85,ocean,4.36,delivered
PO-003018,SUP-006,SKU-00039,WH-EU,2025-04-07,2025-05-05,2025-05-01,59.0,1.85,ocean,4.57,delivered
PO-003019,SUP-006,SKU-00039,WH-EU,2025-04-28,2025-05-21,2025-05-19,71.0,1.85,rail,5.77,delivered
PO-003020,SUP-006,SKU-00039,WH-EU,2025-05-19,2025-06-16,2025-06-22,67.0,1.85,ocean,4.26,delivered
PO-003021,SUP-006,SKU-00039,WH-EU,2025-06-09,2025-07-07,2025-07-13,68.0,1.85,ocean,5.34,delivered
PO-003022,SUP-006,SKU-00039,WH-EU,2025-06-30,2025-07-28,2025-07-25,90.0,1.85,ocean,5.43,delivered
PO-003023,SUP-006,SKU-00039,WH-EU,2025-07-21,2025-07-30,2025-07-27,72.0,1.85,air,14.36,delivered
PO-003024,SUP-006,SKU-00039,WH-EU,2025-08-04,2025-08-13,2025-08-14,59.0,1.85,air,12.36,delivered
PO-003025,SUP-006,SKU-00039,WH-EU,2025-08-18,2025-09-08,2025-09-18,73.0,1.85,road,6.6,delivered
PO-003026,SUP-006,SKU-00039,WH-EU,2025-09-08,2025-10-06,2025-09-30,95.0,1.85,ocean,,delivered
PO-003027,SUP-006,SKU-00039,WH-EU,2025-09-29,2025-10-08,2025-10-07,90.0,1.85,air,20.55,delivered
PO-003028,SUP-006,SKU-00039,WH-EU,2025-10-13,2025-11-10,2025-11-15,70.0,1.85,ocean,4.69,delivered
PO-003029,SUP-006,SKU-00039,WH-EU,2025-10-27,2025-11-19,2025-11-16,72.0,1.85,rail,6.55,delivered
PO-003030,SUP-006,SKU-00039,WH-EU,2025-11-17,2025-12-15,2025-12-14,63.0,1.85,ocean,3.99,delivered
PO-003031,SUP-006,SKU-00039,WH-EU,2025-12-01,2025-12-10,2025-12-10,100.0,1.85,air,21.77,delivered
PO-003032,SUP-006,SKU-00039,WH-EU,2025-12-22,2026-01-19,,112.0,1.85,ocean,7.91,open
PO-003033,SUP-005,SKU-00040,WH-SOUTH,2024-01-15,2024-01-20,2024-01-25,72.0,11.7,road,53.89,delivered
PO-003034,SUP-005,SKU-00040,WH-SOUTH,2024-02-05,2024-02-07,2024-02-07,-84.0,11.7,air,137.79,delivered
PO-003035,SUP-005,SKU-00040,WH-SOUTH,2024-02-26,2024-02-28,2024-02-29,97.0,11.7,air,,delivered
PO-003036,SUP-005,SKU-00040,WH-SOUTH,2024-03-18,2024-03-23,2024-03-30,104.0,11.7,road,70.93,delivered
PO-003037,SUP-005,SKU-00040,WH-SOUTH,2024-04-15,2024-04-20,2024-04-17,83.0,11.7,road,55.88,delivered
PO-003038,SUP-005,SKU-00040,WH-SOUTH,2024-04-29,2024-05-04,2024-05-03,92.0,11.7,road,76.25,delivered
PO-003039,SUP-005,SKU-00040,WH-SOUTH,2024-05-13,2024-05-18,2024-05-19,74.0,11.7,road,50.23,delivered
PO-003040,SUP-005,SKU-00040,WH-SOUTH,2024-05-27,2024-06-01,2024-06-01,78.0,11.7,road,64.33,delivered
PO-003041,SUP-005,SKU-00040,WH-SOUTH,2024-06-10,2024-06-15,2024-06-14,88.0,11.7,road,71.29,delivered
PO-003042,SUP-005,SKU-00040,WH-SOUTH,2024-06-24,2024-06-29,2024-06-27,-74.0,11.7,road,51.69,delivered
PO-003043,SUP-005,SKU-00040,WH-SOUTH,2024-07-15,2024-07-20,2024-07-27,84.0,11.7,rail,48.55,delivered
PO-003044,SUP-005,SKU-00040,WH-SOUTH,2024-08-12,2024-08-17,2024-08-17,82.0,11.7,road,,delivered
PO-003045,SUP-005,SKU-00040,WH-SOUTH,2024-09-02,2024-09-07,2024-09-07,80.0,11.7,rail,51.34,delivered
PO-003046,SUP-005,SKU-00040,WH-SOUTH,2024-09-23,2024-09-28,2024-10-06,74.0,11.7,rail,47.16,delivered
PO-003047,SUP-005,SKU-00040,WH-SOUTH,2024-10-21,2024-10-26,2024-10-26,70.0,11.7,rail,42.7,delivered
PO-003048,SUP-005,SKU-00040,WH-SOUTH,2024-11-11,2024-11-13,2024-11-13,75.0,11.7,air,102.63,delivered
PO-003049,SUP-005,SKU-00040,WH-SOUTH,2024-12-02,2024-12-07,2024-12-05,73.0,11.7,road,41.94,delivered
PO-003050,SUP-005,SKU-00040,WH-SOUTH,2024-12-23,2024-12-25,2024-12-31,100.0,11.7,air,152.33,delivered
PO-003051,SUP-005,SKU-00040,WH-SOUTH,2025-01-13,2025-01-15,2025-01-16,70.0,11.7,air,102.71,delivered
PO-003052,SUP-005,SKU-00040,WH-SOUTH,2025-02-03,2025-02-05,2025-02-07,103.0,11.7,air,160.23,delivered
PO-003053,SUP-005,SKU-00040,WH-SOUTH,2025-02-17,2025-02-22,2025-02-19,72.0,11.7,road,51.67,delivered
PO-003054,SUP-005,SKU-00040,WH-SOUTH,2025-03-03,2025-03-08,2025-03-08,76.0,11.7,road,58.48,delivered
PO-003055,SUP-005,SKU-00040,WH-SOUTH,2025-03-17,2025-03-22,2025-03-23,73.0,11.7,road,56.87,delivered
PO-003056,SUP-005,SKU-00040,WH-SOUTH,2025-03-31,2025-04-05,2025-04-03,103.0,11.7,road,83.21,delivered
PO-003057,SUP-005,SKU-00040,WH-SOUTH,2025-04-14,2025-04-19,2025-04-20,81.0,11.7,road,61.92,delivered
PO-003058,SUP-005,SKU-00040,WH-SOUTH,2025-04-28,2025-05-03,2025-05-04,74.0,11.7,road,41.7,delivered
PO-003059,SUP-005,SKU-00040,WH-SOUTH,2025-05-12,2025-05-17,2025-05-19,79.0,11.7,road,46.42,delivered
PO-003060,SUP-005,SKU-00040,WH-SOUTH,2025-05-26,2025-05-31,2025-05-30,73.0,11.7,road,43.85,delivered
PO-003061,SUP-005,SKU-00040,WH-SOUTH,2025-06-09,2025-06-14,2025-06-13,80.0,11.7,road,58.9,delivered
PO-003062,SUP-005,SKU-00040,WH-SOUTH,2025-06-23,2025-06-28,2025-07-05,74.0,11.7,road,56.56,delivered
PO-003063,SUP-005,SKU-00040,WH-SOUTH,2025-07-14,2025-07-19,2025-07-19,77.0,11.7,road,59.72,delivered
PO-003064,SUP-005,SKU-00040,WH-SOUTH,2025-07-28,2025-08-02,2025-08-20,77.0,11.7,rail,53.87,delivered
PO-003065,SUP-005,SKU-00040,WH-SOUTH,2025-09-01,2025-09-06,2025-09-03,85.0,11.7,road,60.86,delivered
PO-003066,SUP-005,SKU-00040,WH-SOUTH,2025-09-22,2025-09-27,2025-09-27,80.0,11.7,road,56.97,delivered
PO-003067,SUP-005,SKU-00040,WH-SOUTH,2025-10-13,2025-10-18,2025-10-15,82.0,11.7,rail,39.17,delivered
PO-003068,SUP-005,SKU-00040,WH-SOUTH,2025-11-03,2025-11-08,2025-11-10,91.0,11.7,road,57.48,delivered
PO-003069,SUP-005,SKU-00040,WH-SOUTH,2025-11-24,2025-11-29,2025-11-29,83.0,11.7,road,66.29,delivered
PO-003070,SUP-005,SKU-00040,WH-SOUTH,2025-12-15,2025-12-17,2025-12-20,103.0,11.7,air,115.74,delivered
PO-003071,SUP-005,SKU-00040,WH-EU,2024-01-22,2024-01-27,2024-02-02,80.0,11.7,road,60.01,delivered
PO-003072,SUP-005,SKU-00040,WH-EU,2024-02-12,2024-02-17,2024-02-18,59.0,11.7,road,34.73,delivered
PO-003073,SUP-005,SKU-00040,WH-EU,2024-03-04,2024-03-06,2024-03-06,81.0,11.7,air,133.56,delivered
PO-003074,SUP-005,SKU-00040,WH-EU,2024-03-25,2024-03-27,2024-03-29,87.0,11.7,air,120.48,delivered
PO-003075,SUP-005,SKU-00040,WH-EU,2024-04-15,2024-04-17,2024-04-17,81.0,11.7,air,132.15,delivered
PO-003076,SUP-005,SKU-00040,WH-EU,2024-04-29,2024-05-04,2024-05-04,72.0,11.7,rail,35.39,delivered
PO-003077,SUP-005,SKU-00040,WH-EU,2024-05-13,2024-05-18,2024-05-15,71.0,11.7,road,58.13,delivered
PO-003078,SUP-005,SKU-00040,WH-EU,2024-05-27,2024-06-01,2024-05-30,63.0,11.7,ROAD,37.55,delivered
PO-003079,SUP-005,SKU-00040,WH-EU,2024-06-10,2024-06-15,2024-06-15,70.0,11.7,road,55.75,delivered
PO-003080,SUP-005,SKU-00040,WH-EU,2024-06-24,2024-06-29,2024-06-25,59.0,11.7,rail,28.68,delivered
PO-003081,SUP-005,SKU-00040,WH-EU,2024-07-15,2024-07-20,2024-07-28,74.0,11.7,road,59.17,delivered
PO-003082,SUP-005,SKU-00040,WH-EU,2024-08-12,2024-08-17,2024-08-16,60.0,11.7,road,40.78,delivered
PO-003083,SUP-005,SKU-00040,WH-EU,2024-09-02,2024-09-07,2024-09-07,60.0,11.7,rail,32.72,delivered
PO-003084,SUP-005,SKU-00040,WH-EU,2024-09-30,2024-10-05,2024-10-08,72.0,11.7,rail,45.74,delivered
PO-003085,SUP-005,SKU-00040,WH-EU,2024-10-28,2024-11-02,2024-11-02,75.0,11.7,rail,47.95,delivered
PO-003086,SUP-005,SKU-00040,WH-EU,2024-11-18,2024-11-23,2024-11-23,65.0,11.7,road,40.69,delivered
PO-003087,SUP-005,SKU-00040,WH-EU,2024-12-09,2024-12-11,2024-12-10,79.0,11.7,air,101.44,delivered
PO-003088,SUP-005,SKU-00040,WH-EU,2024-12-30,2025-01-01,2025-01-01,80.0,11.7,air,105.56,delivered
PO-003089,SUP-005,SKU-00040,WH-EU,2025-01-13,2025-01-18,2025-01-17,58.0,11.7,road,35.24,delivered
PO-003090,SUP-005,SKU-00040,WH-EU,2025-01-27,2025-02-01,2025-02-02,69.0,11.7,rail,34.85,delivered
PO-003091,SUP-005,SKU-00040,WH-EU,2025-02-10,2025-02-15,2025-02-14,58.0,11.7,road,46.86,delivered
PO-003092,SUP-005,SKU-00040,WH-EU,2025-02-24,2025-03-01,2025-02-28,-78.0,11.7,road,57.36,delivered
PO-003093,SUP-005,SKU-00040,WH-EU,2025-03-10,2025-03-15,2025-03-16,75.0,11.7,road,43.99,delivered
PO-003094,SUP-005,SKU-00040,WH-EU,2025-03-24,2025-03-29,2025-03-29,82.0,11.7,road,67.83,delivered
PO-003095,SUP-005,SKU-00040,WH-EU,2025-04-14,2025-04-19,2025-04-25,87.0,11.7,road,67.68,delivered
PO-003096,SUP-005,SKU-00040,WH-EU,2025-05-05,2025-05-07,2025-05-08,63.0,11.7,air,98.53,delivered
PO-003097,SUP-005,SKU-00040,WH-EU,2025-05-19,2025-05-24,2025-05-22,78.0,11.7,road,53.31,delivered
PO-003098,SUP-005,SKU-00040,WH-EU,2025-06-02,2025-06-07,2025-06-08,81.0,11.7,road,55.51,delivered
PO-003099,SUP-005,SKU-00040,WH-EU,2025-06-23,2025-06-25,2025-06-26,87.0,11.7,air,111.68,delivered
PO-003100,SUP-005,SKU-00040,WH-EU,2025-07-07,2025-07-12,2025-07-10,57.0,11.7,rail,27.64,delivered
PO-003101,SUP-005,SKU-00040,WH-EU,2025-07-28,2025-08-02,2025-08-02,75.0,11.7,rail,48.31,delivered
PO-003102,SUP-005,SKU-00040,WH-EU,2025-08-11,2025-08-16,2025-08-13,57.0,11.7,road,46.78,delivered
PO-003103,SUP-005,SKU-00040,WH-EU,2025-09-01,2025-09-03,2025-09-02,78.0,11.7,air,129.19,delivered
PO-003104,SUP-005,SKU-00040,WH-EU,2025-09-22,2025-09-27,2025-10-02,74.0,11.7,road,54.2,delivered
PO-003105,SUP-005,SKU-00040,WH-EU,2025-10-20,2025-10-25,2025-10-26,65.0,11.7,road,38.08,delivered
PO-003106,SUP-005,SKU-00040,WH-EU,2025-11-10,2025-11-15,2025-11-12,65.0,11.7,road,52.81,delivered
PO-003107,SUP-005,SKU-00040,WH-EU,2025-12-01,2025-12-06,2025-12-07,75.0,11.7,road,55.2,delivered
PO-003108,SUP-005,SKU-00040,WH-EU,2025-12-22,2025-12-27,2025-12-26,75.0,11.7,rail,37.01,delivered
PO-003109,SUP-005,SKU-00040,WH-APAC,2024-01-22,2024-01-24,2024-01-25,99.0,11.7,air,121.99,delivered
PO-003110,SUP-005,SKU-00040,WH-APAC,2024-02-12,2024-02-17,2024-02-16,88.0,11.7,road,70.87,delivered
PO-003111,SUP-005,SKU-00040,WH-APAC,2024-02-26,2024-03-02,2024-03-11,68.0,11.7,rail,32.95,delivered
PO-003112,SUP-005,SKU-00040,WH-APAC,2024-03-18,2024-03-23,2024-03-23,73.0,11.7,road,46.92,delivered
PO-003113,SUP-005,SKU-00040,WH-APAC,2024-04-01,2024-04-06,2024-04-08,76.0,11.7,road,43.43,delivered
PO-003114,SUP-005,SKU-00040,WH-APAC,2024-04-22,2024-04-24,2024-04-24,95.0,11.7,air,114.41,delivered
PO-003115,SUP-005,SKU-00040,WH-APAC,2024-05-06,2024-05-08,2024-05-07,84.0,11.7,air,97.9,delivered
PO-003116,SUP-005,SKU-00040,WH-APAC,2024-05-20,2024-05-25,2024-06-04,83.0,11.7,road,59.08,delivered
PO-003117,SUP-005,SKU-00040,WH-APAC,2024-06-17,2024-06-19,2024-06-19,102.0,11.7,air,159.1,delivered
PO-003118,SUP-005,SKU-00040,WH-APAC,2024-07-08,2024-07-13,2024-07-15,76.0,11.7,rail,44.4,delivered
PO-003119,SUP-005,SKU-00040,WH-APAC,2024-07-29,2024-07-31,2024-08-03,96.0,11.7,air,120.23,delivered
PO-003120,SUP-005,SKU-00040,WH-APAC,2024-08-26,2024-08-31,2024-09-01,82.0,11.7,road,49.49,delivered
PO-003121,SUP-005,SKU-00040,WH-APAC,2024-09-16,2024-09-21,2024-09-20,66.0,11.7,rail,34.93,delivered
PO-003122,SUP-005,SKU-00040,WH-APAC,2024-10-07,2024-10-09,2024-10-12,70.0,11.7,air,82.09,delivered
PO-003123,SUP-005,SKU-00040,WH-APAC,2024-10-28,2024-11-02,2024-11-02,73.0,11.7,road,55.27,delivered
PO-003124,SUP-005,SKU-00040,WH-APAC,2024-11-18,2024-11-23,2024-11-19,74.0,11.7,road,49.1,delivered
PO-003125,SUP-005,SKU-00040,WH-APAC,2024-12-09,2024-12-14,2024-12-15,82.0,11.7,road,50.99,delivered
PO-003126,SUP-005,SKU-00040,WH-APAC,2024-12-23,2024-12-28,2024-12-24,70.0,11.7,road,40.92,delivered
PO-003127,SUP-005,SKU-00040,WH-APAC,2025-01-13,2025-01-15,2025-01-14,102.0,11.7,air,170.56,delivered
PO-003128,SUP-005,SKU-00040,WH-APAC,2025-01-27,2025-02-01,2025-02-03,76.0,11.7,rail,40.85,delivered
PO-003129,SUP-005,SKU-00040,WH-APAC,2025-02-10,2025-02-15,2025-02-16,75.0,11.7,ROAD,62.25,delivered
PO-003130,SUP-005,SKU-00040,WH-APAC,2025-02-24,2025-03-01,2025-03-03,78.0,11.7,rail,50.15,delivered
PO-003131,SUP-005,SKU-00040,WH-APAC,2025-03-10,2025-03-12,2025-03-12,72.0,11.7,air,106.64,delivered
PO-003132,SUP-005,SKU-00040,WH-APAC,2025-03-24,2025-03-26,2025-03-25,101.0,11.7,air,124.27,delivered
PO-003133,SUP-005,SKU-00040,WH-APAC,2025-04-07,2025-04-12,2025-04-10,87.0,11.7,road,48.89,delivered
PO-003134,SUP-005,SKU-00040,WH-APAC,2025-04-21,2025-04-23,2025-04-23,94.0,11.7,air,157.85,delivered
PO-003135,SUP-005,SKU-00040,WH-APAC,2025-05-05,2025-05-10,2025-05-07,81.0,11.7,road,60.49,delivered
PO-003136,SUP-005,SKU-00040,WH-APAC,2025-05-19,2025-05-24,2025-05-20,81.0,11.7,road,58.25,delivered
PO-003137,SUP-005,SKU-00040,WH-APAC,2025-06-02,2025-06-07,2025-06-12,66.0,11.7,road,39.5,delivered
PO-003138,SUP-005,SKU-00040,WH-APAC,2025-06-23,2025-06-25,2025-06-26,89.0,11.7,air,110.13,delivered
PO-003139,SUP-005,SKU-00040,WH-APAC,2025-07-07,2025-07-12,2025-07-14,67.0,11.7,rail,33.18,delivered
PO-003140,SUP-005,SKU-00040,WH-APAC,2025-07-21,2025-07-26,2025-07-31,73.0,11.7,road,53.79,delivered
PO-003141,SUP-005,SKU-00040,WH-APAC,2025-08-11,2025-08-13,2025-08-13,95.0,11.7,air,142.48,delivered
PO-003142,SUP-005,SKU-00040,WH-APAC,2025-09-01,2025-09-06,2025-09-04,87.0,11.7,rail,56.06,delivered
PO-003143,SUP-005,SKU-00040,WH-APAC,2025-09-22,2025-09-24,2025-09-23,84.0,11.7,air,111.88,delivered
PO-003144,SUP-005,SKU-00040,WH-APAC,2025-10-13,2025-10-18,2025-10-16,74.0,11.7,rail,45.04,delivered
PO-003145,SUP-005,SKU-00040,WH-APAC,2025-11-03,2025-11-08,2025-11-10,80.0,11.7,road,51.21,delivered
PO-003146,SUP-005,SKU-00040,WH-APAC,2025-11-24,2025-11-26,2025-11-26,91.0,11.7,air,116.68,delivered
PO-003147,SUP-005,SKU-00040,WH-APAC,2025-12-15,2025-12-20,2025-12-21,86.0,11.7,road,49.88,delivered
PO-003148,SUP-004,SKU-00041,WH-EU,2024-01-15,2024-02-11,2024-02-13,1987.0,7.96,ocean,720.06,delivered
PO-003149,SUP-004,SKU-00041,WH-EU,2024-01-29,2024-02-20,2024-02-25,1781.0,7.96,rail,813.66,delivered
PO-003150,SUP-004,SKU-00041,WH-EU,2024-02-19,2024-03-17,2024-03-16,1679.0,7.96,ocean,473.77,delivered
PO-003151,SUP-004,SKU-00041,WH-EU,2024-03-11,2024-04-07,2024-04-09,2352.0,7.96,ocean,786.17,delivered
PO-003152,SUP-004,SKU-00041,WH-EU,2024-04-01,2024-04-10,2024-04-11,2223.0,7.96,air,2069.29,delivered
PO-003153,SUP-004,SKU-00041,WH-EU,2024-04-29,2024-05-26,2024-05-18,2417.0,7.96,ocean,832.0,delivered
PO-003154,SUP-004,SKU-00041,WH-EU,2024-05-20,2024-06-16,2024-06-16,2312.0,7.96,ocean,694.67,delivered
PO-003155,SUP-004,SKU-00041,WH-EU,2024-06-03,2024-06-23,2024-06-21,1884.0,7.96,road,744.26,delivered
PO-003156,SUP-004,SKU-00041,WH-EU,2024-06-24,2024-07-03,2024-07-04,1826.0,7.96,air,1909.49,delivered
PO-003157,SUP-004,SKU-00041,WH-EU,2024-07-08,2024-08-04,2024-08-03,1676.0,7.96,OCEAN,617.97,delivered
PO-003158,SUP-004,SKU-00041,WH-EU,2024-07-29,2024-08-20,2024-08-23,2475.0,7.96,rail,1016.15,delivered
PO-003159,SUP-004,SKU-00041,WH-EU,2024-08-12,2024-08-21,2024-08-25,1902.0,7.96,air,1664.86,delivered
PO-003160,SUP-004,SKU-00041,WH-EU,2024-09-02,2024-09-11,2024-09-12,1947.0,7.96,air,2077.89,delivered
PO-003161,SUP-004,SKU-00041,WH-EU,2024-09-16,2024-09-25,2024-09-26,2067.0,7.96,air,1781.42,delivered
PO-003162,SUP-004,SKU-00041,WH-EU,2024-09-30,2024-10-09,2024-10-08,2115.0,7.96,air,2010.22,delivered
PO-003163,SUP-004,SKU-00041,WH-EU,2024-10-14,2024-10-23,2024-10-22,2576.0,7.96,air,2361.82,delivered
PO-003164,SUP-004,SKU-00041,WH-EU,2024-10-28,2024-11-06,2024-11-06,2589.0,7.96,air,2775.81,delivered
PO-003165,SUP-004,SKU-00041,WH-EU,2024-11-11,2024-12-01,2024-12-02,2067.0,7.96,road,1080.0,delivered
PO-003166,SUP-004,SKU-00041,WH-EU,2024-11-25,2024-12-22,2024-12-18,2012.0,7.96,ocean,652.88,delivered
PO-003167,SUP-004,SKU-00041,WH-EU,2024-12-09,2025-01-05,2025-01-07,1650.0,7.96,ocean,451.74,delivered
PO-003168,SUP-004,SKU-00041,WH-EU,2024-12-23,2025-01-01,2025-01-02,2418.0,7.96,air,2413.88,delivered
PO-003169,SUP-004,SKU-00041,WH-EU,2025-01-13,2025-02-04,2025-02-03,2094.0,7.96,rail,730.63,delivered
PO-003170,SUP-004,SKU-00041,WH-EU,2025-01-27,2025-02-18,2025-02-19,1654.0,7.96,rail,641.11,delivered
PO-003171,SUP-004,SKU-00041,WH-EU,2025-02-10,2025-03-02,2025-03-08,2010.0,7.96,road,905.81,delivered
PO-003172,SUP-004,SKU-00041,WH-EU,2025-03-03,2025-03-12,2025-03-10,2239.0,7.96,air,2164.03,delivered
PO-003173,SUP-004,SKU-00041,WH-EU,2025-03-24,2025-04-20,2025-04-22,2148.0,7.96,ocean,621.24,delivered
PO-003174,SUP-004,SKU-00041,WH-EU,2025-04-14,2025-04-23,2025-04-24,2303.0,7.96,air,2607.76,delivered
PO-003175,SUP-004,SKU-00041,WH-EU,2025-05-12,2025-06-08,2025-06-03,2394.0,7.96,ocean,695.49,delivered
PO-003176,SUP-004,SKU-00041,WH-EU,2025-06-02,2025-06-11,2025-06-11,2257.0,7.96,air,2034.97,delivered
PO-003177,SUP-004,SKU-00041,WH-EU,2025-06-16,2025-07-13,2025-07-10,1746.0,7.96,ocean,464.2,delivered
PO-003178,SUP-004,SKU-00041,WH-EU,2025-06-30,2025-07-09,2025-07-09,1660.0,7.96,air,1586.76,delivered
PO-003179,SUP-004,SKU-00041,WH-EU,2025-07-14,2025-08-10,2025-08-10,1713.0,7.96,ocean,468.57,delivered
PO-003180,SUP-004,SKU-00041,WH-EU,2025-07-28,2025-08-24,2025-08-27,1720.0,7.96,ocean,490.69,delivered
PO-003181,SUP-004,SKU-00041,WH-EU,2025-08-18,2025-09-14,2025-09-27,2352.0,7.96,ocean,690.45,delivered
PO-003182,SUP-004,SKU-00041,WH-EU,2025-09-08,2025-09-17,2025-09-14,2299.0,7.96,air,2349.84,delivered
PO-003183,SUP-004,SKU-00041,WH-EU,2025-09-29,2025-10-26,2025-10-28,2182.0,7.96,ocean,606.21,delivered
PO-003184,SUP-004,SKU-00041,WH-EU,2025-10-13,2025-11-09,2025-11-09,1991.0,7.96,ocean,657.88,delivered
PO-003185,SUP-004,SKU-00041,WH-EU,2025-11-10,2025-12-02,2025-12-03,2485.0,7.96,RAIL,1121.67,delivered
PO-003186,SUP-004,SKU-00041,WH-EU,2025-11-24,2025-12-03,2025-12-03,1981.0,7.96,air,1753.06,delivered
PO-003187,SUP-004,SKU-00041,WH-EU,2025-12-15,2026-01-11,,2421.0,7.96,ocean,658.48,open
PO-003188,SUP-004,SKU-00041,WH-APAC,2024-01-15,2024-02-06,2024-02-09,1883.0,7.96,rail,667.58,delivered
PO-003189,SUP-004,SKU-00041,WH-APAC,2024-01-29,2024-02-25,2024-02-20,1753.0,7.96,ocean,582.24,delivered
PO-003190,SUP-004,SKU-00041,WH-APAC,2024-02-19,2024-03-12,2024-03-10,2099.0,7.96,rail,798.58,delivered
PO-003191,SUP-004,SKU-00041,WH-APAC,2024-03-11,2024-03-20,2024-03-21,2225.0,7.96,air,1796.43,delivered
PO-003192,SUP-004,SKU-00041,WH-APAC,2024-04-01,2024-04-28,2024-04-27,2154.0,7.96,ocean,794.41,delivered
PO-003193,SUP-004,SKU-00041,WH-APAC,2024-04-15,2024-04-24,2024-04-22,1608.0,7.96,air,1677.49,delivered
PO-003194,SUP-004,SKU-00041,WH-APAC,2024-05-06,2024-06-02,2024-06-08,2106.0,7.96,ocean,714.59,delivered
PO-003195,SUP-004,SKU-00041,WH-APAC,2024-05-27,2024-06-05,2024-06-06,2362.0,7.96,air,2180.46,delivered
PO-003196,SUP-004,SKU-00041,WH-APAC,2024-06-24,2024-07-21,2024-07-26,2397.0,7.96,ocean,905.74,delivered
PO-003197,SUP-004,SKU-00041,WH-APAC,2024-07-08,2024-07-28,2024-07-24,1611.0,7.96,road,851.11,delivered
PO-003198,SUP-004,SKU-00041,WH-APAC,2024-08-05,2024-09-01,2024-09-01,2070.0,7.96,ocean,753.46,delivered
PO-003199,SUP-004,SKU-00041,WH-APAC,2024-08-19,2024-08-28,2024-08-27,2214.0,7.96,air,2331.42,delivered
PO-003200,SUP-004,SKU-00041,WH-APAC,2024-09-09,2024-10-06,2024-10-06,2003.0,7.96,ocean,577.8,delivered
PO-003201,SUP-004,SKU-00041,WH-APAC,2024-09-23,2024-10-20,2024-10-25,2152.0,7.96,ocean,739.41,delivered
PO-003202,SUP-004,SKU-00041,WH-APAC,2024-10-14,2024-11-10,2024-11-10,1740.0,7.96,ocean,611.52,delivered
PO-003203,SUP-004,SKU-00041,WH-APAC,2024-11-04,2024-11-13,2024-11-12,2130.0,7.96,AIR,2391.53,delivered
PO-003204,SUP-004,SKU-00041,WH-APAC,2024-11-18,2024-11-27,2024-12-03,1842.0,7.96,air,1439.04,delivered
PO-003205,SUP-004,SKU-00041,WH-APAC,2024-12-02,2024-12-22,2024-12-21,1862.0,7.96,road,741.96,delivered
PO-003206,SUP-004,SKU-00041,WH-APAC,2024-12-16,2025-01-12,2025-01-17,1651.0,7.96,ocean,539.59,delivered
PO-003207,SUP-004,SKU-00041,WH-APAC,2024-12-30,2025-01-21,2025-01-28,2496.0,7.96,rail,890.01,delivered
PO-003208,SUP-004,SKU-00041,WH-APAC,2025-02-03,2025-03-02,2025-03-02,2639.0,7.96,ocean,891.38,delivered
PO-003209,SUP-004,SKU-00041,WH-APAC,2025-02-17,2025-02-26,2025-02-25,1689.0,7.96,air,1290.98,delivered
PO-003210,SUP-004,SKU-00041,WH-APAC,2025-03-17,2025-03-26,2025-03-26,2327.0,7.96,air,1850.37,delivered
PO-003211,SUP-004,SKU-00041,WH-APAC,2025-04-07,2025-05-04,2025-05-06,2088.0,7.96,ocean,608.91,delivered
PO-003212,SUP-004,SKU-00041,WH-APAC,2025-04-28,2025-05-25,2025-05-31,2141.0,7.96,ocean,698.48,delivered
PO-003213,SUP-004,SKU-00041,WH-APAC,2025-05-19,2025-06-10,2025-06-09,1714.0,7.96,rail,680.78,delivered
PO-003214,SUP-004,SKU-00041,WH-APAC,2025-06-09,2025-06-18,2025-06-19,1768.0,7.96,air,1468.19,delivered
PO-003215,SUP-004,SKU-00041,WH-APAC,2025-06-23,2025-07-02,2025-07-01,1621.0,7.96,air,1480.7,delivered
PO-003216,SUP-004,SKU-00041,WH-APAC,2025-07-07,2025-08-03,2025-08-03,1704.0,7.96,ocean,603.04,delivered
PO-003217,SUP-004,SKU-00041,WH-APAC,2025-07-21,2025-07-30,2025-07-30,1622.0,7.96,air,1265.64,delivered
PO-003218,SUP-004,SKU-00041,WH-APAC,2025-08-04,2025-08-26,2025-08-20,1775.0,7.96,rail,813.75,delivered
PO-003219,SUP-004,SKU-00041,WH-APAC,2025-08-18,2025-09-09,2025-09-13,1744.0,7.96,rail,616.73,delivered
PO-003220,SUP-004,SKU-00041,WH-APAC,2025-09-01,2025-09-23,2025-09-17,1983.0,7.96,rail,813.21,delivered
PO-003221,SUP-004,SKU-00041,WH-APAC,2025-09-22,2025-10-14,2025-10-10,2008.0,7.96,rail,738.24,delivered
PO-003222,SUP-004,SKU-00041,WH-APAC,2025-10-06,2025-10-26,2025-10-27,1900.0,7.96,road,948.02,delivered
PO-003223,SUP-004,SKU-00041,WH-APAC,2025-10-20,2025-10-29,2025-10-27,2003.0,7.96,air,1718.8,delivered
PO-003224,SUP-004,SKU-00041,WH-APAC,2025-11-03,2025-11-30,2025-12-03,1747.0,7.96,ocean,537.2,delivered
PO-003225,SUP-004,SKU-00041,WH-APAC,2025-11-17,2025-12-09,2025-12-06,1914.0,7.96,rail,826.69,delivered
PO-003226,SUP-004,SKU-00041,WH-APAC,2025-12-08,2025-12-17,2025-12-19,1630.0,7.96,air,1819.17,delivered
PO-003227,SUP-004,SKU-00041,WH-APAC,2025-12-22,2026-01-18,,1865.0,7.96,ocean,505.97,open
PO-003228,SUP-010,SKU-00042,WH-EAST,2024-01-15,2024-01-25,2024-01-24,85.0,8.91,air,103.86,delivered
PO-003229,SUP-010,SKU-00042,WH-EAST,2024-01-29,2024-02-28,2024-03-01,78.0,8.91,ocean,24.59,delivered
PO-003230,SUP-010,SKU-00042,WH-EAST,2024-02-19,2024-03-20,2024-03-21,109.0,8.91,ocean,37.23,delivered
PO-003231,SUP-010,SKU-00042,WH-EAST,2024-03-11,2024-04-02,2024-04-10,94.0,8.91,road,41.32,delivered
PO-003232,SUP-010,SKU-00042,WH-EAST,2024-04-01,2024-05-01,2024-05-02,75.0,8.91,ocean,24.42,delivered
PO-003233,SUP-010,SKU-00042,WH-EAST,2024-04-22,2024-05-22,2024-05-21,103.0,8.91,ocean,38.46,delivered
PO-003234,SUP-010,SKU-00042,WH-EAST,2024-05-13,2024-06-12,2024-06-03,101.0,8.91,ocean,32.06,delivered
PO-003235,SUP-010,SKU-00042,WH-EAST,2024-06-03,2024-07-03,2024-06-29,100.0,8.91,ocean,35.54,delivered
PO-003236,SUP-010,SKU-00042,WH-EAST,2024-06-17,2024-06-27,2024-06-28,112.0,8.91,air,132.83,delivered
PO-003237,SUP-010,SKU-00042,WH-EAST,2024-07-15,2024-08-14,2024-08-01,110.0,8.91,ocean,33.35,delivered
PO-003238,SUP-010,SKU-00042,WH-EAST,2024-07-29,2024-08-28,2024-08-28,96.0,8.91,ocean,33.19,delivered
PO-003239,SUP-010,SKU-00042,WH-EAST,2024-08-12,2024-09-06,2024-09-09,94.0,8.91,rail,47.2,delivered
PO-003240,SUP-010,SKU-00042,WH-EAST,2024-09-02,2024-10-02,2024-09-29,81.0,8.91,ocean,26.15,delivered
PO-003241,SUP-010,SKU-00042,WH-EAST,2024-09-16,2024-10-16,2024-10-20,106.0,8.91,ocean,31.07,delivered
PO-003242,SUP-010,SKU-00042,WH-EAST,2024-10-07,2024-11-06,2024-11-03,98.0,8.91,ocean,35.39,delivered
PO-003243,SUP-010,SKU-00042,WH-EAST,2024-10-28,2024-11-07,2024-11-06,84.0,8.91,air,95.29,delivered
PO-003244,SUP-010,SKU-00042,WH-EAST,2024-11-11,2024-12-11,2024-12-10,107.0,8.91,ocean,39.52,delivered
PO-003245,SUP-010,SKU-00042,WH-EAST,2024-11-18,2024-12-13,2024-12-13,101.0,8.91,rail,44.12,delivered
PO-003246,SUP-010,SKU-00042,WH-EAST,2024-12-23,2025-01-22,2025-01-22,116.0,8.91,ocean,42.88,delivered
PO-003247,SUP-010,SKU-00042,WH-EAST,2025-01-06,2025-02-05,2025-02-09,103.0,8.91,ocean,31.56,delivered
PO-003248,SUP-010,SKU-00042,WH-EAST,2025-02-03,2025-02-13,2025-02-13,76.0,8.91,air,,delivered
PO-003249,SUP-010,SKU-00042,WH-EAST,2025-02-17,2025-02-27,2025-02-26,87.0,8.91,air,111.52,delivered
PO-003250,SUP-010,SKU-00042,WH-EAST,2025-03-03,2025-04-02,2025-04-09,82.0,8.91,ocean,24.2,delivered
PO-003251,SUP-010,SKU-00042,WH-EAST,2025-03-17,2025-04-16,2025-04-14,80.0,8.91,ocean,32.19,delivered
PO-003252,SUP-010,SKU-00042,WH-EAST,2025-04-14,2025-05-14,2025-05-11,95.0,8.91,ocean,34.58,delivered
PO-003253,SUP-010,SKU-00042,WH-EAST,2025-04-28,2025-05-23,2025-05-30,79.0,8.91,rail,34.57,delivered
PO-003254,SUP-010,SKU-00042,WH-EAST,2025-05-19,2025-06-13,2025-06-10,104.0,8.91,rail,51.62,delivered
PO-003255,SUP-010,SKU-00042,WH-EAST,2025-06-09,2025-07-09,2025-07-06,106.0,8.91,ocean,35.55,delivered
PO-003256,SUP-010,SKU-00042,WH-EAST,2025-06-23,2025-07-23,2025-07-20,93.0,8.91,ocean,35.29,delivered
PO-003257,SUP-010,SKU-00042,WH-EAST,2025-07-14,2025-08-08,2025-08-13,97.0,8.91,rail,36.91,delivered
PO-003258,SUP-010,SKU-00042,WH-EAST,2025-07-28,2025-08-27,2025-08-29,80.0,8.91,ocean,33.72,delivered
PO-003259,SUP-010,SKU-00042,WH-EAST,2025-08-18,2025-09-17,2025-09-05,82.0,8.91,ocean,30.11,delivered
PO-003260,SUP-010,SKU-00042,WH-EAST,2025-09-01,2025-09-26,2025-09-20,90.0,8.91,rail,37.98,delivered
PO-003261,SUP-010,SKU-00042,WH-EAST,2025-09-15,2025-10-15,2025-10-05,103.0,8.91,ocean,41.64,delivered
PO-003262,SUP-010,SKU-00042,WH-EAST,2025-09-29,2025-10-09,2025-10-10,118.0,8.91,air,144.58,delivered
PO-003263,SUP-010,SKU-00042,WH-EAST,2025-10-20,2025-11-19,2025-11-13,132.0,8.91,ocean,42.13,delivered
PO-003264,SUP-010,SKU-00042,WH-EAST,2025-11-03,2025-12-03,2025-11-26,90.0,8.91,ocean,35.38,delivered
PO-003265,SUP-010,SKU-00042,WH-EAST,2025-11-24,2025-12-04,2025-12-06,132.0,8.91,air,131.32,delivered
PO-003266,SUP-010,SKU-00042,WH-EAST,2025-12-08,2025-12-30,,110.0,8.91,road,53.94,open
PO-003267,SUP-010,SKU-00042,WH-EAST,2025-12-15,2026-01-14,,74.0,8.91,ocean,26.81,open
PO-003268,SUP-008,SKU-00043,WH-WEST,2024-01-22,2024-02-15,2024-03-05,174.0,56.64,ocean,323.5,delivered
PO-003269,SUP-008,SKU-00043,WH-WEST,2024-02-12,2024-03-07,2024-03-24,163.0,56.64,ocean,383.85,delivered
PO-003270,SUP-008,SKU-00043,WH-WEST,2024-03-18,2024-04-04,2024-04-04,145.0,56.64,road,539.86,delivered
PO-003271,SUP-008,SKU-00043,WH-WEST,2024-04-01,2024-04-09,2024-04-13,140.0,56.64,air,978.35,delivered
PO-003272,SUP-008,SKU-00043,WH-WEST,2024-04-15,2024-05-09,2024-05-26,126.0,56.64,ocean,296.79,delivered
PO-003273,SUP-008,SKU-00043,WH-WEST,2024-04-29,2024-05-23,2024-05-28,163.0,56.64,ocean,429.32,delivered
PO-003274,SUP-008,SKU-00043,WH-WEST,2024-06-03,2024-06-20,2024-06-28,159.0,56.64,road,594.17,delivered
PO-003275,SUP-008,SKU-00043,WH-WEST,2024-06-17,2024-06-25,2024-06-20,178.0,56.64,air,1153.07,delivered
PO-003276,SUP-008,SKU-00043,WH-WEST,2024-07-01,2024-07-25,2024-07-31,128.0,56.64,ocean,338.56,delivered
PO-003277,SUP-008,SKU-00043,WH-WEST,2024-07-15,2024-07-23,2024-07-21,208.0,56.64,air,1171.4,delivered
PO-003278,SUP-008,SKU-00043,WH-WEST,2024-07-29,2024-08-22,2024-09-02,143.0,56.64,ocean,347.28,delivered
PO-003279,SUP-008,SKU-00043,WH-WEST,2024-08-12,2024-08-20,2024-08-21,194.0,56.64,air,1485.77,delivered
PO-003280,SUP-008,SKU-00043,WH-WEST,2024-09-02,2024-09-21,2024-09-14,192.0,56.64,rail,478.75,delivered
PO-003281,SUP-008,SKU-00043,WH-WEST,2024-09-09,2024-09-17,2024-09-14,132.0,56.64,air,793.09,delivered
PO-003282,SUP-008,SKU-00043,WH-WEST,2024-09-23,2024-10-17,2024-10-08,170.0,56.64,ocean,374.44,delivered
PO-003283,SUP-008,SKU-00043,WH-WEST,2024-10-07,2024-10-31,2024-10-29,167.0,56.64,ocean,406.11,delivered
PO-003284,SUP-008,SKU-00043,WH-WEST,2024-10-21,2024-10-29,2024-11-06,170.0,56.64,air,1064.89,delivered
PO-003285,SUP-008,SKU-00043,WH-WEST,2024-11-11,2024-12-05,2024-12-01,198.0,56.64,ocean,465.69,delivered
PO-003286,SUP-008,SKU-00043,WH-WEST,2024-11-25,2024-12-03,2024-12-02,139.0,56.64,air,865.32,delivered
PO-003287,SUP-008,SKU-00043,WH-WEST,2024-12-16,2025-01-04,2025-01-03,194.0,56.64,rail,654.87,delivered
PO-003288,SUP-008,SKU-00043,WH-WEST,2024-12-30,2025-01-07,2025-01-08,143.0,56.64,air,784.48,delivered
PO-003289,SUP-008,SKU-00043,WH-WEST,2025-01-13,2025-02-06,2025-02-12,126.0,56.64,ocean,,delivered
PO-003290,SUP-008,SKU-00043,WH-WEST,2025-01-27,2025-02-04,2025-02-05,186.0,56.64,air,1503.48,delivered
PO-003291,SUP-008,SKU-00043,WH-WEST,2025-02-17,2025-03-08,2025-03-11,128.0,56.64,rail,321.99,delivered
PO-003292,SUP-008,SKU-00043,WH-WEST,2025-03-03,2025-03-27,2025-03-26,127.0,56.64,ocean,344.8,delivered
PO-003293,SUP-008,SKU-00043,WH-WEST,2025-03-24,2025-04-10,2025-04-15,184.0,56.64,road,678.73,delivered
PO-003294,SUP-008,SKU-00043,WH-WEST,2025-04-07,2025-04-15,2025-04-14,148.0,56.64,air,1183.08,delivered
PO-003295,SUP-008,SKU-00043,WH-WEST,2025-04-28,2025-05-22,2025-05-28,170.0,56.64,ocean,402.45,delivered
PO-003296,SUP-008,SKU-00043,WH-WEST,2025-05-12,2025-05-20,2025-05-19,167.0,56.64,air,1068.4,delivered
PO-003297,SUP-008,SKU-00043,WH-WEST,2025-06-02,2025-06-26,2025-06-23,217.0,56.64,ocean,410.06,delivered
PO-003298,SUP-008,SKU-00043,WH-WEST,2025-06-23,2025-07-17,2025-07-21,128.0,56.64,ocean,339.24,delivered
PO-003299,SUP-008,SKU-00043,WH-WEST,2025-07-07,2025-07-15,2025-07-16,209.0,56.64,air,1211.93,delivered
PO-003300,SUP-008,SKU-00043,WH-WEST,2025-07-28,2025-08-16,2025-08-15,216.0,56.64,rail,587.95,delivered
PO-003301,SUP-008,SKU-00043,WH-WEST,2025-08-18,2025-09-11,2025-09-08,175.0,56.64,ocean,334.35,delivered
PO-003302,SUP-008,SKU-00043,WH-WEST,2025-08-25,2025-09-02,2025-09-02,132.0,56.64,air,889.75,delivered
PO-003303,SUP-008,SKU-00043,WH-WEST,2025-09-08,2025-10-02,2025-09-30,147.0,56.64,ocean,361.63,delivered
PO-003304,SUP-008,SKU-00043,WH-WEST,2025-09-15,2025-10-09,2025-10-17,137.0,56.64,ocean,329.32,delivered
PO-003305,SUP-008,SKU-00043,WH-WEST,2025-10-06,2025-10-14,2025-10-17,179.0,56.64,air,1222.73,delivered
PO-003306,SUP-008,SKU-00043,WH-WEST,2025-10-27,2025-11-20,2025-11-14,232.0,56.64,ocean,540.85,delivered
PO-003307,SUP-008,SKU-00043,WH-WEST,2025-11-17,2025-12-11,2025-12-02,152.0,56.64,ocean,385.37,delivered
PO-003308,SUP-008,SKU-00043,WH-WEST,2025-12-01,2025-12-25,2025-12-27,165.0,56.64,ocean,409.47,delivered
PO-003309,SUP-008,SKU-00043,WH-WEST,2025-12-15,2026-01-01,,172.0,56.64,road,586.0,open
PO-003310,SUP-008,SKU-00043,WH-SOUTH,2024-01-15,2024-01-23,2024-01-21,113.0,56.64,air,736.24,delivered
PO-003311,SUP-008,SKU-00043,WH-SOUTH,2024-02-05,2024-02-24,2024-02-15,132.0,56.64,rail,409.41,delivered
PO-003312,SUP-008,SKU-00043,WH-SOUTH,2024-02-26,2024-03-21,2024-03-21,126.0,56.64,ocean,273.98,delivered
PO-003313,SUP-008,SKU-00043,WH-SOUTH,2024-03-18,2024-03-26,2024-03-27,130.0,56.64,air,930.49,delivered
PO-003314,SUP-008,SKU-00043,WH-SOUTH,2024-04-01,2024-04-09,2024-04-03,131.0,56.64,air,923.11,delivered
PO-003315,SUP-008,SKU-00043,WH-SOUTH,2024-04-15,2024-04-23,2024-04-24,105.0,56.64,air,797.66,delivered
PO-003316,SUP-008,SKU-00043,WH-SOUTH,2024-04-29,2024-05-07,2024-05-06,111.0,56.64,air,842.91,delivered
PO-003317,SUP-008,SKU-00043,WH-SOUTH,2024-05-13,2024-05-21,2024-05-19,140.0,56.64,air,909.5,delivered
PO-003318,SUP-008,SKU-00043,WH-SOUTH,2024-05-27,2024-06-04,2024-06-07,145.0,56.64,air,1029.22,delivered
PO-003319,SUP-008,SKU-00043,WH-SOUTH,2024-06-03,2024-06-11,2024-06-12,97.0,56.64,air,779.21,delivered
PO-003320,SUP-008,SKU-00043,WH-SOUTH,2024-06-17,2024-07-11,2024-07-11,105.0,56.64,ocean,195.25,delivered
PO-003321,SUP-008,SKU-00043,WH-SOUTH,2024-07-01,2024-07-09,2024-07-10,159.0,56.64,air,1085.28,delivered
PO-003322,SUP-008,SKU-00043,WH-SOUTH,2024-07-22,2024-08-10,2024-07-28,173.0,56.64,rail,587.28,delivered
PO-003323,SUP-008,SKU-00043,WH-SOUTH,2024-08-05,2024-08-29,2024-08-29,198.0,56.64,ocean,474.06,delivered
PO-003324,SUP-008,SKU-00043,WH-SOUTH,2024-09-02,2024-09-26,2024-10-08,126.0,56.64,ocean,254.66,delivered
PO-003325,SUP-008,SKU-00043,WH-SOUTH,2024-09-16,2024-09-24,2024-09-23,139.0,56.64,air,798.06,delivered
PO-003326,SUP-008,SKU-00043,WH-SOUTH,2024-10-07,2024-10-15,2024-10-18,139.0,56.64,air,1056.43,delivered
PO-003327,SUP-008,SKU-00043,WH-SOUTH,2024-10-21,2024-11-14,2024-11-04,135.0,56.64,ocean,273.06,delivered
PO-003328,SUP-008,SKU-00043,WH-SOUTH,2024-11-04,2024-11-28,2024-12-10,137.0,56.64,ocean,365.04,delivered
PO-003329,SUP-008,SKU-00043,WH-SOUTH,2024-11-18,2024-11-26,2024-11-29,128.0,56.64,air,941.65,delivered
PO-003330,SUP-008,SKU-00043,WH-SOUTH,2024-12-09,2024-12-17,2024-12-14,107.0,56.64,air,591.99,delivered
PO-003331,SUP-008,SKU-00043,WH-SOUTH,2024-12-23,2025-01-09,2025-01-09,119.0,56.64,road,356.42,delivered
PO-003332,SUP-008,SKU-00043,WH-SOUTH,2025-01-06,2025-01-14,2025-01-17,120.0,56.64,air,665.32,delivered
PO-003333,SUP-008,SKU-00043,WH-SOUTH,2025-01-20,2025-02-13,2025-02-09,163.0,56.64,OCEAN,427.17,delivered
PO-003334,SUP-008,SKU-00043,WH-SOUTH,2025-02-03,2025-02-27,2025-03-08,102.0,56.64,ocean,264.06,delivered
PO-003335,SUP-008,SKU-00043,WH-SOUTH,2025-02-24,2025-03-20,2025-03-22,133.0,56.64,OCEAN,343.22,delivered
PO-003336,SUP-008,SKU-00043,WH-SOUTH,2025-03-17,2025-03-25,2025-03-25,103.0,56.64,air,752.35,delivered
PO-003337,SUP-008,SKU-00043,WH-SOUTH,2025-03-31,2025-04-19,2025-04-12,119.0,56.64,rail,346.44,delivered
PO-003338,SUP-008,SKU-00043,WH-SOUTH,2025-04-14,2025-05-08,2025-04-29,135.0,56.64,ocean,309.01,delivered
PO-003339,SUP-008,SKU-00043,WH-SOUTH,2025-04-28,2025-05-06,2025-05-06,124.0,56.64,air,755.45,delivered
PO-003340,SUP-008,SKU-00043,WH-SOUTH,2025-05-12,2025-05-29,2025-05-24,169.0,56.64,road,581.68,delivered
PO-003341,SUP-008,SKU-00043,WH-SOUTH,2025-05-26,2025-06-12,2025-06-19,130.0,56.64,road,458.91,delivered
PO-003342,SUP-008,SKU-00043,WH-SOUTH,2025-06-09,2025-06-17,2025-06-18,135.0,56.64,air,947.73,delivered
PO-003343,SUP-008,SKU-00043,WH-SOUTH,2025-06-30,2025-07-24,2025-07-26,172.0,56.64,ocean,444.43,delivered
PO-003344,SUP-008,SKU-00043,WH-SOUTH,2025-07-28,2025-08-14,2025-08-19,140.0,56.64,road,521.69,delivered
PO-003345,SUP-008,SKU-00043,WH-SOUTH,2025-08-04,2025-08-12,2025-08-12,110.0,56.64,air,697.63,delivered
PO-003346,SUP-008,SKU-00043,WH-SOUTH,2025-08-18,2025-08-26,2025-09-01,125.0,56.64,air,963.24,delivered
PO-003347,SUP-008,SKU-00043,WH-SOUTH,2025-08-25,2025-09-18,2025-09-30,98.0,56.64,ocean,194.97,delivered
PO-003348,SUP-008,SKU-00043,WH-SOUTH,2025-09-08,2025-09-16,2025-09-18,156.0,56.64,air,1251.31,delivered
PO-003349,SUP-008,SKU-00043,WH-SOUTH,2025-09-29,2025-10-23,2025-10-25,167.0,56.64,ocean,386.48,delivered
PO-003350,SUP-008,SKU-00043,WH-SOUTH,2025-10-06,2025-10-14,2025-10-26,98.0,56.64,air,580.94,delivered
PO-003351,SUP-008,SKU-00043,WH-SOUTH,2025-11-03,2025-11-27,2025-12-03,137.0,56.64,ocean,323.52,delivered
PO-003352,SUP-008,SKU-00043,WH-SOUTH,2025-11-10,2025-11-18,2025-11-16,123.0,56.64,air,997.09,delivered
PO-003353,SUP-008,SKU-00043,WH-SOUTH,2025-11-24,2025-12-02,2025-11-30,103.0,56.64,air,795.77,delivered
PO-003354,SUP-008,SKU-00043,WH-SOUTH,2025-12-08,2025-12-25,2025-12-17,133.0,56.64,road,477.09,delivered
PO-003355,SUP-008,SKU-00043,WH-SOUTH,2025-12-22,2026-01-08,,143.0,56.64,road,455.32,open
PO-003356,SUP-008,SKU-00043,WH-APAC,2024-01-15,2024-02-08,2024-02-01,113.0,56.64,ocean,238.21,delivered
PO-003357,SUP-008,SKU-00043,WH-APAC,2024-02-05,2024-02-29,2024-02-20,113.0,56.64,ocean,236.56,delivered
PO-003358,SUP-008,SKU-00043,WH-APAC,2024-02-19,2024-03-14,2024-03-06,105.0,56.64,ocean,224.42,delivered
PO-003359,SUP-008,SKU-00043,WH-APAC,2024-03-04,2024-03-28,2024-03-31,102.0,56.64,ocean,276.91,delivered
PO-003360,SUP-008,SKU-00043,WH-APAC,2024-03-25,2024-04-02,2024-04-01,136.0,56.64,air,841.25,delivered
PO-003361,SUP-008,SKU-00043,WH-APAC,2024-04-08,2024-04-27,2024-05-06,116.0,56.64,rail,279.72,delivered
PO-003362,SUP-008,SKU-00043,WH-APAC,2024-04-22,2024-04-30,2024-04-28,132.0,56.64,air,830.38,delivered
PO-003363,SUP-008,SKU-00043,WH-APAC,2024-05-06,2024-05-30,2024-05-29,107.0,56.64,ocean,272.25,delivered
PO-003364,SUP-008,SKU-00043,WH-APAC,2024-05-20,2024-06-08,2024-06-16,122.0,56.64,rail,393.97,delivered
PO-003365,SUP-008,SKU-00043,WH-APAC,2024-06-03,2024-06-11,2024-06-10,144.0,56.64,air,858.36,delivered
PO-003366,SUP-008,SKU-00043,WH-APAC,2024-06-24,2024-07-18,2024-06-30,151.0,56.64,ocean,282.65,delivered
PO-003367,SUP-008,SKU-00043,WH-APAC,2024-07-08,2024-08-01,2024-08-09,111.0,56.64,ocean,268.71,delivered
PO-003368,SUP-008,SKU-00043,WH-APAC,2024-07-22,2024-07-30,2024-08-02,155.0,56.64,air,1260.35,delivered
PO-003369,SUP-008,SKU-00043,WH-APAC,2024-08-12,2024-08-31,2024-08-31,135.0,56.64,RAIL,363.89,delivered
PO-003370,SUP-008,SKU-00043,WH-APAC,2024-08-19,2024-09-05,2024-09-12,100.0,56.64,road,370.67,delivered
PO-003371,SUP-008,SKU-00043,WH-APAC,2024-09-09,2024-10-03,2024-09-29,136.0,56.64,ocean,348.72,delivered
PO-003372,SUP-008,SKU-00043,WH-APAC,2024-09-16,2024-10-10,2024-10-05,96.0,56.64,ocean,210.84,delivered
PO-003373,SUP-008,SKU-00043,WH-APAC,2024-10-07,2024-10-15,2024-10-17,132.0,56.64,air,958.07,delivered
PO-003374,SUP-008,SKU-00043,WH-APAC,2024-10-21,2024-10-29,2024-10-28,147.0,56.64,air,1007.97,delivered
PO-003375,SUP-008,SKU-00043,WH-APAC,2024-11-04,2024-11-23,2024-12-01,129.0,56.64,rail,390.73,delivered
PO-003376,SUP-008,SKU-00043,WH-APAC,2024-11-18,2024-12-12,2024-12-12,137.0,56.64,ocean,276.44,delivered
PO-003377,SUP-008,SKU-00043,WH-APAC,2024-12-16,2024-12-24,2024-12-25,167.0,56.64,air,1226.55,delivered
PO-003378,SUP-008,SKU-00043,WH-APAC,2024-12-30,2025-01-16,2025-01-16,117.0,56.64,road,400.99,delivered
PO-003379,SUP-008,SKU-00043,WH-APAC,2025-01-20,2025-02-08,2025-02-06,168.0,56.64,rail,414.83,delivered
PO-003380,SUP-008,SKU-00043,WH-APAC,2025-02-03,2025-02-11,2025-02-12,98.0,56.64,air,755.03,delivered
PO-003381,SUP-008,SKU-00043,WH-APAC,2025-02-17,2025-02-25,2025-02-24,105.0,56.64,air,846.56,delivered
PO-003382,SUP-008,SKU-00043,WH-APAC,2025-03-03,2025-03-27,2025-04-01,112.0,56.64,ocean,248.74,delivered
PO-003383,SUP-008,SKU-00043,WH-APAC,2025-03-17,2025-03-25,2025-03-23,116.0,56.64,air,944.32,delivered
PO-003384,SUP-008,SKU-00043,WH-APAC,2025-03-31,2025-04-08,2025-04-05,132.0,56.64,air,946.24,delivered
PO-003385,SUP-008,SKU-00043,WH-APAC,2025-04-14,2025-05-03,2025-04-28,101.0,56.64,rail,298.98,delivered
PO-003386,SUP-008,SKU-00043,WH-APAC,2025-04-28,2025-05-22,2025-05-15,153.0,56.64,ocean,383.17,delivered
PO-003387,SUP-008,SKU-00043,WH-APAC,2025-05-12,2025-06-05,2025-05-31,106.0,56.64,ocean,238.64,delivered
PO-003388,SUP-008,SKU-00043,WH-APAC,2025-05-26,2025-06-03,2025-05-28,136.0,56.64,air,958.64,delivered
PO-003389,SUP-008,SKU-00043,WH-APAC,2025-06-09,2025-07-03,2025-07-01,172.0,56.64,ocean,375.63,delivered
PO-003390,SUP-008,SKU-00043,WH-APAC,2025-07-07,2025-07-24,2025-07-18,180.0,56.64,road,553.8,delivered
PO-003391,SUP-008,SKU-00043,WH-APAC,2025-07-21,2025-07-29,2025-08-02,157.0,56.64,air,901.66,delivered
PO-003392,SUP-008,SKU-00043,WH-APAC,2025-07-28,2025-08-05,2025-08-03,109.0,56.64,air,699.71,delivered
PO-003393,SUP-008,SKU-00043,WH-APAC,2025-08-11,2025-08-28,2025-08-23,105.0,56.64,road,388.54,delivered
PO-003394,SUP-008,SKU-00043,WH-APAC,2025-08-18,2025-09-11,2025-09-10,106.0,56.64,ocean,200.29,delivered
PO-003395,SUP-008,SKU-00043,WH-APAC,2025-09-01,2025-09-20,2025-09-12,145.0,56.64,rail,435.21,delivered
PO-003396,SUP-008,SKU-00043,WH-APAC,2025-09-15,2025-10-04,2025-09-27,124.0,56.64,rail,380.89,delivered
PO-003397,SUP-008,SKU-00043,WH-APAC,2025-09-29,2025-10-23,2025-10-27,175.0,56.64,ocean,445.78,delivered
PO-003398,SUP-008,SKU-00043,WH-APAC,2025-10-27,2025-11-04,2025-11-04,108.0,56.64,air,720.13,delivered
PO-003399,SUP-008,SKU-00043,WH-APAC,2025-11-03,2025-11-11,2025-11-08,137.0,56.64,air,1071.93,delivered
PO-003400,SUP-008,SKU-00043,WH-APAC,2025-11-17,2025-11-25,2025-11-25,172.0,56.64,air,1071.81,delivered
PO-003401,SUP-008,SKU-00043,WH-APAC,2025-12-01,2025-12-20,2025-12-24,137.0,56.64,rail,455.56,delivered
PO-003402,SUP-008,SKU-00043,WH-APAC,2025-12-15,2026-01-08,,129.0,56.64,ocean,287.76,open
PO-003403,SUP-006,SKU-00044,WH-SOUTH,2024-01-15,2024-02-12,2024-02-15,329.0,25.03,ocean,275.05,delivered
PO-003404,SUP-006,SKU-00044,WH-SOUTH,2024-01-29,2024-02-26,2024-02-24,282.0,25.03,ocean,292.32,delivered
PO-003405,SUP-006,SKU-00044,WH-SOUTH,2024-02-26,2024-03-25,2024-04-01,365.0,25.03,ocean,353.22,delivered
PO-003406,SUP-006,SKU-00044,WH-SOUTH,2024-03-11,2024-04-08,2024-04-08,259.0,25.03,ocean,266.63,delivered
PO-003407,SUP-006,SKU-00044,WH-SOUTH,2024-04-08,2024-05-06,2024-05-05,304.0,25.03,ocean,341.72,delivered
PO-003408,SUP-006,SKU-00044,WH-SOUTH,2024-04-29,2024-05-27,2024-05-26,275.0,25.03,ocean,224.71,delivered
PO-003409,SUP-006,SKU-00044,WH-SOUTH,2024-05-27,2024-06-24,2024-06-18,331.0,25.03,ocean,367.58,delivered
PO-003410,SUP-006,SKU-00044,WH-SOUTH,2024-06-17,2024-07-15,2024-07-05,259.0,25.03,ocean,256.66,delivered
PO-003411,SUP-006,SKU-00044,WH-SOUTH,2024-07-08,2024-08-05,2024-08-19,288.0,25.03,ocean,338.13,delivered
PO-003412,SUP-006,SKU-00044,WH-SOUTH,2024-07-29,2024-08-19,2024-08-19,349.0,25.03,road,533.76,delivered
PO-003413,SUP-006,SKU-00044,WH-SOUTH,2024-08-26,2024-09-23,2024-09-25,298.0,25.03,ocean,334.72,delivered
PO-003414,SUP-006,SKU-00044,WH-SOUTH,2024-09-09,2024-09-18,2024-09-21,316.0,25.03,air,875.94,delivered
PO-003415,SUP-006,SKU-00044,WH-SOUTH,2024-09-30,2024-10-28,2024-10-24,385.0,25.03,ocean,333.13,delivered
PO-003416,SUP-006,SKU-00044,WH-SOUTH,2024-10-14,2024-11-04,2024-10-30,390.0,25.03,road,614.56,delivered
PO-003417,SUP-006,SKU-00044,WH-SOUTH,2024-11-04,2024-12-02,2024-12-02,320.0,25.03,ocean,302.64,delivered
PO-003418,SUP-006,SKU-00044,WH-SOUTH,2024-11-18,2024-12-16,2024-12-21,374.0,25.03,ocean,344.24,delivered
PO-003419,SUP-006,SKU-00044,WH-SOUTH,2024-12-09,2024-12-30,2025-01-02,294.0,25.03,road,397.35,delivered
PO-003420,SUP-006,SKU-00044,WH-SOUTH,2024-12-30,2025-01-27,2025-01-25,399.0,25.03,ocean,340.22,delivered
PO-003421,SUP-006,SKU-00044,WH-SOUTH,2025-01-13,2025-01-22,2025-01-22,375.0,25.03,air,1044.26,delivered
PO-003422,SUP-006,SKU-00044,WH-SOUTH,2025-02-03,2025-03-03,2025-03-01,275.0,25.03,ocean,,delivered
PO-003423,SUP-006,SKU-00044,WH-SOUTH,2025-02-17,2025-02-26,2025-02-27,274.0,25.03,air,879.24,delivered
PO-003424,SUP-006,SKU-00044,WH-SOUTH,2025-03-03,2025-03-31,2025-03-26,276.0,25.03,ocean,258.12,delivered
PO-003425,SUP-006,SKU-00044,WH-SOUTH,2025-03-17,2025-04-09,2025-04-06,260.0,25.03,rail,307.24,delivered
PO-003426,SUP-006,SKU-00044,WH-SOUTH,2025-03-31,2025-04-09,2025-04-17,265.0,25.03,air,846.77,delivered
PO-003427,SUP-006,SKU-00044,WH-SOUTH,2025-04-14,2025-04-23,2025-04-25,281.0,25.03,air,676.89,delivered
PO-003428,SUP-006,SKU-00044,WH-SOUTH,2025-05-05,2025-05-14,2025-05-15,298.0,25.03,air,877.3,delivered
PO-003429,SUP-006,SKU-00044,WH-SOUTH,2025-05-26,2025-06-23,2025-06-22,282.0,25.03,ocean,236.09,delivered
PO-003430,SUP-006,SKU-00044,WH-SOUTH,2025-06-16,2025-07-14,2025-07-19,317.0,25.03,ocean,325.36,delivered
PO-003431,SUP-006,SKU-00044,WH-SOUTH,2025-07-07,2025-08-04,2025-08-15,317.0,25.03,ocean,260.22,delivered
PO-003432,SUP-006,SKU-00044,WH-SOUTH,2025-07-28,2025-08-25,2025-08-21,309.0,25.03,ocean,323.82,delivered
PO-003433,SUP-006,SKU-00044,WH-SOUTH,2025-08-25,2025-09-17,2025-09-18,386.0,25.03,rail,562.48,delivered
PO-003434,SUP-006,SKU-00044,WH-SOUTH,2025-09-08,2025-09-17,2025-09-17,272.0,25.03,air,714.94,delivered
PO-003435,SUP-006,SKU-00044,WH-SOUTH,2025-09-29,2025-10-27,2025-10-25,449.0,25.03,ocean,409.24,delivered
PO-003436,SUP-006,SKU-00044,WH-SOUTH,2025-10-13,2025-11-10,2025-11-14,326.0,25.03,ocean,375.62,delivered
PO-003437,SUP-006,SKU-00044,WH-SOUTH,2025-11-03,2025-12-01,2025-12-02,273.0,25.03,ocean,233.66,delivered
PO-003438,SUP-006,SKU-00044,WH-SOUTH,2025-11-17,2025-12-08,2025-12-07,282.0,25.03,road,495.23,delivered
PO-003439,SUP-006,SKU-00044,WH-SOUTH,2025-12-08,2025-12-31,,409.0,25.03,rail,482.14,open
PO-003440,SUP-006,SKU-00044,WH-SOUTH,2025-12-22,2025-12-31,,359.0,25.03,air,1269.18,open
PO-003441,SUP-004,SKU-00045,WH-WEST,2024-01-22,2024-02-18,2024-02-27,287.0,8.52,ocean,111.17,delivered
PO-003442,SUP-004,SKU-00045,WH-WEST,2024-02-12,2024-03-05,2024-03-02,293.0,8.52,rail,103.57,delivered
PO-003443,SUP-004,SKU-00045,WH-WEST,2024-03-18,2024-04-14,2024-04-05,275.0,8.52,ocean,95.07,delivered
PO-003444,SUP-004,SKU-00045,WH-WEST,2024-04-01,2024-04-10,2024-04-10,224.0,8.52,air,222.28,delivered
PO-003445,SUP-004,SKU-00045,WH-WEST,2024-04-22,2024-05-19,2024-05-23,311.0,8.52,ocean,125.99,delivered
PO-003446,SUP-004,SKU-00045,WH-WEST,2024-05-06,2024-05-15,2024-05-17,251.0,8.52,air,206.83,delivered
PO-003447,SUP-004,SKU-00045,WH-WEST,2024-05-27,2024-06-23,2024-06-28,211.0,8.52,ocean,76.7,delivered
PO-003448,SUP-004,SKU-00045,WH-WEST,2024-06-17,2024-07-14,2024-07-09,275.0,8.52,ocean,101.32,delivered
PO-003449,SUP-004,SKU-00045,WH-WEST,2024-07-08,2024-08-04,2024-07-31,271.0,8.52,ocean,104.01,delivered
PO-003450,SUP-004,SKU-00045,WH-WEST,2024-07-22,2024-08-18,2024-08-19,214.0,8.52,ocean,62.94,delivered
PO-003451,SUP-004,SKU-00045,WH-WEST,2024-08-05,2024-09-01,2024-08-29,195.0,8.52,ocean,56.19,delivered
PO-003452,SUP-004,SKU-00045,WH-WEST,2024-08-19,2024-08-28,2024-09-01,202.0,8.52,air,241.94,delivered
PO-003453,SUP-004,SKU-00045,WH-WEST,2024-09-02,2024-09-22,2024-09-25,240.0,8.52,road,103.17,delivered
PO-003454,SUP-004,SKU-00045,WH-WEST,2024-09-16,2024-10-13,2024-10-14,229.0,8.52,ocean,75.08,delivered
PO-003455,SUP-004,SKU-00045,WH-WEST,2024-09-30,2024-10-27,2024-10-22,290.0,8.52,ocean,87.35,delivered
PO-003456,SUP-004,SKU-00045,WH-WEST,2024-10-21,2024-11-17,2024-11-13,231.0,8.52,ocean,81.02,delivered
PO-003457,SUP-004,SKU-00045,WH-WEST,2024-11-04,2024-11-13,2024-11-15,292.0,8.52,air,342.27,delivered
PO-003458,SUP-004,SKU-00045,WH-WEST,2024-11-25,2024-12-22,2024-12-29,273.0,8.52,ocean,86.22,delivered
PO-003459,SUP-004,SKU-00045,WH-WEST,2024-12-09,2025-01-05,2025-01-12,212.0,8.52,ocean,59.21,delivered
PO-003460,SUP-004,SKU-00045,WH-WEST,2025-01-13,2025-02-09,2025-02-06,308.0,8.52,ocean,112.35,delivered
PO-003461,SUP-004,SKU-00045,WH-WEST,2025-01-27,2025-02-05,2025-02-03,225.0,8.52,air,246.42,delivered
PO-003462,SUP-004,SKU-00045,WH-WEST,2025-02-10,2025-03-04,2025-03-09,224.0,8.52,rail,112.58,delivered
PO-003463,SUP-004,SKU-00045,WH-WEST,2025-02-24,2025-03-05,2025-03-04,292.0,8.52,air,353.55,delivered
PO-003464,SUP-004,SKU-00045,WH-WEST,2025-03-17,2025-04-06,2025-04-05,302.0,8.52,road,174.1,delivered
PO-003465,SUP-004,SKU-00045,WH-WEST,2025-03-31,2025-04-22,2025-04-20,203.0,8.52,rail,102.7,delivered
PO-003466,SUP-004,SKU-00045,WH-WEST,2025-04-14,2025-04-23,2025-04-23,214.0,8.52,air,242.44,delivered
PO-003467,SUP-004,SKU-00045,WH-WEST,2025-04-28,2025-05-25,2025-05-23,225.0,8.52,ocean,78.54,delivered
PO-003468,SUP-004,SKU-00045,WH-WEST,2025-05-12,2025-06-08,2025-06-04,268.0,8.52,ocean,79.6,delivered
PO-003469,SUP-004,SKU-00045,WH-WEST,2025-06-02,2025-06-29,2025-07-03,295.0,8.52,ocean,82.09,delivered
PO-003470,SUP-004,SKU-00045,WH-WEST,2025-06-09,2025-06-18,2025-06-28,237.0,8.52,air,196.45,delivered
PO-003471,SUP-004,SKU-00045,WH-WEST,2025-07-07,2025-08-03,2025-08-05,251.0,8.52,ocean,79.06,delivered
PO-003472,SUP-004,SKU-00045,WH-WEST,2025-07-21,2025-08-17,2025-08-13,254.0,8.52,ocean,76.25,delivered
PO-003473,SUP-004,SKU-00045,WH-WEST,2025-08-11,2025-09-07,2025-08-30,223.0,8.52,ocean,69.83,delivered
PO-003474,SUP-004,SKU-00045,WH-WEST,2025-08-25,2025-09-03,2025-08-30,304.0,8.52,air,340.34,delivered
PO-003475,SUP-004,SKU-00045,WH-WEST,2025-09-08,2025-10-05,2025-10-08,248.0,8.52,ocean,67.86,delivered
PO-003476,SUP-004,SKU-00045,WH-WEST,2025-09-22,2025-10-19,2025-10-21,271.0,8.52,ocean,99.01,delivered
PO-003477,SUP-004,SKU-00045,WH-WEST,2025-10-20,2025-10-29,2025-10-28,312.0,8.52,air,345.17,delivered
PO-003478,SUP-004,SKU-00045,WH-WEST,2025-11-03,2025-11-25,2025-11-29,300.0,8.52,rail,106.95,delivered
PO-003479,SUP-004,SKU-00045,WH-WEST,2025-11-17,2025-11-26,2025-11-25,283.0,8.52,air,284.6,delivered
PO-003480,SUP-004,SKU-00045,WH-WEST,2025-12-08,2025-12-17,2025-12-16,243.0,8.52,air,268.98,delivered
PO-003481,SUP-004,SKU-00045,WH-WEST,2025-12-22,2026-01-18,,232.0,8.52,ocean,67.08,open
PO-003482,SUP-004,SKU-00045,WH-EAST,2024-01-15,2024-02-11,2024-02-17,348.0,8.52,ocean,118.52,delivered
PO-003483,SUP-004,SKU-00045,WH-EAST,2024-02-05,2024-02-14,2024-02-12,391.0,8.52,air,323.44,delivered
PO-003484,SUP-004,SKU-00045,WH-EAST,2024-02-26,2024-03-24,2024-03-26,394.0,8.52,ocean,111.54,delivered
PO-003485,SUP-004,SKU-00045,WH-EAST,2024-03-11,2024-03-20,2024-03-17,290.0,8.52,air,239.09,delivered
PO-003486,SUP-004,SKU-00045,WH-EAST,2024-04-01,2024-04-10,2024-04-10,362.0,8.52,air,321.18,delivered
PO-003487,SUP-004,SKU-00045,WH-EAST,2024-04-22,2024-05-01,2024-04-28,368.0,8.52,air,373.55,delivered
PO-003488,SUP-004,SKU-00045,WH-EAST,2024-05-06,2024-05-15,2024-05-13,283.0,8.52,air,291.12,delivered
PO-003489,SUP-004,SKU-00045,WH-EAST,2024-05-20,2024-06-16,2024-06-18,278.0,8.52,ocean,85.03,delivered
PO-003490,SUP-004,SKU-00045,WH-EAST,2024-06-10,2024-07-07,2024-07-08,421.0,8.52,ocean,117.1,delivered
PO-003491,SUP-004,SKU-00045,WH-EAST,2024-07-01,2024-07-28,2024-07-28,394.0,8.52,ocean,113.93,delivered
PO-003492,SUP-004,SKU-00045,WH-EAST,2024-07-22,2024-08-18,2024-08-10,332.0,8.52,ocean,135.56,delivered
PO-003493,SUP-004,SKU-00045,WH-EAST,2024-08-05,2024-08-14,2024-08-17,292.0,8.52,air,352.14,delivered
PO-003494,SUP-004,SKU-00045,WH-EAST,2024-08-19,2024-09-10,2024-09-19,377.0,8.52,rail,150.97,delivered
PO-003495,SUP-004,SKU-00045,WH-EAST,2024-09-02,2024-09-29,2024-10-06,302.0,8.52,ocean,106.93,delivered
PO-003496,SUP-004,SKU-00045,WH-EAST,2024-09-30,2024-10-09,2024-10-06,404.0,8.52,air,336.38,delivered
PO-003497,SUP-004,SKU-00045,WH-EAST,2024-10-14,2024-10-23,2024-10-23,397.0,8.52,air,406.91,delivered
PO-003498,SUP-004,SKU-00045,WH-EAST,2024-10-28,2024-11-17,2024-11-24,329.0,8.52,road,158.58,delivered
PO-003499,SUP-004,SKU-00045,WH-EAST,2024-11-11,2024-12-03,2024-12-04,335.0,8.52,rail,146.43,delivered
PO-003500,SUP-004,SKU-00045,WH-EAST,2024-12-02,2024-12-11,2024-12-10,443.0,8.52,air,401.93,delivered
PO-003501,SUP-004,SKU-00045,WH-EAST,2024-12-16,2024-12-25,2024-12-27,321.0,8.52,air,337.54,delivered
PO-003502,SUP-004,SKU-00045,WH-EAST,2024-12-30,2025-01-26,2025-01-21,331.0,8.52,ocean,96.54,delivered
PO-003503,SUP-004,SKU-00045,WH-EAST,2025-01-13,2025-01-22,2025-01-18,309.0,8.52,air,281.29,delivered
PO-003504,SUP-004,SKU-00045,WH-EAST,2025-02-03,2025-03-02,2025-02-23,379.0,8.52,ocean,140.1,delivered
PO-003505,SUP-004,SKU-00045,WH-EAST,2025-02-17,2025-03-16,2025-03-22,336.0,8.52,ocean,131.29,delivered
PO-003506,SUP-004,SKU-00045,WH-EAST,2025-03-03,2025-03-23,2025-03-21,339.0,8.52,road,169.5,delivered
PO-003507,SUP-004,SKU-00045,WH-EAST,2025-03-24,2025-04-02,2025-04-08,282.0,8.52,air,315.7,delivered
PO-003508,SUP-004,SKU-00045,WH-EAST,2025-04-07,2025-05-04,2025-05-03,300.0,8.52,ocean,89.6,delivered
PO-003509,SUP-004,SKU-00045,WH-EAST,2025-04-28,2025-05-07,2025-05-09,461.0,8.52,air,443.84,delivered
PO-003510,SUP-004,SKU-00045,WH-EAST,2025-05-12,2025-06-08,2025-06-09,314.0,8.52,ocean,97.94,delivered
PO-003511,SUP-004,SKU-00045,WH-EAST,2025-05-26,2025-06-22,2025-06-23,425.0,8.52,ocean,166.46,delivered
PO-003512,SUP-004,SKU-00045,WH-EAST,2025-06-16,2025-07-13,2025-07-16,294.0,8.52,OCEAN,81.17,delivered
PO-003513,SUP-004,SKU-00045,WH-EAST,2025-06-30,2025-07-09,2025-07-09,312.0,8.52,air,378.97,delivered
PO-003514,SUP-004,SKU-00045,WH-EAST,2025-07-14,2025-08-10,2025-08-12,392.0,8.52,ocean,131.09,delivered
PO-003515,SUP-004,SKU-00045,WH-EAST,2025-07-28,2025-08-06,2025-08-07,366.0,8.52,air,381.67,delivered
PO-003516,SUP-004,SKU-00045,WH-EAST,2025-08-18,2025-09-14,2025-09-13,435.0,8.52,ocean,125.25,delivered
PO-003517,SUP-004,SKU-00045,WH-EAST,2025-09-01,2025-09-10,2025-09-12,323.0,8.52,air,310.07,delivered
PO-003518,SUP-004,SKU-00045,WH-EAST,2025-09-22,2025-10-19,2025-10-20,376.0,8.52,ocean,146.75,delivered
PO-003519,SUP-004,SKU-00045,WH-EAST,2025-10-06,2025-10-28,2025-10-28,355.0,8.52,rail,136.93,delivered
PO-003520,SUP-004,SKU-00045,WH-EAST,2025-10-27,2025-11-05,2025-11-05,340.0,8.52,air,395.31,delivered
PO-003521,SUP-004,SKU-00045,WH-EAST,2025-11-10,2025-12-02,2025-12-15,320.0,8.52,rail,128.1,delivered
PO-003522,SUP-004,SKU-00045,WH-EAST,2025-11-24,2025-12-21,2025-12-24,329.0,8.52,ocean,114.97,delivered
PO-003523,SUP-004,SKU-00045,WH-EAST,2025-12-22,2025-12-31,,376.0,8.52,air,315.74,open
PO-003524,SUP-013,SKU-00046,WH-APAC,2024-01-15,2024-01-31,2024-02-01,185.0,13.89,road,153.1,delivered
PO-003525,SUP-013,SKU-00046,WH-APAC,2024-02-05,2024-02-27,2024-03-04,233.0,13.89,ocean,109.15,delivered
PO-003526,SUP-013,SKU-00046,WH-APAC,2024-02-26,2024-03-04,2024-03-07,239.0,13.89,air,379.49,delivered
PO-003527,SUP-013,SKU-00046,WH-APAC,2024-03-18,2024-04-09,2024-04-12,227.0,13.89,ocean,105.42,delivered
PO-003528,SUP-013,SKU-00046,WH-APAC,2024-04-01,2024-04-08,2024-04-09,222.0,13.89,air,339.68,delivered
PO-003529,SUP-013,SKU-00046,WH-APAC,2024-04-22,2024-05-10,2024-05-13,273.0,13.89,rail,195.7,delivered
PO-003530,SUP-013,SKU-00046,WH-APAC,2024-05-06,2024-05-28,2024-06-05,199.0,13.89,ocean,118.76,delivered
PO-003531,SUP-013,SKU-00046,WH-APAC,2024-05-27,2024-06-03,2024-06-08,273.0,13.89,air,402.66,delivered
PO-003532,SUP-013,SKU-00046,WH-APAC,2024-06-17,2024-07-09,2024-07-03,286.0,13.89,ocean,174.19,delivered
PO-003533,SUP-013,SKU-00046,WH-APAC,2024-07-01,2024-07-08,2024-07-08,186.0,13.89,air,277.36,delivered
PO-003534,SUP-013,SKU-00046,WH-APAC,2024-07-15,2024-08-02,2024-07-28,330.0,13.89,rail,217.87,delivered
PO-003535,SUP-013,SKU-00046,WH-APAC,2024-07-29,2024-08-05,2024-08-04,187.0,13.89,air,330.06,delivered
PO-003536,SUP-013,SKU-00046,WH-APAC,2024-08-12,2024-09-03,2024-09-05,360.0,13.89,ocean,172.74,delivered
PO-003537,SUP-013,SKU-00046,WH-APAC,2024-09-09,2024-09-27,2024-10-09,213.0,13.89,RAIL,121.9,delivered
PO-003538,SUP-013,SKU-00046,WH-APAC,2024-09-23,2024-09-30,2024-09-29,259.0,13.89,air,478.35,delivered
PO-003539,SUP-013,SKU-00046,WH-APAC,2024-10-21,2024-11-12,2024-11-07,293.0,13.89,ocean,154.74,delivered
PO-003540,SUP-013,SKU-00046,WH-APAC,2024-11-11,2024-11-29,2024-12-01,294.0,13.89,rail,204.91,delivered
PO-003541,SUP-013,SKU-00046,WH-APAC,2024-12-02,2024-12-18,2024-12-14,218.0,13.89,road,181.15,delivered
PO-003542,SUP-013,SKU-00046,WH-APAC,2024-12-16,2024-12-23,2024-12-23,205.0,13.89,air,388.59,delivered
PO-003543,SUP-013,SKU-00046,WH-APAC,2024-12-30,2025-01-21,2025-01-04,221.0,13.89,ocean,110.24,delivered
PO-003544,SUP-013,SKU-00046,WH-APAC,2025-01-13,2025-01-31,2025-02-05,194.0,13.89,rail,140.26,delivered
PO-003545,SUP-013,SKU-00046,WH-APAC,2025-02-03,2025-02-10,2025-02-08,278.0,13.89,air,511.58,delivered
PO-003546,SUP-013,SKU-00046,WH-APAC,2025-02-24,2025-03-03,2025-03-05,256.0,13.89,air,496.61,delivered
PO-003547,SUP-013,SKU-00046,WH-APAC,2025-03-10,2025-03-26,2025-04-06,188.0,13.89,road,150.82,delivered
PO-003548,SUP-013,SKU-00046,WH-APAC,2025-03-24,2025-04-15,2025-04-15,203.0,13.89,ocean,132.65,delivered
PO-003549,SUP-013,SKU-00046,WH-APAC,2025-04-14,2025-04-30,2025-05-12,237.0,13.89,road,235.11,delivered
PO-003550,SUP-013,SKU-00046,WH-APAC,2025-04-28,2025-05-05,2025-05-02,235.0,13.89,air,427.42,delivered
PO-003551,SUP-013,SKU-00046,WH-APAC,2025-05-12,2025-05-19,2025-05-20,208.0,13.89,air,386.08,delivered
PO-003552,SUP-013,SKU-00046,WH-APAC,2025-05-26,2025-06-17,2025-06-22,275.0,13.89,ocean,151.51,delivered
PO-003553,SUP-013,SKU-00046,WH-APAC,2025-06-09,2025-06-25,2025-07-01,197.0,13.89,road,171.47,delivered
PO-003554,SUP-013,SKU-00046,WH-APAC,2025-06-30,2025-07-07,2025-07-07,205.0,13.89,air,358.83,delivered
PO-003555,SUP-013,SKU-00046,WH-APAC,2025-07-07,2025-07-14,2025-07-16,191.0,13.89,air,292.38,delivered
PO-003556,SUP-013,SKU-00046,WH-APAC,2025-07-21,2025-07-28,2025-07-29,338.0,13.89,air,546.88,delivered
PO-003557,SUP-013,SKU-00046,WH-APAC,2025-08-04,2025-08-20,2025-08-18,301.0,13.89,road,267.6,delivered
PO-003558,SUP-013,SKU-00046,WH-APAC,2025-08-18,2025-09-09,2025-09-23,198.0,13.89,ocean,104.68,delivered
PO-003559,SUP-013,SKU-00046,WH-APAC,2025-08-25,2025-09-12,2025-09-08,185.0,13.89,rail,135.58,delivered
PO-003560,SUP-013,SKU-00046,WH-APAC,2025-09-15,2025-09-22,2025-09-24,265.0,13.89,air,509.68,delivered
PO-003561,SUP-013,SKU-00046,WH-APAC,2025-09-29,2025-10-06,2025-10-02,203.0,13.89,air,279.84,delivered
PO-003562,SUP-013,SKU-00046,WH-APAC,2025-10-13,2025-11-04,2025-10-23,274.0,13.89,ocean,170.86,delivered
PO-003563,SUP-013,SKU-00046,WH-APAC,2025-10-27,2025-11-14,2025-11-21,240.0,13.89,rail,151.85,delivered
PO-003564,SUP-013,SKU-00046,WH-APAC,2025-11-10,2025-11-17,2025-11-17,232.0,13.89,air,460.68,delivered
PO-003565,SUP-013,SKU-00046,WH-APAC,2025-12-01,2025-12-23,2025-12-27,311.0,13.89,ocean,203.0,delivered
PO-003566,SUP-013,SKU-00046,WH-SOUTH,2024-01-15,2024-02-06,2024-02-14,125.0,13.89,ocean,73.45,delivered
PO-003567,SUP-013,SKU-00046,WH-SOUTH,2024-02-05,2024-02-12,2024-02-13,178.0,13.89,air,257.49,delivered
PO-003568,SUP-013,SKU-00046,WH-SOUTH,2024-02-26,2024-03-15,2024-03-08,141.0,13.89,rail,115.44,delivered
PO-003569,SUP-013,SKU-00046,WH-SOUTH,2024-03-18,2024-04-05,2024-04-13,188.0,13.89,rail,117.34,delivered
PO-003570,SUP-013,SKU-00046,WH-SOUTH,2024-04-01,2024-04-08,2024-04-09,124.0,13.89,air,207.24,delivered
PO-003571,SUP-013,SKU-00046,WH-SOUTH,2024-04-22,2024-05-14,2024-05-25,163.0,13.89,ocean,89.22,delivered
PO-003572,SUP-013,SKU-00046,WH-SOUTH,2024-05-06,2024-05-13,2024-05-14,149.0,13.89,air,215.69,delivered
PO-003573,SUP-013,SKU-00046,WH-SOUTH,2024-05-27,2024-06-18,2024-06-18,194.0,13.89,ocean,88.92,delivered
PO-003574,SUP-013,SKU-00046,WH-SOUTH,2024-06-24,2024-07-10,2024-07-06,230.0,13.89,road,221.43,delivered
PO-003575,SUP-013,SKU-00046,WH-SOUTH,2024-07-08,2024-07-30,2024-08-06,133.0,13.89,ocean,64.4,delivered
PO-003576,SUP-013,SKU-00046,WH-SOUTH,2024-07-22,2024-08-13,2024-08-05,179.0,13.89,ocean,109.61,delivered
PO-003577,SUP-013,SKU-00046,WH-SOUTH,2024-08-12,2024-09-03,2024-09-09,134.0,13.89,ocean,66.24,delivered
PO-003578,SUP-013,SKU-00046,WH-SOUTH,2024-08-26,2024-09-02,2024-09-02,178.0,13.89,air,272.02,delivered
PO-003579,SUP-013,SKU-00046,WH-SOUTH,2024-09-09,2024-09-16,2024-09-12,124.0,13.89,air,190.25,delivered
PO-003580,SUP-013,SKU-00046,WH-SOUTH,2024-09-23,2024-10-15,2024-10-14,218.0,13.89,ocean,110.41,delivered
PO-003581,SUP-013,SKU-00046,WH-SOUTH,2024-10-21,2024-11-12,2024-11-12,205.0,13.89,ocean,111.68,delivered
PO-003582,SUP-013,SKU-00046,WH-SOUTH,2024-11-18,2024-12-10,2024-12-01,186.0,13.89,ocean,95.49,delivered
PO-003583,SUP-013,SKU-00046,WH-SOUTH,2024-12-02,2024-12-24,2025-01-14,141.0,13.89,ocean,64.24,delivered
PO-003584,SUP-013,SKU-00046,WH-SOUTH,2024-12-16,2025-01-07,2025-01-17,143.0,13.89,ocean,83.33,delivered
PO-003585,SUP-013,SKU-00046,WH-SOUTH,2025-01-27,2025-02-18,2025-02-23,157.0,13.89,ocean,97.69,delivered
PO-003586,SUP-013,SKU-00046,WH-SOUTH,2025-02-17,2025-02-24,2025-02-25,155.0,13.89,air,230.91,delivered
PO-003587,SUP-013,SKU-00046,WH-SOUTH,2025-03-10,2025-04-01,2025-04-14,147.0,13.89,ocean,88.06,delivered
PO-003588,SUP-013,SKU-00046,WH-SOUTH,2025-03-24,2025-04-15,2025-04-17,129.0,13.89,ocean,82.94,delivered
PO-003589,SUP-013,SKU-00046,WH-SOUTH,2025-04-21,2025-05-13,2025-04-28,149.0,13.89,ocean,91.96,delivered
PO-003590,SUP-013,SKU-00046,WH-SOUTH,2025-05-05,2025-05-12,2025-05-15,163.0,13.89,air,325.14,delivered
PO-003591,SUP-013,SKU-00046,WH-SOUTH,2025-05-19,2025-06-10,2025-06-09,162.0,13.89,ocean,85.58,delivered
PO-003592,SUP-013,SKU-00046,WH-SOUTH,2025-06-02,2025-06-09,2025-06-11,150.0,13.89,air,266.89,delivered
PO-003593,SUP-013,SKU-00046,WH-SOUTH,2025-06-23,2025-06-30,2025-07-01,213.0,13.89,air,330.4,delivered
PO-003594,SUP-013,SKU-00046,WH-SOUTH,2025-07-07,2025-07-14,2025-07-20,226.0,13.89,air,349.02,delivered
PO-003595,SUP-013,SKU-00046,WH-SOUTH,2025-07-28,2025-08-15,2025-07-29,214.0,13.89,rail,172.34,delivered
PO-003596,SUP-013,SKU-00046,WH-SOUTH,2025-08-11,2025-09-02,2025-08-28,237.0,13.89,ocean,118.15,delivered
PO-003597,SUP-013,SKU-00046,WH-SOUTH,2025-09-01,2025-09-23,2025-09-22,208.0,13.89,ocean,128.39,delivered
PO-003598,SUP-013,SKU-00046,WH-SOUTH,2025-09-29,2025-10-17,2025-10-21,268.0,13.89,rail,203.11,delivered
PO-003599,SUP-013,SKU-00046,WH-SOUTH,2025-10-27,2025-11-03,2025-11-04,136.0,13.89,air,268.12,delivered
PO-003600,SUP-013,SKU-00046,WH-SOUTH,2025-11-10,2025-11-26,2025-12-01,172.0,13.89,road,116.04,delivered
PO-003601,SUP-013,SKU-00046,WH-SOUTH,2025-11-24,2025-12-01,2025-12-03,140.0,13.89,air,268.92,delivered
PO-003602,SUP-013,SKU-00046,WH-SOUTH,2025-12-15,2025-12-22,2025-12-20,161.0,13.89,air,265.72,delivered
PO-003603,SUP-011,SKU-00047,WH-EU,2024-01-22,2024-02-20,2024-02-15,134.0,2.18,ocean,13.76,delivered
PO-003604,SUP-011,SKU-00047,WH-EU,2024-02-12,2024-03-12,2024-02-20,141.0,2.18,ocean,11.19,delivered
PO-003605,SUP-011,SKU-00047,WH-EU,2024-03-04,2024-04-02,2024-03-26,147.0,2.18,ocean,10.4,delivered
PO-003606,SUP-011,SKU-00047,WH-EU,2024-03-18,2024-04-10,2024-04-12,109.0,2.18,rail,11.6,delivered
PO-003607,SUP-011,SKU-00047,WH-EU,2024-04-08,2024-05-01,2024-04-27,160.0,2.18,rail,19.03,delivered
PO-003608,SUP-011,SKU-00047,WH-EU,2024-04-22,2024-05-02,2024-05-05,104.0,2.18,air,23.11,delivered
PO-003609,SUP-011,SKU-00047,WH-EU,2024-05-06,2024-06-04,2024-05-19,100.0,2.18,ocean,8.16,delivered
PO-003610,SUP-011,SKU-00047,WH-EU,2024-05-27,2024-06-06,2024-06-07,148.0,2.18,air,37.77,delivered
PO-003611,SUP-011,SKU-00047,WH-EU,2024-06-17,2024-06-27,2024-06-25,137.0,2.18,air,33.82,delivered
PO-003612,SUP-011,SKU-00047,WH-EU,2024-07-01,2024-07-11,2024-07-16,115.0,2.18,air,30.92,delivered
PO-003613,SUP-011,SKU-00047,WH-EU,2024-07-22,2024-08-20,2024-09-15,110.0,2.18,ocean,11.21,delivered
PO-003614,SUP-011,SKU-00047,WH-EU,2024-08-19,2024-09-17,2024-09-17,130.0,2.18,ocean,11.06,delivered
PO-003615,SUP-011,SKU-00047,WH-EU,2024-09-30,2024-10-23,2024-10-29,107.0,2.18,rail,10.02,delivered
PO-003616,SUP-011,SKU-00047,WH-EU,2024-10-28,2024-11-26,2024-11-07,105.0,2.18,ocean,9.43,delivered
PO-003617,SUP-011,SKU-00047,WH-EU,2024-11-18,2024-12-11,2024-12-06,99.0,2.18,rail,11.35,delivered
PO-003618,SUP-011,SKU-00047,WH-EU,2024-12-16,2025-01-06,2025-01-03,139.0,2.18,road,18.57,delivered
PO-003619,SUP-011,SKU-00047,WH-EU,2025-01-06,2025-02-04,2025-02-03,118.0,2.18,ocean,8.46,delivered
PO-003620,SUP-011,SKU-00047,WH-EU,2025-01-27,2025-02-25,2025-02-21,133.0,2.18,ocean,10.67,delivered
PO-003621,SUP-011,SKU-00047,WH-EU,2025-02-10,2025-03-11,2025-03-21,109.0,2.18,ocean,10.59,delivered
PO-003622,SUP-011,SKU-00047,WH-EU,2025-03-03,2025-03-13,2025-03-12,136.0,2.18,air,38.81,delivered
PO-003623,SUP-011,SKU-00047,WH-EU,2025-03-24,2025-04-22,2025-04-18,142.0,2.18,ocean,13.11,delivered
PO-003624,SUP-011,SKU-00047,WH-EU,2025-04-07,2025-04-17,2025-04-13,139.0,2.18,air,36.64,delivered
PO-003625,SUP-011,SKU-00047,WH-EU,2025-04-28,2025-05-19,2025-05-22,138.0,2.18,road,17.78,delivered
PO-003626,SUP-011,SKU-00047,WH-EU,2025-05-12,2025-06-10,2025-06-02,109.0,2.18,ocean,10.25,delivered
PO-003627,SUP-011,SKU-00047,WH-EU,2025-06-02,2025-06-25,2025-07-01,159.0,2.18,rail,16.92,delivered
PO-003628,SUP-011,SKU-00047,WH-EU,2025-06-16,2025-07-15,2025-07-17,132.0,2.18,ocean,11.91,delivered
PO-003629,SUP-011,SKU-00047,WH-EU,2025-07-21,2025-08-11,2025-08-12,118.0,2.18,road,18.34,delivered
PO-003630,SUP-011,SKU-00047,WH-EU,2025-08-11,2025-09-09,2025-09-24,102.0,2.18,ocean,9.15,delivered
PO-003631,SUP-011,SKU-00047,WH-EU,2025-09-08,2025-10-01,2025-10-07,138.0,2.18,rail,15.97,delivered
PO-003632,SUP-011,SKU-00047,WH-EU,2025-10-06,2025-11-04,2025-10-30,99.0,2.18,ocean,7.06,delivered
PO-003633,SUP-011,SKU-00047,WH-EU,2025-11-03,2025-12-02,2025-11-25,100.0,2.18,ocean,9.31,delivered
PO-003634,SUP-011,SKU-00047,WH-EU,2025-12-01,2025-12-30,2025-12-26,128.0,2.18,ocean,9.51,delivered
PO-003635,SUP-011,SKU-00047,WH-EU,2025-12-22,2026-01-20,,113.0,2.18,ocean,9.53,open
PO-003636,SUP-011,SKU-00047,WH-WEST,2024-01-22,2024-02-20,2024-02-26,121.0,2.18,ocean,12.37,delivered
PO-003637,SUP-011,SKU-00047,WH-WEST,2024-02-12,2024-03-12,2024-03-05,128.0,2.18,ocean,10.42,delivered
PO-003638,SUP-011,SKU-00047,WH-WEST,2024-03-11,2024-04-09,2024-04-18,119.0,2.18,ocean,10.85,delivered
PO-003639,SUP-011,SKU-00047,WH-WEST,2024-03-25,2024-04-23,2024-04-19,90.0,2.18,ocean,9.15,delivered
PO-003640,SUP-011,SKU-00047,WH-WEST,2024-04-29,2024-05-09,2024-05-13,127.0,2.18,air,26.85,delivered
PO-003641,SUP-011,SKU-00047,WH-WEST,2024-05-13,2024-06-11,2024-06-08,98.0,2.18,ocean,9.25,delivered
PO-003642,SUP-011,SKU-00047,WH-WEST,2024-06-03,2024-06-13,2024-06-15,131.0,2.18,air,27.43,delivered
PO-003643,SUP-011,SKU-00047,WH-WEST,2024-06-24,2024-07-04,2024-07-03,124.0,2.18,air,27.04,delivered
PO-003644,SUP-011,SKU-00047,WH-WEST,2024-07-08,2024-07-31,2024-08-04,101.0,2.18,rail,10.4,delivered
PO-003645,SUP-011,SKU-00047,WH-WEST,2024-07-29,2024-08-27,2024-08-17,88.0,2.18,ocean,7.11,delivered
PO-003646,SUP-011,SKU-00047,WH-WEST,2024-08-26,2024-09-16,2024-09-21,109.0,2.18,road,15.81,delivered
PO-003647,SUP-011,SKU-00047,WH-WEST,2024-09-23,2024-10-22,2024-11-16,93.0,2.18,ocean,6.78,delivered
PO-003648,SUP-011,SKU-00047,WH-WEST,2024-10-21,2024-10-31,2024-10-25,93.0,2.18,air,28.77,delivered
PO-003649,SUP-011,SKU-00047,WH-WEST,2024-11-11,2024-12-10,2024-12-08,90.0,2.18,ocean,8.59,delivered
PO-003650,SUP-011,SKU-00047,WH-WEST,2024-12-02,2024-12-31,2024-12-31,89.0,2.18,ocean,8.13,delivered
PO-003651,SUP-011,SKU-00047,WH-WEST,2024-12-23,2025-01-21,2025-01-24,90.0,2.18,OCEAN,8.28,delivered
PO-003652,SUP-011,SKU-00047,WH-WEST,2025-01-13,2025-02-11,2025-02-04,117.0,2.18,ocean,9.04,delivered
PO-003653,SUP-011,SKU-00047,WH-WEST,2025-02-03,2025-02-24,2025-02-21,124.0,2.18,ROAD,14.17,delivered
PO-003654,SUP-011,SKU-00047,WH-WEST,2025-02-17,2025-02-27,2025-02-25,134.0,2.18,air,40.9,delivered
PO-003655,SUP-011,SKU-00047,WH-WEST,2025-03-10,2025-03-20,2025-03-24,114.0,2.18,air,25.57,delivered
PO-003656,SUP-011,SKU-00047,WH-WEST,2025-03-24,2025-04-22,2025-04-20,117.0,2.18,ocean,8.95,delivered
PO-003657,SUP-011,SKU-00047,WH-WEST,2025-04-07,2025-05-06,2025-05-05,113.0,2.18,ocean,10.09,delivered
PO-003658,SUP-011,SKU-00047,WH-WEST,2025-04-28,2025-05-19,2025-05-18,91.0,2.18,road,10.82,delivered
PO-003659,SUP-011,SKU-00047,WH-WEST,2025-05-12,2025-05-22,2025-05-17,98.0,2.18,air,25.73,delivered
PO-003660,SUP-011,SKU-00047,WH-WEST,2025-05-26,2025-06-16,2025-06-22,95.0,2.18,road,12.67,delivered
PO-003661,SUP-011,SKU-00047,WH-WEST,2025-06-09,2025-07-08,2025-07-19,149.0,2.18,ocean,12.54,delivered
PO-003662,SUP-011,SKU-00047,WH-WEST,2025-07-07,2025-08-05,2025-08-04,95.0,2.18,ocean,7.89,delivered
PO-003663,SUP-011,SKU-00047,WH-WEST,2025-08-04,2025-08-27,2025-08-23,88.0,2.18,rail,9.66,delivered
PO-003664,SUP-011,SKU-00047,WH-WEST,2025-09-01,2025-09-30,2025-10-03,127.0,2.18,ocean,11.85,delivered
PO-003665,SUP-011,SKU-00047,WH-WEST,2025-09-29,2025-10-28,2025-11-11,107.0,2.18,ocean,8.98,delivered
PO-003666,SUP-011,SKU-00047,WH-WEST,2025-10-27,2025-11-25,2025-11-21,92.0,2.18,ocean,6.86,delivered
PO-003667,SUP-011,SKU-00047,WH-WEST,2025-11-24,2025-12-23,,103.0,2.18,ocean,7.55,open
PO-003668,SUP-011,SKU-00047,WH-WEST,2025-12-15,2025-12-25,2025-12-25,90.0,2.18,air,24.53,delivered
PO-003669,SUP-009,SKU-00048,WH-SOUTH,2024-01-15,2024-02-12,2024-02-19,17.0,5.55,OCEAN,3.43,delivered
PO-003670,SUP-009,SKU-00048,WH-SOUTH,2024-02-05,2024-02-28,2024-03-02,24.0,5.55,rail,7.17,delivered
PO-003671,SUP-009,SKU-00048,WH-SOUTH,2024-03-04,2024-04-01,2024-03-28,23.0,5.55,ocean,4.71,delivered
PO-003672,SUP-009,SKU-00048,WH-SOUTH,2024-03-18,2024-04-08,2024-04-10,17.0,5.55,road,5.93,delivered
PO-003673,SUP-009,SKU-00048,WH-SOUTH,2024-04-08,2024-05-06,2024-05-08,20.0,5.55,ocean,4.98,delivered
PO-003674,SUP-009,SKU-00048,WH-SOUTH,2024-04-29,2024-05-08,2024-05-06,22.0,5.55,air,14.3,delivered
PO-003675,SUP-009,SKU-00048,WH-SOUTH,2024-05-20,2024-05-29,2024-06-01,23.0,5.55,air,18.11,delivered
PO-003676,SUP-009,SKU-00048,WH-SOUTH,2024-06-03,2024-06-12,2024-06-13,17.0,5.55,air,9.13,delivered
PO-003677,SUP-009,SKU-00048,WH-SOUTH,2024-06-17,2024-07-15,2024-07-17,18.0,5.55,ocean,3.61,delivered
PO-003678,SUP-009,SKU-00048,WH-SOUTH,2024-07-08,2024-07-31,2024-08-16,24.0,5.55,rail,7.94,delivered
PO-003679,SUP-009,SKU-00048,WH-SOUTH,2024-07-29,2024-08-26,2024-09-08,20.0,5.55,ocean,4.84,delivered
PO-003680,SUP-009,SKU-00048,WH-SOUTH,2024-09-02,2024-09-25,2024-09-21,23.0,5.55,rail,5.66,delivered
PO-003681,SUP-009,SKU-00048,WH-SOUTH,2024-09-23,2024-10-21,2024-10-31,25.0,5.55,ocean,6.11,delivered
PO-003682,SUP-009,SKU-00048,WH-SOUTH,2024-10-07,2024-11-04,2024-11-28,18.0,5.55,ocean,4.14,delivered
PO-003683,SUP-009,SKU-00048,WH-SOUTH,2024-11-11,2024-11-20,2024-11-21,20.0,5.55,air,15.01,delivered
PO-003684,SUP-009,SKU-00048,WH-SOUTH,2024-12-02,2024-12-30,2025-01-05,27.0,5.55,ocean,6.89,delivered
PO-003685,SUP-009,SKU-00048,WH-SOUTH,2024-12-16,2024-12-25,2024-12-25,20.0,5.55,air,14.8,delivered
PO-003686,SUP-009,SKU-00048,WH-SOUTH,2025-01-06,2025-02-03,2025-02-24,19.0,5.55,ocean,3.59,delivered
PO-003687,SUP-009,SKU-00048,WH-SOUTH,2025-01-27,2025-02-24,2025-02-23,25.0,5.55,ocean,5.41,delivered
PO-003688,SUP-009,SKU-00048,WH-SOUTH,2025-03-03,2025-03-24,2025-04-13,18.0,5.55,road,5.95,delivered
PO-003689,SUP-009,SKU-00048,WH-SOUTH,2025-03-17,2025-04-09,2025-04-14,17.0,5.55,rail,5.55,delivered
PO-003690,SUP-009,SKU-00048,WH-SOUTH,2025-04-21,2025-05-19,2025-05-30,24.0,5.55,ocean,5.79,delivered
PO-003691,SUP-009,SKU-00048,WH-SOUTH,2025-05-05,2025-05-14,2025-05-15,22.0,5.55,air,15.01,delivered
PO-003692,SUP-009,SKU-00048,WH-SOUTH,2025-05-26,2025-06-23,2025-06-11,19.0,5.55,ocean,4.77,delivered
PO-003693,SUP-009,SKU-00048,WH-SOUTH,2025-06-16,2025-07-14,2025-07-18,28.0,5.55,ocean,6.28,delivered
PO-003694,SUP-009,SKU-00048,WH-SOUTH,2025-07-07,2025-08-04,2025-08-15,20.0,5.55,ocean,4.28,delivered
PO-003695,SUP-009,SKU-00048,WH-SOUTH,2025-08-04,2025-09-01,2025-09-15,20.0,5.55,ocean,4.99,delivered
PO-003696,SUP-009,SKU-00048,WH-SOUTH,2025-08-25,2025-09-22,2025-09-26,21.0,5.55,OCEAN,3.83,delivered
PO-003697,SUP-009,SKU-00048,WH-SOUTH,2025-09-22,2025-10-20,2025-10-02,18.0,5.55,ocean,3.36,delivered
PO-003698,SUP-009,SKU-00048,WH-SOUTH,2025-10-06,2025-11-03,2025-11-03,19.0,5.55,ocean,4.16,delivered
PO-003699,SUP-009,SKU-00048,WH-SOUTH,2025-10-20,2025-11-17,2025-11-28,22.0,5.55,ocean,5.43,delivered
PO-003700,SUP-009,SKU-00048,WH-SOUTH,2025-11-10,2025-12-08,2025-12-15,19.0,5.55,ocean,3.86,delivered
PO-003701,SUP-009,SKU-00048,WH-SOUTH,2025-12-08,2025-12-17,2025-12-10,22.0,5.55,air,13.84,delivered
PO-003702,SUP-009,SKU-00048,WH-SOUTH,2025-12-22,2025-12-31,,21.0,5.55,air,12.25,open
PO-003703,SUP-009,SKU-00048,WH-APAC,2024-01-15,2024-02-12,2024-01-26,22.0,5.55,ocean,5.83,delivered
PO-003704,SUP-009,SKU-00048,WH-APAC,2024-02-05,2024-02-14,2024-02-16,31.0,5.55,air,22.56,delivered
PO-003705,SUP-009,SKU-00048,WH-APAC,2024-02-19,2024-03-18,2024-03-08,25.0,5.55,ocean,6.45,delivered
PO-003706,SUP-009,SKU-00048,WH-APAC,2024-03-04,2024-03-27,2024-03-31,23.0,5.55,rail,5.27,delivered
PO-003707,SUP-009,SKU-00048,WH-APAC,2024-03-18,2024-04-15,2024-04-08,22.0,5.55,ocean,5.05,delivered
PO-003708,SUP-009,SKU-00048,WH-APAC,2024-04-08,2024-05-06,2024-05-11,28.0,5.55,ocean,7.32,delivered
PO-003709,SUP-009,SKU-00048,WH-APAC,2024-04-29,2024-05-08,2024-05-07,30.0,5.55,air,19.74,delivered
PO-003710,SUP-009,SKU-00048,WH-APAC,2024-05-20,2024-06-17,2024-06-27,32.0,5.55,ocean,6.43,delivered
PO-003711,SUP-009,SKU-00048,WH-APAC,2024-06-03,2024-06-26,2024-06-29,22.0,5.55,rail,5.05,delivered
PO-003712,SUP-009,SKU-00048,WH-APAC,2024-07-08,2024-07-31,2024-08-15,31.0,5.55,RAIL,9.86,delivered
PO-003713,SUP-009,SKU-00048,WH-APAC,2024-07-22,2024-08-19,2024-08-12,25.0,5.55,ocean,5.64,delivered
PO-003714,SUP-009,SKU-00048,WH-APAC,2024-08-26,2024-09-23,2024-10-12,32.0,5.55,ocean,5.7,delivered
PO-003715,SUP-009,SKU-00048,WH-APAC,2024-09-16,2024-10-14,2024-10-19,33.0,5.55,ocean,6.42,delivered
PO-003716,SUP-009,SKU-00048,WH-APAC,2024-10-28,2024-11-25,2024-11-12,27.0,5.55,ocean,5.99,delivered
PO-003717,SUP-009,SKU-00048,WH-APAC,2024-11-11,2024-12-09,2024-12-31,25.0,5.55,ocean,6.61,delivered
PO-003718,SUP-009,SKU-00048,WH-APAC,2024-11-25,2024-12-18,2024-12-28,26.0,5.55,rail,6.6,delivered
PO-003719,SUP-009,SKU-00048,WH-APAC,2025-01-06,2025-01-15,2025-01-13,34.0,5.55,air,23.92,delivered
PO-003720,SUP-009,SKU-00048,WH-APAC,2025-01-20,2025-02-17,2025-02-26,26.0,5.55,ocean,4.69,delivered
PO-003721,SUP-009,SKU-00048,WH-APAC,2025-02-03,2025-03-03,2025-02-12,25.0,5.55,ocean,6.66,delivered
PO-003722,SUP-009,SKU-00048,WH-APAC,2025-02-17,2025-03-17,2025-03-21,26.0,5.55,ocean,6.12,delivered
PO-003723,SUP-009,SKU-00048,WH-APAC,2025-03-03,2025-03-31,2025-03-14,22.0,5.55,ocean,5.3,delivered
PO-003724,SUP-009,SKU-00048,WH-APAC,2025-03-17,2025-04-14,2025-04-07,24.0,5.55,ocean,5.19,delivered
PO-003725,SUP-009,SKU-00048,WH-APAC,2025-03-31,2025-04-28,2025-05-18,24.0,5.55,ocean,4.59,delivered
PO-003726,SUP-009,SKU-00048,WH-APAC,2025-04-14,2025-05-12,2025-05-27,23.0,5.55,ocean,4.46,delivered
PO-003727,SUP-009,SKU-00048,WH-APAC,2025-05-19,2025-06-16,2025-06-03,22.0,5.55,ocean,4.65,delivered
PO-003728,SUP-009,SKU-00048,WH-APAC,2025-06-02,2025-06-11,2025-06-07,25.0,5.55,air,19.67,delivered
PO-003729,SUP-009,SKU-00048,WH-APAC,2025-06-16,2025-07-07,2025-07-04,26.0,5.55,road,7.14,delivered
PO-003730,SUP-009,SKU-00048,WH-APAC,2025-06-30,2025-07-28,2025-08-01,27.0,5.55,ocean,5.18,delivered
PO-003731,SUP-009,SKU-00048,WH-APAC,2025-07-14,2025-08-11,2025-08-25,25.0,5.55,ocean,5.42,delivered
PO-003732,SUP-009,SKU-00048,WH-APAC,2025-08-11,2025-08-20,2025-08-19,33.0,5.55,air,20.89,delivered
PO-003733,SUP-009,SKU-00048,WH-APAC,2025-09-01,2025-09-29,2025-10-01,31.0,5.55,ocean,6.89,delivered
PO-003734,SUP-009,SKU-00048,WH-APAC,2025-09-15,2025-10-13,2025-10-17,24.0,5.55,ocean,4.72,delivered
PO-003735,SUP-009,SKU-00048,WH-APAC,2025-10-06,2025-10-15,2025-10-13,23.0,5.55,air,15.12,delivered
PO-003736,SUP-009,SKU-00048,WH-APAC,2025-10-20,2025-10-29,2025-10-27,25.0,5.55,air,16.93,delivered
PO-003737,SUP-009,SKU-00048,WH-APAC,2025-11-03,2025-11-12,2025-11-13,28.0,5.55,air,15.17,delivered
PO-003738,SUP-009,SKU-00048,WH-APAC,2025-11-17,2025-12-15,,28.0,5.55,ocean,6.02,open
PO-003739,SUP-009,SKU-00048,WH-APAC,2025-12-01,2025-12-10,2025-12-10,30.0,5.55,air,21.98,delivered
PO-003740,SUP-009,SKU-00048,WH-APAC,2025-12-22,2025-12-31,,35.0,5.55,air,21.87,open
PO-003741,SUP-009,SKU-00048,WH-EAST,2024-01-22,2024-02-19,2024-03-16,28.0,5.55,ocean,7.19,delivered
PO-003742,SUP-009,SKU-00048,WH-EAST,2024-02-05,2024-03-04,2024-02-29,26.0,5.55,ocean,5.65,delivered
PO-003743,SUP-009,SKU-00048,WH-EAST,2024-03-11,2024-04-08,2024-04-08,22.0,5.55,ocean,5.2,delivered
PO-003744,SUP-009,SKU-00048,WH-EAST,2024-04-01,2024-04-29,2024-05-05,25.0,5.55,ocean,5.32,delivered
PO-003745,SUP-009,SKU-00048,WH-EAST,2024-04-22,2024-05-20,2024-06-08,25.0,5.55,ocean,6.04,delivered
PO-003746,SUP-009,SKU-00048,WH-EAST,2024-05-13,2024-06-10,2024-06-22,-21.0,5.55,ocean,5.08,delivered
PO-003747,SUP-009,SKU-00048,WH-EAST,2024-06-10,2024-07-08,2024-07-06,21.0,5.55,ocean,4.98,delivered
PO-003748,SUP-009,SKU-00048,WH-EAST,2024-06-24,2024-07-17,2024-07-15,22.0,5.55,rail,6.5,delivered
PO-003749,SUP-009,SKU-00048,WH-EAST,2024-07-08,2024-08-05,2024-08-09,22.0,5.55,ocean,5.03,delivered
PO-003750,SUP-009,SKU-00048,WH-EAST,2024-07-29,2024-08-19,2024-08-18,27.0,5.55,road,8.23,delivered
PO-003751,SUP-009,SKU-00048,WH-EAST,2024-08-19,2024-09-09,2024-08-30,28.0,5.55,road,7.57,delivered
PO-003752,SUP-009,SKU-00048,WH-EAST,2024-09-02,2024-09-30,2024-09-19,21.0,5.55,ocean,4.89,delivered
PO-003753,SUP-009,SKU-00048,WH-EAST,2024-09-23,2024-10-21,2024-10-03,29.0,5.55,ocean,5.88,delivered
PO-003754,SUP-009,SKU-00048,WH-EAST,2024-10-14,2024-11-11,2024-10-30,31.0,5.55,ocean,6.78,delivered
PO-003755,SUP-009,SKU-00048,WH-EAST,2024-11-04,2024-11-13,2024-11-17,29.0,5.55,air,21.03,delivered
PO-003756,SUP-009,SKU-00048,WH-EAST,2024-11-25,2024-12-23,2024-12-19,28.0,5.55,ocean,7.4,delivered
PO-003757,SUP-009,SKU-00048,WH-EAST,2024-12-09,2025-01-01,2024-12-25,27.0,5.55,rail,6.19,delivered
PO-003758,SUP-009,SKU-00048,WH-EAST,2024-12-30,2025-01-22,2025-01-18,32.0,5.55,rail,8.53,delivered
PO-003759,SUP-009,SKU-00048,WH-EAST,2025-01-20,2025-02-17,2025-02-14,31.0,5.55,ocean,5.86,delivered
PO-003760,SUP-009,SKU-00048,WH-EAST,2025-02-10,2025-02-19,2025-02-19,30.0,5.55,air,23.2,delivered
PO-003761,SUP-009,SKU-00048,WH-EAST,2025-03-03,2025-03-31,2025-04-07,25.0,5.55,OCEAN,5.38,delivered
PO-003762,SUP-009,SKU-00048,WH-EAST,2025-03-17,2025-03-26,2025-03-31,22.0,5.55,air,16.43,delivered
PO-003763,SUP-009,SKU-00048,WH-EAST,2025-04-07,2025-05-05,2025-05-02,28.0,5.55,ocean,6.28,delivered
PO-003764,SUP-009,SKU-00048,WH-EAST,2025-04-21,2025-05-12,2025-05-03,22.0,5.55,road,8.13,delivered
PO-003765,SUP-009,SKU-00048,WH-EAST,2025-05-12,2025-05-21,2025-05-17,27.0,5.55,air,18.68,delivered
PO-003766,SUP-009,SKU-00048,WH-EAST,2025-06-02,2025-06-11,2025-06-15,28.0,5.55,air,16.65,delivered
PO-003767,SUP-009,SKU-00048,WH-EAST,2025-06-16,2025-06-25,2025-06-30,21.0,5.55,air,16.51,delivered
PO-003768,SUP-009,SKU-00048,WH-EAST,2025-06-30,2025-07-23,2025-07-15,23.0,5.55,rail,7.11,delivered
PO-003769,SUP-009,SKU-00048,WH-EAST,2025-07-21,2025-08-11,2025-07-22,28.0,5.55,road,7.79,delivered
PO-003770,SUP-009,SKU-00048,WH-EAST,2025-08-11,2025-09-08,2025-09-12,31.0,5.55,ocean,6.47,delivered
PO-003771,SUP-009,SKU-00048,WH-EAST,2025-08-25,2025-09-22,2025-09-19,21.0,5.55,ocean,3.93,delivered
PO-003772,SUP-009,SKU-00048,WH-EAST,2025-09-22,2025-10-20,2025-10-26,27.0,5.55,ocean,6.02,delivered
PO-003773,SUP-009,SKU-00048,WH-EAST,2025-10-06,2025-10-29,2025-11-08,23.0,5.55,rail,5.54,delivered
PO-003774,SUP-009,SKU-00048,WH-EAST,2025-11-03,2025-12-01,2025-12-06,25.0,5.55,ocean,5.65,delivered
PO-003775,SUP-009,SKU-00048,WH-EAST,2025-11-17,2025-12-15,2025-12-28,26.0,5.55,ocean,6.7,delivered
PO-003776,SUP-009,SKU-00048,WH-EAST,2025-12-15,2025-12-24,,29.0,5.55,air,19.34,open
PO-003777,SUP-019,SKU-00049,WH-EU,2024-01-22,2024-02-15,2024-03-05,884.0,12.3,ocean,442.28,delivered
PO-003778,SUP-019,SKU-00049,WH-EU,2024-02-05,2024-02-29,2024-03-01,687.0,12.3,ocean,282.98,delivered
PO-003779,SUP-019,SKU-00049,WH-EU,2024-03-11,2024-04-04,2024-03-19,934.0,12.3,ocean,408.77,delivered
PO-003780,SUP-019,SKU-00049,WH-EU,2024-03-25,2024-04-02,2024-04-13,933.0,12.3,air,1646.56,delivered
PO-003781,SUP-019,SKU-00049,WH-EU,2024-04-08,2024-04-16,2024-04-27,928.0,12.3,air,1572.12,delivered
PO-003782,SUP-019,SKU-00049,WH-EU,2024-04-22,2024-04-30,2024-05-01,894.0,12.3,air,1056.43,delivered
PO-003783,SUP-019,SKU-00049,WH-EU,2024-05-06,2024-05-30,2024-05-26,847.0,12.3,ocean,392.36,delivered
PO-003784,SUP-019,SKU-00049,WH-EU,2024-05-20,2024-05-28,2024-05-28,991.0,12.3,air,1247.97,delivered
PO-003785,SUP-019,SKU-00049,WH-EU,2024-06-03,2024-06-22,2024-06-20,866.0,12.3,rail,545.95,delivered
PO-003786,SUP-019,SKU-00049,WH-EU,2024-06-10,2024-07-04,2024-07-04,725.0,12.3,ocean,355.4,delivered
PO-003787,SUP-019,SKU-00049,WH-EU,2024-06-24,2024-07-18,2024-07-13,789.0,12.3,ocean,430.1,delivered
PO-003788,SUP-019,SKU-00049,WH-EU,2024-07-08,2024-07-16,2024-07-13,1107.0,12.3,air,1883.7,delivered
PO-003789,SUP-019,SKU-00049,WH-EU,2024-07-22,2024-08-15,2024-08-09,997.0,12.3,ocean,580.04,delivered
PO-003790,SUP-019,SKU-00049,WH-EU,2024-07-29,2024-08-22,2024-08-19,918.0,12.3,ocean,468.58,delivered
PO-003791,SUP-019,SKU-00049,WH-EU,2024-08-19,2024-08-27,2024-09-04,1119.0,12.3,air,1793.52,delivered
PO-003792,SUP-019,SKU-00049,WH-EU,2024-08-26,2024-09-03,2024-09-01,735.0,12.3,air,1198.69,delivered
PO-003793,SUP-019,SKU-00049,WH-EU,2024-09-09,2024-10-03,2024-10-05,857.0,12.3,ocean,399.97,delivered
PO-003794,SUP-019,SKU-00049,WH-EU,2024-09-23,2024-10-01,2024-09-28,1058.0,12.3,air,1332.57,delivered
PO-003795,SUP-019,SKU-00049,WH-EU,2024-10-07,2024-10-31,2024-10-29,983.0,12.3,ocean,414.99,delivered
PO-003796,SUP-019,SKU-00049,WH-EU,2024-10-14,2024-10-22,2024-10-23,834.0,12.3,air,1098.68,delivered
PO-003797,SUP-019,SKU-00049,WH-EU,2024-11-04,2024-11-28,2024-12-05,1134.0,12.3,ocean,599.26,delivered
PO-003798,SUP-019,SKU-00049,WH-EU,2024-11-18,2024-11-26,2024-11-24,781.0,12.3,air,1356.17,delivered
PO-003799,SUP-019,SKU-00049,WH-EU,2024-12-02,2024-12-10,2024-12-09,781.0,12.3,air,1272.96,delivered
PO-003800,SUP-019,SKU-00049,WH-EU,2024-12-16,2025-01-09,2025-01-05,818.0,12.3,ocean,480.06,delivered
PO-003801,SUP-019,SKU-00049,WH-EU,2024-12-30,2025-01-23,2025-01-24,890.0,12.3,ocean,432.22,delivered
PO-003802,SUP-019,SKU-00049,WH-EU,2025-01-13,2025-02-06,2025-02-04,766.0,12.3,ocean,325.8,delivered
PO-003803,SUP-019,SKU-00049,WH-EU,2025-02-03,2025-02-27,2025-02-25,854.0,12.3,ocean,467.49,delivered
PO-003804,SUP-019,SKU-00049,WH-EU,2025-02-17,2025-03-13,2025-03-26,1061.0,12.3,ocean,578.44,delivered
PO-003805,SUP-019,SKU-00049,WH-EU,2025-03-10,2025-03-18,2025-03-17,854.0,12.3,air,1042.71,delivered
PO-003806,SUP-019,SKU-00049,WH-EU,2025-03-31,2025-04-24,2025-04-26,1192.0,12.3,ocean,678.35,delivered
PO-003807,SUP-019,SKU-00049,WH-EU,2025-04-14,2025-05-08,2025-05-08,723.0,12.3,ocean,426.13,delivered
PO-003808,SUP-019,SKU-00049,WH-EU,2025-05-05,2025-05-23,2025-05-26,992.0,12.3,road,689.34,delivered
PO-003809,SUP-019,SKU-00049,WH-EU,2025-05-12,2025-05-20,2025-05-22,820.0,12.3,air,1113.56,delivered
PO-003810,SUP-019,SKU-00049,WH-EU,2025-06-02,2025-06-10,2025-06-16,1251.0,12.3,air,1664.46,delivered
PO-003811,SUP-019,SKU-00049,WH-EU,2025-06-16,2025-07-05,2025-06-30,795.0,12.3,rail,561.7,delivered
PO-003812,SUP-019,SKU-00049,WH-EU,2025-06-23,2025-07-01,2025-06-29,944.0,12.3,air,1196.29,delivered
PO-003813,SUP-019,SKU-00049,WH-EU,2025-07-07,2025-07-31,2025-07-26,1562.0,12.3,ocean,842.21,delivered
PO-003814,SUP-019,SKU-00049,WH-EU,2025-07-28,2025-08-21,2025-08-11,713.0,12.3,ocean,364.19,delivered
PO-003815,SUP-019,SKU-00049,WH-EU,2025-08-04,2025-08-12,2025-08-13,712.0,12.3,air,1127.78,delivered
PO-003816,SUP-019,SKU-00049,WH-EU,2025-08-18,2025-09-11,2025-09-13,1740.0,12.3,ocean,746.48,delivered
PO-003817,SUP-019,SKU-00049,WH-EU,2025-09-22,2025-10-16,2025-10-19,1552.0,12.3,ocean,796.09,delivered
PO-003818,SUP-019,SKU-00049,WH-EU,2025-10-27,2025-11-15,2025-11-17,1377.0,12.3,rail,719.93,delivered
PO-003819,SUP-019,SKU-00049,WH-EU,2025-11-17,2025-12-11,2025-12-21,701.0,12.3,ocean,335.7,delivered
PO-003820,SUP-019,SKU-00049,WH-EU,2025-12-01,2025-12-19,2025-12-16,936.0,12.3,road,649.58,delivered
PO-003821,SUP-019,SKU-00049,WH-EU,2025-12-22,2025-12-30,,847.0,12.3,air,1105.8,open
PO-003822,SUP-019,SKU-00049,WH-SOUTH,2024-01-22,2024-02-15,2024-02-21,732.0,12.3,OCEAN,343.88,delivered
PO-003823,SUP-019,SKU-00049,WH-SOUTH,2024-02-12,2024-02-20,2024-02-20,772.0,12.3,air,1349.65,delivered
PO-003824,SUP-019,SKU-00049,WH-SOUTH,2024-03-11,2024-04-04,2024-03-29,702.0,12.3,ocean,324.39,delivered
PO-003825,SUP-019,SKU-00049,WH-SOUTH,2024-03-25,2024-04-18,2024-04-19,782.0,12.3,ocean,445.95,delivered
PO-003826,SUP-019,SKU-00049,WH-SOUTH,2024-04-08,2024-05-02,2024-05-08,589.0,12.3,ocean,288.15,delivered
PO-003827,SUP-019,SKU-00049,WH-SOUTH,2024-04-29,2024-05-23,2024-05-21,641.0,12.3,ocean,327.82,delivered
PO-003828,SUP-019,SKU-00049,WH-SOUTH,2024-05-13,2024-06-01,2024-06-01,631.0,12.3,rail,386.91,delivered
PO-003829,SUP-019,SKU-00049,WH-SOUTH,2024-05-27,2024-06-04,2024-06-03,736.0,12.3,air,1069.05,delivered
PO-003830,SUP-019,SKU-00049,WH-SOUTH,2024-06-10,2024-06-29,2024-06-30,776.0,12.3,rail,566.59,delivered
PO-003831,SUP-019,SKU-00049,WH-SOUTH,2024-06-17,2024-06-25,2024-06-23,575.0,12.3,air,953.57,delivered
PO-003832,SUP-019,SKU-00049,WH-SOUTH,2024-07-01,2024-07-20,2024-07-19,818.0,12.3,RAIL,,delivered
PO-003833,SUP-019,SKU-00049,WH-SOUTH,2024-07-08,2024-07-26,2024-07-26,661.0,12.3,road,578.08,delivered
PO-003834,SUP-019,SKU-00049,WH-SOUTH,2024-07-29,2024-08-06,2024-08-05,994.0,12.3,air,1301.26,delivered
PO-003835,SUP-019,SKU-00049,WH-SOUTH,2024-08-05,2024-08-29,2024-08-23,655.0,12.3,ocean,371.32,delivered
PO-003836,SUP-019,SKU-00049,WH-SOUTH,2024-08-12,2024-09-05,2024-09-14,613.0,12.3,ocean,275.35,delivered
PO-003837,SUP-019,SKU-00049,WH-SOUTH,2024-08-26,2024-09-13,2024-09-08,561.0,12.3,road,387.15,delivered
PO-003838,SUP-019,SKU-00049,WH-SOUTH,2024-09-16,2024-10-04,2024-10-03,988.0,12.3,road,619.19,delivered
PO-003839,SUP-019,SKU-00049,WH-SOUTH,2024-10-07,2024-10-25,2024-10-25,838.0,12.3,road,636.89,delivered
PO-003840,SUP-019,SKU-00049,WH-SOUTH,2024-10-21,2024-10-29,2024-11-01,666.0,12.3,air,994.53,delivered
PO-003841,SUP-019,SKU-00049,WH-SOUTH,2024-11-04,2024-11-23,2024-11-18,731.0,12.3,RAIL,504.07,delivered
PO-003842,SUP-019,SKU-00049,WH-SOUTH,2024-11-18,2024-12-12,2024-12-12,774.0,12.3,ocean,433.78,delivered
PO-003843,SUP-019,SKU-00049,WH-SOUTH,2024-12-02,2024-12-10,2024-12-19,730.0,12.3,air,1018.61,delivered
PO-003844,SUP-019,SKU-00049,WH-SOUTH,2024-12-23,2025-01-11,2025-01-13,631.0,12.3,rail,366.06,delivered
PO-003845,SUP-019,SKU-00049,WH-SOUTH,2025-01-06,2025-01-14,2025-01-13,587.0,12.3,air,895.79,delivered
PO-003846,SUP-019,SKU-00049,WH-SOUTH,2025-01-27,2025-02-04,2025-02-01,812.0,12.3,air,1241.48,delivered
PO-003847,SUP-019,SKU-00049,WH-SOUTH,2025-02-10,2025-03-06,2025-03-05,745.0,12.3,ocean,385.75,delivered
PO-003848,SUP-019,SKU-00049,WH-SOUTH,2025-02-24,2025-03-04,2025-03-05,759.0,12.3,air,1076.46,delivered
PO-003849,SUP-019,SKU-00049,WH-SOUTH,2025-03-17,2025-03-25,2025-03-26,818.0,12.3,air,1126.58,delivered
PO-003850,SUP-019,SKU-00049,WH-SOUTH,2025-03-31,2025-04-24,2025-04-25,1046.0,12.3,ocean,521.5,delivered
PO-003851,SUP-019,SKU-00049,WH-SOUTH,2025-04-28,2025-05-17,2025-05-10,732.0,12.3,rail,396.3,delivered
PO-003852,SUP-019,SKU-00049,WH-SOUTH,2025-05-12,2025-06-05,2025-06-08,1004.0,12.3,ocean,467.34,delivered
PO-003853,SUP-019,SKU-00049,WH-SOUTH,2025-06-09,2025-06-17,2025-06-20,756.0,12.3,air,1249.59,delivered
PO-003854,SUP-019,SKU-00049,WH-SOUTH,2025-06-16,2025-06-24,2025-06-25,584.0,12.3,air,1029.64,delivered
PO-003855,SUP-019,SKU-00049,WH-SOUTH,2025-06-30,2025-07-24,2025-07-27,1016.0,12.3,ocean,495.47,delivered
PO-003856,SUP-019,SKU-00049,WH-SOUTH,2025-07-28,2025-08-21,2025-08-21,669.0,12.3,ocean,372.51,delivered
PO-003857,SUP-019,SKU-00049,WH-SOUTH,2025-08-04,2025-08-12,2025-08-18,835.0,12.3,air,1292.18,delivered
PO-003858,SUP-019,SKU-00049,WH-SOUTH,2025-08-25,2025-09-18,2025-09-27,807.0,12.3,ocean,358.05,delivered
PO-003859,SUP-019,SKU-00049,WH-SOUTH,2025-09-01,2025-09-09,2025-09-13,693.0,12.3,air,1003.15,delivered
PO-003860,SUP-019,SKU-00049,WH-SOUTH,2025-09-22,2025-09-30,2025-10-02,697.0,12.3,air,888.68,delivered
PO-003861,SUP-019,SKU-00049,WH-SOUTH,2025-10-06,2025-10-14,2025-10-14,1152.0,12.3,air,1810.37,delivered
PO-003862,SUP-019,SKU-00049,WH-SOUTH,2025-10-20,2025-11-13,2025-11-14,997.0,12.3,ocean,419.65,delivered
PO-003863,SUP-019,SKU-00049,WH-SOUTH,2025-11-17,2025-12-11,2025-12-19,763.0,12.3,ocean,408.67,delivered
PO-003864,SUP-019,SKU-00049,WH-SOUTH,2025-11-24,2025-12-18,2025-12-15,543.0,12.3,ocean,281.92,delivered
PO-003865,SUP-019,SKU-00049,WH-SOUTH,2025-12-22,2025-12-30,,670.0,12.3,air,1101.26,open
PO-003866,SUP-004,SKU-00050,WH-EAST,2024-01-15,2024-01-24,2024-01-22,344.0,6.01,air,282.06,delivered
PO-003867,SUP-004,SKU-00050,WH-EAST,2024-01-29,2024-02-07,2024-02-06,342.0,6.01,air,269.27,delivered
PO-003868,SUP-004,SKU-00050,WH-EAST,2024-02-12,2024-02-21,2024-02-22,402.0,6.01,air,304.8,delivered
PO-003869,SUP-004,SKU-00050,WH-EAST,2024-02-26,2024-03-24,2024-03-22,349.0,6.01,ocean,81.52,delivered
PO-003870,SUP-004,SKU-00050,WH-EAST,2024-03-18,2024-04-14,2024-04-12,442.0,6.01,ocean,103.77,delivered
PO-003871,SUP-004,SKU-00050,WH-EAST,2024-04-08,2024-05-05,2024-05-12,435.0,6.01,ocean,125.23,delivered
PO-003872,SUP-004,SKU-00050,WH-EAST,2024-04-29,2024-05-26,2024-05-20,438.0,6.01,ocean,85.4,delivered
PO-003873,SUP-004,SKU-00050,WH-EAST,2024-05-27,2024-06-05,2024-06-05,430.0,6.01,air,299.13,delivered
PO-003874,SUP-004,SKU-00050,WH-EAST,2024-06-10,2024-07-07,2024-07-04,346.0,6.01,ocean,87.17,delivered
PO-003875,SUP-004,SKU-00050,WH-EAST,2024-07-01,2024-07-28,2024-07-24,459.0,6.01,ocean,110.94,delivered
PO-003876,SUP-004,SKU-00050,WH-EAST,2024-07-15,2024-08-06,2024-08-08,384.0,6.01,rail,131.82,delivered
PO-003877,SUP-004,SKU-00050,WH-EAST,2024-08-05,2024-09-01,2024-09-04,470.0,6.01,ocean,127.71,delivered
PO-003878,SUP-004,SKU-00050,WH-EAST,2024-08-19,2024-08-28,2024-08-31,386.0,6.01,air,317.76,delivered
PO-003879,SUP-004,SKU-00050,WH-EAST,2024-09-09,2024-10-01,2024-10-02,405.0,6.01,rail,107.52,delivered
PO-003880,SUP-004,SKU-00050,WH-EAST,2024-09-23,2024-10-02,2024-09-30,412.0,6.01,air,325.05,delivered
PO-003881,SUP-004,SKU-00050,WH-EAST,2024-10-07,2024-10-29,2024-11-01,376.0,6.01,rail,120.31,delivered
PO-003882,SUP-004,SKU-00050,WH-EAST,2024-10-21,2024-11-12,2024-11-17,396.0,6.01,rail,138.02,delivered
PO-003883,SUP-004,SKU-00050,WH-EAST,2024-11-11,2024-12-03,2024-12-09,490.0,6.01,rail,124.4,delivered
PO-003884,SUP-004,SKU-00050,WH-EAST,2024-11-25,2024-12-17,2024-12-14,352.0,6.01,rail,96.15,delivered
PO-003885,SUP-004,SKU-00050,WH-EAST,2024-12-16,2024-12-25,2024-12-26,367.0,6.01,air,315.57,delivered
PO-003886,SUP-004,SKU-00050,WH-EAST,2024-12-30,2025-01-08,2025-01-08,340.0,6.01,air,215.3,delivered
PO-003887,SUP-004,SKU-00050,WH-EAST,2025-01-13,2025-01-22,2025-01-23,354.0,6.01,air,256.61,delivered
PO-003888,SUP-004,SKU-00050,WH-EAST,2025-02-03,2025-02-12,2025-02-13,525.0,6.01,air,421.18,delivered
PO-003889,SUP-004,SKU-00050,WH-EAST,2025-02-24,2025-03-16,2025-03-18,512.0,6.01,road,153.74,delivered
PO-003890,SUP-004,SKU-00050,WH-EAST,2025-03-10,2025-04-06,2025-04-04,364.0,6.01,ocean,89.86,delivered
PO-003891,SUP-004,SKU-00050,WH-EAST,2025-03-31,2025-04-27,2025-05-01,419.0,6.01,ocean,89.56,delivered
PO-003892,SUP-004,SKU-00050,WH-EAST,2025-04-14,2025-05-11,2025-05-16,335.0,6.01,ocean,71.19,delivered
PO-003893,SUP-004,SKU-00050,WH-EAST,2025-05-05,2025-06-01,2025-05-30,355.0,6.01,ocean,71.72,delivered
PO-003894,SUP-004,SKU-00050,WH-EAST,2025-05-26,2025-06-22,2025-06-21,532.0,6.01,ocean,146.06,delivered
PO-003895,SUP-004,SKU-00050,WH-EAST,2025-06-16,2025-06-25,2025-06-27,442.0,6.01,air,273.04,delivered
PO-003896,SUP-004,SKU-00050,WH-EAST,2025-07-07,2025-07-27,2025-07-27,401.0,6.01,road,128.41,delivered
PO-003897,SUP-004,SKU-00050,WH-EAST,2025-07-21,2025-07-30,2025-07-31,546.0,6.01,air,452.82,delivered
PO-003898,SUP-004,SKU-00050,WH-EAST,2025-08-11,2025-09-07,2025-09-02,408.0,6.01,ocean,107.99,delivered
PO-003899,SUP-004,SKU-00050,WH-EAST,2025-08-25,2025-09-21,2025-09-18,468.0,6.01,ocean,108.71,delivered
PO-003900,SUP-004,SKU-00050,WH-EAST,2025-09-15,2025-09-24,2025-09-23,488.0,6.01,air,353.35,delivered
PO-003901,SUP-004,SKU-00050,WH-EAST,2025-09-29,2025-10-21,2025-10-23,331.0,6.01,rail,108.79,delivered
PO-003902,SUP-004,SKU-00050,WH-EAST,2025-10-13,2025-11-09,2025-11-07,385.0,6.01,ocean,92.82,delivered
PO-003903,SUP-004,SKU-00050,WH-EAST,2025-10-27,2025-11-23,2025-11-27,421.0,6.01,ocean,90.25,delivered
PO-003904,SUP-004,SKU-00050,WH-EAST,2025-11-17,2025-11-26,2025-11-28,540.0,6.01,air,395.77,delivered
PO-003905,SUP-004,SKU-00050,WH-EAST,2025-12-08,2025-12-28,,352.0,6.01,road,112.8,open
PO-003906,SUP-004,SKU-00050,WH-EAST,2025-12-22,2026-01-18,,421.0,6.01,ocean,88.87,open
PO-003907,SUP-006,SKU-00051,WH-EAST,2024-01-15,2024-02-07,2024-02-15,247.0,14.44,rail,185.21,delivered
PO-003908,SUP-006,SKU-00051,WH-EAST,2024-02-05,2024-02-26,2024-02-25,251.0,14.44,road,253.84,delivered
PO-003909,SUP-006,SKU-00051,WH-EAST,2024-02-26,2024-03-25,2024-03-27,194.0,14.44,ocean,132.67,delivered
PO-003910,SUP-006,SKU-00051,WH-EAST,2024-03-11,2024-04-03,2024-04-04,188.0,14.44,rail,132.8,delivered
PO-003911,SUP-006,SKU-00051,WH-EAST,2024-04-01,2024-04-29,2024-04-27,265.0,14.44,ocean,147.18,delivered
PO-003912,SUP-006,SKU-00051,WH-EAST,2024-04-22,2024-05-20,2024-05-22,246.0,14.44,ocean,166.16,delivered
PO-003913,SUP-006,SKU-00051,WH-EAST,2024-05-13,2024-06-10,2024-06-04,217.0,14.44,ocean,119.43,delivered
PO-003914,SUP-006,SKU-00051,WH-EAST,2024-06-03,2024-07-01,2024-06-30,230.0,14.44,ocean,133.03,delivered
PO-003915,SUP-006,SKU-00051,WH-EAST,2024-06-24,2024-07-22,2024-07-23,262.0,14.44,ocean,123.98,delivered
PO-003916,SUP-006,SKU-00051,WH-EAST,2024-07-15,2024-07-24,2024-07-25,254.0,14.44,air,477.97,delivered
PO-003917,SUP-006,SKU-00051,WH-EAST,2024-08-05,2024-08-28,2024-08-30,238.0,14.44,rail,199.22,delivered
PO-003918,SUP-006,SKU-00051,WH-EAST,2024-08-26,2024-09-04,2024-09-06,243.0,14.44,air,472.21,delivered
PO-003919,SUP-006,SKU-00051,WH-EAST,2024-09-16,2024-10-14,2024-10-07,261.0,14.44,ocean,125.26,delivered
PO-003920,SUP-006,SKU-00051,WH-EAST,2024-10-07,2024-11-04,2024-10-31,290.0,14.44,ocean,160.71,delivered
PO-003921,SUP-006,SKU-00051,WH-EAST,2024-10-28,2024-11-06,2024-11-05,241.0,14.44,air,341.45,delivered
PO-003922,SUP-006,SKU-00051,WH-EAST,2024-11-11,2024-11-20,2024-11-20,197.0,14.44,air,295.8,delivered
PO-003923,SUP-006,SKU-00051,WH-EAST,2024-11-25,2024-12-04,2024-12-03,211.0,14.44,air,318.15,delivered
PO-003924,SUP-006,SKU-00051,WH-EAST,2024-12-09,2024-12-18,2024-12-19,198.0,14.44,air,372.79,delivered
PO-003925,SUP-006,SKU-00051,WH-EAST,2024-12-23,2025-01-13,2025-01-05,204.0,14.44,road,189.74,delivered
PO-003926,SUP-006,SKU-00051,WH-EAST,2025-01-06,2025-02-03,2025-02-02,198.0,14.44,ocean,129.99,delivered
PO-003927,SUP-006,SKU-00051,WH-EAST,2025-01-27,2025-02-24,2025-02-19,266.0,14.44,ocean,129.9,delivered
PO-003928,SUP-006,SKU-00051,WH-EAST,2025-02-17,2025-03-17,2025-03-27,260.0,14.44,ocean,,delivered
PO-003929,SUP-006,SKU-00051,WH-EAST,2025-03-10,2025-03-19,2025-03-20,267.0,14.44,air,518.81,delivered
PO-003930,SUP-006,SKU-00051,WH-EAST,2025-03-31,2025-04-23,2025-04-19,203.0,14.44,rail,124.46,delivered
PO-003931,SUP-006,SKU-00051,WH-EAST,2025-04-14,2025-05-07,2025-05-18,197.0,14.44,rail,158.19,delivered
PO-003932,SUP-006,SKU-00051,WH-EAST,2025-05-05,2025-05-14,2025-05-15,270.0,14.44,air,480.5,delivered
PO-003933,SUP-006,SKU-00051,WH-EAST,2025-05-26,2025-06-23,2025-06-26,244.0,14.44,ocean,113.94,delivered
PO-003934,SUP-006,SKU-00051,WH-EAST,2025-06-16,2025-06-25,2025-06-24,291.0,14.44,air,425.74,delivered
PO-003935,SUP-006,SKU-00051,WH-EAST,2025-07-07,2025-07-16,2025-07-18,225.0,14.44,air,389.2,delivered
PO-003936,SUP-006,SKU-00051,WH-EAST,2025-07-21,2025-08-13,2025-08-16,232.0,14.44,rail,183.48,delivered
PO-003937,SUP-006,SKU-00051,WH-EAST,2025-08-04,2025-08-25,2025-08-16,203.0,14.44,road,196.34,delivered
PO-003938,SUP-006,SKU-00051,WH-EAST,2025-08-25,2025-09-15,2025-09-19,300.0,14.44,road,227.52,delivered
PO-003939,SUP-006,SKU-00051,WH-EAST,2025-09-08,2025-09-17,2025-09-16,222.0,14.44,air,311.08,delivered
PO-003940,SUP-006,SKU-00051,WH-EAST,2025-09-29,2025-10-27,2025-10-30,234.0,14.44,ocean,155.66,delivered
PO-003941,SUP-006,SKU-00051,WH-EAST,2025-10-13,2025-11-10,2025-11-12,203.0,14.44,ocean,98.6,delivered
PO-003942,SUP-006,SKU-00051,WH-EAST,2025-11-10,2025-12-08,2025-12-03,300.0,14.44,ocean,161.31,delivered
PO-003943,SUP-006,SKU-00051,WH-EAST,2025-12-01,2025-12-10,2025-12-09,257.0,14.44,air,519.98,delivered
PO-003944,SUP-006,SKU-00051,WH-EAST,2025-12-15,2026-01-12,,226.0,14.44,ocean,152.2,open
PO-003945,SUP-006,SKU-00052,WH-SOUTH,2024-01-15,2024-01-24,2024-01-23,104.0,12.01,air,124.03,delivered
PO-003946,SUP-006,SKU-00052,WH-SOUTH,2024-01-29,2024-02-26,2024-03-06,118.0,12.01,ocean,66.56,delivered
PO-003947,SUP-006,SKU-00052,WH-SOUTH,2024-02-12,2024-03-11,2024-03-02,117.0,12.01,ocean,57.52,delivered
PO-003948,SUP-006,SKU-00052,WH-SOUTH,2024-03-04,2024-03-25,2024-03-29,105.0,12.01,road,62.67,delivered
PO-003949,SUP-006,SKU-00052,WH-SOUTH,2024-03-25,2024-04-22,2024-04-21,126.0,12.01,ocean,62.45,delivered
PO-003950,SUP-006,SKU-00052,WH-SOUTH,2024-04-15,2024-04-24,2024-04-22,117.0,12.01,air,168.32,delivered
PO-003951,SUP-006,SKU-00052,WH-SOUTH,2024-05-06,2024-06-03,2024-06-11,130.0,12.01,ocean,59.13,delivered
PO-003952,SUP-006,SKU-00052,WH-SOUTH,2024-05-27,2024-06-24,2024-06-25,107.0,12.01,ocean,45.37,delivered
PO-003953,SUP-006,SKU-00052,WH-SOUTH,2024-06-17,2024-06-26,2024-06-26,103.0,12.01,air,162.28,delivered
PO-003954,SUP-006,SKU-00052,WH-SOUTH,2024-07-08,2024-08-05,2024-08-04,101.0,12.01,ocean,39.75,delivered
PO-003955,SUP-006,SKU-00052,WH-SOUTH,2024-07-29,2024-08-26,2024-08-25,112.0,12.01,ocean,60.56,delivered
PO-003956,SUP-006,SKU-00052,WH-SOUTH,2024-08-19,2024-09-16,2024-09-16,141.0,12.01,ocean,54.91,delivered
PO-003957,SUP-006,SKU-00052,WH-SOUTH,2024-09-09,2024-09-18,2024-09-18,138.0,12.01,air,174.59,delivered
PO-003958,SUP-006,SKU-00052,WH-SOUTH,2024-09-30,2024-10-28,2024-10-22,129.0,12.01,ocean,52.29,delivered
PO-003959,SUP-006,SKU-00052,WH-SOUTH,2024-10-21,2024-10-30,2024-10-30,161.0,12.01,air,213.01,delivered
PO-003960,SUP-006,SKU-00052,WH-SOUTH,2024-11-04,2024-11-13,2024-11-14,115.0,12.01,air,161.15,delivered
PO-003961,SUP-006,SKU-00052,WH-SOUTH,2024-11-25,2024-12-04,2024-12-03,133.0,12.01,air,217.78,delivered
PO-003962,SUP-006,SKU-00052,WH-SOUTH,2024-12-09,2025-01-06,2025-01-07,100.0,12.01,ocean,52.75,delivered
PO-003963,SUP-006,SKU-00052,WH-SOUTH,2024-12-23,2025-01-01,2025-01-06,114.0,12.01,air,190.82,delivered
PO-003964,SUP-006,SKU-00052,WH-SOUTH,2025-01-06,2025-02-03,2025-01-27,108.0,12.01,ocean,46.88,delivered
PO-003965,SUP-006,SKU-00052,WH-SOUTH,2025-01-20,2025-01-29,2025-01-28,105.0,12.01,air,166.43,delivered
PO-003966,SUP-006,SKU-00052,WH-SOUTH,2025-02-03,2025-03-03,2025-03-06,128.0,12.01,ocean,52.01,delivered
PO-003967,SUP-006,SKU-00052,WH-SOUTH,2025-02-24,2025-03-05,2025-03-04,150.0,12.01,air,182.35,delivered
PO-003968,SUP-006,SKU-00052,WH-SOUTH,2025-03-17,2025-03-26,2025-03-28,119.0,12.01,air,146.51,delivered
PO-003969,SUP-006,SKU-00052,WH-SOUTH,2025-04-07,2025-05-05,2025-05-04,109.0,12.01,ocean,50.92,delivered
PO-003970,SUP-006,SKU-00052,WH-SOUTH,2025-04-28,2025-05-07,2025-05-04,128.0,12.01,air,186.26,delivered
PO-003971,SUP-006,SKU-00052,WH-SOUTH,2025-05-19,2025-06-11,2025-06-11,120.0,12.01,rail,66.71,delivered
PO-003972,SUP-006,SKU-00052,WH-SOUTH,2025-06-09,2025-07-07,2025-07-06,110.0,12.01,ocean,48.91,delivered
PO-003973,SUP-006,SKU-00052,WH-SOUTH,2025-07-07,2025-08-04,2025-08-10,142.0,12.01,ocean,57.19,delivered
PO-003974,SUP-006,SKU-00052,WH-SOUTH,2025-08-04,2025-08-13,2025-08-15,132.0,12.01,air,223.75,delivered
PO-003975,SUP-006,SKU-00052,WH-SOUTH,2025-08-25,2025-09-22,2025-09-18,114.0,12.01,ocean,51.96,delivered
PO-003976,SUP-006,SKU-00052,WH-SOUTH,2025-09-15,2025-10-13,2025-10-07,127.0,12.01,ocean,62.77,delivered
PO-003977,SUP-006,SKU-00052,WH-SOUTH,2025-10-06,2025-11-03,2025-10-30,144.0,12.01,ocean,69.11,delivered
PO-003978,SUP-006,SKU-00052,WH-SOUTH,2025-10-20,2025-10-29,2025-10-28,120.0,12.01,AIR,160.58,delivered
PO-003979,SUP-006,SKU-00052,WH-SOUTH,2025-11-10,2025-12-03,2025-12-01,135.0,12.01,rail,73.03,delivered
PO-003980,SUP-006,SKU-00052,WH-SOUTH,2025-12-01,2025-12-22,2025-12-24,126.0,12.01,road,83.37,delivered
PO-003981,SUP-006,SKU-00052,WH-SOUTH,2025-12-22,2026-01-19,,121.0,12.01,ocean,58.55,open
PO-003982,SUP-006,SKU-00052,WH-APAC,2024-01-15,2024-02-07,2024-02-05,156.0,12.01,rail,106.57,delivered
PO-003983,SUP-006,SKU-00052,WH-APAC,2024-01-29,2024-02-26,2024-03-01,157.0,12.01,ocean,69.43,delivered
PO-003984,SUP-006,SKU-00052,WH-APAC,2024-02-19,2024-03-18,2024-03-15,173.0,12.01,ocean,78.31,delivered
PO-003985,SUP-006,SKU-00052,WH-APAC,2024-03-11,2024-04-08,2024-04-10,187.0,12.01,ocean,91.93,delivered
PO-003986,SUP-006,SKU-00052,WH-APAC,2024-04-01,2024-04-29,2024-05-01,162.0,12.01,ocean,85.53,delivered
PO-003987,SUP-006,SKU-00052,WH-APAC,2024-04-29,2024-05-22,2024-05-20,183.0,12.01,rail,124.78,delivered
PO-003988,SUP-006,SKU-00052,WH-APAC,2024-05-20,2024-06-10,2024-06-08,145.0,12.01,road,88.22,delivered
PO-003989,SUP-006,SKU-00052,WH-APAC,2024-06-10,2024-07-08,2024-07-11,149.0,12.01,ocean,82.97,delivered
PO-003990,SUP-006,SKU-00052,WH-APAC,2024-07-01,2024-07-29,2024-07-25,141.0,12.01,ocean,56.29,delivered
PO-003991,SUP-006,SKU-00052,WH-APAC,2024-07-22,2024-08-19,2024-08-11,161.0,12.01,ocean,92.12,delivered
PO-003992,SUP-006,SKU-00052,WH-APAC,2024-08-12,2024-08-21,2024-08-19,156.0,12.01,air,205.21,delivered
PO-003993,SUP-006,SKU-00052,WH-APAC,2024-09-02,2024-09-30,2024-10-10,148.0,12.01,ocean,72.7,delivered
PO-003994,SUP-006,SKU-00052,WH-APAC,2024-09-23,2024-10-21,2024-10-23,148.0,12.01,ocean,68.81,delivered
PO-003995,SUP-006,SKU-00052,WH-APAC,2024-10-14,2024-10-23,2024-10-26,152.0,12.01,air,178.67,delivered
PO-003996,SUP-006,SKU-00052,WH-APAC,2024-10-28,2024-11-25,2024-11-30,137.0,12.01,ocean,54.86,delivered
PO-003997,SUP-006,SKU-00052,WH-APAC,2024-11-18,2024-12-16,2024-12-18,174.0,12.01,ocean,91.76,delivered
PO-003998,SUP-006,SKU-00052,WH-APAC,2024-12-09,2024-12-18,2024-12-18,186.0,12.01,air,276.42,delivered
PO-003999,SUP-006,SKU-00052,WH-APAC,2024-12-30,2025-01-27,2025-01-27,212.0,12.01,ocean,90.71,delivered
PO-004000,SUP-006,SKU-00052,WH-APAC,2025-01-20,2025-01-29,2025-01-29,177.0,12.01,air,279.42,delivered
PO-004001,SUP-006,SKU-00052,WH-APAC,2025-02-10,2025-03-10,2025-03-07,164.0,12.01,ocean,67.33,delivered
PO-004002,SUP-006,SKU-00052,WH-APAC,2025-03-03,2025-03-31,2025-03-29,145.0,12.01,ocean,59.3,delivered
PO-004003,SUP-006,SKU-00052,WH-APAC,2025-03-31,2025-04-09,2025-04-08,178.0,12.01,air,225.55,delivered
PO-004004,SUP-006,SKU-00052,WH-APAC,2025-04-28,2025-05-26,2025-05-21,174.0,12.01,ocean,92.16,delivered
PO-004005,SUP-006,SKU-00052,WH-APAC,2025-05-26,2025-06-04,2025-06-03,170.0,12.01,air,239.38,delivered
PO-004006,SUP-006,SKU-00052,WH-APAC,2025-06-23,2025-07-21,2025-07-19,156.0,12.01,ocean,79.18,delivered
PO-004007,SUP-006,SKU-00052,WH-APAC,2025-07-21,2025-07-30,2025-07-30,179.0,12.01,air,215.12,delivered
PO-004008,SUP-006,SKU-00052,WH-APAC,2025-08-18,2025-08-27,2025-08-25,149.0,12.01,air,175.02,delivered
PO-004009,SUP-006,SKU-00052,WH-APAC,2025-09-08,2025-09-17,2025-09-17,156.0,12.01,air,217.3,delivered
PO-004010,SUP-006,SKU-00052,WH-APAC,2025-09-29,2025-10-08,2025-10-16,154.0,12.01,air,195.13,delivered
PO-004011,SUP-006,SKU-00052,WH-APAC,2025-10-20,2025-11-17,2025-11-14,156.0,12.01,ocean,84.22,delivered
PO-004012,SUP-006,SKU-00052,WH-APAC,2025-11-10,2025-11-19,2025-11-20,163.0,12.01,air,276.88,delivered
PO-004013,SUP-006,SKU-00052,WH-APAC,2025-12-01,2025-12-29,2025-12-24,140.0,12.01,ocean,55.54,delivered
PO-004014,SUP-006,SKU-00052,WH-APAC,2025-12-22,2026-01-12,,172.0,12.01,road,121.41,open
PO-004015,SUP-022,SKU-00053,WH-EU,2024-01-15,2024-02-02,2024-01-28,818.0,9.45,ocean,345.2,delivered
PO-004016,SUP-022,SKU-00053,WH-EU,2024-02-05,2024-02-20,2024-02-18,949.0,9.45,rail,477.14,delivered
PO-004017,SUP-022,SKU-00053,WH-EU,2024-02-26,2024-03-12,2024-03-19,867.0,9.45,rail,473.33,delivered
PO-004018,SUP-022,SKU-00053,WH-EU,2024-03-25,2024-04-12,2024-04-21,972.0,9.45,ocean,440.78,delivered
PO-004019,SUP-022,SKU-00053,WH-EU,2024-04-22,2024-05-07,2024-05-06,716.0,9.45,rail,349.7,delivered
PO-004020,SUP-022,SKU-00053,WH-EU,2024-05-13,2024-05-26,2024-05-28,984.0,9.45,road,558.24,delivered
PO-004021,SUP-022,SKU-00053,WH-EU,2024-06-03,2024-06-21,2024-06-19,900.0,9.45,ocean,313.96,delivered
PO-004022,SUP-022,SKU-00053,WH-EU,2024-06-24,2024-06-30,2024-06-29,1015.0,9.45,air,968.91,delivered
PO-004023,SUP-022,SKU-00053,WH-EU,2024-07-08,2024-07-14,2024-07-12,701.0,9.45,air,831.81,delivered
PO-004024,SUP-022,SKU-00053,WH-EU,2024-07-22,2024-08-04,2024-08-08,789.0,9.45,road,448.14,delivered
PO-004025,SUP-022,SKU-00053,WH-EU,2024-08-05,2024-08-11,2024-08-14,726.0,9.45,air,686.9,delivered
PO-004026,SUP-022,SKU-00053,WH-EU,2024-08-19,2024-09-06,2024-09-08,910.0,9.45,ocean,403.74,delivered
PO-004027,SUP-022,SKU-00053,WH-EU,2024-09-09,2024-09-22,2024-10-02,751.0,9.45,road,385.82,delivered
PO-004028,SUP-022,SKU-00053,WH-EU,2024-09-23,2024-10-11,2024-10-06,764.0,9.45,ocean,318.97,delivered
PO-004029,SUP-022,SKU-00053,WH-EU,2024-10-14,2024-11-01,2024-11-14,1218.0,9.45,ocean,516.92,delivered
PO-004030,SUP-022,SKU-00053,WH-EU,2024-11-18,2024-12-06,2024-12-08,668.0,9.45,ocean,,delivered
PO-004031,SUP-022,SKU-00053,WH-EU,2024-12-02,2024-12-08,2024-12-09,847.0,9.45,air,1007.5,delivered
PO-004032,SUP-022,SKU-00053,WH-EU,2024-12-16,2025-01-03,2024-12-27,740.0,9.45,ocean,324.57,delivered
PO-004033,SUP-022,SKU-00053,WH-EU,2024-12-30,2025-01-17,2025-01-11,1108.0,9.45,ocean,499.23,delivered
PO-004034,SUP-022,SKU-00053,WH-EU,2025-01-20,2025-01-26,2025-01-26,1259.0,9.45,air,1273.79,delivered
PO-004035,SUP-022,SKU-00053,WH-EU,2025-02-03,2025-02-09,2025-02-10,709.0,9.45,air,757.43,delivered
PO-004036,SUP-022,SKU-00053,WH-EU,2025-02-17,2025-02-23,2025-02-23,945.0,9.45,air,1186.56,delivered
PO-004037,SUP-022,SKU-00053,WH-EU,2025-03-03,2025-03-21,2025-03-19,1131.0,9.45,ocean,497.61,delivered
PO-004038,SUP-022,SKU-00053,WH-EU,2025-03-24,2025-03-30,2025-04-03,689.0,9.45,air,656.67,delivered
PO-004039,SUP-022,SKU-00053,WH-EU,2025-04-07,2025-04-25,2025-05-03,745.0,9.45,ocean,323.66,delivered
PO-004040,SUP-022,SKU-00053,WH-EU,2025-04-21,2025-04-27,2025-04-25,770.0,9.45,air,938.82,delivered
PO-004041,SUP-022,SKU-00053,WH-EU,2025-05-12,2025-05-25,2025-05-25,1049.0,9.45,road,634.73,delivered
PO-004042,SUP-022,SKU-00053,WH-EU,2025-06-02,2025-06-08,2025-06-09,1062.0,9.45,air,1253.48,delivered
PO-004043,SUP-022,SKU-00053,WH-EU,2025-06-16,2025-07-04,2025-07-13,890.0,9.45,ocean,353.05,delivered
PO-004044,SUP-022,SKU-00053,WH-EU,2025-07-14,2025-07-27,2025-07-21,800.0,9.45,road,541.16,delivered
PO-004045,SUP-022,SKU-00053,WH-EU,2025-07-28,2025-08-15,2025-08-14,1300.0,9.45,ocean,443.17,delivered
PO-004046,SUP-022,SKU-00053,WH-EU,2025-08-18,2025-09-05,2025-08-24,664.0,9.45,ocean,252.68,delivered
PO-004047,SUP-022,SKU-00053,WH-EU,2025-08-25,2025-09-07,2025-09-04,686.0,9.45,road,401.11,delivered
PO-004048,SUP-022,SKU-00053,WH-EU,2025-09-08,2025-09-26,2025-09-27,1055.0,9.45,ocean,424.85,delivered
PO-004049,SUP-022,SKU-00053,WH-EU,2025-09-29,2025-10-05,2025-10-09,697.0,9.45,air,667.86,delivered
PO-004050,SUP-022,SKU-00053,WH-EU,2025-10-13,2025-10-26,2025-10-24,1279.0,9.45,road,671.48,delivered
PO-004051,SUP-022,SKU-00053,WH-EU,2025-11-03,2025-11-21,2025-11-29,1291.0,9.45,ocean,438.77,delivered
PO-004052,SUP-022,SKU-00053,WH-EU,2025-12-08,2025-12-26,2025-12-25,1205.0,9.45,ocean,413.45,delivered
PO-004053,SUP-022,SKU-00053,WH-WEST,2024-01-15,2024-02-02,2024-01-26,1033.0,9.45,ocean,392.48,delivered
PO-004054,SUP-022,SKU-00053,WH-WEST,2024-01-29,2024-02-13,2024-02-21,1114.0,9.45,rail,439.47,delivered
PO-004055,SUP-022,SKU-00053,WH-WEST,2024-02-12,2024-02-18,2024-02-17,956.0,9.45,air,966.69,delivered
PO-004056,SUP-022,SKU-00053,WH-WEST,2024-03-04,2024-03-17,2024-03-21,1259.0,9.45,road,848.6,delivered
PO-004057,SUP-022,SKU-00053,WH-WEST,2024-03-25,2024-04-12,2024-04-12,1244.0,9.45,ocean,487.87,delivered
PO-004058,SUP-022,SKU-00053,WH-WEST,2024-04-15,2024-05-03,2024-05-18,1180.0,9.45,ocean,403.75,delivered
PO-004059,SUP-022,SKU-00053,WH-WEST,2024-05-06,2024-05-24,2024-05-24,1045.0,9.45,ocean,406.6,delivered
PO-004060,SUP-022,SKU-00053,WH-WEST,2024-06-03,2024-06-18,2024-06-19,1108.0,9.45,RAIL,456.34,delivered
PO-004061,SUP-022,SKU-00053,WH-WEST,2024-06-17,2024-07-05,2024-07-04,1004.0,9.45,ocean,424.72,delivered
PO-004062,SUP-022,SKU-00053,WH-WEST,2024-07-01,2024-07-07,2024-07-05,1221.0,9.45,air,1227.26,delivered
PO-004063,SUP-022,SKU-00053,WH-WEST,2024-07-15,2024-08-02,2024-08-05,1102.0,9.45,ocean,434.34,delivered
PO-004064,SUP-022,SKU-00053,WH-WEST,2024-07-29,2024-08-04,2024-08-08,1123.0,9.45,air,1218.06,delivered
PO-004065,SUP-022,SKU-00053,WH-WEST,2024-08-19,2024-09-03,2024-09-01,1829.0,9.45,rail,1005.57,delivered
PO-004066,SUP-022,SKU-00053,WH-WEST,2024-09-09,2024-09-15,2024-09-19,1233.0,9.45,air,1296.86,delivered
PO-004067,SUP-022,SKU-00053,WH-WEST,2024-09-23,2024-10-08,2024-10-01,1412.0,9.45,rail,638.72,delivered
PO-004068,SUP-022,SKU-00053,WH-WEST,2024-10-07,2024-10-25,2024-10-26,1597.0,9.45,ocean,546.68,delivered
PO-004069,SUP-022,SKU-00053,WH-WEST,2024-10-28,2024-11-15,2024-11-07,1035.0,9.45,ocean,362.12,delivered
PO-004070,SUP-022,SKU-00053,WH-WEST,2024-11-11,2024-11-29,2024-11-26,1946.0,9.45,ocean,655.9,delivered
PO-004071,SUP-022,SKU-00053,WH-WEST,2024-12-02,2024-12-17,2024-12-15,995.0,9.45,rail,407.94,delivered
PO-004072,SUP-022,SKU-00053,WH-WEST,2024-12-16,2024-12-31,2025-01-07,1270.0,9.45,rail,707.74,delivered
PO-004073,SUP-022,SKU-00053,WH-WEST,2024-12-30,2025-01-05,2025-01-07,955.0,9.45,air,1005.06,delivered
PO-004074,SUP-022,SKU-00053,WH-WEST,2025-01-20,2025-01-26,2025-01-26,1460.0,9.45,air,1982.84,delivered
PO-004075,SUP-022,SKU-00053,WH-WEST,2025-02-03,2025-02-21,2025-02-13,1248.0,9.45,ocean,466.39,delivered
PO-004076,SUP-022,SKU-00053,WH-WEST,2025-02-17,2025-03-07,2025-02-21,1433.0,9.45,ocean,625.7,delivered
PO-004077,SUP-022,SKU-00053,WH-WEST,2025-03-03,2025-03-09,2025-03-12,1398.0,9.45,air,1565.55,delivered
PO-004078,SUP-022,SKU-00053,WH-WEST,2025-03-17,2025-04-04,2025-04-12,1052.0,9.45,ocean,461.49,delivered
PO-004079,SUP-022,SKU-00053,WH-WEST,2025-03-31,2025-04-06,2025-04-08,987.0,9.45,air,1219.27,delivered
PO-004080,SUP-022,SKU-00053,WH-WEST,2025-04-21,2025-05-09,2025-04-27,1307.0,9.45,ocean,416.75,delivered
PO-004081,SUP-022,SKU-00053,WH-WEST,2025-05-05,2025-05-23,2025-05-25,1238.0,9.45,ocean,454.62,delivered
PO-004082,SUP-022,SKU-00053,WH-WEST,2025-05-19,2025-05-25,2025-05-26,987.0,9.45,air,,delivered
PO-004083,SUP-022,SKU-00053,WH-WEST,2025-06-02,2025-06-08,2025-06-10,970.0,9.45,air,977.45,delivered
PO-004084,SUP-022,SKU-00053,WH-WEST,2025-06-16,2025-07-04,2025-06-22,1093.0,9.45,ocean,484.5,delivered
PO-004085,SUP-022,SKU-00053,WH-WEST,2025-06-30,2025-07-15,2025-07-13,1235.0,9.45,rail,669.38,delivered
PO-004086,SUP-022,SKU-00053,WH-WEST,2025-07-14,2025-07-20,2025-07-20,1229.0,9.45,air,1359.21,delivered
PO-004087,SUP-022,SKU-00053,WH-WEST,2025-07-28,2025-08-15,2025-08-20,1606.0,9.45,ocean,628.15,delivered
PO-004088,SUP-022,SKU-00053,WH-WEST,2025-08-25,2025-09-12,2025-09-19,1153.0,9.45,ocean,360.66,delivered
PO-004089,SUP-022,SKU-00053,WH-WEST,2025-09-08,2025-09-14,2025-09-16,1072.0,9.45,air,1184.75,delivered
PO-004090,SUP-022,SKU-00053,WH-WEST,2025-09-22,2025-10-10,2025-10-19,1087.0,9.45,ocean,373.69,delivered
PO-004091,SUP-022,SKU-00053,WH-WEST,2025-09-29,2025-10-05,2025-10-08,1061.0,9.45,air,966.6,delivered
PO-004092,SUP-022,SKU-00053,WH-WEST,2025-10-13,2025-10-19,2025-10-23,968.0,9.45,air,1022.26,delivered
PO-004093,SUP-022,SKU-00053,WH-WEST,2025-10-27,2025-11-14,2025-11-16,1365.0,9.45,ocean,585.83,delivered
PO-004094,SUP-022,SKU-00053,WH-WEST,2025-11-17,2025-11-23,2025-11-24,1114.0,9.45,air,1242.71,delivered
PO-004095,SUP-022,SKU-00053,WH-WEST,2025-11-24,2025-11-30,2025-12-01,1286.0,9.45,air,1656.36,delivered
PO-004096,SUP-022,SKU-00053,WH-WEST,2025-12-08,2025-12-23,2025-12-15,1804.0,9.45,rail,774.76,delivered
PO-004097,SUP-022,SKU-00053,WH-WEST,2025-12-22,2026-01-09,,1289.0,9.45,OCEAN,479.38,open
PO-004098,SUP-022,SKU-00053,WH-APAC,2024-01-15,2024-02-02,2024-02-11,1025.0,9.45,ocean,391.85,delivered
PO-004099,SUP-022,SKU-00053,WH-APAC,2024-01-29,2024-02-04,2024-02-03,914.0,9.45,air,1003.45,delivered
PO-004100,SUP-022,SKU-00053,WH-APAC,2024-02-19,2024-03-08,2024-03-08,1271.0,9.45,ocean,567.65,delivered
PO-004101,SUP-022,SKU-00053,WH-APAC,2024-03-11,2024-03-17,2024-03-17,1063.0,9.45,air,1314.1,delivered
PO-004102,SUP-022,SKU-00053,WH-APAC,2024-04-01,2024-04-07,2024-04-07,1056.0,9.45,air,1369.84,delivered
PO-004103,SUP-022,SKU-00053,WH-APAC,2024-04-22,2024-05-10,2024-04-28,1105.0,9.45,ocean,498.0,delivered
PO-004104,SUP-022,SKU-00053,WH-APAC,2024-05-13,2024-05-31,2024-05-26,1464.0,9.45,ocean,577.53,delivered
PO-004105,SUP-022,SKU-00053,WH-APAC,2024-06-03,2024-06-16,2024-06-04,1190.0,9.45,road,705.08,delivered
PO-004106,SUP-022,SKU-00053,WH-APAC,2024-06-24,2024-06-30,2024-06-30,1339.0,9.45,air,1382.78,delivered
PO-004107,SUP-022,SKU-00053,WH-APAC,2024-07-08,2024-07-26,2024-07-31,1156.0,9.45,ocean,457.64,delivered
PO-004108,SUP-022,SKU-00053,WH-APAC,2024-07-22,2024-07-28,2024-07-31,898.0,9.45,air,921.96,delivered
PO-004109,SUP-022,SKU-00053,WH-APAC,2024-08-12,2024-08-30,2024-08-26,1117.0,9.45,ocean,341.49,delivered
PO-004110,SUP-022,SKU-00053,WH-APAC,2024-08-26,2024-09-10,2024-09-05,971.0,9.45,rail,449.04,delivered
PO-004111,SUP-022,SKU-00053,WH-APAC,2024-09-09,2024-09-15,2024-09-15,1262.0,9.45,air,1518.06,delivered
PO-004112,SUP-022,SKU-00053,WH-APAC,2024-09-23,2024-10-11,2024-11-02,1326.0,9.45,ocean,417.21,delivered
PO-004113,SUP-022,SKU-00053,WH-APAC,2024-11-04,2024-11-22,2024-11-17,1055.0,9.45,ocean,334.58,delivered
PO-004114,SUP-022,SKU-00053,WH-APAC,2024-11-11,2024-11-17,2024-11-13,921.0,9.45,air,841.64,delivered
PO-004115,SUP-022,SKU-00053,WH-APAC,2024-11-25,2024-12-01,2024-11-29,1478.0,9.45,air,1744.34,delivered
PO-004116,SUP-022,SKU-00053,WH-APAC,2024-12-09,2024-12-27,2025-01-06,1620.0,9.45,ocean,696.81,delivered
PO-004117,SUP-022,SKU-00053,WH-APAC,2025-01-13,2025-01-31,2025-02-10,1151.0,9.45,ocean,434.58,delivered
PO-004118,SUP-022,SKU-00053,WH-APAC,2025-01-27,2025-02-14,2025-02-17,903.0,9.45,ocean,387.99,delivered
PO-004119,SUP-022,SKU-00053,WH-APAC,2025-02-24,2025-03-09,2025-03-06,1155.0,9.45,road,688.47,delivered
PO-004120,SUP-022,SKU-00053,WH-APAC,2025-03-10,2025-03-28,2025-03-20,1302.0,9.45,ocean,405.68,delivered
PO-004121,SUP-022,SKU-00053,WH-APAC,2025-03-24,2025-04-11,2025-04-11,1071.0,9.45,ocean,448.03,delivered
PO-004122,SUP-022,SKU-00053,WH-APAC,2025-04-07,2025-04-13,2025-04-15,897.0,9.45,air,1043.33,delivered
PO-004123,SUP-022,SKU-00053,WH-APAC,2025-04-21,2025-05-09,2025-05-22,971.0,9.45,ocean,377.6,delivered
PO-004124,SUP-022,SKU-00053,WH-APAC,2025-05-05,2025-05-18,2025-05-16,1083.0,9.45,road,638.35,delivered
PO-004125,SUP-022,SKU-00053,WH-APAC,2025-06-02,2025-06-20,2025-06-27,1243.0,9.45,ocean,466.65,delivered
PO-004126,SUP-022,SKU-00053,WH-APAC,2025-06-30,2025-07-13,2025-07-07,1280.0,9.45,road,721.25,delivered
PO-004127,SUP-022,SKU-00053,WH-APAC,2025-07-14,2025-08-01,2025-08-10,1441.0,9.45,ocean,461.7,delivered
PO-004128,SUP-022,SKU-00053,WH-APAC,2025-08-18,2025-08-24,2025-08-22,1712.0,9.45,air,1939.32,delivered
PO-004129,SUP-022,SKU-00053,WH-APAC,2025-09-01,2025-09-19,2025-09-15,1691.0,9.45,ocean,696.23,delivered
PO-004130,SUP-022,SKU-00053,WH-APAC,2025-09-22,2025-10-07,2025-10-17,1634.0,9.45,rail,640.09,delivered
PO-004131,SUP-022,SKU-00053,WH-APAC,2025-10-27,2025-11-14,2025-11-05,1645.0,9.45,ocean,715.45,delivered
PO-004132,SUP-022,SKU-00053,WH-APAC,2025-11-10,2025-11-23,2025-11-25,1083.0,9.45,road,565.15,delivered
PO-004133,SUP-022,SKU-00053,WH-APAC,2025-11-17,2025-11-23,2025-11-26,971.0,9.45,air,1179.03,delivered
PO-004134,SUP-022,SKU-00053,WH-APAC,2025-12-08,2025-12-26,2025-12-13,1745.0,9.45,ocean,591.16,delivered
PO-004135,SUP-022,SKU-00053,WH-APAC,2025-12-22,2026-01-09,,1664.0,9.45,ocean,676.76,open
PO-004136,SUP-012,SKU-00054,WH-WEST,2024-01-15,2024-02-02,2024-02-08,230.0,4.65,rail,47.12,delivered
PO-004137,SUP-012,SKU-00054,WH-WEST,2024-01-29,2024-02-05,2024-02-11,238.0,4.65,air,125.36,delivered
PO-004138,SUP-012,SKU-00054,WH-WEST,2024-02-12,2024-02-19,2024-02-20,218.0,4.65,air,108.09,delivered
PO-004139,SUP-012,SKU-00054,WH-WEST,2024-02-26,2024-03-14,2024-03-12,223.0,4.65,road,58.23,delivered
PO-004140,SUP-012,SKU-00054,WH-WEST,2024-03-18,2024-04-09,2024-04-12,272.0,4.65,ocean,53.46,delivered
PO-004141,SUP-012,SKU-00054,WH-WEST,2024-04-08,2024-04-15,2024-04-24,295.0,4.65,air,157.36,delivered
PO-004142,SUP-012,SKU-00054,WH-WEST,2024-04-22,2024-05-14,2024-05-02,219.0,4.65,ocean,35.11,delivered
PO-004143,SUP-012,SKU-00054,WH-WEST,2024-05-13,2024-05-30,2024-05-24,211.0,4.65,road,48.72,delivered
PO-004144,SUP-012,SKU-00054,WH-WEST,2024-06-03,2024-06-21,2024-06-28,253.0,4.65,rail,50.01,delivered
PO-004145,SUP-012,SKU-00054,WH-WEST,2024-06-24,2024-07-01,2024-06-20,289.0,4.65,air,183.48,delivered
PO-004146,SUP-012,SKU-00054,WH-WEST,2024-07-15,2024-08-06,2024-08-10,251.0,4.65,ocean,55.32,delivered
PO-004147,SUP-012,SKU-00054,WH-WEST,2024-07-29,2024-08-05,2024-08-05,218.0,4.65,air,111.34,delivered
PO-004148,SUP-012,SKU-00054,WH-WEST,2024-08-19,2024-08-26,2024-08-28,270.0,4.65,air,133.23,delivered
PO-004149,SUP-012,SKU-00054,WH-WEST,2024-09-09,2024-10-01,2024-09-27,287.0,4.65,ocean,47.72,delivered
PO-004150,SUP-012,SKU-00054,WH-WEST,2024-09-23,2024-09-30,2024-09-28,280.0,4.65,air,136.42,delivered
PO-004151,SUP-012,SKU-00054,WH-WEST,2024-10-14,2024-10-21,2024-10-18,238.0,4.65,air,125.33,delivered
PO-004152,SUP-012,SKU-00054,WH-WEST,2024-10-28,2024-11-15,2024-11-14,214.0,4.65,rail,57.12,delivered
PO-004153,SUP-012,SKU-00054,WH-WEST,2024-11-11,2024-11-29,2024-12-03,266.0,4.65,rail,50.83,delivered
PO-004154,SUP-012,SKU-00054,WH-WEST,2024-12-02,2024-12-09,2024-12-07,301.0,4.65,air,145.11,delivered
PO-004155,SUP-012,SKU-00054,WH-WEST,2024-12-16,2025-01-07,2025-01-06,224.0,4.65,ocean,,delivered
PO-004156,SUP-012,SKU-00054,WH-WEST,2024-12-30,2025-01-21,2025-01-10,226.0,4.65,ocean,46.85,delivered
PO-004157,SUP-012,SKU-00054,WH-WEST,2025-01-13,2025-02-04,2025-02-01,257.0,4.65,ocean,52.51,delivered
PO-004158,SUP-012,SKU-00054,WH-WEST,2025-01-27,2025-02-18,2025-02-16,217.0,4.65,ocean,48.26,delivered
PO-004159,SUP-012,SKU-00054,WH-WEST,2025-02-10,2025-03-04,2025-03-06,267.0,4.65,ocean,48.13,delivered
PO-004160,SUP-012,SKU-00054,WH-WEST,2025-03-03,2025-03-10,2025-03-11,283.0,4.65,air,173.56,delivered
PO-004161,SUP-012,SKU-00054,WH-WEST,2025-03-24,2025-04-15,2025-04-16,326.0,4.65,ocean,62.1,delivered
PO-004162,SUP-012,SKU-00054,WH-WEST,2025-04-21,2025-05-13,2025-05-17,283.0,4.65,ocean,51.86,delivered
PO-004163,SUP-012,SKU-00054,WH-WEST,2025-05-12,2025-06-03,2025-05-31,248.0,4.65,ocean,49.51,delivered
PO-004164,SUP-012,SKU-00054,WH-WEST,2025-06-02,2025-06-24,2025-06-17,236.0,4.65,ocean,35.89,delivered
PO-004165,SUP-012,SKU-00054,WH-WEST,2025-06-23,2025-07-11,2025-07-08,246.0,4.65,rail,55.7,delivered
PO-004166,SUP-012,SKU-00054,WH-WEST,2025-07-21,2025-08-12,2025-08-17,278.0,4.65,ocean,44.41,delivered
PO-004167,SUP-012,SKU-00054,WH-WEST,2025-08-11,2025-08-18,2025-08-18,237.0,4.65,air,141.88,delivered
PO-004168,SUP-012,SKU-00054,WH-WEST,2025-09-01,2025-09-19,2025-09-19,267.0,4.65,rail,72.51,delivered
PO-004169,SUP-012,SKU-00054,WH-WEST,2025-09-22,2025-10-14,2025-10-09,271.0,4.65,ocean,52.92,delivered
PO-004170,SUP-012,SKU-00054,WH-WEST,2025-10-06,2025-10-13,2025-10-14,296.0,4.65,air,173.62,delivered
PO-004171,SUP-012,SKU-00054,WH-WEST,2025-10-27,2025-11-18,2025-11-23,260.0,4.65,ocean,39.17,delivered
PO-004172,SUP-012,SKU-00054,WH-WEST,2025-11-10,2025-11-17,2025-11-20,270.0,4.65,air,171.12,delivered
PO-004173,SUP-012,SKU-00054,WH-WEST,2025-12-08,2025-12-30,,302.0,4.65,ocean,47.65,open
PO-004174,SUP-012,SKU-00054,WH-WEST,2025-12-22,2026-01-13,,220.0,4.65,ocean,35.94,open
PO-004175,SUP-012,SKU-00054,WH-APAC,2024-01-15,2024-01-22,2024-01-22,181.0,4.65,air,119.04,delivered
PO-004176,SUP-012,SKU-00054,WH-APAC,2024-02-05,2024-02-27,2024-02-24,287.0,4.65,ocean,47.89,delivered
PO-004177,SUP-012,SKU-00054,WH-APAC,2024-02-19,2024-02-26,2024-02-28,170.0,4.65,air,96.77,delivered
PO-004178,SUP-012,SKU-00054,WH-APAC,2024-03-11,2024-03-18,2024-03-24,169.0,4.65,air,78.09,delivered
PO-004179,SUP-012,SKU-00054,WH-APAC,2024-04-01,2024-04-19,2024-04-19,189.0,4.65,rail,36.62,delivered
PO-004180,SUP-012,SKU-00054,WH-APAC,2024-04-22,2024-05-09,2024-05-10,224.0,4.65,road,61.94,delivered
PO-004181,SUP-012,SKU-00054,WH-APAC,2024-05-13,2024-06-04,2024-06-09,219.0,4.65,ocean,39.54,delivered
PO-004182,SUP-012,SKU-00054,WH-APAC,2024-06-03,2024-06-25,2024-06-24,216.0,4.65,ocean,46.16,delivered
PO-004183,SUP-012,SKU-00054,WH-APAC,2024-07-01,2024-07-19,2024-07-30,234.0,4.65,rail,62.96,delivered
PO-004184,SUP-012,SKU-00054,WH-APAC,2024-07-22,2024-07-29,2024-07-29,223.0,4.65,air,136.87,delivered
PO-004185,SUP-012,SKU-00054,WH-APAC,2024-08-12,2024-09-03,2024-08-29,172.0,4.65,ocean,27.37,delivered
PO-004186,SUP-012,SKU-00054,WH-APAC,2024-09-02,2024-09-24,2024-09-26,210.0,4.65,ocean,41.85,delivered
PO-004187,SUP-012,SKU-00054,WH-APAC,2024-09-16,2024-10-08,2024-10-07,197.0,4.65,ocean,38.5,delivered
PO-004188,SUP-012,SKU-00054,WH-APAC,2024-10-07,2024-10-25,2024-11-08,177.0,4.65,rail,40.4,delivered
PO-004189,SUP-012,SKU-00054,WH-APAC,2024-10-28,2024-11-04,2024-11-05,246.0,4.65,air,158.9,delivered
PO-004190,SUP-012,SKU-00054,WH-APAC,2024-11-18,2024-12-06,2024-12-05,193.0,4.65,rail,44.4,delivered
PO-004191,SUP-012,SKU-00054,WH-APAC,2024-12-02,2024-12-24,2025-01-01,208.0,4.65,ocean,37.02,delivered
PO-004192,SUP-012,SKU-00054,WH-APAC,2024-12-16,2024-12-23,2025-01-03,215.0,4.65,air,111.35,delivered
PO-004193,SUP-012,SKU-00054,WH-APAC,2025-01-13,2025-01-20,2025-01-20,203.0,4.65,air,133.97,delivered
PO-004194,SUP-012,SKU-00054,WH-APAC,2025-02-03,2025-02-25,2025-03-05,250.0,4.65,ocean,53.46,delivered
PO-004195,SUP-012,SKU-00054,WH-APAC,2025-02-24,2025-03-14,2025-03-19,201.0,4.65,rail,40.92,delivered
PO-004196,SUP-012,SKU-00054,WH-APAC,2025-03-17,2025-03-24,2025-04-03,193.0,4.65,air,87.74,delivered
PO-004197,SUP-012,SKU-00054,WH-APAC,2025-04-14,2025-05-02,2025-05-12,239.0,4.65,rail,60.49,delivered
PO-004198,SUP-012,SKU-00054,WH-APAC,2025-05-05,2025-05-27,2025-05-26,191.0,4.65,ocean,29.07,delivered
PO-004199,SUP-012,SKU-00054,WH-APAC,2025-06-02,2025-06-24,2025-06-23,202.0,4.65,ocean,37.43,delivered
PO-004200,SUP-012,SKU-00054,WH-APAC,2025-06-23,2025-07-15,2025-07-20,184.0,4.65,ocean,29.76,delivered
PO-004201,SUP-012,SKU-00054,WH-APAC,2025-07-14,2025-08-05,2025-08-01,181.0,4.65,ocean,39.76,delivered
PO-004202,SUP-012,SKU-00054,WH-APAC,2025-08-04,2025-08-21,2025-08-22,169.0,4.65,road,50.36,delivered
PO-004203,SUP-012,SKU-00054,WH-APAC,2025-08-25,2025-09-16,2025-09-16,218.0,4.65,ocean,46.63,delivered
PO-004204,SUP-012,SKU-00054,WH-APAC,2025-09-15,2025-09-22,2025-09-23,215.0,4.65,air,108.63,delivered
PO-004205,SUP-012,SKU-00054,WH-APAC,2025-09-29,2025-10-16,2025-10-12,173.0,4.65,road,52.46,delivered
PO-004206,SUP-012,SKU-00054,WH-APAC,2025-10-13,2025-11-04,2025-11-08,218.0,4.65,ocean,44.09,delivered
PO-004207,SUP-012,SKU-00054,WH-APAC,2025-11-03,2025-11-21,2025-11-21,207.0,4.65,rail,54.08,delivered
PO-004208,SUP-012,SKU-00054,WH-APAC,2025-11-24,2025-12-12,2025-12-15,249.0,4.65,rail,63.68,delivered
PO-004209,SUP-012,SKU-00054,WH-APAC,2025-12-15,2026-01-01,,225.0,4.65,road,65.91,open
PO-004210,SUP-007,SKU-00055,WH-WEST,2024-01-15,2024-01-22,2024-01-24,56.0,5.47,air,43.93,delivered
PO-004211,SUP-007,SKU-00055,WH-WEST,2024-02-05,2024-02-21,2024-02-21,58.0,5.47,road,16.72,delivered
PO-004212,SUP-007,SKU-00055,WH-WEST,2024-02-26,2024-03-15,2024-03-13,64.0,5.47,rail,15.99,delivered
PO-004213,SUP-007,SKU-00055,WH-WEST,2024-03-18,2024-04-09,2024-04-05,66.0,5.47,ocean,13.66,delivered
PO-004214,SUP-007,SKU-00055,WH-WEST,2024-04-01,2024-04-17,2024-04-19,46.0,5.47,road,15.44,delivered
PO-004215,SUP-007,SKU-00055,WH-WEST,2024-04-22,2024-05-14,2024-05-19,66.0,5.47,ocean,14.11,delivered
PO-004216,SUP-007,SKU-00055,WH-WEST,2024-05-06,2024-05-13,2024-05-12,46.0,5.47,air,31.69,delivered
PO-004217,SUP-007,SKU-00055,WH-WEST,2024-05-27,2024-06-14,2024-06-16,66.0,5.47,rail,21.4,delivered
PO-004218,SUP-007,SKU-00055,WH-WEST,2024-06-10,2024-06-17,2024-06-20,46.0,5.47,air,33.88,delivered
PO-004219,SUP-007,SKU-00055,WH-WEST,2024-06-24,2024-07-01,2024-07-01,46.0,5.47,AIR,35.96,delivered
PO-004220,SUP-007,SKU-00055,WH-WEST,2024-07-08,2024-07-30,2024-07-28,71.0,5.47,ocean,13.11,delivered
PO-004221,SUP-007,SKU-00055,WH-WEST,2024-07-29,2024-08-20,2024-08-12,50.0,5.47,ocean,9.51,delivered
PO-004222,SUP-007,SKU-00055,WH-WEST,2024-08-12,2024-08-28,2024-08-27,68.0,5.47,road,19.27,delivered
PO-004223,SUP-007,SKU-00055,WH-WEST,2024-09-02,2024-09-20,2024-09-18,79.0,5.47,rail,21.87,delivered
PO-004224,SUP-007,SKU-00055,WH-WEST,2024-09-23,2024-10-15,2024-10-16,59.0,5.47,OCEAN,14.66,delivered
PO-004225,SUP-007,SKU-00055,WH-WEST,2024-10-07,2024-10-14,2024-10-18,53.0,5.47,air,39.13,delivered
PO-004226,SUP-007,SKU-00055,WH-WEST,2024-10-28,2024-11-15,2024-11-24,57.0,5.47,rail,12.54,delivered
PO-004227,SUP-007,SKU-00055,WH-WEST,2024-11-11,2024-11-27,2024-11-26,55.0,5.47,road,16.98,delivered
PO-004228,SUP-007,SKU-00055,WH-WEST,2024-12-09,2024-12-27,2024-12-26,53.0,5.47,rail,14.25,delivered
PO-004229,SUP-007,SKU-00055,WH-WEST,2024-12-23,2024-12-30,2024-12-28,49.0,5.47,air,36.97,delivered
PO-004230,SUP-007,SKU-00055,WH-WEST,2025-01-06,2025-01-28,2025-01-30,57.0,5.47,ocean,14.8,delivered
PO-004231,SUP-007,SKU-00055,WH-WEST,2025-01-27,2025-02-03,2025-02-03,55.0,5.47,air,39.82,delivered
PO-004232,SUP-007,SKU-00055,WH-WEST,2025-02-17,2025-02-24,2025-02-25,56.0,5.47,air,39.12,delivered
PO-004233,SUP-007,SKU-00055,WH-WEST,2025-03-10,2025-04-01,2025-03-23,62.0,5.47,ocean,14.14,delivered
PO-004234,SUP-007,SKU-00055,WH-WEST,2025-03-24,2025-04-09,2025-04-12,56.0,5.47,road,16.73,delivered
PO-004235,SUP-007,SKU-00055,WH-WEST,2025-04-07,2025-04-14,2025-04-16,51.0,5.47,air,35.53,delivered
PO-004236,SUP-007,SKU-00055,WH-WEST,2025-04-28,2025-05-16,2025-05-13,68.0,5.47,rail,18.64,delivered
PO-004237,SUP-007,SKU-00055,WH-WEST,2025-05-19,2025-06-10,2025-06-13,87.0,5.47,ocean,17.16,delivered
PO-004238,SUP-007,SKU-00055,WH-WEST,2025-06-23,2025-07-15,2025-07-17,74.0,5.47,ocean,14.59,delivered
PO-004239,SUP-007,SKU-00055,WH-WEST,2025-07-21,2025-07-28,2025-07-27,61.0,5.47,air,40.27,delivered
PO-004240,SUP-007,SKU-00055,WH-WEST,2025-08-04,2025-08-20,2025-08-16,70.0,5.47,road,18.59,delivered
PO-004241,SUP-007,SKU-00055,WH-WEST,2025-08-18,2025-09-09,2025-09-11,58.0,5.47,ocean,13.59,delivered
PO-004242,SUP-007,SKU-00055,WH-WEST,2025-09-01,2025-09-17,2025-09-17,54.0,5.47,road,20.5,delivered
PO-004243,SUP-007,SKU-00055,WH-WEST,2025-09-22,2025-10-08,2025-10-06,56.0,5.47,road,20.92,delivered
PO-004244,SUP-007,SKU-00055,WH-WEST,2025-10-06,2025-10-13,2025-10-21,62.0,5.47,air,40.35,delivered
PO-004245,SUP-007,SKU-00055,WH-WEST,2025-10-20,2025-10-27,2025-10-26,50.0,5.47,air,29.92,delivered
PO-004246,SUP-007,SKU-00055,WH-WEST,2025-11-03,2025-11-25,2025-11-29,61.0,5.47,ocean,12.65,delivered
PO-004247,SUP-007,SKU-00055,WH-WEST,2025-11-10,2025-11-17,2025-11-14,47.0,5.47,air,33.35,delivered
PO-004248,SUP-007,SKU-00055,WH-WEST,2025-12-01,2025-12-08,2025-12-15,62.0,5.47,air,48.73,delivered
PO-004249,SUP-007,SKU-00055,WH-WEST,2025-12-15,2026-01-06,,47.0,5.47,ocean,10.5,open
PO-004250,SUP-011,SKU-00056,WH-WEST,2024-01-22,2024-02-20,2024-02-21,155.0,27.92,ocean,163.13,delivered
PO-004251,SUP-011,SKU-00056,WH-WEST,2024-02-12,2024-02-22,2024-02-22,136.0,27.92,air,404.03,delivered
PO-004252,SUP-011,SKU-00056,WH-WEST,2024-03-04,2024-04-02,2024-03-10,112.0,27.92,ocean,124.46,delivered
PO-004253,SUP-011,SKU-00056,WH-WEST,2024-03-18,2024-04-10,2024-03-30,111.0,27.92,rail,146.33,delivered
PO-004254,SUP-011,SKU-00056,WH-WEST,2024-04-08,2024-05-07,2024-05-06,126.0,27.92,ocean,144.17,delivered
PO-004255,SUP-011,SKU-00056,WH-WEST,2024-04-22,2024-05-13,2024-05-10,98.0,27.92,road,140.25,delivered
PO-004256,SUP-011,SKU-00056,WH-WEST,2024-05-13,2024-06-11,2024-05-24,128.0,27.92,ocean,135.09,delivered
PO-004257,SUP-011,SKU-00056,WH-WEST,2024-05-27,2024-06-25,2024-06-22,113.0,27.92,ocean,108.58,delivered
PO-004258,SUP-011,SKU-00056,WH-WEST,2024-06-17,2024-07-16,2024-07-09,115.0,27.92,ocean,145.18,delivered
PO-004259,SUP-011,SKU-00056,WH-WEST,2024-07-08,2024-07-31,2024-07-18,136.0,27.92,rail,205.06,delivered
PO-004260,SUP-011,SKU-00056,WH-WEST,2024-07-29,2024-08-08,2024-08-08,130.0,27.92,air,481.92,delivered
PO-004261,SUP-011,SKU-00056,WH-WEST,2024-08-12,2024-09-04,2024-09-14,98.0,27.92,rail,121.26,delivered
PO-004262,SUP-011,SKU-00056,WH-WEST,2024-09-09,2024-09-30,2024-09-26,133.0,27.92,road,245.6,delivered
PO-004263,SUP-011,SKU-00056,WH-WEST,2024-10-07,2024-11-05,2024-10-31,115.0,27.92,ocean,131.15,delivered
PO-004264,SUP-011,SKU-00056,WH-WEST,2024-11-04,2024-12-03,2024-12-12,119.0,27.92,ocean,156.86,delivered
PO-004265,SUP-011,SKU-00056,WH-WEST,2024-11-25,2024-12-24,2024-12-22,99.0,27.92,ocean,101.57,delivered
PO-004266,SUP-011,SKU-00056,WH-WEST,2024-12-16,2025-01-08,2024-12-13,115.0,27.92,rail,158.5,delivered
PO-004267,SUP-011,SKU-00056,WH-WEST,2024-12-30,2025-01-20,2025-01-15,107.0,27.92,road,162.38,delivered
PO-004268,SUP-011,SKU-00056,WH-WEST,2025-01-20,2025-02-18,2025-02-21,129.0,27.92,ocean,154.54,delivered
PO-004269,SUP-011,SKU-00056,WH-WEST,2025-02-03,2025-02-26,2025-03-10,102.0,27.92,rail,146.02,delivered
PO-004270,SUP-011,SKU-00056,WH-WEST,2025-02-24,2025-03-25,2025-04-11,100.0,27.92,ocean,96.55,delivered
PO-004271,SUP-011,SKU-00056,WH-WEST,2025-03-10,2025-04-08,2025-04-12,117.0,27.92,ocean,106.01,delivered
PO-004272,SUP-011,SKU-00056,WH-WEST,2025-04-14,2025-05-13,2025-05-19,136.0,27.92,ocean,160.34,delivered
PO-004273,SUP-011,SKU-00056,WH-WEST,2025-04-28,2025-05-08,2025-05-13,141.0,27.92,air,395.13,delivered
PO-004274,SUP-011,SKU-00056,WH-WEST,2025-05-26,2025-06-24,2025-07-04,151.0,27.92,ocean,173.58,delivered
PO-004275,SUP-011,SKU-00056,WH-WEST,2025-06-09,2025-06-19,2025-06-14,137.0,27.92,air,427.86,delivered
PO-004276,SUP-011,SKU-00056,WH-WEST,2025-06-23,2025-07-03,2025-07-02,159.0,27.92,air,459.92,delivered
PO-004277,SUP-011,SKU-00056,WH-WEST,2025-07-21,2025-08-19,2025-08-19,136.0,27.92,ocean,162.26,delivered
PO-004278,SUP-011,SKU-00056,WH-WEST,2025-08-11,2025-09-09,2025-10-02,135.0,27.92,ocean,130.39,delivered
PO-004279,SUP-011,SKU-00056,WH-WEST,2025-09-01,2025-09-30,2025-09-25,132.0,27.92,ocean,122.42,delivered
PO-004280,SUP-011,SKU-00056,WH-WEST,2025-10-06,2025-10-29,2025-11-10,101.0,27.92,rail,144.53,delivered
PO-004281,SUP-011,SKU-00056,WH-WEST,2025-10-27,2025-11-25,2025-12-03,125.0,27.92,ocean,138.86,delivered
PO-004282,SUP-011,SKU-00056,WH-WEST,2025-11-17,2025-11-27,2025-11-25,115.0,27.92,air,427.46,delivered
PO-004283,SUP-011,SKU-00056,WH-WEST,2025-12-08,2025-12-18,2025-12-22,127.0,27.92,air,490.68,delivered
PO-004284,SUP-011,SKU-00056,WH-SOUTH,2024-01-22,2024-02-20,2024-01-31,101.0,27.92,ocean,109.81,delivered
PO-004285,SUP-011,SKU-00056,WH-SOUTH,2024-02-12,2024-03-12,2024-02-13,109.0,27.92,ocean,109.61,delivered
PO-004286,SUP-011,SKU-00056,WH-SOUTH,2024-02-26,2024-03-07,2024-03-08,99.0,27.92,air,330.81,delivered
PO-004287,SUP-011,SKU-00056,WH-SOUTH,2024-03-11,2024-04-09,2024-04-16,98.0,27.92,ocean,121.25,delivered
PO-004288,SUP-011,SKU-00056,WH-SOUTH,2024-03-25,2024-04-23,2024-04-24,87.0,27.92,ocean,91.84,delivered
PO-004289,SUP-011,SKU-00056,WH-SOUTH,2024-04-22,2024-05-21,2024-05-16,95.0,27.92,ocean,123.66,delivered
PO-004290,SUP-011,SKU-00056,WH-SOUTH,2024-05-13,2024-06-11,2024-06-02,87.0,27.92,ocean,114.25,delivered
PO-004291,SUP-011,SKU-00056,WH-SOUTH,2024-05-27,2024-06-06,2024-06-06,88.0,27.92,AIR,344.21,delivered
PO-004292,SUP-011,SKU-00056,WH-SOUTH,2024-06-10,2024-06-20,2024-06-15,96.0,27.92,air,355.28,delivered
PO-004293,SUP-011,SKU-00056,WH-SOUTH,2024-07-01,2024-07-30,2024-07-15,103.0,27.92,ocean,94.54,delivered
PO-004294,SUP-011,SKU-00056,WH-SOUTH,2024-07-22,2024-08-20,2024-07-31,92.0,27.92,ocean,112.68,delivered
PO-004295,SUP-011,SKU-00056,WH-SOUTH,2024-08-19,2024-08-29,2024-08-29,100.0,27.92,air,349.41,delivered
PO-004296,SUP-011,SKU-00056,WH-SOUTH,2024-09-16,2024-10-15,2024-10-12,86.0,27.92,ocean,79.78,delivered
PO-004297,SUP-011,SKU-00056,WH-SOUTH,2024-10-14,2024-11-12,2024-11-26,93.0,27.92,ocean,98.29,delivered
PO-004298,SUP-011,SKU-00056,WH-SOUTH,2024-11-11,2024-12-10,2024-12-20,93.0,27.92,ocean,108.85,delivered
PO-004299,SUP-011,SKU-00056,WH-SOUTH,2024-12-02,2024-12-31,2024-12-20,84.0,27.92,ocean,76.13,delivered
PO-004300,SUP-011,SKU-00056,WH-SOUTH,2024-12-23,2025-01-21,2025-01-31,94.0,27.92,ocean,115.97,delivered
PO-004301,SUP-011,SKU-00056,WH-SOUTH,2025-01-13,2025-02-11,2025-02-12,110.0,27.92,ocean,139.89,delivered
PO-004302,SUP-011,SKU-00056,WH-SOUTH,2025-02-10,2025-03-11,2025-03-16,105.0,27.92,ocean,136.03,delivered
PO-004303,SUP-011,SKU-00056,WH-SOUTH,2025-02-24,2025-03-06,2025-03-27,103.0,27.92,AIR,,delivered
PO-004304,SUP-011,SKU-00056,WH-SOUTH,2025-03-24,2025-04-22,2025-04-19,92.0,27.92,ocean,100.43,delivered
PO-004305,SUP-011,SKU-00056,WH-SOUTH,2025-04-07,2025-05-06,2025-05-05,87.0,27.92,ocean,103.91,delivered
PO-004306,SUP-011,SKU-00056,WH-SOUTH,2025-04-21,2025-05-20,2025-06-03,88.0,27.92,ocean,94.2,delivered
PO-004307,SUP-011,SKU-00056,WH-SOUTH,2025-05-12,2025-06-10,2025-05-23,110.0,27.92,ocean,126.36,delivered
PO-004308,SUP-011,SKU-00056,WH-SOUTH,2025-06-02,2025-06-25,2025-06-22,113.0,27.92,rail,180.82,delivered
PO-004309,SUP-011,SKU-00056,WH-SOUTH,2025-06-16,2025-06-26,2025-07-02,112.0,27.92,air,342.93,delivered
PO-004310,SUP-011,SKU-00056,WH-SOUTH,2025-06-30,2025-07-29,2025-07-28,81.0,27.92,ocean,103.94,delivered
PO-004311,SUP-011,SKU-00056,WH-SOUTH,2025-07-21,2025-07-31,2025-07-27,90.0,27.92,air,317.18,delivered
PO-004312,SUP-011,SKU-00056,WH-SOUTH,2025-08-04,2025-08-14,2025-08-11,94.0,27.92,air,291.2,delivered
PO-004313,SUP-011,SKU-00056,WH-SOUTH,2025-09-01,2025-09-22,2025-09-21,112.0,27.92,road,191.68,delivered
PO-004314,SUP-011,SKU-00056,WH-SOUTH,2025-09-22,2025-10-21,2025-11-03,87.0,27.92,ocean,99.33,delivered
PO-004315,SUP-011,SKU-00056,WH-SOUTH,2025-10-13,2025-10-23,2025-10-25,89.0,27.92,air,313.82,delivered
PO-004316,SUP-011,SKU-00056,WH-SOUTH,2025-11-03,2025-12-02,2025-11-19,96.0,27.92,ocean,96.91,delivered
PO-004317,SUP-011,SKU-00056,WH-SOUTH,2025-11-24,2025-12-23,,81.0,27.92,ocean,106.4,open
PO-004318,SUP-011,SKU-00056,WH-SOUTH,2025-12-15,2026-01-13,,104.0,27.92,ocean,124.82,open
PO-004319,SUP-011,SKU-00056,WH-EAST,2024-01-29,2024-02-27,2024-02-22,155.0,27.92,ocean,206.73,delivered
PO-004320,SUP-011,SKU-00056,WH-EAST,2024-02-19,2024-03-11,2024-03-19,167.0,27.92,road,225.56,delivered
PO-004321,SUP-011,SKU-00056,WH-EAST,2024-03-04,2024-04-02,2024-03-19,133.0,27.92,ocean,125.76,delivered
PO-004322,SUP-011,SKU-00056,WH-EAST,2024-03-25,2024-04-04,2024-04-07,118.0,27.92,air,344.71,delivered
PO-004323,SUP-011,SKU-00056,WH-EAST,2024-04-08,2024-05-07,2024-04-27,129.0,27.92,ocean,115.44,delivered
PO-004324,SUP-011,SKU-00056,WH-EAST,2024-04-22,2024-05-02,2024-05-14,154.0,27.92,air,524.76,delivered
PO-004325,SUP-011,SKU-00056,WH-EAST,2024-05-06,2024-05-27,2024-05-29,129.0,27.92,road,192.9,delivered
PO-004326,SUP-011,SKU-00056,WH-EAST,2024-05-20,2024-06-18,2024-07-09,125.0,27.92,ocean,140.5,delivered
PO-004327,SUP-011,SKU-00056,WH-EAST,2024-06-10,2024-07-09,2024-07-27,149.0,27.92,ocean,137.84,delivered
PO-004328,SUP-011,SKU-00056,WH-EAST,2024-07-15,2024-07-25,2024-07-27,138.0,27.92,air,408.4,delivered
PO-004329,SUP-011,SKU-00056,WH-EAST,2024-08-05,2024-08-28,2024-09-14,132.0,27.92,rail,180.89,delivered
PO-004330,SUP-011,SKU-00056,WH-EAST,2024-08-26,2024-09-05,2024-09-03,129.0,27.92,air,515.06,delivered
PO-004331,SUP-011,SKU-00056,WH-EAST,2024-09-23,2024-10-22,2024-10-15,140.0,27.92,ocean,164.7,delivered
PO-004332,SUP-011,SKU-00056,WH-EAST,2024-10-21,2024-11-19,2024-11-22,138.0,27.92,ocean,172.15,delivered
PO-004333,SUP-011,SKU-00056,WH-EAST,2024-11-11,2024-11-21,2024-11-26,115.0,27.92,air,399.71,delivered
PO-004334,SUP-011,SKU-00056,WH-EAST,2024-12-02,2024-12-31,2025-01-15,130.0,27.92,ocean,128.2,delivered
PO-004335,SUP-011,SKU-00056,WH-EAST,2024-12-23,2025-01-21,2025-01-15,156.0,27.92,ocean,161.35,delivered
PO-004336,SUP-011,SKU-00056,WH-EAST,2025-01-27,2025-02-06,2025-02-15,157.0,27.92,air,452.95,delivered
PO-004337,SUP-011,SKU-00056,WH-EAST,2025-02-10,2025-03-11,2025-03-13,142.0,27.92,ocean,141.92,delivered
PO-004338,SUP-011,SKU-00056,WH-EAST,2025-02-24,2025-03-25,2025-04-06,118.0,27.92,ocean,,delivered
PO-004339,SUP-011,SKU-00056,WH-EAST,2025-03-17,2025-04-15,2025-04-27,148.0,27.92,ocean,181.97,delivered
PO-004340,SUP-011,SKU-00056,WH-EAST,2025-04-07,2025-05-06,2025-04-12,125.0,27.92,ocean,140.17,delivered
PO-004341,SUP-011,SKU-00056,WH-EAST,2025-04-21,2025-05-12,2025-05-12,163.0,27.92,road,286.05,delivered
PO-004342,SUP-011,SKU-00056,WH-EAST,2025-05-05,2025-06-03,2025-06-26,133.0,27.92,ocean,154.2,delivered
PO-004343,SUP-011,SKU-00056,WH-EAST,2025-05-19,2025-06-11,2025-06-20,141.0,27.92,rail,225.54,delivered
PO-004344,SUP-011,SKU-00056,WH-EAST,2025-06-23,2025-07-22,2025-07-11,113.0,27.92,ocean,101.73,delivered
PO-004345,SUP-011,SKU-00056,WH-EAST,2025-07-07,2025-07-17,2025-07-18,116.0,27.92,air,461.94,delivered
PO-004346,SUP-011,SKU-00056,WH-EAST,2025-07-28,2025-08-26,2025-08-14,154.0,27.92,ocean,146.92,delivered
PO-004347,SUP-011,SKU-00056,WH-EAST,2025-08-18,2025-09-10,2025-09-18,141.0,27.92,rail,185.23,delivered
PO-004348,SUP-011,SKU-00056,WH-EAST,2025-09-08,2025-10-07,2025-09-30,124.0,27.92,ocean,161.51,delivered
PO-004349,SUP-011,SKU-00056,WH-EAST,2025-09-29,2025-10-09,2025-10-09,143.0,27.92,air,554.94,delivered
PO-004350,SUP-011,SKU-00056,WH-EAST,2025-10-20,2025-10-30,2025-10-26,166.0,27.92,air,657.81,delivered
PO-004351,SUP-011,SKU-00056,WH-EAST,2025-11-10,2025-11-20,2025-11-24,118.0,27.92,air,423.57,delivered
PO-004352,SUP-011,SKU-00056,WH-EAST,2025-12-01,2025-12-30,2025-12-24,122.0,27.92,ocean,122.69,delivered
PO-004353,SUP-011,SKU-00056,WH-EAST,2025-12-22,2026-01-20,,134.0,27.92,ocean,137.72,open
PO-004354,SUP-012,SKU-00057,WH-WEST,2024-01-15,2024-02-02,2024-02-03,44.0,19.66,RAIL,37.46,delivered
PO-004355,SUP-012,SKU-00057,WH-WEST,2024-02-05,2024-02-27,2024-03-01,51.0,19.66,ocean,39.94,delivered
PO-004356,SUP-012,SKU-00057,WH-WEST,2024-02-19,2024-03-12,2024-03-15,38.0,19.66,ocean,35.05,delivered
PO-004357,SUP-012,SKU-00057,WH-WEST,2024-03-18,2024-04-09,2024-04-12,49.0,19.66,ocean,45.2,delivered
PO-004358,SUP-012,SKU-00057,WH-WEST,2024-04-08,2024-04-15,2024-04-16,40.0,19.66,air,107.69,delivered
PO-004359,SUP-012,SKU-00057,WH-WEST,2024-04-29,2024-05-21,2024-05-22,39.0,19.66,ocean,31.51,delivered
PO-004360,SUP-012,SKU-00057,WH-WEST,2024-05-20,2024-05-27,2024-05-28,39.0,19.66,air,90.35,delivered
PO-004361,SUP-012,SKU-00057,WH-WEST,2024-06-17,2024-07-09,2024-07-03,42.0,19.66,ocean,26.84,delivered
PO-004362,SUP-012,SKU-00057,WH-WEST,2024-07-15,2024-08-06,2024-08-17,48.0,19.66,ocean,34.2,delivered
PO-004363,SUP-012,SKU-00057,WH-WEST,2024-08-05,2024-08-12,2024-08-12,39.0,19.66,air,87.08,delivered
PO-004364,SUP-012,SKU-00057,WH-WEST,2024-08-26,2024-09-17,2024-09-19,39.0,19.66,ocean,36.42,delivered
PO-004365,SUP-012,SKU-00057,WH-WEST,2024-09-16,2024-09-23,2024-09-22,55.0,19.66,air,151.29,delivered
PO-004366,SUP-012,SKU-00057,WH-WEST,2024-09-30,2024-10-22,2024-10-23,49.0,19.66,OCEAN,39.71,delivered
PO-004367,SUP-012,SKU-00057,WH-WEST,2024-10-14,2024-10-21,2024-10-22,45.0,19.66,air,123.88,delivered
PO-004368,SUP-012,SKU-00057,WH-WEST,2024-10-28,2024-11-19,2024-11-29,49.0,19.66,ocean,37.13,delivered
PO-004369,SUP-012,SKU-00057,WH-WEST,2024-11-11,2024-11-18,2024-11-21,45.0,19.66,air,92.02,delivered
PO-004370,SUP-012,SKU-00057,WH-WEST,2024-12-02,2024-12-19,2025-01-01,50.0,19.66,road,54.16,delivered
PO-004371,SUP-012,SKU-00057,WH-WEST,2024-12-16,2024-12-23,2024-12-23,44.0,19.66,air,86.74,delivered
PO-004372,SUP-012,SKU-00057,WH-WEST,2025-01-06,2025-01-28,2025-01-28,47.0,19.66,ocean,31.06,delivered
PO-004373,SUP-012,SKU-00057,WH-WEST,2025-01-20,2025-01-27,2025-01-30,47.0,19.66,air,126.45,delivered
PO-004374,SUP-012,SKU-00057,WH-WEST,2025-02-10,2025-03-04,2025-03-01,49.0,19.66,ocean,38.36,delivered
PO-004375,SUP-012,SKU-00057,WH-WEST,2025-02-24,2025-03-03,2025-03-01,42.0,19.66,air,94.9,delivered
PO-004376,SUP-012,SKU-00057,WH-WEST,2025-03-17,2025-04-08,2025-04-03,46.0,19.66,ocean,33.65,delivered
PO-004377,SUP-012,SKU-00057,WH-WEST,2025-03-31,2025-04-07,2025-04-08,48.0,19.66,air,132.56,delivered
PO-004378,SUP-012,SKU-00057,WH-WEST,2025-04-21,2025-04-28,2025-04-29,36.0,19.66,air,93.69,delivered
PO-004379,SUP-012,SKU-00057,WH-WEST,2025-05-12,2025-06-03,2025-05-07,43.0,19.66,ocean,31.5,delivered
PO-004380,SUP-012,SKU-00057,WH-WEST,2025-06-02,2025-06-20,2025-06-22,37.0,19.66,rail,36.25,delivered
PO-004381,SUP-012,SKU-00057,WH-WEST,2025-06-23,2025-07-11,2025-07-07,43.0,19.66,rail,43.47,delivered
PO-004382,SUP-012,SKU-00057,WH-WEST,2025-07-07,2025-07-29,2025-07-31,39.0,19.66,ocean,35.33,delivered
PO-004383,SUP-012,SKU-00057,WH-WEST,2025-07-21,2025-07-28,2025-07-29,37.0,19.66,air,87.0,delivered
PO-004384,SUP-012,SKU-00057,WH-WEST,2025-08-11,2025-09-02,2025-08-31,50.0,19.66,ocean,41.13,delivered
PO-004385,SUP-012,SKU-00057,WH-WEST,2025-08-25,2025-09-16,2025-09-18,40.0,19.66,ocean,32.35,delivered
PO-004386,SUP-012,SKU-00057,WH-WEST,2025-09-15,2025-09-22,2025-09-24,54.0,19.66,air,141.61,delivered
PO-004387,SUP-012,SKU-00057,WH-WEST,2025-09-29,2025-10-16,2025-10-27,45.0,19.66,road,47.55,delivered
PO-004388,SUP-012,SKU-00057,WH-WEST,2025-10-13,2025-10-20,2025-10-21,49.0,19.66,air,102.56,delivered
PO-004389,SUP-012,SKU-00057,WH-WEST,2025-11-03,2025-11-25,2025-11-26,69.0,19.66,ocean,45.88,delivered
PO-004390,SUP-012,SKU-00057,WH-WEST,2025-12-01,2025-12-23,2025-12-23,69.0,19.66,ocean,53.64,delivered
PO-004391,SUP-012,SKU-00057,WH-APAC,2024-01-15,2024-01-22,2024-01-23,59.0,19.66,air,117.65,delivered
PO-004392,SUP-012,SKU-00057,WH-APAC,2024-01-29,2024-02-05,2024-02-14,51.0,19.66,air,114.81,delivered
PO-004393,SUP-012,SKU-00057,WH-APAC,2024-02-19,2024-03-08,2024-03-06,68.0,19.66,rail,79.17,delivered
PO-004394,SUP-012,SKU-00057,WH-APAC,2024-03-04,2024-03-11,2024-03-20,48.0,19.66,air,103.78,delivered
PO-004395,SUP-012,SKU-00057,WH-APAC,2024-03-25,2024-04-16,2024-04-15,61.0,19.66,ocean,56.46,delivered
PO-004396,SUP-012,SKU-00057,WH-APAC,2024-04-15,2024-05-07,2024-05-05,48.0,19.66,ocean,35.11,delivered
PO-004397,SUP-012,SKU-00057,WH-APAC,2024-05-06,2024-05-28,2024-05-24,73.0,19.66,ocean,61.64,delivered
PO-004398,SUP-012,SKU-00057,WH-APAC,2024-05-27,2024-06-03,2024-06-03,64.0,19.66,air,129.57,delivered
PO-004399,SUP-012,SKU-00057,WH-APAC,2024-06-17,2024-07-09,2024-07-08,47.0,19.66,ocean,40.44,delivered
PO-004400,SUP-012,SKU-00057,WH-APAC,2024-07-08,2024-07-15,2024-07-14,51.0,19.66,air,126.52,delivered
PO-004401,SUP-012,SKU-00057,WH-APAC,2024-07-29,2024-08-05,2024-08-05,53.0,19.66,air,122.47,delivered
PO-004402,SUP-012,SKU-00057,WH-APAC,2024-08-12,2024-08-19,2024-08-18,51.0,19.66,air,121.04,delivered
PO-004403,SUP-012,SKU-00057,WH-APAC,2024-08-26,2024-09-17,2024-09-20,55.0,19.66,ocean,39.45,delivered
PO-004404,SUP-012,SKU-00057,WH-APAC,2024-09-09,2024-10-01,2024-09-29,53.0,19.66,ocean,37.25,delivered
PO-004405,SUP-012,SKU-00057,WH-APAC,2024-09-30,2024-10-22,2024-10-18,67.0,19.66,ocean,44.03,delivered
PO-004406,SUP-012,SKU-00057,WH-APAC,2024-10-14,2024-10-21,2024-10-23,57.0,19.66,air,156.47,delivered
PO-004407,SUP-012,SKU-00057,WH-APAC,2024-10-28,2024-11-15,2024-11-22,120.0,19.66,rail,134.83,delivered
PO-004408,SUP-012,SKU-00057,WH-APAC,2024-12-02,2024-12-09,2024-12-11,72.0,19.66,air,187.32,delivered
PO-004409,SUP-012,SKU-00057,WH-APAC,2024-12-16,2025-01-07,2025-01-12,87.0,19.66,ocean,57.53,delivered
PO-004410,SUP-012,SKU-00057,WH-APAC,2025-01-13,2025-01-20,2025-01-20,51.0,19.66,air,104.07,delivered
PO-004411,SUP-012,SKU-00057,WH-APAC,2025-01-27,2025-02-18,2025-02-20,60.0,19.66,ocean,,delivered
PO-004412,SUP-012,SKU-00057,WH-APAC,2025-02-10,2025-02-17,2025-02-20,64.0,19.66,AIR,152.69,delivered
PO-004413,SUP-012,SKU-00057,WH-APAC,2025-03-10,2025-03-28,2025-03-28,67.0,19.66,rail,77.24,delivered
PO-004414,SUP-012,SKU-00057,WH-APAC,2025-03-24,2025-03-31,2025-04-02,57.0,19.66,air,123.88,delivered
PO-004415,SUP-012,SKU-00057,WH-APAC,2025-04-14,2025-04-21,2025-05-03,61.0,19.66,air,134.0,delivered
PO-004416,SUP-012,SKU-00057,WH-APAC,2025-05-05,2025-05-12,2025-05-12,53.0,19.66,air,104.41,delivered
PO-004417,SUP-012,SKU-00057,WH-APAC,2025-05-26,2025-06-17,2025-06-18,60.0,19.66,ocean,51.95,delivered
PO-004418,SUP-012,SKU-00057,WH-APAC,2025-06-16,2025-06-23,2025-06-23,64.0,19.66,air,130.21,delivered
PO-004419,SUP-012,SKU-00057,WH-APAC,2025-06-30,2025-07-07,2025-07-09,49.0,19.66,air,136.19,delivered
PO-004420,SUP-012,SKU-00057,WH-APAC,2025-07-21,2025-07-28,2025-07-30,69.0,19.66,air,185.98,delivered
PO-004421,SUP-012,SKU-00057,WH-APAC,2025-08-04,2025-08-26,2025-08-28,53.0,19.66,ocean,39.53,delivered
PO-004422,SUP-012,SKU-00057,WH-APAC,2025-08-18,2025-08-25,2025-08-29,66.0,19.66,air,162.66,delivered
PO-004423,SUP-012,SKU-00057,WH-APAC,2025-09-08,2025-09-30,2025-10-01,63.0,19.66,ocean,40.35,delivered
PO-004424,SUP-012,SKU-00057,WH-APAC,2025-09-22,2025-09-29,2025-09-29,61.0,19.66,air,124.18,delivered
PO-004425,SUP-012,SKU-00057,WH-APAC,2025-10-13,2025-10-20,2025-10-21,90.0,19.66,air,187.66,delivered
PO-004426,SUP-012,SKU-00057,WH-APAC,2025-10-27,2025-11-14,2025-11-09,88.0,19.66,rail,90.26,delivered
PO-004427,SUP-012,SKU-00057,WH-APAC,2025-11-10,2025-12-02,2025-12-12,48.0,19.66,ocean,40.37,delivered
PO-004428,SUP-012,SKU-00057,WH-APAC,2025-11-17,2025-12-09,2025-12-14,48.0,19.66,ocean,43.02,delivered
PO-004429,SUP-012,SKU-00057,WH-APAC,2025-12-15,2026-01-06,,57.0,19.66,ocean,51.73,open
PO-004430,SUP-012,SKU-00057,WH-APAC,2025-12-22,2026-01-13,,47.0,19.66,ocean,34.83,open
PO-004431,SUP-012,SKU-00057,WH-EU,2024-01-15,2024-02-06,2024-02-11,57.0,19.66,ocean,43.23,delivered
PO-004432,SUP-012,SKU-00057,WH-EU,2024-01-29,2024-02-20,2024-02-15,47.0,19.66,ocean,33.25,delivered
PO-004433,SUP-012,SKU-00057,WH-EU,2024-02-19,2024-02-26,2024-02-26,54.0,19.66,air,122.52,delivered
PO-004434,SUP-012,SKU-00057,WH-EU,2024-03-11,2024-03-18,2024-03-26,71.0,19.66,air,150.77,delivered
PO-004435,SUP-012,SKU-00057,WH-EU,2024-04-01,2024-04-19,2024-04-22,61.0,19.66,rail,53.0,delivered
PO-004436,SUP-012,SKU-00057,WH-EU,2024-04-22,2024-05-14,2024-05-13,55.0,19.66,ocean,37.4,delivered
PO-004437,SUP-012,SKU-00057,WH-EU,2024-05-13,2024-05-31,2024-06-07,61.0,19.66,rail,68.15,delivered
PO-004438,SUP-012,SKU-00057,WH-EU,2024-06-03,2024-06-25,2024-07-09,47.0,19.66,ocean,30.67,delivered
PO-004439,SUP-012,SKU-00057,WH-EU,2024-07-01,2024-07-08,2024-07-08,53.0,19.66,air,103.97,delivered
PO-004440,SUP-012,SKU-00057,WH-EU,2024-07-22,2024-08-09,2024-08-05,56.0,19.66,rail,62.26,delivered
PO-004441,SUP-012,SKU-00057,WH-EU,2024-08-12,2024-09-03,2024-08-28,63.0,19.66,ocean,58.63,delivered
PO-004442,SUP-012,SKU-00057,WH-EU,2024-08-26,2024-09-13,2024-09-18,52.0,19.66,rail,56.67,delivered
PO-004443,SUP-012,SKU-00057,WH-EU,2024-09-09,2024-10-01,2024-09-29,51.0,19.66,ocean,34.96,delivered
PO-004444,SUP-012,SKU-00057,WH-EU,2024-09-30,2024-10-22,2024-10-23,79.0,19.66,ocean,61.12,delivered
PO-004445,SUP-012,SKU-00057,WH-EU,2024-10-28,2024-11-14,2024-11-19,108.0,19.66,road,108.94,delivered
PO-004446,SUP-012,SKU-00057,WH-EU,2024-11-25,2024-12-17,2024-12-18,86.0,19.66,ocean,64.37,delivered
PO-004447,SUP-012,SKU-00057,WH-EU,2024-12-23,2025-01-14,2025-01-07,65.0,19.66,ocean,54.48,delivered
PO-004448,SUP-012,SKU-00057,WH-EU,2025-01-06,2025-01-13,2025-01-13,60.0,19.66,air,141.76,delivered
PO-004449,SUP-012,SKU-00057,WH-EU,2025-01-20,2025-01-27,2025-01-26,60.0,19.66,air,143.36,delivered
PO-004450,SUP-012,SKU-00057,WH-EU,2025-02-03,2025-02-25,2025-02-24,67.0,19.66,ocean,51.45,delivered
PO-004451,SUP-012,SKU-00057,WH-EU,2025-02-17,2025-03-06,2025-03-04,58.0,19.66,road,64.21,delivered
PO-004452,SUP-012,SKU-00057,WH-EU,2025-03-10,2025-04-01,2025-03-27,72.0,19.66,ocean,63.64,delivered
PO-004453,SUP-012,SKU-00057,WH-EU,2025-03-24,2025-04-15,2025-04-20,53.0,19.66,ocean,38.75,delivered
PO-004454,SUP-012,SKU-00057,WH-EU,2025-04-14,2025-04-21,2025-04-22,60.0,19.66,air,169.41,delivered
PO-004455,SUP-012,SKU-00057,WH-EU,2025-05-05,2025-05-27,2025-06-08,60.0,19.66,ocean,44.0,delivered
PO-004456,SUP-012,SKU-00057,WH-EU,2025-05-26,2025-06-12,2025-06-16,60.0,19.66,road,57.32,delivered
PO-004457,SUP-012,SKU-00057,WH-EU,2025-06-23,2025-07-11,2025-07-08,48.0,19.66,rail,49.99,delivered
PO-004458,SUP-012,SKU-00057,WH-EU,2025-07-14,2025-08-05,2025-08-12,64.0,19.66,ocean,45.77,delivered
PO-004459,SUP-012,SKU-00057,WH-EU,2025-07-28,2025-08-04,2025-08-05,56.0,19.66,air,120.06,delivered
PO-004460,SUP-012,SKU-00057,WH-EU,2025-08-18,2025-09-09,2025-09-04,71.0,19.66,ocean,58.77,delivered
PO-004461,SUP-012,SKU-00057,WH-EU,2025-09-01,2025-09-08,2025-09-08,54.0,19.66,air,126.81,delivered
PO-004462,SUP-012,SKU-00057,WH-EU,2025-09-15,2025-09-22,2025-09-24,70.0,19.66,air,157.52,delivered
PO-004463,SUP-012,SKU-00057,WH-EU,2025-09-22,2025-10-14,2025-10-23,47.0,19.66,ocean,35.23,delivered
PO-004464,SUP-012,SKU-00057,WH-EU,2025-10-06,2025-10-13,2025-10-16,-78.0,19.66,air,180.33,delivered
PO-004465,SUP-012,SKU-00057,WH-EU,2025-10-27,2025-11-03,2025-11-13,86.0,19.66,air,243.3,delivered
PO-004466,SUP-012,SKU-00057,WH-EU,2025-11-17,2025-12-09,2025-12-07,78.0,19.66,ocean,54.21,delivered
PO-004467,SUP-012,SKU-00057,WH-EU,2025-12-01,2025-12-08,2025-12-10,47.0,19.66,air,100.42,delivered
PO-004468,SUP-012,SKU-00057,WH-EU,2025-12-15,2025-12-22,2025-12-23,61.0,19.66,air,163.08,delivered
PO-004469,SUP-018,SKU-00058,WH-EU,2024-01-15,2024-02-05,2024-02-04,227.0,2.18,ocean,17.78,delivered
PO-004470,SUP-018,SKU-00058,WH-EU,2024-01-29,2024-02-05,2024-02-09,234.0,2.18,air,72.73,delivered
PO-004471,SUP-018,SKU-00058,WH-EU,2024-02-19,2024-03-07,2024-03-05,256.0,2.18,rail,31.72,delivered
PO-004472,SUP-018,SKU-00058,WH-EU,2024-03-11,2024-03-18,2024-03-19,262.0,2.18,air,71.8,delivered
PO-004473,SUP-018,SKU-00058,WH-EU,2024-04-01,2024-04-08,2024-04-09,265.0,2.18,air,73.16,delivered
PO-004474,SUP-018,SKU-00058,WH-EU,2024-04-15,2024-04-22,2024-04-22,208.0,2.18,air,58.13,delivered
PO-004475,SUP-018,SKU-00058,WH-EU,2024-05-06,2024-05-23,2024-05-14,267.0,2.18,rail,28.41,delivered
PO-004476,SUP-018,SKU-00058,WH-EU,2024-05-20,2024-06-10,2024-06-10,307.0,2.18,ocean,31.52,delivered
PO-004477,SUP-018,SKU-00058,WH-EU,2024-06-10,2024-07-01,2024-07-02,207.0,2.18,ocean,20.62,delivered
PO-004478,SUP-018,SKU-00058,WH-EU,2024-07-01,2024-07-22,2024-07-17,232.0,2.18,ocean,23.14,delivered
PO-004479,SUP-018,SKU-00058,WH-EU,2024-07-22,2024-08-08,2024-08-05,279.0,2.18,rail,31.37,delivered
PO-004480,SUP-018,SKU-00058,WH-EU,2024-08-12,2024-09-02,2024-09-08,279.0,2.18,ocean,,delivered
PO-004481,SUP-018,SKU-00058,WH-EU,2024-08-26,2024-09-02,2024-09-03,223.0,2.18,air,54.28,delivered
PO-004482,SUP-018,SKU-00058,WH-EU,2024-09-23,2024-10-14,2024-10-17,305.0,2.18,ocean,29.03,delivered
PO-004483,SUP-018,SKU-00058,WH-EU,2024-09-30,2024-10-07,2024-10-05,197.0,2.18,air,,delivered
PO-004484,SUP-018,SKU-00058,WH-EU,2024-10-14,2024-10-21,2024-10-22,197.0,2.18,air,45.04,delivered
PO-004485,SUP-018,SKU-00058,WH-EU,2024-10-28,2024-11-18,2024-11-21,340.0,2.18,ocean,31.09,delivered
PO-004486,SUP-018,SKU-00058,WH-EU,2024-11-25,2024-12-11,2024-12-14,283.0,2.18,road,34.15,delivered
PO-004487,SUP-018,SKU-00058,WH-EU,2024-12-09,2024-12-16,2024-12-15,219.0,2.18,air,48.39,delivered
PO-004488,SUP-018,SKU-00058,WH-EU,2024-12-30,2025-01-20,2025-01-25,339.0,2.18,ocean,30.75,delivered
PO-004489,SUP-018,SKU-00058,WH-EU,2025-01-27,2025-02-17,2025-02-13,222.0,2.18,ocean,21.09,delivered
PO-004490,SUP-018,SKU-00058,WH-EU,2025-02-10,2025-02-17,2025-02-18,280.0,2.18,air,84.32,delivered
PO-004491,SUP-018,SKU-00058,WH-EU,2025-02-24,2025-03-17,2025-03-23,280.0,2.18,ocean,29.17,delivered
PO-004492,SUP-018,SKU-00058,WH-EU,2025-03-10,2025-03-17,2025-03-19,222.0,2.18,air,58.44,delivered
PO-004493,SUP-018,SKU-00058,WH-EU,2025-03-31,2025-04-21,2025-04-26,212.0,2.18,ocean,16.23,delivered
PO-004494,SUP-018,SKU-00058,WH-EU,2025-04-14,2025-04-21,2025-04-09,250.0,2.18,air,62.99,delivered
PO-004495,SUP-018,SKU-00058,WH-EU,2025-05-05,2025-05-21,2025-05-18,275.0,2.18,road,31.13,delivered
PO-004496,SUP-018,SKU-00058,WH-EU,2025-05-19,2025-06-09,2025-06-05,202.0,2.18,ocean,20.4,delivered
PO-004497,SUP-018,SKU-00058,WH-EU,2025-06-02,2025-06-09,2025-06-12,251.0,2.18,air,66.27,delivered
PO-004498,SUP-018,SKU-00058,WH-EU,2025-06-16,2025-07-07,2025-07-05,243.0,2.18,ocean,20.34,delivered
PO-004499,SUP-018,SKU-00058,WH-EU,2025-06-30,2025-07-07,2025-07-07,259.0,2.18,air,77.23,delivered
PO-004500,SUP-018,SKU-00058,WH-EU,2025-07-21,2025-08-06,2025-08-18,268.0,2.18,road,39.27,delivered
PO-004501,SUP-018,SKU-00058,WH-EU,2025-08-04,2025-08-11,2025-08-13,234.0,2.18,air,65.07,delivered
PO-004502,SUP-018,SKU-00058,WH-EU,2025-08-25,2025-09-15,2025-09-16,253.0,2.18,ocean,23.17,delivered
PO-004503,SUP-018,SKU-00058,WH-EU,2025-09-08,2025-09-25,2025-10-01,249.0,2.18,rail,27.16,delivered
PO-004504,SUP-018,SKU-00058,WH-EU,2025-09-29,2025-10-06,2025-10-02,253.0,2.18,air,56.3,delivered
PO-004505,SUP-018,SKU-00058,WH-EU,2025-10-13,2025-11-03,2025-10-25,335.0,2.18,ocean,23.95,delivered
PO-004506,SUP-018,SKU-00058,WH-EU,2025-10-27,2025-11-13,2025-11-08,246.0,2.18,rail,30.47,delivered
PO-004507,SUP-018,SKU-00058,WH-EU,2025-11-10,2025-11-27,2025-11-20,330.0,2.18,rail,37.39,delivered
PO-004508,SUP-018,SKU-00058,WH-EU,2025-11-24,2025-12-15,2025-12-19,317.0,2.18,ocean,31.56,delivered
PO-004509,SUP-018,SKU-00058,WH-EU,2025-12-22,2026-01-12,,280.0,2.18,ocean,,open
PO-004510,SUP-006,SKU-00059,WH-EAST,2024-01-15,2024-02-12,2024-02-10,59.0,5.72,ocean,16.01,delivered
PO-004511,SUP-006,SKU-00059,WH-EAST,2024-02-05,2024-02-14,2024-02-15,70.0,5.72,air,46.52,delivered
PO-004512,SUP-006,SKU-00059,WH-EAST,2024-02-26,2024-03-06,2024-03-05,65.0,5.72,air,45.77,delivered
PO-004513,SUP-006,SKU-00059,WH-EAST,2024-03-18,2024-04-15,2024-04-12,52.0,5.72,ocean,12.53,delivered
PO-004514,SUP-006,SKU-00059,WH-EAST,2024-04-08,2024-05-06,2024-05-04,63.0,5.72,ocean,12.06,delivered
PO-004515,SUP-006,SKU-00059,WH-EAST,2024-04-22,2024-05-20,2024-05-29,52.0,5.72,ocean,10.73,delivered
PO-004516,SUP-006,SKU-00059,WH-EAST,2024-05-13,2024-06-03,2024-06-09,53.0,5.72,road,15.19,delivered
PO-004517,SUP-006,SKU-00059,WH-EAST,2024-06-03,2024-07-01,2024-06-27,53.0,5.72,ocean,11.31,delivered
PO-004518,SUP-006,SKU-00059,WH-EAST,2024-06-24,2024-07-22,2024-07-20,50.0,5.72,ocean,12.24,delivered
PO-004519,SUP-006,SKU-00059,WH-EAST,2024-07-08,2024-08-05,2024-07-31,45.0,5.72,ocean,10.24,delivered
PO-004520,SUP-006,SKU-00059,WH-EAST,2024-07-22,2024-08-19,2024-08-13,49.0,5.72,ocean,11.86,delivered
PO-004521,SUP-006,SKU-00059,WH-EAST,2024-08-05,2024-09-02,2024-09-02,46.0,5.72,ocean,9.42,delivered
PO-004522,SUP-006,SKU-00059,WH-EAST,2024-08-19,2024-08-28,2024-08-26,69.0,5.72,air,55.99,delivered
PO-004523,SUP-006,SKU-00059,WH-EAST,2024-09-09,2024-10-07,2024-10-10,62.0,5.72,ocean,14.92,delivered
PO-004524,SUP-006,SKU-00059,WH-EAST,2024-09-23,2024-10-02,2024-10-02,61.0,5.72,air,46.67,delivered
PO-004525,SUP-006,SKU-00059,WH-EAST,2024-10-14,2024-11-11,2024-11-13,68.0,5.72,ocean,16.74,delivered
PO-004526,SUP-006,SKU-00059,WH-EAST,2024-11-04,2024-11-13,2024-11-13,64.0,5.72,air,39.23,delivered
PO-004527,SUP-006,SKU-00059,WH-EAST,2024-11-25,2024-12-23,2024-12-29,52.0,5.72,ocean,10.33,delivered
PO-004528,SUP-006,SKU-00059,WH-EAST,2024-12-09,2024-12-30,2024-12-31,51.0,5.72,road,18.57,delivered
PO-004529,SUP-006,SKU-00059,WH-EAST,2024-12-30,2025-01-08,2025-01-09,45.0,5.72,air,36.6,delivered
PO-004530,SUP-006,SKU-00059,WH-EAST,2025-01-13,2025-01-22,2025-01-21,60.0,5.72,air,38.84,delivered
PO-004531,SUP-006,SKU-00059,WH-EAST,2025-01-27,2025-02-24,2025-02-23,69.0,5.72,ocean,13.46,delivered
PO-004532,SUP-006,SKU-00059,WH-EAST,2025-02-10,2025-02-19,2025-02-20,55.0,5.72,air,44.74,delivered
PO-004533,SUP-006,SKU-00059,WH-EAST,2025-03-03,2025-03-31,2025-03-30,52.0,5.72,ocean,10.46,delivered
PO-004534,SUP-006,SKU-00059,WH-EAST,2025-03-24,2025-04-21,2025-04-19,64.0,5.72,ocean,14.09,delivered
PO-004535,SUP-006,SKU-00059,WH-EAST,2025-04-07,2025-05-05,2025-04-27,45.0,5.72,ocean,12.31,delivered
PO-004536,SUP-006,SKU-00059,WH-EAST,2025-04-28,2025-05-26,2025-05-24,58.0,5.72,ocean,14.0,delivered
PO-004537,SUP-006,SKU-00059,WH-EAST,2025-05-12,2025-05-21,2025-05-23,76.0,5.72,air,50.42,delivered
PO-004538,SUP-006,SKU-00059,WH-EAST,2025-06-02,2025-06-11,2025-06-14,59.0,5.72,air,42.26,delivered
PO-004539,SUP-006,SKU-00059,WH-EAST,2025-06-16,2025-06-25,2025-06-26,49.0,5.72,air,30.99,delivered
PO-004540,SUP-006,SKU-00059,WH-EAST,2025-06-30,2025-07-28,2025-08-03,56.0,5.72,ocean,14.49,delivered
PO-004541,SUP-006,SKU-00059,WH-EAST,2025-07-14,2025-08-11,2025-08-11,63.0,5.72,ocean,14.82,delivered
PO-004542,SUP-006,SKU-00059,WH-EAST,2025-08-11,2025-08-20,2025-08-22,48.0,5.72,air,31.55,delivered
PO-004543,SUP-006,SKU-00059,WH-EAST,2025-08-25,2025-09-22,2025-09-23,51.0,5.72,ocean,12.82,delivered
PO-004544,SUP-006,SKU-00059,WH-EAST,2025-09-08,2025-10-06,2025-10-12,64.0,5.72,ocean,16.44,delivered
PO-004545,SUP-006,SKU-00059,WH-EAST,2025-10-06,2025-10-15,2025-10-14,63.0,5.72,air,48.45,delivered
PO-004546,SUP-006,SKU-00059,WH-EAST,2025-10-20,2025-11-17,2025-11-19,57.0,5.72,ocean,13.58,delivered
PO-004547,SUP-006,SKU-00059,WH-EAST,2025-11-03,2025-11-12,2025-11-13,58.0,5.72,air,,delivered
PO-004548,SUP-006,SKU-00059,WH-EAST,2025-11-17,2025-11-26,2025-11-23,56.0,5.72,air,33.56,delivered
PO-004549,SUP-006,SKU-00059,WH-EAST,2025-12-01,2025-12-10,2025-12-19,88.0,5.72,air,51.85,delivered
PO-004550,SUP-006,SKU-00059,WH-EAST,2025-12-08,2025-12-29,2025-12-24,49.0,5.72,road,18.94,delivered
PO-004551,SUP-006,SKU-00059,WH-APAC,2024-01-15,2024-02-12,2024-02-17,54.0,5.72,ocean,11.69,delivered
PO-004552,SUP-006,SKU-00059,WH-APAC,2024-02-05,2024-02-14,2024-02-13,74.0,5.72,air,51.77,delivered
PO-004553,SUP-006,SKU-00059,WH-APAC,2024-02-19,2024-03-18,2024-03-13,51.0,5.72,ocean,9.84,delivered
PO-004554,SUP-006,SKU-00059,WH-APAC,2024-03-11,2024-04-08,2024-04-07,76.0,5.72,ocean,17.92,delivered
PO-004555,SUP-006,SKU-00059,WH-APAC,2024-04-01,2024-04-29,2024-04-26,73.0,5.72,ocean,15.56,delivered
PO-004556,SUP-006,SKU-00059,WH-APAC,2024-04-22,2024-05-13,2024-05-09,61.0,5.72,road,18.52,delivered
PO-004557,SUP-006,SKU-00059,WH-APAC,2024-05-13,2024-05-22,2024-05-22,78.0,5.72,air,,delivered
PO-004558,SUP-006,SKU-00059,WH-APAC,2024-06-03,2024-07-01,2024-06-30,70.0,5.72,ocean,12.86,delivered
PO-004559,SUP-006,SKU-00059,WH-APAC,2024-06-17,2024-07-15,2024-07-18,56.0,5.72,ocean,12.44,delivered
PO-004560,SUP-006,SKU-00059,WH-APAC,2024-07-08,2024-07-17,2024-07-20,60.0,5.72,air,46.62,delivered
PO-004561,SUP-006,SKU-00059,WH-APAC,2024-07-22,2024-08-19,2024-08-23,59.0,5.72,ocean,12.13,delivered
PO-004562,SUP-006,SKU-00059,WH-APAC,2024-08-05,2024-09-02,2024-09-01,56.0,5.72,ocean,15.29,delivered
PO-004563,SUP-006,SKU-00059,WH-APAC,2024-09-02,2024-09-23,2024-09-18,76.0,5.72,road,28.93,delivered
PO-004564,SUP-006,SKU-00059,WH-APAC,2024-09-16,2024-09-25,2024-09-24,73.0,5.72,air,59.26,delivered
PO-004565,SUP-006,SKU-00059,WH-APAC,2024-10-07,2024-11-04,2024-11-04,75.0,5.72,ocean,17.59,delivered
PO-004566,SUP-006,SKU-00059,WH-APAC,2024-10-21,2024-11-11,2024-11-19,56.0,5.72,road,19.09,delivered
PO-004567,SUP-006,SKU-00059,WH-APAC,2024-11-11,2024-12-09,2024-12-11,56.0,5.72,ocean,13.75,delivered
PO-004568,SUP-006,SKU-00059,WH-APAC,2024-11-25,2024-12-16,2024-12-19,54.0,5.72,road,17.72,delivered
PO-004569,SUP-006,SKU-00059,WH-APAC,2024-12-16,2024-12-25,2024-12-26,78.0,5.72,air,60.5,delivered
PO-004570,SUP-006,SKU-00059,WH-APAC,2024-12-30,2025-01-22,2025-01-21,65.0,5.72,rail,19.04,delivered
PO-004571,SUP-006,SKU-00059,WH-APAC,2025-01-13,2025-02-05,2025-02-05,57.0,5.72,rail,15.07,delivered
PO-004572,SUP-006,SKU-00059,WH-APAC,2025-01-27,2025-02-19,2025-02-13,53.0,5.72,rail,17.22,delivered
PO-004573,SUP-006,SKU-00059,WH-APAC,2025-02-10,2025-02-19,2025-02-20,51.0,5.72,air,34.2,delivered
PO-004574,SUP-006,SKU-00059,WH-APAC,2025-02-24,2025-03-05,2025-03-07,56.0,5.72,air,31.74,delivered
PO-004575,SUP-006,SKU-00059,WH-APAC,2025-03-10,2025-04-02,2025-04-10,66.0,5.72,RAIL,19.34,delivered
PO-004576,SUP-006,SKU-00059,WH-APAC,2025-03-24,2025-04-21,2025-04-22,67.0,5.72,ocean,16.79,delivered
PO-004577,SUP-006,SKU-00059,WH-APAC,2025-04-21,2025-05-14,2025-05-17,80.0,5.72,rail,26.32,delivered
PO-004578,SUP-006,SKU-00059,WH-APAC,2025-05-05,2025-05-14,2025-05-14,71.0,5.72,air,54.13,delivered
PO-004579,SUP-006,SKU-00059,WH-APAC,2025-05-26,2025-06-23,2025-06-16,73.0,5.72,ocean,14.39,delivered
PO-004580,SUP-006,SKU-00059,WH-APAC,2025-06-09,2025-07-07,2025-07-15,69.0,5.72,ocean,15.6,delivered
PO-004581,SUP-006,SKU-00059,WH-APAC,2025-06-23,2025-07-21,2025-07-17,53.0,5.72,OCEAN,11.86,delivered
PO-004582,SUP-006,SKU-00059,WH-APAC,2025-07-21,2025-08-18,2025-08-20,72.0,5.72,ocean,13.19,delivered
PO-004583,SUP-006,SKU-00059,WH-APAC,2025-08-11,2025-09-08,2025-09-12,65.0,5.72,ocean,13.82,delivered
PO-004584,SUP-006,SKU-00059,WH-APAC,2025-09-01,2025-09-10,2025-09-12,82.0,5.72,air,51.05,delivered
PO-004585,SUP-006,SKU-00059,WH-APAC,2025-09-22,2025-10-13,2025-10-09,57.0,5.72,road,22.07,delivered
PO-004586,SUP-006,SKU-00059,WH-APAC,2025-10-06,2025-10-15,2025-10-16,77.0,5.72,air,56.0,delivered
PO-004587,SUP-006,SKU-00059,WH-APAC,2025-10-20,2025-11-17,2025-11-20,72.0,5.72,ocean,18.17,delivered
PO-004588,SUP-006,SKU-00059,WH-APAC,2025-11-03,2025-11-12,2025-11-11,83.0,5.72,air,59.75,delivered
PO-004589,SUP-006,SKU-00059,WH-APAC,2025-11-24,2025-12-22,2025-12-20,73.0,5.72,ocean,16.29,delivered
PO-004590,SUP-006,SKU-00059,WH-APAC,2025-12-01,2025-12-10,2025-12-10,56.0,5.72,air,36.85,delivered
PO-004591,SUP-006,SKU-00059,WH-APAC,2025-12-15,2025-12-24,2025-12-25,66.0,5.72,air,37.5,delivered
PO-004592,SUP-006,SKU-00059,WH-WEST,2024-01-15,2024-02-07,2024-02-05,46.0,5.72,rail,13.79,delivered
PO-004593,SUP-006,SKU-00059,WH-WEST,2024-02-05,2024-03-04,2024-03-09,59.0,5.72,ocean,14.0,delivered
PO-004594,SUP-006,SKU-00059,WH-WEST,2024-02-26,2024-03-06,2024-03-06,64.0,5.72,air,49.58,delivered
PO-004595,SUP-006,SKU-00059,WH-WEST,2024-03-18,2024-04-15,2024-04-17,45.0,5.72,ocean,11.28,delivered
PO-004596,SUP-006,SKU-00059,WH-WEST,2024-04-01,2024-04-29,2024-05-06,44.0,5.72,ocean,11.35,delivered
PO-004597,SUP-006,SKU-00059,WH-WEST,2024-04-22,2024-05-15,2024-05-17,54.0,5.72,rail,15.4,delivered
PO-004598,SUP-006,SKU-00059,WH-WEST,2024-05-13,2024-06-10,2024-06-09,60.0,5.72,ocean,13.72,delivered
PO-004599,SUP-006,SKU-00059,WH-WEST,2024-05-27,2024-06-19,2024-06-22,50.0,5.72,rail,15.96,delivered
PO-004600,SUP-006,SKU-00059,WH-WEST,2024-06-17,2024-07-10,2024-07-10,57.0,5.72,rail,17.24,delivered
PO-004601,SUP-006,SKU-00059,WH-WEST,2024-07-01,2024-07-24,2024-07-25,56.0,5.72,rail,18.78,delivered
PO-004602,SUP-006,SKU-00059,WH-WEST,2024-07-15,2024-08-12,2024-08-13,45.0,5.72,ocean,9.78,delivered
PO-004603,SUP-006,SKU-00059,WH-WEST,2024-08-05,2024-08-28,2024-08-30,65.0,5.72,rail,15.3,delivered
PO-004604,SUP-006,SKU-00059,WH-WEST,2024-08-19,2024-08-28,2024-08-28,59.0,5.72,air,47.85,delivered
PO-004605,SUP-006,SKU-00059,WH-WEST,2024-09-09,2024-10-07,2024-10-11,74.0,5.72,ocean,16.99,delivered
PO-004606,SUP-006,SKU-00059,WH-WEST,2024-09-23,2024-10-02,2024-10-13,47.0,5.72,air,30.68,delivered
PO-004607,SUP-006,SKU-00059,WH-WEST,2024-10-21,2024-11-11,2024-11-08,52.0,5.72,road,15.42,delivered
PO-004608,SUP-006,SKU-00059,WH-WEST,2024-11-04,2024-12-02,2024-12-06,57.0,5.72,ocean,11.36,delivered
PO-004609,SUP-006,SKU-00059,WH-WEST,2024-11-18,2024-12-16,2024-12-11,61.0,5.72,ocean,13.34,delivered
PO-004610,SUP-006,SKU-00059,WH-WEST,2024-12-16,2025-01-13,2025-01-09,69.0,5.72,ocean,15.45,delivered
PO-004611,SUP-006,SKU-00059,WH-WEST,2024-12-23,2025-01-15,2025-01-20,45.0,5.72,rail,11.19,delivered
PO-004612,SUP-006,SKU-00059,WH-WEST,2025-01-20,2025-02-17,2025-02-18,63.0,5.72,ocean,15.54,delivered
PO-004613,SUP-006,SKU-00059,WH-WEST,2025-02-03,2025-02-12,2025-02-12,52.0,5.72,air,39.75,delivered
PO-004614,SUP-006,SKU-00059,WH-WEST,2025-02-17,2025-02-26,2025-02-25,44.0,5.72,air,26.44,delivered
PO-004615,SUP-006,SKU-00059,WH-WEST,2025-03-03,2025-03-12,2025-03-12,55.0,5.72,air,45.29,delivered
PO-004616,SUP-006,SKU-00059,WH-WEST,2025-03-17,2025-04-07,2025-03-31,66.0,5.72,road,26.08,delivered
PO-004617,SUP-006,SKU-00059,WH-WEST,2025-03-31,2025-04-21,2025-04-18,56.0,5.72,road,17.44,delivered
PO-004618,SUP-006,SKU-00059,WH-WEST,2025-04-14,2025-05-12,2025-05-12,45.0,5.72,ocean,11.37,delivered
PO-004619,SUP-006,SKU-00059,WH-WEST,2025-04-28,2025-05-26,2025-06-01,59.0,5.72,ocean,11.79,delivered
PO-004620,SUP-006,SKU-00059,WH-WEST,2025-05-19,2025-05-28,2025-05-29,67.0,5.72,air,44.45,delivered
PO-004621,SUP-006,SKU-00059,WH-WEST,2025-06-09,2025-06-18,2025-06-18,53.0,5.72,air,36.85,delivered
PO-004622,SUP-006,SKU-00059,WH-WEST,2025-06-23,2025-07-14,2025-07-13,59.0,5.72,road,17.02,delivered
PO-004623,SUP-006,SKU-00059,WH-WEST,2025-07-07,2025-08-04,2025-08-08,50.0,5.72,OCEAN,9.28,delivered
PO-004624,SUP-006,SKU-00059,WH-WEST,2025-07-21,2025-07-30,2025-07-30,71.0,5.72,air,46.97,delivered
PO-004625,SUP-006,SKU-00059,WH-WEST,2025-08-04,2025-09-01,2025-08-29,43.0,5.72,ocean,8.88,delivered
PO-004626,SUP-006,SKU-00059,WH-WEST,2025-08-18,2025-09-15,2025-09-17,52.0,5.72,ocean,11.1,delivered
PO-004627,SUP-006,SKU-00059,WH-WEST,2025-09-01,2025-09-29,2025-09-21,58.0,5.72,ocean,12.3,delivered
PO-004628,SUP-006,SKU-00059,WH-WEST,2025-09-22,2025-10-20,2025-10-09,53.0,5.72,ocean,11.16,delivered
PO-004629,SUP-006,SKU-00059,WH-WEST,2025-10-06,2025-10-27,2025-10-22,63.0,5.72,road,19.17,delivered
PO-004630,SUP-006,SKU-00059,WH-WEST,2025-10-20,2025-11-17,2025-11-22,62.0,5.72,ocean,11.72,delivered
PO-004631,SUP-006,SKU-00059,WH-WEST,2025-11-03,2025-11-26,2025-11-28,59.0,5.72,rail,16.77,delivered
PO-004632,SUP-006,SKU-00059,WH-WEST,2025-12-01,2025-12-29,2025-12-22,69.0,5.72,ocean,18.83,delivered
PO-004633,SUP-006,SKU-00059,WH-WEST,2025-12-08,2026-01-05,,43.0,5.72,ocean,11.38,open
PO-004634,SUP-003,SKU-00060,WH-SOUTH,2024-01-15,2024-02-14,2024-02-24,47.0,3.81,ocean,7.26,delivered
PO-004635,SUP-003,SKU-00060,WH-SOUTH,2024-01-29,2024-02-28,2024-03-03,45.0,3.81,ocean,6.66,delivered
PO-004636,SUP-003,SKU-00060,WH-SOUTH,2024-02-12,2024-02-22,2024-02-21,43.0,3.81,air,17.09,delivered
PO-004637,SUP-003,SKU-00060,WH-SOUTH,2024-03-11,2024-04-10,2024-03-22,55.0,3.81,ocean,9.74,delivered
PO-004638,SUP-003,SKU-00060,WH-SOUTH,2024-04-01,2024-04-11,2024-04-08,59.0,3.81,air,31.12,delivered
PO-004639,SUP-003,SKU-00060,WH-SOUTH,2024-04-22,2024-05-16,2024-05-17,55.0,3.81,rail,10.21,delivered
PO-004640,SUP-003,SKU-00060,WH-SOUTH,2024-05-13,2024-05-23,2024-05-31,50.0,3.81,air,21.61,delivered
PO-004641,SUP-003,SKU-00060,WH-SOUTH,2024-06-03,2024-06-13,2024-06-14,49.0,3.81,air,26.7,delivered
PO-004642,SUP-003,SKU-00060,WH-SOUTH,2024-07-08,2024-07-18,2024-07-19,57.0,3.81,air,21.52,delivered
PO-004643,SUP-003,SKU-00060,WH-SOUTH,2024-08-05,2024-08-15,2024-08-19,54.0,3.81,AIR,21.09,delivered
PO-004644,SUP-003,SKU-00060,WH-SOUTH,2024-08-26,2024-09-05,2024-09-06,52.0,3.81,air,24.35,delivered
PO-004645,SUP-003,SKU-00060,WH-SOUTH,2024-09-16,2024-10-16,2024-10-29,52.0,3.81,ocean,7.8,delivered
PO-004646,SUP-003,SKU-00060,WH-SOUTH,2024-09-30,2024-10-30,2024-10-21,45.0,3.81,ocean,7.3,delivered
PO-004647,SUP-003,SKU-00060,WH-SOUTH,2024-10-28,2024-11-27,2024-11-23,63.0,3.81,ocean,9.89,delivered
PO-004648,SUP-003,SKU-00060,WH-SOUTH,2024-11-11,2024-11-21,2024-11-17,44.0,3.81,air,19.62,delivered
PO-004649,SUP-003,SKU-00060,WH-SOUTH,2024-11-25,2024-12-05,2024-12-06,56.0,3.81,air,22.28,delivered
PO-004650,SUP-003,SKU-00060,WH-SOUTH,2024-12-09,2024-12-19,2024-12-19,63.0,3.81,air,28.18,delivered
PO-004651,SUP-003,SKU-00060,WH-SOUTH,2024-12-23,2025-01-02,2025-01-01,56.0,3.81,air,27.2,delivered
PO-004652,SUP-003,SKU-00060,WH-SOUTH,2025-01-06,2025-01-28,2025-02-05,59.0,3.81,road,11.52,delivered
PO-004653,SUP-003,SKU-00060,WH-SOUTH,2025-01-20,2025-01-30,2025-01-28,51.0,3.81,air,19.52,delivered
PO-004654,SUP-003,SKU-00060,WH-SOUTH,2025-02-03,2025-02-13,2025-02-15,54.0,3.81,air,28.78,delivered
PO-004655,SUP-003,SKU-00060,WH-SOUTH,2025-02-17,2025-03-19,2025-04-04,57.0,3.81,ocean,10.25,delivered
PO-004656,SUP-003,SKU-00060,WH-SOUTH,2025-03-03,2025-03-27,2025-03-16,47.0,3.81,rail,8.72,delivered
PO-004657,SUP-003,SKU-00060,WH-SOUTH,2025-03-24,2025-04-03,2025-04-01,60.0,3.81,air,31.59,delivered
PO-004658,SUP-003,SKU-00060,WH-SOUTH,2025-04-14,2025-05-06,2025-04-24,55.0,3.81,road,11.12,delivered
PO-004659,SUP-003,SKU-00060,WH-SOUTH,2025-04-28,2025-05-28,2025-05-31,54.0,3.81,ocean,9.02,delivered
PO-004660,SUP-003,SKU-00060,WH-SOUTH,2025-05-12,2025-06-05,2025-06-07,53.0,3.81,rail,9.0,delivered
PO-004661,SUP-003,SKU-00060,WH-SOUTH,2025-06-09,2025-06-19,2025-06-18,52.0,3.81,air,26.86,delivered
PO-004662,SUP-003,SKU-00060,WH-SOUTH,2025-06-30,2025-07-30,2025-08-12,47.0,3.81,ocean,6.39,delivered
PO-004663,SUP-003,SKU-00060,WH-SOUTH,2025-07-21,2025-08-12,2025-08-17,44.0,3.81,ROAD,9.01,delivered
PO-004664,SUP-003,SKU-00060,WH-SOUTH,2025-08-11,2025-08-21,2025-08-22,44.0,3.81,air,17.61,delivered
PO-004665,SUP-003,SKU-00060,WH-SOUTH,2025-09-01,2025-10-01,2025-09-18,56.0,3.81,ocean,7.72,delivered
PO-004666,SUP-003,SKU-00060,WH-SOUTH,2025-09-15,2025-10-15,2025-10-10,53.0,3.81,ocean,8.91,delivered
PO-004667,SUP-003,SKU-00060,WH-SOUTH,2025-09-29,2025-10-29,2025-10-22,65.0,3.81,ocean,8.22,delivered
PO-004668,SUP-003,SKU-00060,WH-SOUTH,2025-10-20,2025-11-19,2025-11-29,64.0,3.81,ocean,8.95,delivered
PO-004669,SUP-003,SKU-00060,WH-SOUTH,2025-11-03,2025-12-03,2025-12-04,50.0,3.81,ocean,6.88,delivered
PO-004670,SUP-003,SKU-00060,WH-SOUTH,2025-12-08,2026-01-01,,79.0,3.81,rail,14.08,open
PO-004671,SUP-003,SKU-00060,WH-SOUTH,2025-12-22,2026-01-01,,56.0,3.81,air,30.31,open
PO-004672,SUP-003,SKU-00060,WH-EU,2024-01-15,2024-02-08,2024-02-21,37.0,3.81,rail,8.13,delivered
PO-004673,SUP-003,SKU-00060,WH-EU,2024-01-29,2024-02-28,2024-02-27,35.0,3.81,ocean,5.31,delivered
PO-004674,SUP-003,SKU-00060,WH-EU,2024-02-26,2024-03-27,2024-03-15,42.0,3.81,ocean,6.89,delivered
PO-004675,SUP-003,SKU-00060,WH-EU,2024-03-18,2024-04-17,2024-04-24,50.0,3.81,ocean,7.73,delivered
PO-004676,SUP-003,SKU-00060,WH-EU,2024-04-08,2024-05-08,2024-05-15,36.0,3.81,ocean,6.31,delivered
PO-004677,SUP-003,SKU-00060,WH-EU,2024-05-13,2024-06-06,2024-05-24,39.0,3.81,rail,6.25,delivered
PO-004678,SUP-003,SKU-00060,WH-EU,2024-06-10,2024-07-04,2024-07-04,39.0,3.81,rail,8.07,delivered
PO-004679,SUP-003,SKU-00060,WH-EU,2024-07-08,2024-08-07,2024-07-27,34.0,3.81,ocean,4.62,delivered
PO-004680,SUP-003,SKU-00060,WH-EU,2024-08-05,2024-09-04,2024-09-05,34.0,3.81,ocean,4.93,delivered
PO-004681,SUP-003,SKU-00060,WH-EU,2024-08-26,2024-09-25,2024-09-28,35.0,3.81,ocean,5.39,delivered
PO-004682,SUP-003,SKU-00060,WH-EU,2024-09-23,2024-10-23,2024-10-23,50.0,3.81,ocean,6.63,delivered
PO-004683,SUP-003,SKU-00060,WH-EU,2024-10-14,2024-11-13,2024-11-14,36.0,3.81,ocean,4.98,delivered
PO-004684,SUP-003,SKU-00060,WH-EU,2024-11-04,2024-12-04,2024-12-11,45.0,3.81,ocean,5.94,delivered
PO-004685,SUP-003,SKU-00060,WH-EU,2024-11-18,2024-12-12,2024-11-28,35.0,3.81,rail,6.3,delivered
PO-004686,SUP-003,SKU-00060,WH-EU,2024-12-02,2025-01-01,2024-12-21,36.0,3.81,ocean,6.54,delivered
PO-004687,SUP-003,SKU-00060,WH-EU,2024-12-23,2025-01-22,2025-01-30,43.0,3.81,ocean,7.61,delivered
PO-004688,SUP-003,SKU-00060,WH-EU,2025-01-06,2025-02-05,2025-02-07,36.0,3.81,ocean,4.68,delivered
PO-004689,SUP-003,SKU-00060,WH-EU,2025-02-10,2025-03-12,2025-03-10,48.0,3.81,ocean,5.93,delivered
PO-004690,SUP-003,SKU-00060,WH-EU,2025-02-24,2025-03-26,2025-03-18,38.0,3.81,ocean,5.01,delivered
PO-004691,SUP-003,SKU-00060,WH-EU,2025-03-17,2025-04-08,2025-04-08,34.0,3.81,road,9.03,delivered
PO-004692,SUP-003,SKU-00060,WH-EU,2025-04-07,2025-05-07,2025-05-03,44.0,3.81,ocean,6.01,delivered
PO-004693,SUP-003,SKU-00060,WH-EU,2025-04-21,2025-05-21,2025-05-26,35.0,3.81,ocean,5.89,delivered
PO-004694,SUP-003,SKU-00060,WH-EU,2025-05-12,2025-06-11,2025-05-25,40.0,3.81,ocean,7.31,delivered
PO-004695,SUP-003,SKU-00060,WH-EU,2025-06-09,2025-07-01,2025-07-07,44.0,3.81,road,8.66,delivered
PO-004696,SUP-003,SKU-00060,WH-EU,2025-06-30,2025-07-22,2025-07-14,34.0,3.81,road,9.26,delivered
PO-004697,SUP-003,SKU-00060,WH-EU,2025-07-28,2025-08-27,2025-08-23,42.0,3.81,ocean,5.29,delivered
PO-004698,SUP-003,SKU-00060,WH-EU,2025-08-18,2025-09-11,2025-09-08,37.0,3.81,rail,7.6,delivered
PO-004699,SUP-003,SKU-00060,WH-EU,2025-09-08,2025-10-02,2025-09-29,33.0,3.81,rail,6.22,delivered
PO-004700,SUP-003,SKU-00060,WH-EU,2025-09-22,2025-10-22,2025-10-08,37.0,3.81,ocean,5.9,delivered
PO-004701,SUP-003,SKU-00060,WH-EU,2025-10-13,2025-10-23,2025-10-24,48.0,3.81,air,25.13,delivered
PO-004702,SUP-003,SKU-00060,WH-EU,2025-10-27,2025-11-26,2025-12-03,36.0,3.81,ocean,4.81,delivered
PO-004703,SUP-003,SKU-00060,WH-EU,2025-11-10,2025-11-20,2025-11-18,40.0,3.81,air,14.89,delivered
PO-004704,SUP-003,SKU-00060,WH-EU,2025-11-24,2025-12-24,,46.0,3.81,ocean,5.69,open
PO-004705,SUP-003,SKU-00060,WH-EU,2025-12-08,2026-01-07,,40.0,3.81,ocean,5.01,open
PO-004706,SUP-010,SKU-00061,WH-WEST,2024-01-15,2024-01-25,2024-01-26,169.0,5.24,AIR,112.99,delivered
PO-004707,SUP-010,SKU-00061,WH-WEST,2024-01-29,2024-02-23,2024-02-24,158.0,5.24,rail,39.3,delivered
PO-004708,SUP-010,SKU-00061,WH-WEST,2024-02-19,2024-03-20,2024-03-14,200.0,5.24,ocean,38.89,delivered
PO-004709,SUP-010,SKU-00061,WH-WEST,2024-03-11,2024-04-10,2024-04-19,211.0,5.24,ocean,41.94,delivered
PO-004710,SUP-010,SKU-00061,WH-WEST,2024-03-25,2024-04-16,2024-04-11,157.0,5.24,road,55.76,delivered
PO-004711,SUP-010,SKU-00061,WH-WEST,2024-04-15,2024-04-25,2024-04-26,150.0,5.24,air,95.05,delivered
PO-004712,SUP-010,SKU-00061,WH-WEST,2024-04-29,2024-05-09,2024-05-20,184.0,5.24,air,130.88,delivered
PO-004713,SUP-010,SKU-00061,WH-WEST,2024-05-13,2024-06-12,2024-06-07,154.0,5.24,ocean,25.85,delivered
PO-004714,SUP-010,SKU-00061,WH-WEST,2024-06-03,2024-06-13,2024-06-13,232.0,5.24,AIR,158.73,delivered
PO-004715,SUP-010,SKU-00061,WH-WEST,2024-06-17,2024-06-27,2024-06-28,171.0,5.24,air,93.18,delivered
PO-004716,SUP-010,SKU-00061,WH-WEST,2024-07-01,2024-07-11,2024-07-15,186.0,5.24,air,106.87,delivered
PO-004717,SUP-010,SKU-00061,WH-WEST,2024-07-15,2024-08-14,2024-08-17,162.0,5.24,ocean,38.71,delivered
PO-004718,SUP-010,SKU-00061,WH-WEST,2024-07-29,2024-08-28,2024-08-24,204.0,5.24,ocean,46.11,delivered
PO-004719,SUP-010,SKU-00061,WH-WEST,2024-08-26,2024-09-17,2024-09-19,248.0,5.24,road,90.22,delivered
PO-004720,SUP-010,SKU-00061,WH-WEST,2024-09-09,2024-10-09,2024-10-17,185.0,5.24,ocean,31.84,delivered
PO-004721,SUP-010,SKU-00061,WH-WEST,2024-09-30,2024-10-30,2024-11-02,174.0,5.24,ocean,38.4,delivered
PO-004722,SUP-010,SKU-00061,WH-WEST,2024-10-21,2024-11-15,2024-11-15,180.0,5.24,rail,54.9,delivered
PO-004723,SUP-010,SKU-00061,WH-WEST,2024-11-04,2024-12-04,2024-11-25,165.0,5.24,ocean,34.72,delivered
PO-004724,SUP-010,SKU-00061,WH-WEST,2024-11-18,2024-12-13,2024-12-17,179.0,5.24,rail,48.55,delivered
PO-004725,SUP-010,SKU-00061,WH-WEST,2024-12-02,2025-01-01,2025-01-05,221.0,5.24,ocean,49.95,delivered
PO-004726,SUP-010,SKU-00061,WH-WEST,2024-12-23,2025-01-22,2025-01-21,166.0,5.24,ocean,33.94,delivered
PO-004727,SUP-010,SKU-00061,WH-WEST,2025-01-13,2025-01-23,2025-01-23,170.0,5.24,air,102.43,delivered
PO-004728,SUP-010,SKU-00061,WH-WEST,2025-01-27,2025-02-26,2025-02-27,168.0,5.24,ocean,36.5,delivered
PO-004729,SUP-010,SKU-00061,WH-WEST,2025-02-10,2025-02-20,2025-02-21,290.0,5.24,air,163.18,delivered
PO-004730,SUP-010,SKU-00061,WH-WEST,2025-03-10,2025-04-01,2025-04-06,221.0,5.24,road,82.12,delivered
PO-004731,SUP-010,SKU-00061,WH-WEST,2025-03-24,2025-04-18,2025-04-19,214.0,5.24,rail,57.17,delivered
PO-004732,SUP-010,SKU-00061,WH-WEST,2025-04-14,2025-05-14,2025-05-23,164.0,5.24,ocean,32.8,delivered
PO-004733,SUP-010,SKU-00061,WH-WEST,2025-04-28,2025-05-08,2025-05-07,169.0,5.24,air,96.88,delivered
PO-004734,SUP-010,SKU-00061,WH-WEST,2025-05-12,2025-05-22,2025-05-31,183.0,5.24,air,132.02,delivered
PO-004735,SUP-010,SKU-00061,WH-WEST,2025-05-26,2025-06-17,2025-06-23,160.0,5.24,road,43.97,delivered
PO-004736,SUP-010,SKU-00061,WH-WEST,2025-06-09,2025-06-19,2025-06-18,244.0,5.24,air,176.6,delivered
PO-004737,SUP-010,SKU-00061,WH-WEST,2025-06-30,2025-07-30,2025-07-14,214.0,5.24,ocean,41.24,delivered
PO-004738,SUP-010,SKU-00061,WH-WEST,2025-07-14,2025-07-24,2025-07-25,231.0,5.24,air,173.46,delivered
PO-004739,SUP-010,SKU-00061,WH-WEST,2025-07-28,2025-08-07,2025-08-07,282.0,5.24,air,184.71,delivered
PO-004740,SUP-010,SKU-00061,WH-WEST,2025-08-11,2025-09-10,2025-09-13,187.0,5.24,OCEAN,45.37,delivered
PO-004741,SUP-010,SKU-00061,WH-WEST,2025-08-25,2025-09-04,2025-08-30,252.0,5.24,air,164.01,delivered
PO-004742,SUP-010,SKU-00061,WH-WEST,2025-09-08,2025-10-08,2025-10-07,205.0,5.24,ocean,42.49,delivered
PO-004743,SUP-010,SKU-00061,WH-WEST,2025-09-22,2025-10-22,2025-10-17,180.0,5.24,ocean,33.44,delivered
PO-004744,SUP-010,SKU-00061,WH-WEST,2025-10-13,2025-11-12,2025-11-14,183.0,5.24,ocean,31.57,delivered
PO-004745,SUP-010,SKU-00061,WH-WEST,2025-10-27,2025-11-21,2025-11-15,230.0,5.24,rail,63.65,delivered
PO-004746,SUP-010,SKU-00061,WH-WEST,2025-11-24,2025-12-24,2025-12-22,218.0,5.24,ocean,46.84,delivered
PO-004747,SUP-010,SKU-00061,WH-WEST,2025-12-08,2026-01-07,,243.0,5.24,ocean,47.78,open
PO-004748,SUP-010,SKU-00061,WH-EAST,2024-01-15,2024-02-14,2024-02-10,156.0,5.24,ocean,31.53,delivered
PO-004749,SUP-010,SKU-00061,WH-EAST,2024-02-05,2024-02-27,2024-02-25,185.0,5.24,road,49.02,delivered
PO-004750,SUP-010,SKU-00061,WH-EAST,2024-02-19,2024-03-20,2024-03-30,131.0,5.24,ocean,,delivered
PO-004751,SUP-010,SKU-00061,WH-EAST,2024-03-11,2024-04-10,2024-04-10,195.0,5.24,ocean,46.85,delivered
PO-004752,SUP-010,SKU-00061,WH-EAST,2024-04-08,2024-05-08,2024-05-14,191.0,5.24,ocean,39.54,delivered
PO-004753,SUP-010,SKU-00061,WH-EAST,2024-04-22,2024-05-02,2024-05-03,162.0,5.24,air,114.02,delivered
PO-004754,SUP-010,SKU-00061,WH-EAST,2024-05-13,2024-06-04,2024-06-09,175.0,5.24,road,65.35,delivered
PO-004755,SUP-010,SKU-00061,WH-EAST,2024-06-03,2024-06-13,2024-06-11,209.0,5.24,air,107.22,delivered
PO-004756,SUP-010,SKU-00061,WH-EAST,2024-06-24,2024-07-19,2024-07-25,159.0,5.24,rail,37.53,delivered
PO-004757,SUP-010,SKU-00061,WH-EAST,2024-07-08,2024-07-18,2024-07-21,132.0,5.24,air,90.03,delivered
PO-004758,SUP-010,SKU-00061,WH-EAST,2024-07-22,2024-08-21,2024-08-29,149.0,5.24,ocean,28.28,delivered
PO-004759,SUP-010,SKU-00061,WH-EAST,2024-08-05,2024-09-04,2024-09-07,179.0,5.24,ocean,35.93,delivered
PO-004760,SUP-010,SKU-00061,WH-EAST,2024-09-02,2024-10-02,2024-09-24,130.0,5.24,ocean,30.62,delivered
PO-004761,SUP-010,SKU-00061,WH-EAST,2024-09-16,2024-10-16,2024-10-03,134.0,5.24,ocean,28.74,delivered
PO-004762,SUP-010,SKU-00061,WH-EAST,2024-09-30,2024-10-30,2024-10-29,158.0,5.24,ocean,31.0,delivered
PO-004763,SUP-010,SKU-00061,WH-EAST,2024-10-14,2024-11-13,2024-11-11,157.0,5.24,ocean,29.42,delivered
PO-004764,SUP-010,SKU-00061,WH-EAST,2024-11-04,2024-11-29,2024-12-05,163.0,5.24,rail,36.01,delivered
PO-004765,SUP-010,SKU-00061,WH-EAST,2024-11-18,2024-11-28,2024-11-26,218.0,5.24,air,153.73,delivered
PO-004766,SUP-010,SKU-00061,WH-EAST,2024-12-09,2025-01-08,2025-01-11,210.0,5.24,ocean,40.53,delivered
PO-004767,SUP-010,SKU-00061,WH-EAST,2024-12-30,2025-01-29,2025-01-26,200.0,5.24,ocean,44.91,delivered
PO-004768,SUP-010,SKU-00061,WH-EAST,2025-01-27,2025-02-18,2025-02-20,179.0,5.24,road,48.26,delivered
PO-004769,SUP-010,SKU-00061,WH-EAST,2025-02-10,2025-02-20,2025-02-20,195.0,5.24,air,110.14,delivered
PO-004770,SUP-010,SKU-00061,WH-EAST,2025-03-03,2025-03-25,2025-03-19,176.0,5.24,ROAD,63.01,delivered
PO-004771,SUP-010,SKU-00061,WH-EAST,2025-03-17,2025-04-16,2025-04-16,171.0,5.24,ocean,36.29,delivered
PO-004772,SUP-010,SKU-00061,WH-EAST,2025-03-31,2025-04-30,2025-04-29,169.0,5.24,ocean,30.07,delivered
PO-004773,SUP-010,SKU-00061,WH-EAST,2025-04-21,2025-05-21,2025-06-01,136.0,5.24,ocean,32.71,delivered
PO-004774,SUP-010,SKU-00061,WH-EAST,2025-05-05,2025-05-15,2025-05-25,173.0,5.24,air,87.19,delivered
PO-004775,SUP-010,SKU-00061,WH-EAST,2025-06-02,2025-06-12,2025-06-12,211.0,5.24,air,150.03,delivered
PO-004776,SUP-010,SKU-00061,WH-EAST,2025-06-16,2025-07-16,2025-07-09,203.0,5.24,ocean,48.05,delivered
PO-004777,SUP-010,SKU-00061,WH-EAST,2025-06-30,2025-07-10,2025-07-09,159.0,5.24,air,110.46,delivered
PO-004778,SUP-010,SKU-00061,WH-EAST,2025-07-14,2025-08-13,2025-08-14,132.0,5.24,ocean,27.03,delivered
PO-004779,SUP-010,SKU-00061,WH-EAST,2025-07-28,2025-08-19,2025-08-20,189.0,5.24,road,65.33,delivered
PO-004780,SUP-010,SKU-00061,WH-EAST,2025-08-18,2025-09-12,2025-09-11,149.0,5.24,rail,44.82,delivered
PO-004781,SUP-010,SKU-00061,WH-EAST,2025-09-01,2025-10-01,2025-09-26,210.0,5.24,ocean,46.71,delivered
PO-004782,SUP-010,SKU-00061,WH-EAST,2025-09-22,2025-10-02,2025-10-06,199.0,5.24,air,117.8,delivered
PO-004783,SUP-010,SKU-00061,WH-EAST,2025-10-06,2025-10-16,2025-10-16,163.0,5.24,air,116.99,delivered
PO-004784,SUP-010,SKU-00061,WH-EAST,2025-10-20,2025-11-19,2025-11-15,204.0,5.24,ocean,47.34,delivered
PO-004785,SUP-010,SKU-00061,WH-EAST,2025-11-03,2025-11-13,2025-11-10,188.0,5.24,air,132.28,delivered
PO-004786,SUP-010,SKU-00061,WH-EAST,2025-11-24,2025-12-24,2025-12-26,252.0,5.24,ocean,54.88,delivered
PO-004787,SUP-010,SKU-00061,WH-EAST,2025-12-08,2025-12-18,2025-12-19,158.0,5.24,air,97.8,delivered
PO-004788,SUP-015,SKU-00062,WH-EU,2024-01-22,2024-02-08,2024-02-07,20.0,31.43,ocean,24.26,delivered
PO-004789,SUP-015,SKU-00062,WH-EU,2024-02-12,2024-02-29,2024-03-03,18.0,31.43,ocean,20.4,delivered
PO-004790,SUP-015,SKU-00062,WH-EU,2024-03-04,2024-03-10,2024-03-10,15.0,31.43,air,56.1,delivered
PO-004791,SUP-015,SKU-00062,WH-EU,2024-03-18,2024-03-30,2024-03-30,15.0,31.43,road,29.81,delivered
PO-004792,SUP-015,SKU-00062,WH-EU,2024-04-08,2024-04-25,2024-04-24,21.0,31.43,ocean,23.69,delivered
PO-004793,SUP-015,SKU-00062,WH-EU,2024-04-29,2024-05-11,2024-05-11,16.0,31.43,road,33.94,delivered
PO-004794,SUP-015,SKU-00062,WH-EU,2024-05-20,2024-06-03,2024-06-01,19.0,31.43,rail,31.27,delivered
PO-004795,SUP-015,SKU-00062,WH-EU,2024-06-10,2024-06-16,2024-06-17,20.0,31.43,air,76.36,delivered
PO-004796,SUP-015,SKU-00062,WH-EU,2024-07-01,2024-07-18,2024-07-17,20.0,31.43,ocean,29.69,delivered
PO-004797,SUP-015,SKU-00062,WH-EU,2024-07-22,2024-08-08,2024-08-08,18.0,31.43,ocean,23.26,delivered
PO-004798,SUP-015,SKU-00062,WH-EU,2024-08-12,2024-08-29,2024-08-25,18.0,31.43,ocean,20.38,delivered
PO-004799,SUP-015,SKU-00062,WH-EU,2024-09-02,2024-09-19,2024-09-20,20.0,31.43,ocean,26.33,delivered
PO-004800,SUP-015,SKU-00062,WH-EU,2024-09-23,2024-10-07,2024-10-11,15.0,31.43,rail,22.69,delivered
PO-004801,SUP-015,SKU-00062,WH-EU,2024-10-14,2024-10-31,2024-10-28,20.0,31.43,ocean,20.2,delivered
PO-004802,SUP-015,SKU-00062,WH-EU,2024-11-04,2024-11-18,2024-11-14,20.0,31.43,rail,32.39,delivered
PO-004803,SUP-015,SKU-00062,WH-EU,2024-11-25,2024-12-12,2024-12-12,23.0,31.43,ocean,23.47,delivered
PO-004804,SUP-015,SKU-00062,WH-EU,2024-12-23,2024-12-29,2024-12-26,20.0,31.43,air,72.18,delivered
PO-004805,SUP-015,SKU-00062,WH-EU,2025-01-06,2025-01-18,2025-01-17,19.0,31.43,road,38.64,delivered
PO-004806,SUP-015,SKU-00062,WH-EU,2025-01-20,2025-02-06,2025-02-06,17.0,31.43,ocean,25.22,delivered
PO-004807,SUP-015,SKU-00062,WH-EU,2025-02-10,2025-02-27,2025-02-23,20.0,31.43,ocean,20.49,delivered
PO-004808,SUP-015,SKU-00062,WH-EU,2025-03-03,2025-03-15,2025-03-14,21.0,31.43,road,46.52,delivered
PO-004809,SUP-015,SKU-00062,WH-EU,2025-03-17,2025-03-31,2025-03-30,15.0,31.43,rail,25.81,delivered
PO-004810,SUP-015,SKU-00062,WH-EU,2025-03-31,2025-04-17,2025-04-18,16.0,31.43,ocean,16.25,delivered
PO-004811,SUP-015,SKU-00062,WH-EU,2025-04-14,2025-04-20,2025-04-20,15.0,31.43,air,60.54,delivered
PO-004812,SUP-015,SKU-00062,WH-EU,2025-05-05,2025-05-22,2025-05-28,21.0,31.43,ocean,26.08,delivered
PO-004813,SUP-015,SKU-00062,WH-EU,2025-06-02,2025-06-19,2025-07-02,16.0,31.43,ocean,21.63,delivered
PO-004814,SUP-015,SKU-00062,WH-EU,2025-06-16,2025-06-22,2025-06-23,15.0,31.43,air,64.92,delivered
PO-004815,SUP-015,SKU-00062,WH-EU,2025-07-07,2025-07-24,2025-07-23,15.0,31.43,ocean,15.36,delivered
PO-004816,SUP-015,SKU-00062,WH-EU,2025-07-28,2025-08-14,2025-08-11,19.0,31.43,ocean,22.37,delivered
PO-004817,SUP-015,SKU-00062,WH-EU,2025-08-18,2025-09-04,2025-09-06,20.0,31.43,ocean,25.57,delivered
PO-004818,SUP-015,SKU-00062,WH-EU,2025-09-15,2025-10-02,2025-09-29,25.0,31.43,ocean,32.99,delivered
PO-004819,SUP-015,SKU-00062,WH-EU,2025-10-06,2025-10-12,2025-10-11,19.0,31.43,air,65.94,delivered
PO-004820,SUP-015,SKU-00062,WH-EU,2025-10-20,2025-11-06,2025-11-07,16.0,31.43,ocean,21.57,delivered
PO-004821,SUP-015,SKU-00062,WH-EU,2025-11-03,2025-11-20,2025-11-20,15.0,31.43,ocean,15.84,delivered
PO-004822,SUP-015,SKU-00062,WH-EU,2025-11-17,2025-11-23,2025-11-23,16.0,31.43,air,60.37,delivered
PO-004823,SUP-015,SKU-00062,WH-EU,2025-12-01,2025-12-18,2025-12-20,19.0,31.43,ocean,19.75,delivered
PO-004824,SUP-015,SKU-00062,WH-EU,2025-12-22,2026-01-08,,19.0,31.43,ocean,19.84,open
PO-004825,SUP-015,SKU-00062,WH-SOUTH,2024-01-15,2024-01-21,2024-01-23,14.0,31.43,air,57.56,delivered
PO-004826,SUP-015,SKU-00062,WH-SOUTH,2024-02-05,2024-02-22,2024-02-26,20.0,31.43,ocean,29.58,delivered
PO-004827,SUP-015,SKU-00062,WH-SOUTH,2024-03-04,2024-03-10,2024-03-10,17.0,31.43,air,62.28,delivered
PO-004828,SUP-015,SKU-00062,WH-SOUTH,2024-03-25,2024-04-06,2024-04-06,16.0,31.43,road,30.44,delivered
PO-004829,SUP-015,SKU-00062,WH-SOUTH,2024-04-15,2024-04-29,2024-04-30,22.0,31.43,rail,34.06,delivered
PO-004830,SUP-015,SKU-00062,WH-SOUTH,2024-05-13,2024-05-19,2024-05-18,20.0,31.43,air,66.02,delivered
PO-004831,SUP-015,SKU-00062,WH-SOUTH,2024-06-03,2024-06-20,2024-06-18,19.0,31.43,OCEAN,,delivered
PO-004832,SUP-015,SKU-00062,WH-SOUTH,2024-06-24,2024-07-11,2024-07-03,17.0,31.43,ocean,18.26,delivered
PO-004833,SUP-015,SKU-00062,WH-SOUTH,2024-07-15,2024-08-01,2024-08-05,18.0,31.43,ocean,23.65,delivered
PO-004834,SUP-015,SKU-00062,WH-SOUTH,2024-08-12,2024-08-18,2024-08-19,16.0,31.43,air,,delivered
PO-004835,SUP-015,SKU-00062,WH-SOUTH,2024-08-26,2024-09-09,2024-09-09,14.0,31.43,rail,20.32,delivered
PO-004836,SUP-015,SKU-00062,WH-SOUTH,2024-09-16,2024-09-30,2024-09-30,16.0,31.43,rail,29.9,delivered
PO-004837,SUP-015,SKU-00062,WH-SOUTH,2024-09-30,2024-10-17,2024-10-21,14.0,31.43,ocean,18.12,delivered
PO-004838,SUP-015,SKU-00062,WH-SOUTH,2024-10-14,2024-10-20,2024-10-19,14.0,31.43,air,45.88,delivered
PO-004839,SUP-015,SKU-00062,WH-SOUTH,2024-11-04,2024-11-10,2024-11-08,17.0,31.43,air,56.96,delivered
PO-004840,SUP-015,SKU-00062,WH-SOUTH,2024-11-25,2024-12-07,2024-12-08,19.0,31.43,road,38.43,delivered
PO-004841,SUP-015,SKU-00062,WH-SOUTH,2024-12-16,2025-01-02,2024-12-30,20.0,31.43,ocean,21.66,delivered
PO-004842,SUP-015,SKU-00062,WH-SOUTH,2025-01-06,2025-01-23,2025-01-21,19.0,31.43,ocean,22.75,delivered
PO-004843,SUP-015,SKU-00062,WH-SOUTH,2025-01-27,2025-02-10,2025-02-09,17.0,31.43,rail,30.98,delivered
PO-004844,SUP-015,SKU-00062,WH-SOUTH,2025-02-17,2025-02-23,2025-02-21,20.0,31.43,air,64.49,delivered
PO-004845,SUP-015,SKU-00062,WH-SOUTH,2025-03-03,2025-03-20,2025-03-20,16.0,31.43,ocean,17.54,delivered
PO-004846,SUP-015,SKU-00062,WH-SOUTH,2025-03-24,2025-04-05,2025-04-06,18.0,31.43,road,27.91,delivered
PO-004847,SUP-015,SKU-00062,WH-SOUTH,2025-04-14,2025-04-28,2025-05-01,19.0,31.43,rail,27.09,delivered
PO-004848,SUP-015,SKU-00062,WH-SOUTH,2025-05-05,2025-05-11,2025-05-08,15.0,31.43,air,59.67,delivered
PO-004849,SUP-015,SKU-00062,WH-SOUTH,2025-05-26,2025-06-12,2025-06-13,18.0,31.43,ocean,21.06,delivered
PO-004850,SUP-015,SKU-00062,WH-SOUTH,2025-06-16,2025-06-30,2025-06-30,14.0,31.43,rail,20.32,delivered
PO-004851,SUP-015,SKU-00062,WH-SOUTH,2025-06-30,2025-07-17,2025-07-18,15.0,31.43,ocean,18.22,delivered
PO-004852,SUP-015,SKU-00062,WH-SOUTH,2025-07-21,2025-08-04,2025-08-03,17.0,31.43,rail,28.0,delivered
PO-004853,SUP-015,SKU-00062,WH-SOUTH,2025-08-11,2025-08-23,2025-08-25,20.0,31.43,road,41.19,delivered
PO-004854,SUP-015,SKU-00062,WH-SOUTH,2025-09-01,2025-09-18,2025-09-16,16.0,31.43,ocean,21.97,delivered
PO-004855,SUP-015,SKU-00062,WH-SOUTH,2025-09-22,2025-09-28,2025-09-27,20.0,31.43,air,87.17,delivered
PO-004856,SUP-015,SKU-00062,WH-SOUTH,2025-10-06,2025-10-18,2025-10-20,16.0,31.43,road,35.14,delivered
PO-004857,SUP-015,SKU-00062,WH-SOUTH,2025-10-20,2025-11-06,2025-11-06,15.0,31.43,ocean,18.08,delivered
PO-004858,SUP-015,SKU-00062,WH-SOUTH,2025-11-03,2025-11-20,2025-11-20,14.0,31.43,ocean,16.12,delivered
PO-004859,SUP-015,SKU-00062,WH-SOUTH,2025-11-17,2025-11-23,2025-11-23,15.0,31.43,air,64.38,delivered
PO-004860,SUP-015,SKU-00062,WH-SOUTH,2025-12-01,2025-12-18,2025-12-16,14.0,31.43,ocean,15.41,delivered
PO-004861,SUP-015,SKU-00062,WH-SOUTH,2025-12-15,2026-01-01,,15.0,31.43,ocean,17.3,open
PO-004862,SUP-015,SKU-00062,WH-EAST,2024-01-15,2024-02-01,2024-01-29,25.0,31.43,ocean,34.5,delivered
PO-004863,SUP-015,SKU-00062,WH-EAST,2024-02-05,2024-02-22,2024-02-23,24.0,31.43,ocean,31.85,delivered
PO-004864,SUP-015,SKU-00062,WH-EAST,2024-02-26,2024-03-14,2024-03-13,25.0,31.43,ocean,28.55,delivered
PO-004865,SUP-015,SKU-00062,WH-EAST,2024-03-18,2024-04-04,2024-04-02,27.0,31.43,ocean,29.68,delivered
PO-004866,SUP-015,SKU-00062,WH-EAST,2024-04-08,2024-04-25,2024-04-26,26.0,31.43,ocean,29.39,delivered
PO-004867,SUP-015,SKU-00062,WH-EAST,2024-04-29,2024-05-16,2024-05-10,21.0,31.43,ocean,28.6,delivered
PO-004868,SUP-015,SKU-00062,WH-EAST,2024-05-20,2024-06-06,2024-06-06,24.0,31.43,OCEAN,25.21,delivered
PO-004869,SUP-015,SKU-00062,WH-EAST,2024-06-10,2024-06-27,2024-06-25,25.0,31.43,ocean,28.51,delivered
PO-004870,SUP-015,SKU-00062,WH-EAST,2024-07-01,2024-07-07,2024-07-07,23.0,31.43,air,74.89,delivered
PO-004871,SUP-015,SKU-00062,WH-EAST,2024-07-22,2024-08-08,2024-08-03,22.0,31.43,ocean,29.77,delivered
PO-004872,SUP-015,SKU-00062,WH-EAST,2024-08-12,2024-08-29,2024-08-30,26.0,31.43,ocean,36.63,delivered
PO-004873,SUP-015,SKU-00062,WH-EAST,2024-09-02,2024-09-19,2024-09-24,21.0,31.43,ocean,27.16,delivered
PO-004874,SUP-015,SKU-00062,WH-EAST,2024-09-23,2024-09-29,2024-09-26,22.0,31.43,air,79.16,delivered
PO-004875,SUP-015,SKU-00062,WH-EAST,2024-10-07,2024-10-19,2024-10-18,20.0,31.43,road,32.58,delivered
PO-004876,SUP-015,SKU-00062,WH-EAST,2024-10-21,2024-11-07,2024-11-10,22.0,31.43,ocean,29.05,delivered
PO-004877,SUP-015,SKU-00062,WH-EAST,2024-11-04,2024-11-21,2024-11-18,21.0,31.43,ocean,24.67,delivered
PO-004878,SUP-015,SKU-00062,WH-EAST,2024-11-25,2024-12-12,2024-12-08,25.0,31.43,ocean,34.86,delivered
PO-004879,SUP-015,SKU-00062,WH-EAST,2024-12-09,2024-12-15,2024-12-16,22.0,31.43,air,76.09,delivered
PO-004880,SUP-015,SKU-00062,WH-EAST,2024-12-23,2025-01-09,2025-01-13,21.0,31.43,ocean,28.37,delivered
PO-004881,SUP-015,SKU-00062,WH-EAST,2025-01-06,2025-01-23,2025-01-26,22.0,31.43,ocean,29.78,delivered
PO-004882,SUP-015,SKU-00062,WH-EAST,2025-01-27,2025-02-13,2025-02-07,25.0,31.43,ocean,34.7,delivered
PO-004883,SUP-015,SKU-00062,WH-EAST,2025-02-10,2025-02-16,2025-02-15,25.0,31.43,air,105.38,delivered
PO-004884,SUP-015,SKU-00062,WH-EAST,2025-02-24,2025-03-02,2025-03-08,25.0,31.43,air,93.37,delivered
PO-004885,SUP-015,SKU-00062,WH-EAST,2025-03-10,2025-03-24,2025-03-26,23.0,31.43,rail,33.92,delivered
PO-004886,SUP-015,SKU-00062,WH-EAST,2025-03-24,2025-03-30,2025-03-29,20.0,31.43,air,63.58,delivered
PO-004887,SUP-015,SKU-00062,WH-EAST,2025-04-07,2025-04-24,2025-05-03,21.0,31.43,ocean,29.74,delivered
PO-004888,SUP-015,SKU-00062,WH-EAST,2025-04-21,2025-04-27,2025-04-27,22.0,31.43,air,82.75,delivered
PO-004889,SUP-015,SKU-00062,WH-EAST,2025-05-12,2025-05-18,2025-05-17,23.0,31.43,air,73.3,delivered
PO-004890,SUP-015,SKU-00062,WH-EAST,2025-05-26,2025-06-01,2025-05-30,24.0,31.43,air,101.69,delivered
PO-004891,SUP-015,SKU-00062,WH-EAST,2025-06-09,2025-06-26,2025-06-19,22.0,31.43,OCEAN,31.57,delivered
PO-004892,SUP-015,SKU-00062,WH-EAST,2025-06-23,2025-07-10,2025-07-13,26.0,31.43,ocean,32.36,delivered
PO-004893,SUP-015,SKU-00062,WH-EAST,2025-07-21,2025-08-07,2025-08-08,27.0,31.43,ocean,29.5,delivered
PO-004894,SUP-015,SKU-00062,WH-EAST,2025-08-11,2025-08-28,2025-08-26,20.0,31.43,ocean,23.73,delivered
PO-004895,SUP-015,SKU-00062,WH-EAST,2025-08-25,2025-08-31,2025-08-30,22.0,31.43,air,84.64,delivered
PO-004896,SUP-015,SKU-00062,WH-EAST,2025-09-08,2025-09-25,2025-10-01,21.0,31.43,ocean,28.32,delivered
PO-004897,SUP-015,SKU-00062,WH-EAST,2025-09-22,2025-09-28,2025-09-28,22.0,31.43,air,86.73,delivered
PO-004898,SUP-015,SKU-00062,WH-EAST,2025-10-13,2025-10-30,2025-10-28,31.0,31.43,ocean,43.4,delivered
PO-004899,SUP-015,SKU-00062,WH-EAST,2025-11-03,2025-11-15,2025-11-13,33.0,31.43,road,64.57,delivered
PO-004900,SUP-015,SKU-00062,WH-EAST,2025-11-17,2025-12-04,2025-12-04,20.0,31.43,ocean,26.25,delivered
PO-004901,SUP-015,SKU-00062,WH-EAST,2025-12-01,2025-12-18,2025-12-22,23.0,31.43,ocean,29.71,delivered
PO-004902,SUP-015,SKU-00062,WH-EAST,2025-12-15,2025-12-21,2025-12-20,20.0,31.43,air,69.89,delivered
PO-004903,SUP-011,SKU-00063,WH-SOUTH,2024-01-22,2024-02-14,2024-02-06,236.0,6.49,rail,75.0,delivered
PO-004904,SUP-011,SKU-00063,WH-SOUTH,2024-02-12,2024-03-12,2024-03-14,251.0,6.49,ocean,61.3,delivered
PO-004905,SUP-011,SKU-00063,WH-SOUTH,2024-02-26,2024-03-26,2024-03-25,206.0,6.49,ocean,47.86,delivered
PO-004906,SUP-011,SKU-00063,WH-SOUTH,2024-03-25,2024-04-17,2024-04-19,252.0,6.49,rail,73.46,delivered
PO-004907,SUP-011,SKU-00063,WH-SOUTH,2024-04-08,2024-05-07,2024-05-22,204.0,6.49,ocean,59.46,delivered
PO-004908,SUP-011,SKU-00063,WH-SOUTH,2024-04-29,2024-05-28,2024-06-12,269.0,6.49,ocean,71.51,delivered
PO-004909,SUP-011,SKU-00063,WH-SOUTH,2024-05-27,2024-06-25,2024-06-28,189.0,6.49,ocean,43.67,delivered
PO-004910,SUP-011,SKU-00063,WH-SOUTH,2024-06-24,2024-07-23,2024-07-09,267.0,6.49,ocean,72.01,delivered
PO-004911,SUP-011,SKU-00063,WH-SOUTH,2024-07-15,2024-08-13,2024-08-11,258.0,6.49,ocean,58.0,delivered
PO-004912,SUP-011,SKU-00063,WH-SOUTH,2024-08-05,2024-08-15,2024-08-17,242.0,6.49,air,224.44,delivered
PO-004913,SUP-011,SKU-00063,WH-SOUTH,2024-09-02,2024-09-12,2024-09-11,236.0,6.49,air,183.92,delivered
PO-004914,SUP-011,SKU-00063,WH-SOUTH,2024-09-23,2024-10-14,2024-11-01,195.0,6.49,road,75.93,delivered
PO-004915,SUP-011,SKU-00063,WH-SOUTH,2024-10-21,2024-11-19,2024-11-29,225.0,6.49,ocean,48.29,delivered
PO-004916,SUP-011,SKU-00063,WH-SOUTH,2024-11-11,2024-11-21,2024-11-08,191.0,6.49,air,137.58,delivered
PO-004917,SUP-011,SKU-00063,WH-SOUTH,2024-12-02,2024-12-31,2025-01-14,221.0,6.49,ocean,59.68,delivered
PO-004918,SUP-011,SKU-00063,WH-SOUTH,2024-12-23,2025-01-21,2025-01-20,231.0,6.49,ocean,65.9,delivered
PO-004919,SUP-011,SKU-00063,WH-SOUTH,2025-01-20,2025-02-10,2025-02-16,186.0,6.49,road,61.87,delivered
PO-004920,SUP-011,SKU-00063,WH-SOUTH,2025-02-10,2025-02-20,2025-02-15,255.0,6.49,air,198.13,delivered
PO-004921,SUP-011,SKU-00063,WH-SOUTH,2025-02-24,2025-03-19,2025-03-22,208.0,6.49,rail,70.74,delivered
PO-004922,SUP-011,SKU-00063,WH-SOUTH,2025-03-10,2025-04-08,2025-03-30,238.0,6.49,ocean,69.2,delivered
PO-004923,SUP-011,SKU-00063,WH-SOUTH,2025-03-31,2025-04-10,2025-04-08,277.0,6.49,air,211.88,delivered
PO-004924,SUP-011,SKU-00063,WH-SOUTH,2025-04-14,2025-04-24,2025-04-27,249.0,6.49,air,169.74,delivered
PO-004925,SUP-011,SKU-00063,WH-SOUTH,2025-04-28,2025-05-27,2025-05-15,215.0,6.49,OCEAN,45.39,delivered
PO-004926,SUP-011,SKU-00063,WH-SOUTH,2025-05-12,2025-06-10,2025-06-27,316.0,6.49,ocean,88.88,delivered
PO-004927,SUP-011,SKU-00063,WH-SOUTH,2025-05-26,2025-06-16,2025-06-22,250.0,6.49,road,86.63,delivered
PO-004928,SUP-011,SKU-00063,WH-SOUTH,2025-07-07,2025-08-05,2025-07-26,234.0,6.49,ocean,54.47,delivered
PO-004929,SUP-011,SKU-00063,WH-SOUTH,2025-07-28,2025-08-26,2025-08-29,266.0,6.49,ocean,55.89,delivered
PO-004930,SUP-011,SKU-00063,WH-SOUTH,2025-08-18,2025-09-16,2025-09-09,236.0,6.49,ocean,53.46,delivered
PO-004931,SUP-011,SKU-00063,WH-SOUTH,2025-09-15,2025-10-08,2025-10-10,237.0,6.49,rail,78.34,delivered
PO-004932,SUP-011,SKU-00063,WH-SOUTH,2025-10-13,2025-10-23,2025-10-21,244.0,6.49,air,212.31,delivered
PO-004933,SUP-011,SKU-00063,WH-SOUTH,2025-11-03,2025-11-13,2025-11-13,251.0,6.49,air,233.32,delivered
PO-004934,SUP-011,SKU-00063,WH-SOUTH,2025-11-24,2025-12-23,,216.0,6.49,ocean,47.48,open
PO-004935,SUP-011,SKU-00063,WH-SOUTH,2025-12-15,2026-01-05,,254.0,6.49,road,82.87,open
PO-004936,SUP-011,SKU-00063,WH-WEST,2024-01-22,2024-02-12,2024-02-11,304.0,6.49,road,131.07,delivered
PO-004937,SUP-011,SKU-00063,WH-WEST,2024-02-12,2024-03-12,2024-03-23,313.0,6.49,ocean,88.78,delivered
PO-004938,SUP-011,SKU-00063,WH-WEST,2024-02-26,2024-03-20,2024-03-25,266.0,6.49,rail,86.08,delivered
PO-004939,SUP-011,SKU-00063,WH-WEST,2024-04-01,2024-04-24,2024-04-29,310.0,6.49,rail,101.21,delivered
PO-004940,SUP-011,SKU-00063,WH-WEST,2024-04-15,2024-05-14,2024-05-01,249.0,6.49,ocean,53.87,delivered
PO-004941,SUP-011,SKU-00063,WH-WEST,2024-05-06,2024-05-16,2024-05-15,260.0,6.49,air,183.64,delivered
PO-004942,SUP-011,SKU-00063,WH-WEST,2024-05-20,2024-06-18,2024-07-06,281.0,6.49,ocean,66.39,delivered
PO-004943,SUP-011,SKU-00063,WH-WEST,2024-06-03,2024-06-13,2024-06-21,235.0,6.49,air,158.09,delivered
PO-004944,SUP-011,SKU-00063,WH-WEST,2024-06-24,2024-07-23,2024-07-21,255.0,6.49,ocean,71.56,delivered
PO-004945,SUP-011,SKU-00063,WH-WEST,2024-07-15,2024-07-25,2024-08-03,268.0,6.49,air,215.74,delivered
PO-004946,SUP-011,SKU-00063,WH-WEST,2024-08-05,2024-09-03,2024-09-07,294.0,6.49,ocean,87.56,delivered
PO-004947,SUP-011,SKU-00063,WH-WEST,2024-09-02,2024-09-12,2024-09-14,287.0,6.49,air,267.14,delivered
PO-004948,SUP-011,SKU-00063,WH-WEST,2024-09-23,2024-10-22,2024-10-29,258.0,6.49,ocean,58.47,delivered
PO-004949,SUP-011,SKU-00063,WH-WEST,2024-10-21,2024-11-19,2024-11-14,290.0,6.49,ocean,80.08,delivered
PO-004950,SUP-011,SKU-00063,WH-WEST,2024-11-18,2024-11-28,2024-12-02,306.0,6.49,air,280.26,delivered
PO-004951,SUP-011,SKU-00063,WH-WEST,2024-12-09,2025-01-07,2025-01-10,309.0,6.49,ocean,75.64,delivered
PO-004952,SUP-011,SKU-00063,WH-WEST,2024-12-30,2025-01-28,2025-02-03,282.0,6.49,ocean,65.35,delivered
PO-004953,SUP-011,SKU-00063,WH-WEST,2025-01-20,2025-02-18,2025-02-19,289.0,6.49,ocean,67.27,delivered
PO-004954,SUP-011,SKU-00063,WH-WEST,2025-02-10,2025-03-11,2025-03-04,278.0,6.49,ocean,83.65,delivered
PO-004955,SUP-011,SKU-00063,WH-WEST,2025-02-24,2025-03-25,2025-03-15,264.0,6.49,ocean,57.57,delivered
PO-004956,SUP-011,SKU-00063,WH-WEST,2025-03-10,2025-04-02,2025-04-07,301.0,6.49,rail,108.11,delivered
PO-004957,SUP-011,SKU-00063,WH-WEST,2025-03-24,2025-04-22,2025-04-17,278.0,6.49,ocean,58.32,delivered
PO-004958,SUP-011,SKU-00063,WH-WEST,2025-04-14,2025-05-13,2025-05-30,291.0,6.49,ocean,67.06,delivered
PO-004959,SUP-011,SKU-00063,WH-WEST,2025-04-28,2025-05-27,2025-04-27,286.0,6.49,ocean,59.47,delivered
PO-004960,SUP-011,SKU-00063,WH-WEST,2025-05-26,2025-06-18,2025-07-04,348.0,6.49,rail,107.02,delivered
PO-004961,SUP-011,SKU-00063,WH-WEST,2025-06-09,2025-07-08,2025-07-21,251.0,6.49,ocean,70.63,delivered
PO-004962,SUP-011,SKU-00063,WH-WEST,2025-07-14,2025-08-12,2025-08-11,289.0,6.49,ocean,64.01,delivered
PO-004963,SUP-011,SKU-00063,WH-WEST,2025-08-04,2025-09-02,2025-09-03,277.0,6.49,ocean,78.72,delivered
PO-004964,SUP-011,SKU-00063,WH-WEST,2025-08-25,2025-09-23,2025-10-15,265.0,6.49,ocean,67.25,delivered
PO-004965,SUP-011,SKU-00063,WH-WEST,2025-09-15,2025-10-14,2025-10-21,261.0,6.49,ocean,75.86,delivered
PO-004966,SUP-011,SKU-00063,WH-WEST,2025-10-20,2025-11-18,2025-11-18,252.0,6.49,ocean,59.77,delivered
PO-004967,SUP-011,SKU-00063,WH-WEST,2025-11-10,2025-12-09,2025-12-03,289.0,6.49,ocean,75.3,delivered
PO-004968,SUP-011,SKU-00063,WH-WEST,2025-12-01,2025-12-30,,285.0,6.49,ocean,74.87,open
PO-004969,SUP-011,SKU-00063,WH-WEST,2025-12-22,2026-01-01,,334.0,6.49,air,214.97,open
PO-004970,SUP-011,SKU-00063,WH-EAST,2024-01-22,2024-02-01,2024-02-11,362.0,6.49,air,283.7,delivered
PO-004971,SUP-011,SKU-00063,WH-EAST,2024-02-12,2024-02-22,2024-02-18,339.0,6.49,air,262.02,delivered
PO-004972,SUP-011,SKU-00063,WH-EAST,2024-03-04,2024-03-14,2024-03-15,393.0,6.49,air,300.24,delivered
PO-004973,SUP-011,SKU-00063,WH-EAST,2024-03-18,2024-04-16,2024-04-09,286.0,6.49,ocean,76.74,delivered
PO-004974,SUP-011,SKU-00063,WH-EAST,2024-04-01,2024-04-30,2024-04-24,284.0,6.49,ocean,65.21,delivered
PO-004975,SUP-011,SKU-00063,WH-EAST,2024-04-15,2024-05-14,2024-04-28,275.0,6.49,ocean,79.59,delivered
PO-004976,SUP-011,SKU-00063,WH-EAST,2024-04-29,2024-05-28,2024-05-21,285.0,6.49,ocean,71.62,delivered
PO-004977,SUP-011,SKU-00063,WH-EAST,2024-05-13,2024-06-11,2024-06-04,283.0,6.49,ocean,66.27,delivered
PO-004978,SUP-011,SKU-00063,WH-EAST,2024-05-27,2024-06-17,2024-06-10,284.0,6.49,ROAD,113.63,delivered
PO-004979,SUP-011,SKU-00063,WH-EAST,2024-06-10,2024-06-20,2024-06-16,289.0,6.49,air,206.58,delivered
PO-004980,SUP-011,SKU-00063,WH-EAST,2024-06-24,2024-07-04,2024-07-04,264.0,6.49,air,228.84,delivered
PO-004981,SUP-011,SKU-00063,WH-EAST,2024-07-15,2024-07-25,2024-07-23,320.0,6.49,air,271.44,delivered
PO-004982,SUP-011,SKU-00063,WH-EAST,2024-07-29,2024-08-27,2024-08-26,267.0,6.49,ocean,75.44,delivered
PO-004983,SUP-011,SKU-00063,WH-EAST,2024-08-19,2024-09-17,2024-09-26,287.0,6.49,ocean,80.69,delivered
PO-004984,SUP-011,SKU-00063,WH-EAST,2024-09-09,2024-09-19,2024-09-20,265.0,6.49,air,193.08,delivered
PO-004985,SUP-011,SKU-00063,WH-EAST,2024-10-07,2024-11-05,2024-11-21,320.0,6.49,ocean,91.96,delivered
PO-004986,SUP-011,SKU-00063,WH-EAST,2024-11-04,2024-11-25,2024-12-02,289.0,6.49,road,108.39,delivered
PO-004987,SUP-011,SKU-00063,WH-EAST,2024-12-02,2024-12-31,2024-12-30,362.0,6.49,ocean,103.83,delivered
PO-004988,SUP-011,SKU-00063,WH-EAST,2024-12-23,2025-01-21,2025-01-22,322.0,6.49,ocean,100.02,delivered
PO-004989,SUP-011,SKU-00063,WH-EAST,2025-01-13,2025-02-11,2025-01-30,364.0,6.49,ocean,99.54,delivered
PO-004990,SUP-011,SKU-00063,WH-EAST,2025-02-03,2025-02-24,2025-02-21,381.0,6.49,road,129.97,delivered
PO-004991,SUP-011,SKU-00063,WH-EAST,2025-02-17,2025-02-27,2025-03-01,331.0,6.49,air,249.2,delivered
PO-004992,SUP-011,SKU-00063,WH-EAST,2025-03-03,2025-04-01,2025-04-05,299.0,6.49,ocean,88.73,delivered
PO-004993,SUP-011,SKU-00063,WH-EAST,2025-03-17,2025-04-15,2025-04-14,345.0,6.49,ocean,103.62,delivered
PO-004994,SUP-011,SKU-00063,WH-EAST,2025-04-14,2025-04-24,2025-04-29,368.0,6.49,air,256.41,delivered
PO-004995,SUP-011,SKU-00063,WH-EAST,2025-04-28,2025-05-19,2025-06-10,319.0,6.49,road,107.15,delivered
PO-004996,SUP-011,SKU-00063,WH-EAST,2025-05-12,2025-06-10,2025-06-14,421.0,6.49,ocean,107.93,delivered
PO-004997,SUP-011,SKU-00063,WH-EAST,2025-06-23,2025-07-22,2025-07-10,351.0,6.49,ocean,103.63,delivered
PO-004998,SUP-011,SKU-00063,WH-EAST,2025-07-07,2025-08-05,2025-08-19,268.0,6.49,ocean,58.66,delivered
PO-004999,SUP-011,SKU-00063,WH-EAST,2025-07-21,2025-07-31,2025-07-31,276.0,6.49,air,251.71,delivered
PO-005000,SUP-011,SKU-00063,WH-EAST,2025-08-11,2025-09-09,2025-09-06,304.0,6.49,ocean,80.29,delivered
PO-005001,SUP-011,SKU-00063,WH-EAST,2025-09-01,2025-09-30,2025-09-22,343.0,6.49,ocean,73.66,delivered
PO-005002,SUP-011,SKU-00063,WH-EAST,2025-09-22,2025-10-02,2025-10-05,302.0,6.49,air,240.69,delivered
PO-005003,SUP-011,SKU-00063,WH-EAST,2025-10-13,2025-11-11,2025-11-04,272.0,6.49,ocean,79.5,delivered
PO-005004,SUP-011,SKU-00063,WH-EAST,2025-11-03,2025-12-02,2025-12-02,319.0,6.49,ocean,79.14,delivered
PO-005005,SUP-011,SKU-00063,WH-EAST,2025-11-24,2025-12-04,2025-12-05,341.0,6.49,air,300.06,delivered
PO-005006,SUP-011,SKU-00063,WH-EAST,2025-12-15,2026-01-13,,358.0,6.49,ocean,101.08,open
PO-005007,SUP-022,SKU-00064,WH-SOUTH,2024-01-15,2024-01-30,2024-01-29,740.0,4.93,rail,159.76,delivered
PO-005008,SUP-022,SKU-00064,WH-SOUTH,2024-01-29,2024-02-16,2024-02-09,714.0,4.93,ocean,167.57,delivered
PO-005009,SUP-022,SKU-00064,WH-SOUTH,2024-02-19,2024-03-08,2024-03-17,813.0,4.93,ocean,160.88,delivered
PO-005010,SUP-022,SKU-00064,WH-SOUTH,2024-03-11,2024-03-17,2024-03-18,611.0,4.93,air,390.05,delivered
PO-005011,SUP-022,SKU-00064,WH-SOUTH,2024-04-01,2024-04-19,2024-04-06,589.0,4.93,ocean,98.81,delivered
PO-005012,SUP-022,SKU-00064,WH-SOUTH,2024-04-22,2024-05-10,2024-05-19,729.0,4.93,OCEAN,163.63,delivered
PO-005013,SUP-022,SKU-00064,WH-SOUTH,2024-05-13,2024-05-19,2024-05-20,695.0,4.93,air,399.45,delivered
PO-005014,SUP-022,SKU-00064,WH-SOUTH,2024-06-03,2024-06-21,2024-06-26,669.0,4.93,ocean,145.92,delivered
PO-005015,SUP-022,SKU-00064,WH-SOUTH,2024-06-24,2024-06-30,2024-06-30,755.0,4.93,air,514.16,delivered
PO-005016,SUP-022,SKU-00064,WH-SOUTH,2024-07-15,2024-07-21,2024-07-18,760.0,4.93,air,529.82,delivered
PO-005017,SUP-022,SKU-00064,WH-SOUTH,2024-07-29,2024-08-11,2024-08-20,743.0,4.93,road,233.93,delivered
PO-005018,SUP-022,SKU-00064,WH-SOUTH,2024-08-12,2024-08-18,2024-08-16,681.0,4.93,air,345.36,delivered
PO-005019,SUP-022,SKU-00064,WH-SOUTH,2024-08-26,2024-09-08,2024-09-06,644.0,4.93,road,206.7,delivered
PO-005020,SUP-022,SKU-00064,WH-SOUTH,2024-09-09,2024-09-24,2024-09-19,731.0,4.93,rail,188.23,delivered
PO-005021,SUP-022,SKU-00064,WH-SOUTH,2024-09-23,2024-10-11,2024-10-22,728.0,4.93,ocean,162.82,delivered
PO-005022,SUP-022,SKU-00064,WH-SOUTH,2024-10-07,2024-10-13,2024-10-12,696.0,4.93,air,436.33,delivered
PO-005023,SUP-022,SKU-00064,WH-SOUTH,2024-10-21,2024-10-27,2024-10-28,696.0,4.93,air,465.47,delivered
PO-005024,SUP-022,SKU-00064,WH-SOUTH,2024-11-04,2024-11-22,2024-12-01,862.0,4.93,ocean,156.67,delivered
PO-005025,SUP-022,SKU-00064,WH-SOUTH,2024-12-02,2024-12-15,2024-12-22,653.0,4.93,road,216.6,delivered
PO-005026,SUP-022,SKU-00064,WH-SOUTH,2024-12-16,2024-12-22,2024-12-29,771.0,4.93,air,389.44,delivered
PO-005027,SUP-022,SKU-00064,WH-SOUTH,2024-12-30,2025-01-17,2025-01-17,623.0,4.93,ocean,103.94,delivered
PO-005028,SUP-022,SKU-00064,WH-SOUTH,2025-01-13,2025-01-19,2025-01-18,707.0,4.93,air,420.77,delivered
PO-005029,SUP-022,SKU-00064,WH-SOUTH,2025-01-27,2025-02-14,2025-02-12,589.0,4.93,ocean,102.94,delivered
PO-005030,SUP-022,SKU-00064,WH-SOUTH,2025-02-10,2025-02-28,2025-03-12,607.0,4.93,ocean,109.45,delivered
PO-005031,SUP-022,SKU-00064,WH-SOUTH,2025-02-24,2025-03-02,2025-02-26,655.0,4.93,air,329.88,delivered
PO-005032,SUP-022,SKU-00064,WH-SOUTH,2025-03-10,2025-03-25,2025-03-18,597.0,4.93,rail,152.89,delivered
PO-005033,SUP-022,SKU-00064,WH-SOUTH,2025-03-24,2025-03-30,2025-04-06,617.0,4.93,air,327.12,delivered
PO-005034,SUP-022,SKU-00064,WH-SOUTH,2025-04-14,2025-04-27,2025-04-24,800.0,4.93,road,211.14,delivered
PO-005035,SUP-022,SKU-00064,WH-SOUTH,2025-05-05,2025-05-18,2025-05-19,753.0,4.93,road,214.1,delivered
PO-005036,SUP-022,SKU-00064,WH-SOUTH,2025-05-26,2025-06-13,2025-06-19,808.0,4.93,ocean,185.51,delivered
PO-005037,SUP-022,SKU-00064,WH-SOUTH,2025-06-09,2025-06-15,2025-06-13,616.0,4.93,air,382.56,delivered
PO-005038,SUP-022,SKU-00064,WH-SOUTH,2025-06-30,2025-07-06,2025-07-09,826.0,4.93,AIR,,delivered
PO-005039,SUP-022,SKU-00064,WH-SOUTH,2025-07-14,2025-08-01,2025-08-07,694.0,4.93,ocean,,delivered
PO-005040,SUP-022,SKU-00064,WH-SOUTH,2025-07-28,2025-08-03,2025-08-03,730.0,4.93,air,384.32,delivered
PO-005041,SUP-022,SKU-00064,WH-SOUTH,2025-08-11,2025-08-29,2025-08-29,1038.0,4.93,ocean,198.16,delivered
PO-005042,SUP-022,SKU-00064,WH-SOUTH,2025-09-01,2025-09-07,2025-09-08,896.0,4.93,air,602.94,delivered
PO-005043,SUP-022,SKU-00064,WH-SOUTH,2025-09-15,2025-09-21,2025-09-20,1284.0,4.93,air,712.99,delivered
PO-005044,SUP-022,SKU-00064,WH-SOUTH,2025-09-29,2025-10-17,2025-10-09,937.0,4.93,ocean,217.96,delivered
PO-005045,SUP-022,SKU-00064,WH-SOUTH,2025-10-13,2025-10-31,2025-11-11,973.0,4.93,ocean,174.3,delivered
PO-005046,SUP-022,SKU-00064,WH-SOUTH,2025-11-17,2025-12-05,2025-12-17,921.0,4.93,ocean,146.56,delivered
PO-005047,SUP-022,SKU-00064,WH-SOUTH,2025-12-22,2026-01-09,,847.0,4.93,ocean,180.88,open
PO-005048,SUP-012,SKU-00065,WH-EU,2024-01-15,2024-02-06,2024-02-07,85.0,54.52,ocean,182.35,delivered
PO-005049,SUP-012,SKU-00065,WH-EU,2024-01-29,2024-02-16,2024-02-22,71.0,54.52,rail,155.02,delivered
PO-005050,SUP-012,SKU-00065,WH-EU,2024-02-19,2024-03-12,2024-03-09,89.0,54.52,ocean,167.8,delivered
PO-005051,SUP-012,SKU-00065,WH-EU,2024-03-11,2024-04-02,2024-04-08,103.0,54.52,ocean,218.51,delivered
PO-005052,SUP-012,SKU-00065,WH-EU,2024-04-01,2024-04-08,2024-04-09,77.0,54.52,air,466.66,delivered
PO-005053,SUP-012,SKU-00065,WH-EU,2024-04-29,2024-05-17,2024-05-21,78.0,54.52,rail,229.81,delivered
PO-005054,SUP-012,SKU-00065,WH-EU,2024-05-20,2024-06-07,2024-06-07,76.0,54.52,rail,212.15,delivered
PO-005055,SUP-012,SKU-00065,WH-EU,2024-06-10,2024-07-02,2024-06-24,80.0,54.52,ocean,190.48,delivered
PO-005056,SUP-012,SKU-00065,WH-EU,2024-07-01,2024-07-23,2024-07-23,79.0,54.52,ocean,188.85,delivered
PO-005057,SUP-012,SKU-00065,WH-EU,2024-07-22,2024-08-13,2024-08-19,81.0,54.52,ocean,151.94,delivered
PO-005058,SUP-012,SKU-00065,WH-EU,2024-08-12,2024-08-19,2024-08-21,89.0,54.52,air,623.2,delivered
PO-005059,SUP-012,SKU-00065,WH-EU,2024-09-02,2024-09-24,2024-09-27,99.0,54.52,ocean,187.72,delivered
PO-005060,SUP-012,SKU-00065,WH-EU,2024-09-23,2024-09-30,2024-10-01,81.0,54.52,air,433.91,delivered
PO-005061,SUP-012,SKU-00065,WH-EU,2024-10-14,2024-11-01,2024-10-30,90.0,54.52,rail,286.59,delivered
PO-005062,SUP-012,SKU-00065,WH-EU,2024-11-04,2024-11-21,2024-11-18,105.0,54.52,road,337.81,delivered
PO-005063,SUP-012,SKU-00065,WH-EU,2024-11-18,2024-12-06,2024-12-04,72.0,54.52,rail,224.79,delivered
PO-005064,SUP-012,SKU-00065,WH-EU,2024-12-09,2024-12-16,2024-12-15,107.0,54.52,air,748.41,delivered
PO-005065,SUP-012,SKU-00065,WH-EU,2024-12-30,2025-01-21,2025-01-20,105.0,54.52,ocean,208.0,delivered
PO-005066,SUP-012,SKU-00065,WH-EU,2025-01-13,2025-01-20,2025-01-27,71.0,54.52,AIR,424.83,delivered
PO-005067,SUP-012,SKU-00065,WH-EU,2025-02-10,2025-02-17,2025-02-19,93.0,54.52,air,684.42,delivered
PO-005068,SUP-012,SKU-00065,WH-EU,2025-03-03,2025-03-25,2025-03-24,87.0,54.52,ocean,164.17,delivered
PO-005069,SUP-012,SKU-00065,WH-EU,2025-03-24,2025-04-11,2025-04-14,77.0,54.52,rail,214.65,delivered
PO-005070,SUP-012,SKU-00065,WH-EU,2025-04-14,2025-05-02,2025-05-07,74.0,54.52,rail,169.11,delivered
PO-005071,SUP-012,SKU-00065,WH-EU,2025-05-05,2025-05-12,2025-05-11,74.0,54.52,air,419.44,delivered
PO-005072,SUP-012,SKU-00065,WH-EU,2025-05-26,2025-06-12,2025-06-17,75.0,54.52,road,255.59,delivered
PO-005073,SUP-012,SKU-00065,WH-EU,2025-06-23,2025-07-15,2025-07-12,83.0,54.52,ocean,154.76,delivered
PO-005074,SUP-012,SKU-00065,WH-EU,2025-07-14,2025-07-21,2025-07-23,75.0,54.52,air,453.63,delivered
PO-005075,SUP-012,SKU-00065,WH-EU,2025-08-04,2025-08-21,2025-08-24,91.0,54.52,road,341.97,delivered
PO-005076,SUP-012,SKU-00065,WH-EU,2025-08-25,2025-09-16,2025-09-18,75.0,54.52,ocean,179.98,delivered
PO-005077,SUP-012,SKU-00065,WH-EU,2025-09-15,2025-10-07,2025-10-07,74.0,54.52,ocean,186.12,delivered
PO-005078,SUP-012,SKU-00065,WH-EU,2025-10-06,2025-10-28,2025-10-27,88.0,54.52,ocean,193.62,delivered
PO-005079,SUP-012,SKU-00065,WH-EU,2025-10-20,2025-10-27,2025-10-27,82.0,54.52,air,507.27,delivered
PO-005080,SUP-012,SKU-00065,WH-EU,2025-11-10,2025-11-28,2025-12-06,77.0,54.52,rail,176.69,delivered
PO-005081,SUP-012,SKU-00065,WH-EU,2025-12-01,2025-12-23,2025-12-25,87.0,54.52,ocean,203.76,delivered
PO-005082,SUP-012,SKU-00065,WH-EU,2025-12-22,2025-12-29,,93.0,54.52,air,614.62,open
PO-005083,SUP-004,SKU-00066,WH-APAC,2024-01-15,2024-02-06,2024-01-30,84.0,6.69,rail,25.14,delivered
PO-005084,SUP-004,SKU-00066,WH-APAC,2024-01-29,2024-02-07,2024-02-05,63.0,6.69,air,52.84,delivered
PO-005085,SUP-004,SKU-00066,WH-APAC,2024-02-19,2024-03-17,2024-03-14,72.0,6.69,ocean,21.96,delivered
PO-005086,SUP-004,SKU-00066,WH-APAC,2024-03-11,2024-04-07,2024-04-10,69.0,6.69,ocean,16.7,delivered
PO-005087,SUP-004,SKU-00066,WH-APAC,2024-04-01,2024-04-28,2024-05-06,69.0,6.69,ocean,16.58,delivered
PO-005088,SUP-004,SKU-00066,WH-APAC,2024-04-22,2024-05-19,2024-05-27,59.0,6.69,ocean,15.61,delivered
PO-005089,SUP-004,SKU-00066,WH-APAC,2024-05-13,2024-05-22,2024-05-23,60.0,6.69,air,47.09,delivered
PO-005090,SUP-004,SKU-00066,WH-APAC,2024-06-03,2024-06-12,2024-06-14,76.0,6.69,air,51.81,delivered
PO-005091,SUP-004,SKU-00066,WH-APAC,2024-06-24,2024-07-21,2024-07-24,79.0,6.69,ocean,22.94,delivered
PO-005092,SUP-004,SKU-00066,WH-APAC,2024-07-08,2024-08-04,2024-07-27,68.0,6.69,ocean,19.29,delivered
PO-005093,SUP-004,SKU-00066,WH-APAC,2024-08-05,2024-09-01,2024-09-11,99.0,6.69,ocean,29.72,delivered
PO-005094,SUP-004,SKU-00066,WH-APAC,2024-08-19,2024-09-15,2024-09-15,65.0,6.69,ocean,15.14,delivered
PO-005095,SUP-004,SKU-00066,WH-APAC,2024-09-23,2024-10-20,2024-10-27,89.0,6.69,ocean,23.53,delivered
PO-005096,SUP-004,SKU-00066,WH-APAC,2024-10-07,2024-10-16,2024-10-15,75.0,6.69,air,52.34,delivered
PO-005097,SUP-004,SKU-00066,WH-APAC,2024-10-28,2024-11-19,2024-11-22,69.0,6.69,rail,25.52,delivered
PO-005098,SUP-004,SKU-00066,WH-APAC,2024-11-11,2024-11-20,2024-11-18,83.0,6.69,air,58.25,delivered
PO-005099,SUP-004,SKU-00066,WH-APAC,2024-11-25,2024-12-04,2024-12-04,64.0,6.69,air,54.54,delivered
PO-005100,SUP-004,SKU-00066,WH-APAC,2024-12-09,2024-12-18,2024-12-18,83.0,6.69,air,70.31,delivered
PO-005101,SUP-004,SKU-00066,WH-APAC,2024-12-23,2025-01-01,2025-01-04,74.0,6.69,air,70.94,delivered
PO-005102,SUP-004,SKU-00066,WH-APAC,2025-01-06,2025-02-02,2025-01-26,71.0,6.69,ocean,22.56,delivered
PO-005103,SUP-004,SKU-00066,WH-APAC,2025-01-20,2025-02-16,2025-02-17,74.0,6.69,ocean,21.2,delivered
PO-005104,SUP-004,SKU-00066,WH-APAC,2025-02-03,2025-03-02,2025-03-08,59.0,6.69,ocean,17.61,delivered
PO-005105,SUP-004,SKU-00066,WH-APAC,2025-02-24,2025-03-05,2025-03-04,62.0,6.69,air,40.57,delivered
PO-005106,SUP-004,SKU-00066,WH-APAC,2025-03-17,2025-04-13,2025-04-25,67.0,6.69,ocean,15.26,delivered
PO-005107,SUP-004,SKU-00066,WH-APAC,2025-04-07,2025-05-04,2025-04-29,67.0,6.69,ocean,17.93,delivered
PO-005108,SUP-004,SKU-00066,WH-APAC,2025-05-05,2025-06-01,2025-06-02,61.0,6.69,OCEAN,18.91,delivered
PO-005109,SUP-004,SKU-00066,WH-APAC,2025-05-26,2025-06-22,2025-06-19,65.0,6.69,ocean,17.05,delivered
PO-005110,SUP-004,SKU-00066,WH-APAC,2025-06-16,2025-07-13,2025-07-09,75.0,6.69,ocean,19.91,delivered
PO-005111,SUP-004,SKU-00066,WH-APAC,2025-07-07,2025-08-03,2025-07-28,77.0,6.69,ocean,24.05,delivered
PO-005112,SUP-004,SKU-00066,WH-APAC,2025-07-28,2025-08-24,2025-09-01,84.0,6.69,ocean,24.65,delivered
PO-005113,SUP-004,SKU-00066,WH-APAC,2025-08-11,2025-09-07,2025-09-01,71.0,6.69,ocean,19.57,delivered
PO-005114,SUP-004,SKU-00066,WH-APAC,2025-09-15,2025-10-12,2025-10-09,99.0,6.69,ocean,21.34,delivered
PO-005115,SUP-004,SKU-00066,WH-APAC,2025-09-29,2025-10-08,2025-10-07,65.0,6.69,air,45.55,delivered
PO-005116,SUP-004,SKU-00066,WH-APAC,2025-10-20,2025-11-16,2025-11-15,98.0,6.69,ocean,28.2,delivered
PO-005117,SUP-004,SKU-00066,WH-APAC,2025-11-03,2025-11-12,2025-11-12,66.0,6.69,air,44.21,delivered
PO-005118,SUP-004,SKU-00066,WH-APAC,2025-11-24,2025-12-21,2025-12-27,93.0,6.69,ocean,26.01,delivered
PO-005119,SUP-004,SKU-00066,WH-APAC,2025-12-08,2025-12-17,2025-12-20,71.0,6.69,air,62.96,delivered
PO-005120,SUP-004,SKU-00066,WH-EU,2024-01-15,2024-02-04,2024-02-07,112.0,6.69,road,40.28,delivered
PO-005121,SUP-004,SKU-00066,WH-EU,2024-01-29,2024-02-25,2024-02-24,97.0,6.69,ocean,23.69,delivered
PO-005122,SUP-004,SKU-00066,WH-EU,2024-02-19,2024-03-12,2024-03-10,114.0,6.69,rail,32.0,delivered
PO-005123,SUP-004,SKU-00066,WH-EU,2024-03-11,2024-03-31,2024-03-31,112.0,6.69,road,42.61,delivered
PO-005124,SUP-004,SKU-00066,WH-EU,2024-04-01,2024-04-28,2024-04-23,116.0,6.69,ocean,28.57,delivered
PO-005125,SUP-004,SKU-00066,WH-EU,2024-04-22,2024-05-19,2024-05-23,99.0,6.69,ocean,30.81,delivered
PO-005126,SUP-004,SKU-00066,WH-EU,2024-05-06,2024-05-26,2024-05-20,88.0,6.69,road,34.65,delivered
PO-005127,SUP-004,SKU-00066,WH-EU,2024-05-27,2024-06-23,2024-06-30,107.0,6.69,ocean,32.86,delivered
PO-005128,SUP-004,SKU-00066,WH-EU,2024-06-17,2024-06-26,2024-06-28,133.0,6.69,air,100.45,delivered
PO-005129,SUP-004,SKU-00066,WH-EU,2024-07-08,2024-08-04,2024-08-01,87.0,6.69,ocean,18.7,delivered
PO-005130,SUP-004,SKU-00066,WH-EU,2024-07-22,2024-08-13,2024-08-20,100.0,6.69,rail,32.68,delivered
PO-005131,SUP-004,SKU-00066,WH-EU,2024-08-05,2024-08-27,2024-08-27,101.0,6.69,rail,37.06,delivered
PO-005132,SUP-004,SKU-00066,WH-EU,2024-08-26,2024-09-04,2024-09-04,128.0,6.69,air,112.35,delivered
PO-005133,SUP-004,SKU-00066,WH-EU,2024-09-09,2024-10-06,2024-10-10,162.0,6.69,ocean,41.7,delivered
PO-005134,SUP-004,SKU-00066,WH-EU,2024-09-16,2024-09-25,2024-09-27,85.0,6.69,air,62.7,delivered
PO-005135,SUP-004,SKU-00066,WH-EU,2024-10-07,2024-10-29,2024-11-02,90.0,6.69,rail,29.79,delivered
PO-005136,SUP-004,SKU-00066,WH-EU,2024-10-21,2024-11-17,2024-11-22,93.0,6.69,ocean,23.43,delivered
PO-005137,SUP-004,SKU-00066,WH-EU,2024-11-04,2024-12-01,2024-12-01,91.0,6.69,ocean,27.7,delivered
PO-005138,SUP-004,SKU-00066,WH-EU,2024-11-25,2024-12-17,2024-12-17,114.0,6.69,rail,40.1,delivered
PO-005139,SUP-004,SKU-00066,WH-EU,2024-12-09,2024-12-18,2024-12-16,138.0,6.69,air,107.12,delivered
PO-005140,SUP-004,SKU-00066,WH-EU,2024-12-30,2025-01-08,2025-01-10,124.0,6.69,air,85.24,delivered
PO-005141,SUP-004,SKU-00066,WH-EU,2025-01-13,2025-02-09,2025-02-05,131.0,6.69,ocean,38.94,delivered
PO-005142,SUP-004,SKU-00066,WH-EU,2025-01-27,2025-02-05,2025-02-06,103.0,6.69,air,84.96,delivered
PO-005143,SUP-004,SKU-00066,WH-EU,2025-02-17,2025-03-09,2025-03-11,107.0,6.69,road,40.29,delivered
PO-005144,SUP-004,SKU-00066,WH-EU,2025-03-03,2025-03-30,2025-03-30,86.0,6.69,ocean,25.25,delivered
PO-005145,SUP-004,SKU-00066,WH-EU,2025-03-24,2025-04-02,2025-04-07,109.0,6.69,air,103.06,delivered
PO-005146,SUP-004,SKU-00066,WH-EU,2025-04-14,2025-05-11,2025-05-12,92.0,6.69,ocean,23.19,delivered
PO-005147,SUP-004,SKU-00066,WH-EU,2025-05-05,2025-05-25,2025-05-30,117.0,6.69,road,52.29,delivered
PO-005148,SUP-004,SKU-00066,WH-EU,2025-05-26,2025-06-04,2025-06-04,113.0,6.69,air,75.01,delivered
PO-005149,SUP-004,SKU-00066,WH-EU,2025-06-16,2025-07-13,2025-07-09,122.0,6.69,ocean,33.78,delivered
PO-005150,SUP-004,SKU-00066,WH-EU,2025-06-30,2025-07-09,2025-07-09,96.0,6.69,air,86.27,delivered
PO-005151,SUP-004,SKU-00066,WH-EU,2025-07-21,2025-08-10,2025-08-06,130.0,6.69,road,45.87,delivered
PO-005152,SUP-004,SKU-00066,WH-EU,2025-08-04,2025-08-13,2025-08-14,117.0,6.69,air,95.36,delivered
PO-005153,SUP-004,SKU-00066,WH-EU,2025-08-18,2025-09-14,2025-09-18,115.0,6.69,ocean,25.66,delivered
PO-005154,SUP-004,SKU-00066,WH-EU,2025-09-01,2025-09-10,2025-09-06,137.0,6.69,air,105.57,delivered
PO-005155,SUP-004,SKU-00066,WH-EU,2025-09-15,2025-10-12,2025-10-14,90.0,6.69,ocean,23.93,delivered
PO-005156,SUP-004,SKU-00066,WH-EU,2025-09-29,2025-10-19,2025-10-18,146.0,6.69,road,62.53,delivered
PO-005157,SUP-004,SKU-00066,WH-EU,2025-10-20,2025-11-16,2025-11-17,122.0,6.69,ocean,35.27,delivered
PO-005158,SUP-004,SKU-00066,WH-EU,2025-11-03,2025-11-25,2025-11-24,130.0,6.69,rail,51.8,delivered
PO-005159,SUP-004,SKU-00066,WH-EU,2025-12-01,2025-12-10,2025-12-07,140.0,6.69,air,122.7,delivered
PO-005160,SUP-004,SKU-00066,WH-EU,2025-12-15,2026-01-06,,128.0,6.69,rail,42.34,open
PO-005161,SUP-004,SKU-00066,WH-EAST,2024-01-15,2024-02-11,2024-02-20,113.0,6.69,ocean,35.14,delivered
PO-005162,SUP-004,SKU-00066,WH-EAST,2024-01-29,2024-02-25,2024-02-22,101.0,6.69,ocean,26.05,delivered
PO-005163,SUP-004,SKU-00066,WH-EAST,2024-03-04,2024-03-13,2024-03-12,107.0,6.69,air,94.55,delivered
PO-005164,SUP-004,SKU-00066,WH-EAST,2024-03-25,2024-04-16,2024-04-14,111.0,6.69,rail,38.39,delivered
PO-005165,SUP-004,SKU-00066,WH-EAST,2024-04-15,2024-05-12,2024-05-11,104.0,6.69,ocean,22.33,delivered
PO-005166,SUP-004,SKU-00066,WH-EAST,2024-05-06,2024-06-02,2024-05-31,110.0,6.69,ocean,35.26,delivered
PO-005167,SUP-004,SKU-00066,WH-EAST,2024-05-27,2024-06-23,2024-06-23,112.0,6.69,ocean,33.82,delivered
PO-005168,SUP-004,SKU-00066,WH-EAST,2024-06-17,2024-06-26,2024-06-25,123.0,6.69,air,86.54,delivered
PO-005169,SUP-004,SKU-00066,WH-EAST,2024-07-08,2024-08-04,2024-07-29,121.0,6.69,ocean,34.95,delivered
PO-005170,SUP-004,SKU-00066,WH-EAST,2024-07-22,2024-08-18,2024-08-22,110.0,6.69,ocean,31.92,delivered
PO-005171,SUP-004,SKU-00066,WH-EAST,2024-08-05,2024-09-01,2024-08-24,85.0,6.69,ocean,24.49,delivered
PO-005172,SUP-004,SKU-00066,WH-EAST,2024-08-26,2024-09-17,2024-09-15,105.0,6.69,rail,29.18,delivered
PO-005173,SUP-004,SKU-00066,WH-EAST,2024-09-09,2024-10-01,2024-10-05,138.0,6.69,rail,51.45,delivered
PO-005174,SUP-004,SKU-00066,WH-EAST,2024-09-23,2024-10-02,2024-09-30,109.0,6.69,air,96.03,delivered
PO-005175,SUP-004,SKU-00066,WH-EAST,2024-10-14,2024-11-03,2024-11-03,112.0,6.69,road,51.86,delivered
PO-005176,SUP-004,SKU-00066,WH-EAST,2024-10-28,2024-11-06,2024-11-04,135.0,6.69,air,91.29,delivered
PO-005177,SUP-004,SKU-00066,WH-EAST,2024-11-18,2024-12-10,2024-12-13,143.0,6.69,rail,44.67,delivered
PO-005178,SUP-004,SKU-00066,WH-EAST,2024-12-02,2024-12-11,2024-12-13,104.0,6.69,air,90.48,delivered
PO-005179,SUP-004,SKU-00066,WH-EAST,2024-12-23,2025-01-19,2025-01-22,94.0,6.69,ocean,24.78,delivered
PO-005180,SUP-004,SKU-00066,WH-EAST,2025-01-06,2025-01-15,2025-01-20,102.0,6.69,air,79.74,delivered
PO-005181,SUP-004,SKU-00066,WH-EAST,2025-01-27,2025-02-05,2025-02-07,114.0,6.69,air,73.25,delivered
PO-005182,SUP-004,SKU-00066,WH-EAST,2025-02-10,2025-02-19,2025-02-17,109.0,6.69,air,93.53,delivered
PO-005183,SUP-004,SKU-00066,WH-EAST,2025-02-24,2025-03-18,2025-03-09,93.0,6.69,rail,29.75,delivered
PO-005184,SUP-004,SKU-00066,WH-EAST,2025-03-17,2025-04-08,2025-03-30,112.0,6.69,rail,43.37,delivered
PO-005185,SUP-004,SKU-00066,WH-EAST,2025-04-07,2025-05-04,2025-05-05,106.0,6.69,ocean,27.28,delivered
PO-005186,SUP-004,SKU-00066,WH-EAST,2025-04-28,2025-05-07,2025-05-07,96.0,6.69,air,83.94,delivered
PO-005187,SUP-004,SKU-00066,WH-EAST,2025-05-19,2025-06-15,2025-06-04,125.0,6.69,ocean,39.3,delivered
PO-005188,SUP-004,SKU-00066,WH-EAST,2025-06-09,2025-06-29,2025-06-28,126.0,6.69,road,42.01,delivered
PO-005189,SUP-004,SKU-00066,WH-EAST,2025-06-23,2025-07-02,2025-07-05,99.0,6.69,air,85.44,delivered
PO-005190,SUP-004,SKU-00066,WH-EAST,2025-07-07,2025-08-03,2025-07-27,104.0,6.69,ocean,22.36,delivered
PO-005191,SUP-004,SKU-00066,WH-EAST,2025-07-21,2025-08-17,2025-08-23,118.0,6.69,ocean,29.0,delivered
PO-005192,SUP-004,SKU-00066,WH-EAST,2025-08-04,2025-08-31,2025-08-29,99.0,6.69,ocean,25.17,delivered
PO-005193,SUP-004,SKU-00066,WH-EAST,2025-09-01,2025-09-21,2025-09-22,110.0,6.69,road,48.78,delivered
PO-005194,SUP-004,SKU-00066,WH-EAST,2025-09-15,2025-09-24,2025-09-24,123.0,6.69,air,99.36,delivered
PO-005195,SUP-004,SKU-00066,WH-EAST,2025-09-29,2025-10-08,2025-10-11,100.0,6.69,air,69.63,delivered
PO-005196,SUP-004,SKU-00066,WH-EAST,2025-10-06,2025-11-02,2025-11-04,86.0,6.69,ocean,27.48,delivered
PO-005197,SUP-004,SKU-00066,WH-EAST,2025-10-20,2025-11-09,2025-11-08,140.0,6.69,road,53.26,delivered
PO-005198,SUP-004,SKU-00066,WH-EAST,2025-11-10,2025-12-07,2025-12-06,136.0,6.69,ocean,37.24,delivered
PO-005199,SUP-004,SKU-00066,WH-EAST,2025-11-17,2025-11-26,2025-11-28,84.0,6.69,air,66.72,delivered
PO-005200,SUP-004,SKU-00066,WH-EAST,2025-12-08,2025-12-28,,135.0,6.69,road,61.27,open
PO-005201,SUP-004,SKU-00066,WH-EAST,2025-12-22,2025-12-31,,112.0,6.69,air,84.01,open
PO-005202,SUP-014,SKU-00067,WH-EAST,2024-01-22,2024-02-07,2024-02-10,876.0,13.53,road,603.9,delivered
PO-005203,SUP-014,SKU-00067,WH-EAST,2024-02-12,2024-02-19,2024-02-17,693.0,13.53,air,930.62,delivered
PO-005204,SUP-014,SKU-00067,WH-EAST,2024-03-04,2024-03-26,2024-03-19,756.0,13.53,ocean,409.01,delivered
PO-005205,SUP-014,SKU-00067,WH-EAST,2024-03-18,2024-04-09,2024-04-09,626.0,13.53,ocean,354.22,delivered
PO-005206,SUP-014,SKU-00067,WH-EAST,2024-04-01,2024-04-08,2024-04-09,595.0,13.53,air,833.43,delivered
PO-005207,SUP-014,SKU-00067,WH-EAST,2024-04-15,2024-05-03,2024-05-04,757.0,13.53,rail,610.95,delivered
PO-005208,SUP-014,SKU-00067,WH-EAST,2024-04-29,2024-05-06,2024-05-06,723.0,13.53,air,1211.62,delivered
PO-005209,SUP-014,SKU-00067,WH-EAST,2024-05-20,2024-06-11,2024-06-20,650.0,13.53,ocean,290.92,delivered
PO-005210,SUP-014,SKU-00067,WH-EAST,2024-06-03,2024-06-25,2024-06-28,639.0,13.53,ocean,310.5,delivered
PO-005211,SUP-014,SKU-00067,WH-EAST,2024-07-01,2024-07-19,2024-07-22,722.0,13.53,rail,551.47,delivered
PO-005212,SUP-014,SKU-00067,WH-EAST,2024-07-15,2024-07-22,2024-07-22,708.0,13.53,air,1185.65,delivered
PO-005213,SUP-014,SKU-00067,WH-EAST,2024-08-05,2024-08-12,2024-08-09,736.0,13.53,air,1209.48,delivered
PO-005214,SUP-014,SKU-00067,WH-EAST,2024-08-19,2024-09-10,2024-09-06,603.0,13.53,ocean,289.15,delivered
PO-005215,SUP-014,SKU-00067,WH-EAST,2024-09-02,2024-09-09,2024-09-08,687.0,13.53,air,1203.22,delivered
PO-005216,SUP-014,SKU-00067,WH-EAST,2024-09-16,2024-10-04,2024-10-04,626.0,13.53,rail,445.58,delivered
PO-005217,SUP-014,SKU-00067,WH-EAST,2024-09-30,2024-10-22,2024-10-26,649.0,13.53,ocean,293.23,delivered
PO-005218,SUP-014,SKU-00067,WH-EAST,2024-10-14,2024-10-21,2024-10-21,617.0,13.53,air,950.97,delivered
PO-005219,SUP-014,SKU-00067,WH-EAST,2024-10-28,2024-11-19,2024-11-23,597.0,13.53,ocean,274.49,delivered
PO-005220,SUP-014,SKU-00067,WH-EAST,2024-11-11,2024-12-03,2024-11-22,611.0,13.53,ocean,344.91,delivered
PO-005221,SUP-014,SKU-00067,WH-EAST,2024-12-02,2024-12-24,2024-12-26,749.0,13.53,ocean,450.72,delivered
PO-005222,SUP-014,SKU-00067,WH-EAST,2024-12-23,2025-01-14,2025-01-08,731.0,13.53,ocean,439.06,delivered
PO-005223,SUP-014,SKU-00067,WH-EAST,2025-01-13,2025-01-29,2025-02-02,584.0,13.53,road,468.67,delivered
PO-005224,SUP-014,SKU-00067,WH-EAST,2025-01-27,2025-02-03,2025-02-07,609.0,13.53,air,1015.01,delivered
PO-005225,SUP-014,SKU-00067,WH-EAST,2025-02-17,2025-03-11,2025-03-11,729.0,13.53,ocean,471.54,delivered
PO-005226,SUP-014,SKU-00067,WH-EAST,2025-03-10,2025-04-01,2025-04-03,748.0,13.53,ocean,426.64,delivered
PO-005227,SUP-014,SKU-00067,WH-EAST,2025-03-31,2025-04-07,2025-04-06,732.0,13.53,air,1174.0,delivered
PO-005228,SUP-014,SKU-00067,WH-EAST,2025-04-21,2025-04-28,2025-04-24,681.0,13.53,air,923.81,delivered
PO-005229,SUP-014,SKU-00067,WH-EAST,2025-05-05,2025-05-12,2025-05-15,679.0,13.53,air,1275.54,delivered
PO-005230,SUP-014,SKU-00067,WH-EAST,2025-05-26,2025-06-17,2025-06-11,764.0,13.53,ocean,479.34,delivered
PO-005231,SUP-014,SKU-00067,WH-EAST,2025-06-09,2025-06-16,2025-06-19,574.0,13.53,air,952.44,delivered
PO-005232,SUP-014,SKU-00067,WH-EAST,2025-06-23,2025-07-11,2025-07-16,763.0,13.53,rail,567.98,delivered
PO-005233,SUP-014,SKU-00067,WH-EAST,2025-07-07,2025-07-14,2025-07-19,717.0,13.53,air,1252.56,delivered
PO-005234,SUP-014,SKU-00067,WH-EAST,2025-07-28,2025-08-19,2025-08-07,604.0,13.53,ocean,366.9,delivered
PO-005235,SUP-014,SKU-00067,WH-EAST,2025-08-18,2025-09-09,2025-09-12,783.0,13.53,ocean,392.31,delivered
PO-005236,SUP-014,SKU-00067,WH-EAST,2025-09-01,2025-09-08,2025-09-09,697.0,13.53,air,1089.07,delivered
PO-005237,SUP-014,SKU-00067,WH-EAST,2025-09-22,2025-10-10,2025-10-16,651.0,13.53,rail,427.82,delivered
PO-005238,SUP-014,SKU-00067,WH-EAST,2025-10-06,2025-10-13,2025-10-14,704.0,13.53,air,1186.42,delivered
PO-005239,SUP-014,SKU-00067,WH-EAST,2025-10-27,2025-11-03,2025-11-02,693.0,13.53,air,1256.5,delivered
PO-005240,SUP-014,SKU-00067,WH-EAST,2025-11-10,2025-12-02,2025-12-01,657.0,13.53,ocean,302.17,delivered
PO-005241,SUP-014,SKU-00067,WH-EAST,2025-11-24,2025-12-01,2025-12-03,551.0,13.53,air,779.87,delivered
PO-005242,SUP-014,SKU-00067,WH-EAST,2025-12-08,2025-12-30,,561.0,13.53,ocean,295.93,open
PO-005243,SUP-013,SKU-00068,WH-SOUTH,2024-01-22,2024-02-09,2024-02-07,241.0,85.26,rail,1124.1,delivered
PO-005244,SUP-013,SKU-00068,WH-SOUTH,2024-02-05,2024-02-12,2024-02-13,163.0,85.26,air,1450.07,delivered
PO-005245,SUP-013,SKU-00068,WH-SOUTH,2024-02-26,2024-03-04,2024-03-07,181.0,85.26,air,2063.87,delivered
PO-005246,SUP-013,SKU-00068,WH-SOUTH,2024-03-18,2024-03-25,2024-03-27,205.0,85.26,air,2190.19,delivered
PO-005247,SUP-013,SKU-00068,WH-SOUTH,2024-04-01,2024-04-23,2024-04-30,199.0,85.26,ocean,787.8,delivered
PO-005248,SUP-013,SKU-00068,WH-SOUTH,2024-04-15,2024-04-22,2024-05-01,181.0,85.26,air,1566.87,delivered
PO-005249,SUP-013,SKU-00068,WH-SOUTH,2024-05-13,2024-06-04,2024-05-29,212.0,85.26,ocean,712.76,delivered
PO-005250,SUP-013,SKU-00068,WH-SOUTH,2024-05-27,2024-06-03,2024-06-06,194.0,85.26,air,2323.1,delivered
PO-005251,SUP-013,SKU-00068,WH-SOUTH,2024-06-17,2024-07-05,2024-07-14,216.0,85.26,rail,785.42,delivered
PO-005252,SUP-013,SKU-00068,WH-SOUTH,2024-07-01,2024-07-08,2024-07-10,202.0,85.26,air,2024.59,delivered
PO-005253,SUP-013,SKU-00068,WH-SOUTH,2024-07-22,2024-07-29,2024-07-29,263.0,85.26,air,3153.37,delivered
PO-005254,SUP-013,SKU-00068,WH-SOUTH,2024-08-05,2024-08-23,2024-08-21,166.0,85.26,rail,604.38,delivered
PO-005255,SUP-013,SKU-00068,WH-SOUTH,2024-08-19,2024-08-26,2024-08-26,259.0,85.26,air,2400.62,delivered
PO-005256,SUP-013,SKU-00068,WH-SOUTH,2024-09-02,2024-09-24,2024-09-28,210.0,85.26,ocean,716.14,delivered
PO-005257,SUP-013,SKU-00068,WH-SOUTH,2024-09-16,2024-09-23,2024-09-23,184.0,85.26,air,1632.5,delivered
PO-005258,SUP-013,SKU-00068,WH-SOUTH,2024-09-30,2024-10-22,2024-10-16,156.0,85.26,ocean,605.37,delivered
PO-005259,SUP-013,SKU-00068,WH-SOUTH,2024-10-14,2024-10-21,2024-10-20,218.0,85.26,air,2246.45,delivered
PO-005260,SUP-013,SKU-00068,WH-SOUTH,2024-10-28,2024-11-13,2024-11-11,194.0,85.26,road,1188.39,delivered
PO-005261,SUP-013,SKU-00068,WH-SOUTH,2024-11-11,2024-12-03,2024-12-11,181.0,85.26,ocean,520.2,delivered
PO-005262,SUP-013,SKU-00068,WH-SOUTH,2024-11-25,2024-12-02,2024-12-05,201.0,85.26,air,2075.82,delivered
PO-005263,SUP-013,SKU-00068,WH-SOUTH,2024-12-16,2025-01-07,2024-12-30,190.0,85.26,ocean,717.29,delivered
PO-005264,SUP-013,SKU-00068,WH-SOUTH,2024-12-30,2025-01-15,2025-01-13,181.0,85.26,road,843.56,delivered
PO-005265,SUP-013,SKU-00068,WH-SOUTH,2025-01-13,2025-01-20,2025-01-20,183.0,85.26,air,1516.77,delivered
PO-005266,SUP-013,SKU-00068,WH-SOUTH,2025-01-27,2025-02-18,2025-02-07,174.0,85.26,ocean,483.17,delivered
PO-005267,SUP-013,SKU-00068,WH-SOUTH,2025-02-17,2025-03-05,2025-02-27,217.0,85.26,road,1291.95,delivered
PO-005268,SUP-013,SKU-00068,WH-SOUTH,2025-03-10,2025-04-01,2025-04-09,167.0,85.26,ocean,644.97,delivered
PO-005269,SUP-013,SKU-00068,WH-SOUTH,2025-03-31,2025-04-07,2025-04-07,221.0,85.26,air,2215.57,delivered
PO-005270,SUP-013,SKU-00068,WH-SOUTH,2025-04-21,2025-05-13,2025-05-25,233.0,85.26,ocean,730.22,delivered
PO-005271,SUP-013,SKU-00068,WH-SOUTH,2025-05-05,2025-05-12,2025-05-12,192.0,85.26,air,2109.62,delivered
PO-005272,SUP-013,SKU-00068,WH-SOUTH,2025-05-26,2025-06-02,2025-06-02,223.0,85.26,air,2203.14,delivered
PO-005273,SUP-013,SKU-00068,WH-SOUTH,2025-06-02,2025-06-09,2025-06-09,168.0,85.26,air,1438.09,delivered
PO-005274,SUP-013,SKU-00068,WH-SOUTH,2025-06-16,2025-07-08,2025-06-30,235.0,85.26,ocean,671.54,delivered
PO-005275,SUP-013,SKU-00068,WH-SOUTH,2025-06-30,2025-07-22,2025-07-19,203.0,85.26,ocean,809.03,delivered
PO-005276,SUP-013,SKU-00068,WH-SOUTH,2025-07-14,2025-08-05,2025-07-31,222.0,85.26,ocean,880.52,delivered
PO-005277,SUP-013,SKU-00068,WH-SOUTH,2025-07-28,2025-08-04,2025-07-31,164.0,85.26,air,1348.99,delivered
PO-005278,SUP-013,SKU-00068,WH-SOUTH,2025-08-11,2025-09-02,2025-08-15,226.0,85.26,ocean,920.85,delivered
PO-005279,SUP-013,SKU-00068,WH-SOUTH,2025-08-25,2025-09-16,2025-09-30,238.0,85.26,ocean,946.15,delivered
PO-005280,SUP-013,SKU-00068,WH-SOUTH,2025-09-08,2025-09-15,2025-09-20,170.0,85.26,air,1977.03,delivered
PO-005281,SUP-013,SKU-00068,WH-SOUTH,2025-09-29,2025-10-06,2025-10-04,187.0,85.26,air,1892.21,delivered
PO-005282,SUP-013,SKU-00068,WH-SOUTH,2025-10-13,2025-10-20,2025-10-18,168.0,85.26,air,1679.81,delivered
PO-005283,SUP-013,SKU-00068,WH-SOUTH,2025-10-27,2025-11-18,2025-11-03,199.0,85.26,ocean,581.48,delivered
PO-005284,SUP-013,SKU-00068,WH-SOUTH,2025-11-10,2025-11-17,2025-11-18,175.0,85.26,air,1440.47,delivered
PO-005285,SUP-013,SKU-00068,WH-SOUTH,2025-12-01,2025-12-23,2025-12-23,205.0,85.26,ocean,834.19,delivered
PO-005286,SUP-013,SKU-00068,WH-SOUTH,2025-12-15,2025-12-22,2025-12-21,161.0,85.26,air,1587.15,delivered
PO-005287,SUP-013,SKU-00068,WH-EAST,2024-01-15,2024-02-02,2024-02-03,138.0,85.26,rail,625.26,delivered
PO-005288,SUP-013,SKU-00068,WH-EAST,2024-01-29,2024-02-16,2024-02-19,162.0,85.26,rail,733.5,delivered
PO-005289,SUP-013,SKU-00068,WH-EAST,2024-02-12,2024-03-01,2024-03-06,154.0,85.26,rail,779.72,delivered
PO-005290,SUP-013,SKU-00068,WH-EAST,2024-03-04,2024-03-26,2024-03-13,165.0,85.26,ocean,592.56,delivered
PO-005291,SUP-013,SKU-00068,WH-EAST,2024-03-25,2024-04-16,2024-04-21,210.0,85.26,ocean,674.49,delivered
PO-005292,SUP-013,SKU-00068,WH-EAST,2024-04-15,2024-04-22,2024-04-25,156.0,85.26,air,1775.43,delivered
PO-005293,SUP-013,SKU-00068,WH-EAST,2024-05-06,2024-05-28,2024-06-05,169.0,85.26,OCEAN,576.47,delivered
PO-005294,SUP-013,SKU-00068,WH-EAST,2024-05-20,2024-06-05,2024-06-05,191.0,85.26,road,1129.9,delivered
PO-005295,SUP-013,SKU-00068,WH-EAST,2024-06-17,2024-07-03,2024-07-04,165.0,85.26,road,898.75,delivered
PO-005296,SUP-013,SKU-00068,WH-EAST,2024-07-01,2024-07-08,2024-07-09,201.0,85.26,air,2377.12,delivered
PO-005297,SUP-013,SKU-00068,WH-EAST,2024-07-15,2024-08-02,2024-07-21,174.0,85.26,rail,617.44,delivered
PO-005298,SUP-013,SKU-00068,WH-EAST,2024-07-22,2024-08-07,2024-08-09,172.0,85.26,road,885.09,delivered
PO-005299,SUP-013,SKU-00068,WH-EAST,2024-08-05,2024-08-12,2024-08-13,171.0,85.26,air,1560.49,delivered
PO-005300,SUP-013,SKU-00068,WH-EAST,2024-08-19,2024-09-10,2024-09-20,287.0,85.26,ocean,894.12,delivered
PO-005301,SUP-013,SKU-00068,WH-EAST,2024-09-30,2024-10-18,2024-10-17,195.0,85.26,rail,936.63,delivered
PO-005302,SUP-013,SKU-00068,WH-EAST,2024-10-14,2024-10-21,2024-10-22,171.0,85.26,air,1473.06,delivered
PO-005303,SUP-013,SKU-00068,WH-EAST,2024-10-28,2024-11-19,2024-11-30,148.0,85.26,ocean,434.38,delivered
PO-005304,SUP-013,SKU-00068,WH-EAST,2024-11-11,2024-11-18,2024-11-16,174.0,85.26,air,1684.82,delivered
PO-005305,SUP-013,SKU-00068,WH-EAST,2024-12-02,2024-12-18,2024-12-14,182.0,85.26,road,1041.31,delivered
PO-005306,SUP-013,SKU-00068,WH-EAST,2024-12-23,2025-01-14,2025-01-15,186.0,85.26,ocean,715.72,delivered
PO-005307,SUP-013,SKU-00068,WH-EAST,2025-01-06,2025-01-13,2025-01-12,161.0,85.26,air,1807.73,delivered
PO-005308,SUP-013,SKU-00068,WH-EAST,2025-01-27,2025-02-03,2025-02-02,161.0,85.26,air,1918.83,delivered
PO-005309,SUP-013,SKU-00068,WH-EAST,2025-02-10,2025-03-04,2025-02-26,135.0,85.26,ocean,430.58,delivered
PO-005310,SUP-013,SKU-00068,WH-EAST,2025-02-24,2025-03-18,2025-03-15,136.0,85.26,ocean,409.59,delivered
PO-005311,SUP-013,SKU-00068,WH-EAST,2025-03-10,2025-03-28,2025-04-15,137.0,85.26,rail,685.2,delivered
PO-005312,SUP-013,SKU-00068,WH-EAST,2025-03-24,2025-04-09,2025-04-13,153.0,85.26,road,894.38,delivered
PO-005313,SUP-013,SKU-00068,WH-EAST,2025-04-21,2025-05-13,2025-05-04,201.0,85.26,ocean,752.97,delivered
PO-005314,SUP-013,SKU-00068,WH-EAST,2025-05-05,2025-05-27,2025-05-22,196.0,85.26,ocean,626.36,delivered
PO-005315,SUP-013,SKU-00068,WH-EAST,2025-05-19,2025-06-10,2025-06-09,170.0,85.26,ocean,539.56,delivered
PO-005316,SUP-013,SKU-00068,WH-EAST,2025-06-02,2025-06-09,2025-06-18,196.0,85.26,air,1721.39,delivered
PO-005317,SUP-013,SKU-00068,WH-EAST,2025-06-23,2025-07-15,2025-07-14,192.0,85.26,ocean,598.54,delivered
PO-005318,SUP-013,SKU-00068,WH-EAST,2025-07-07,2025-07-14,2025-07-18,174.0,85.26,air,1888.9,delivered
PO-005319,SUP-013,SKU-00068,WH-EAST,2025-07-28,2025-08-04,2025-08-04,227.0,85.26,air,2432.97,delivered
PO-005320,SUP-013,SKU-00068,WH-EAST,2025-08-11,2025-09-02,2025-08-24,220.0,85.26,ocean,784.22,delivered
PO-005321,SUP-013,SKU-00068,WH-EAST,2025-08-25,2025-09-01,2025-08-28,186.0,85.26,air,2259.74,delivered
PO-005322,SUP-013,SKU-00068,WH-EAST,2025-09-08,2025-09-24,2025-09-20,215.0,85.26,road,1122.22,delivered
PO-005323,SUP-013,SKU-00068,WH-EAST,2025-09-22,2025-10-14,2025-10-05,194.0,85.26,ocean,791.05,delivered
PO-005324,SUP-013,SKU-00068,WH-EAST,2025-10-06,2025-10-28,2025-10-31,194.0,85.26,ocean,734.1,delivered
PO-005325,SUP-013,SKU-00068,WH-EAST,2025-10-20,2025-10-27,2025-10-27,157.0,85.26,air,1760.7,delivered
PO-005326,SUP-013,SKU-00068,WH-EAST,2025-11-03,2025-11-19,2025-11-26,137.0,85.26,road,615.94,delivered
PO-005327,SUP-013,SKU-00068,WH-EAST,2025-11-17,2025-12-09,2025-12-09,151.0,85.26,ocean,526.36,delivered
PO-005328,SUP-013,SKU-00068,WH-EAST,2025-12-01,2025-12-19,2025-12-16,145.0,85.26,rail,524.15,delivered
PO-005329,SUP-013,SKU-00068,WH-EAST,2025-12-15,2026-01-06,2025-12-25,148.0,85.26,ocean,447.44,delivered
PO-005330,SUP-013,SKU-00068,WH-WEST,2024-01-15,2024-02-06,2024-02-08,175.0,85.26,ocean,674.75,delivered
PO-005331,SUP-013,SKU-00068,WH-WEST,2024-02-05,2024-02-12,2024-02-25,205.0,85.26,air,1695.6,delivered
PO-005332,SUP-013,SKU-00068,WH-WEST,2024-02-26,2024-03-04,2024-03-02,228.0,85.26,air,2071.87,delivered
PO-005333,SUP-013,SKU-00068,WH-WEST,2024-03-11,2024-03-18,2024-03-23,198.0,85.26,air,2022.11,delivered
PO-005334,SUP-013,SKU-00068,WH-WEST,2024-03-25,2024-04-01,2024-04-03,197.0,85.26,air,2079.07,delivered
PO-005335,SUP-013,SKU-00068,WH-WEST,2024-04-08,2024-04-15,2024-04-12,171.0,85.26,air,1949.2,delivered
PO-005336,SUP-013,SKU-00068,WH-WEST,2024-04-29,2024-05-21,2024-05-28,231.0,85.26,ocean,740.53,delivered
PO-005337,SUP-013,SKU-00068,WH-WEST,2024-05-13,2024-05-20,2024-05-19,198.0,85.26,air,1707.44,delivered
PO-005338,SUP-013,SKU-00068,WH-WEST,2024-06-03,2024-06-10,2024-06-09,219.0,85.26,air,2681.67,delivered
PO-005339,SUP-013,SKU-00068,WH-WEST,2024-06-17,2024-06-24,2024-06-24,214.0,85.26,air,1981.98,delivered
PO-005340,SUP-013,SKU-00068,WH-WEST,2024-07-01,2024-07-23,2024-07-29,232.0,85.26,ocean,688.98,delivered
PO-005341,SUP-013,SKU-00068,WH-WEST,2024-07-15,2024-07-22,2024-07-24,213.0,85.26,air,2146.88,delivered
PO-005342,SUP-013,SKU-00068,WH-WEST,2024-08-05,2024-08-27,2024-08-28,-236.0,85.26,ocean,723.25,delivered
PO-005343,SUP-013,SKU-00068,WH-WEST,2024-08-19,2024-08-26,2024-09-01,219.0,85.26,air,2194.82,delivered
PO-005344,SUP-013,SKU-00068,WH-WEST,2024-09-09,2024-09-16,2024-09-16,174.0,85.26,air,1564.63,delivered
PO-005345,SUP-013,SKU-00068,WH-WEST,2024-09-23,2024-09-30,2024-09-26,247.0,85.26,air,3016.64,delivered
PO-005346,SUP-013,SKU-00068,WH-WEST,2024-10-07,2024-10-14,2024-10-15,207.0,85.26,air,2412.88,delivered
PO-005347,SUP-013,SKU-00068,WH-WEST,2024-10-14,2024-11-05,2024-11-09,174.0,85.26,ocean,537.7,delivered
PO-005348,SUP-013,SKU-00068,WH-WEST,2024-10-28,2024-11-19,2024-11-20,249.0,85.26,ocean,840.86,delivered
PO-005349,SUP-013,SKU-00068,WH-WEST,2024-11-25,2024-12-17,2024-12-12,256.0,85.26,ocean,1022.87,delivered
PO-005350,SUP-013,SKU-00068,WH-WEST,2024-12-09,2024-12-16,2024-12-12,177.0,85.26,air,1643.83,delivered
PO-005351,SUP-013,SKU-00068,WH-WEST,2024-12-23,2025-01-14,2025-01-12,209.0,85.26,ocean,639.5,delivered
PO-005352,SUP-013,SKU-00068,WH-WEST,2025-01-13,2025-02-04,2025-02-15,197.0,85.26,ocean,800.44,delivered
PO-005353,SUP-013,SKU-00068,WH-WEST,2025-01-27,2025-02-18,2025-02-10,178.0,85.26,ocean,666.17,delivered
PO-005354,SUP-013,SKU-00068,WH-WEST,2025-02-17,2025-03-11,2025-03-02,175.0,85.26,ocean,609.2,delivered
PO-005355,SUP-013,SKU-00068,WH-WEST,2025-03-03,2025-03-25,2025-03-24,173.0,85.26,ocean,499.38,delivered
PO-005356,SUP-013,SKU-00068,WH-WEST,2025-03-17,2025-04-08,2025-04-09,182.0,85.26,ocean,695.74,delivered
PO-005357,SUP-013,SKU-00068,WH-WEST,2025-04-07,2025-04-25,2025-05-13,252.0,85.26,rail,1279.86,delivered
PO-005358,SUP-013,SKU-00068,WH-WEST,2025-04-21,2025-04-28,2025-04-26,203.0,85.26,air,2260.61,delivered
PO-005359,SUP-013,SKU-00068,WH-WEST,2025-05-12,2025-05-19,2025-05-18,203.0,85.26,air,2190.67,delivered
PO-005360,SUP-013,SKU-00068,WH-WEST,2025-05-26,2025-06-17,2025-06-18,200.0,85.26,ocean,744.74,delivered
PO-005361,SUP-013,SKU-00068,WH-WEST,2025-06-02,2025-06-09,2025-06-11,203.0,85.26,air,1782.51,delivered
PO-005362,SUP-013,SKU-00068,WH-WEST,2025-06-23,2025-07-15,2025-07-18,242.0,85.26,ocean,680.26,delivered
PO-005363,SUP-013,SKU-00068,WH-WEST,2025-07-07,2025-07-14,2025-07-12,213.0,85.26,air,1878.89,delivered
PO-005364,SUP-013,SKU-00068,WH-WEST,2025-07-28,2025-08-19,2025-08-18,296.0,85.26,ocean,854.91,delivered
PO-005365,SUP-013,SKU-00068,WH-WEST,2025-08-18,2025-09-09,2025-09-09,181.0,85.26,ocean,712.94,delivered
PO-005366,SUP-013,SKU-00068,WH-WEST,2025-09-01,2025-09-08,2025-09-12,243.0,85.26,air,2369.89,delivered
PO-005367,SUP-013,SKU-00068,WH-WEST,2025-09-22,2025-10-14,2025-11-03,252.0,85.26,ocean,887.44,delivered
PO-005368,SUP-013,SKU-00068,WH-WEST,2025-10-06,2025-10-13,2025-10-17,203.0,85.26,air,2379.23,delivered
PO-005369,SUP-013,SKU-00068,WH-WEST,2025-11-03,2025-11-21,2025-11-24,220.0,85.26,rail,985.44,delivered
PO-005370,SUP-013,SKU-00068,WH-WEST,2025-11-17,2025-11-24,2025-11-23,204.0,85.26,air,2203.62,delivered
PO-005371,SUP-013,SKU-00068,WH-WEST,2025-12-01,2025-12-08,2025-12-09,178.0,85.26,air,1775.68,delivered
PO-005372,SUP-013,SKU-00068,WH-WEST,2025-12-15,2026-01-06,,200.0,85.26,ocean,781.31,open
PO-005373,SUP-015,SKU-00069,WH-SOUTH,2024-01-22,2024-02-08,2024-02-09,1675.0,6.23,ocean,492.93,delivered
PO-005374,SUP-015,SKU-00069,WH-SOUTH,2024-02-12,2024-02-29,2024-02-28,1723.0,6.23,ocean,500.6,delivered
PO-005375,SUP-015,SKU-00069,WH-SOUTH,2024-03-04,2024-03-10,2024-03-08,1728.0,6.23,air,1055.44,delivered
PO-005376,SUP-015,SKU-00069,WH-SOUTH,2024-03-18,2024-04-04,2024-03-31,1355.0,6.23,ocean,335.83,delivered
PO-005377,SUP-015,SKU-00069,WH-SOUTH,2024-04-08,2024-04-22,2024-04-27,1735.0,6.23,rail,468.12,delivered
PO-005378,SUP-015,SKU-00069,WH-SOUTH,2024-05-06,2024-05-23,2024-05-28,1793.0,6.23,ocean,524.0,delivered
PO-005379,SUP-015,SKU-00069,WH-SOUTH,2024-06-03,2024-06-20,2024-06-19,1560.0,6.23,ocean,447.08,delivered
PO-005380,SUP-015,SKU-00069,WH-SOUTH,2024-06-17,2024-06-23,2024-06-24,1336.0,6.23,air,974.73,delivered
PO-005381,SUP-015,SKU-00069,WH-SOUTH,2024-07-15,2024-07-21,2024-07-21,1621.0,6.23,air,1400.23,delivered
PO-005382,SUP-015,SKU-00069,WH-SOUTH,2024-08-05,2024-08-11,2024-08-10,1438.0,6.23,air,1114.64,delivered
PO-005383,SUP-015,SKU-00069,WH-SOUTH,2024-08-26,2024-09-12,2024-09-13,1599.0,6.23,ocean,399.65,delivered
PO-005384,SUP-015,SKU-00069,WH-SOUTH,2024-09-09,2024-09-15,2024-09-18,1297.0,6.23,air,912.82,delivered
PO-005385,SUP-015,SKU-00069,WH-SOUTH,2024-09-30,2024-10-17,2024-10-19,1804.0,6.23,ocean,408.5,delivered
PO-005386,SUP-015,SKU-00069,WH-SOUTH,2024-10-21,2024-10-27,2024-10-27,1439.0,6.23,air,1041.57,delivered
PO-005387,SUP-015,SKU-00069,WH-SOUTH,2024-11-04,2024-11-21,2024-11-22,1405.0,6.23,ocean,413.78,delivered
PO-005388,SUP-015,SKU-00069,WH-SOUTH,2024-11-18,2024-11-24,2024-11-23,1385.0,6.23,air,1041.32,delivered
PO-005389,SUP-015,SKU-00069,WH-SOUTH,2024-12-02,2024-12-16,2024-12-13,1271.0,6.23,rail,318.03,delivered
PO-005390,SUP-015,SKU-00069,WH-SOUTH,2024-12-16,2025-01-02,2025-01-03,1869.0,6.23,ocean,421.13,delivered
PO-005391,SUP-015,SKU-00069,WH-SOUTH,2025-01-06,2025-01-23,2025-01-27,1464.0,6.23,ocean,309.82,delivered
PO-005392,SUP-015,SKU-00069,WH-SOUTH,2025-01-20,2025-01-26,2025-01-25,1432.0,6.23,air,1010.6,delivered
PO-005393,SUP-015,SKU-00069,WH-SOUTH,2025-02-03,2025-02-09,2025-02-09,1479.0,6.23,air,1249.51,delivered
PO-005394,SUP-015,SKU-00069,WH-SOUTH,2025-02-17,2025-03-06,2025-03-03,1629.0,6.23,ocean,398.2,delivered
PO-005395,SUP-015,SKU-00069,WH-SOUTH,2025-03-03,2025-03-20,2025-03-16,1374.0,6.23,ocean,354.16,delivered
PO-005396,SUP-015,SKU-00069,WH-SOUTH,2025-03-17,2025-03-29,2025-03-30,1713.0,6.23,road,640.42,delivered
PO-005397,SUP-015,SKU-00069,WH-SOUTH,2025-03-31,2025-04-14,2025-04-14,1542.0,6.23,rail,417.63,delivered
PO-005398,SUP-015,SKU-00069,WH-SOUTH,2025-04-14,2025-05-01,2025-05-04,1267.0,6.23,ocean,319.67,delivered
PO-005399,SUP-015,SKU-00069,WH-SOUTH,2025-05-05,2025-05-22,2025-05-24,1874.0,6.23,ocean,523.07,delivered
PO-005400,SUP-015,SKU-00069,WH-SOUTH,2025-05-26,2025-06-12,2025-06-11,1349.0,6.23,ocean,335.01,delivered
PO-005401,SUP-015,SKU-00069,WH-SOUTH,2025-06-16,2025-07-03,2025-07-09,2006.0,6.23,ocean,470.78,delivered
PO-005402,SUP-015,SKU-00069,WH-SOUTH,2025-07-14,2025-07-20,2025-07-22,1459.0,6.23,air,1125.2,delivered
PO-005403,SUP-015,SKU-00069,WH-SOUTH,2025-08-04,2025-08-10,2025-08-11,1764.0,6.23,air,1388.04,delivered
PO-005404,SUP-015,SKU-00069,WH-SOUTH,2025-08-18,2025-08-24,2025-08-24,1539.0,6.23,air,1015.44,delivered
PO-005405,SUP-015,SKU-00069,WH-SOUTH,2025-09-01,2025-09-18,2025-09-20,1631.0,6.23,ocean,347.63,delivered
PO-005406,SUP-015,SKU-00069,WH-SOUTH,2025-09-15,2025-09-21,2025-09-22,1265.0,6.23,air,1018.43,delivered
PO-005407,SUP-015,SKU-00069,WH-SOUTH,2025-10-06,2025-10-20,2025-10-17,1492.0,6.23,rail,380.63,delivered
PO-005408,SUP-015,SKU-00069,WH-SOUTH,2025-10-20,2025-10-26,2025-10-25,2003.0,6.23,air,1363.21,delivered
PO-005409,SUP-015,SKU-00069,WH-SOUTH,2025-11-03,2025-11-20,2025-11-25,1721.0,6.23,ocean,433.86,delivered
PO-005410,SUP-015,SKU-00069,WH-SOUTH,2025-12-01,2025-12-18,2025-12-26,2027.0,6.23,ocean,476.76,delivered
PO-005411,SUP-005,SKU-00070,WH-EAST,2024-01-15,2024-01-17,2024-01-16,68.0,1.4,AIR,10.5,delivered
PO-005412,SUP-005,SKU-00070,WH-EAST,2024-02-05,2024-02-07,2024-02-07,92.0,1.4,air,14.02,delivered
PO-005413,SUP-005,SKU-00070,WH-EAST,2024-02-19,2024-02-24,2024-02-24,68.0,1.4,rail,5.7,delivered
PO-005414,SUP-005,SKU-00070,WH-EAST,2024-03-11,2024-03-16,2024-03-25,97.0,1.4,rail,7.77,delivered
PO-005415,SUP-005,SKU-00070,WH-EAST,2024-04-08,2024-04-13,2024-04-14,79.0,1.4,rail,5.94,delivered
PO-005416,SUP-005,SKU-00070,WH-EAST,2024-04-29,2024-05-04,2024-05-01,96.0,1.4,road,8.76,delivered
PO-005417,SUP-005,SKU-00070,WH-EAST,2024-05-13,2024-05-18,2024-05-22,69.0,1.4,rail,5.05,delivered
PO-005418,SUP-005,SKU-00070,WH-EAST,2024-06-03,2024-06-08,2024-06-09,80.0,1.4,road,,delivered
PO-005419,SUP-005,SKU-00070,WH-EAST,2024-06-24,2024-06-29,2024-06-28,79.0,1.4,ROAD,6.13,delivered
PO-005420,SUP-005,SKU-00070,WH-EAST,2024-07-15,2024-07-20,2024-07-22,83.0,1.4,road,7.44,delivered
PO-005421,SUP-005,SKU-00070,WH-EAST,2024-08-12,2024-08-17,2024-08-19,89.0,1.4,rail,6.37,delivered
PO-005422,SUP-005,SKU-00070,WH-EAST,2024-09-09,2024-09-14,2024-09-13,75.0,1.4,rail,5.42,delivered
PO-005423,SUP-005,SKU-00070,WH-EAST,2024-09-30,2024-10-05,2024-10-11,68.0,1.4,road,6.81,delivered
PO-005424,SUP-005,SKU-00070,WH-EAST,2024-10-28,2024-11-02,2024-11-03,82.0,1.4,road,6.83,delivered
PO-005425,SUP-005,SKU-00070,WH-EAST,2024-11-25,2024-11-30,2024-12-08,86.0,1.4,road,6.97,delivered
PO-005426,SUP-005,SKU-00070,WH-EAST,2024-12-30,2025-01-04,2025-01-04,88.0,1.4,road,6.94,delivered
PO-005427,SUP-005,SKU-00070,WH-EAST,2025-01-20,2025-01-25,2025-01-26,73.0,1.4,road,5.32,delivered
PO-005428,SUP-005,SKU-00070,WH-EAST,2025-02-10,2025-02-15,2025-02-16,77.0,1.4,road,7.24,delivered
PO-005429,SUP-005,SKU-00070,WH-EAST,2025-03-03,2025-03-08,2025-03-06,85.0,1.4,road,6.52,delivered
PO-005430,SUP-005,SKU-00070,WH-EAST,2025-03-24,2025-03-29,2025-03-28,90.0,1.4,road,8.62,delivered
PO-005431,SUP-005,SKU-00070,WH-EAST,2025-04-14,2025-04-19,2025-04-17,84.0,1.4,rail,5.76,delivered
PO-005432,SUP-005,SKU-00070,WH-EAST,2025-04-28,2025-04-30,2025-04-29,71.0,1.4,air,11.85,delivered
PO-005433,SUP-005,SKU-00070,WH-EAST,2025-05-19,2025-05-24,2025-05-24,84.0,1.4,road,7.61,delivered
PO-005434,SUP-005,SKU-00070,WH-EAST,2025-06-09,2025-06-14,2025-06-13,76.0,1.4,rail,5.01,delivered
PO-005435,SUP-005,SKU-00070,WH-EAST,2025-06-30,2025-07-05,2025-07-04,70.0,1.4,rail,5.13,delivered
PO-005436,SUP-005,SKU-00070,WH-EAST,2025-07-21,2025-07-26,2025-07-26,66.0,1.4,rail,4.36,delivered
PO-005437,SUP-005,SKU-00070,WH-EAST,2025-08-11,2025-08-16,2025-08-15,82.0,1.4,rail,5.35,delivered
PO-005438,SUP-005,SKU-00070,WH-EAST,2025-09-08,2025-09-13,2025-09-11,70.0,1.4,road,6.38,delivered
PO-005439,SUP-005,SKU-00070,WH-EAST,2025-10-06,2025-10-11,2025-10-08,73.0,1.4,rail,5.64,delivered
PO-005440,SUP-005,SKU-00070,WH-EAST,2025-11-03,2025-11-05,2025-11-06,66.0,1.4,air,10.73,delivered
PO-005441,SUP-005,SKU-00070,WH-EAST,2025-11-24,2025-11-29,2025-11-29,70.0,1.4,rail,4.25,delivered
PO-005442,SUP-005,SKU-00070,WH-EAST,2025-12-22,2025-12-24,2025-12-24,77.0,1.4,air,13.25,delivered
PO-005443,SUP-005,SKU-00070,WH-APAC,2024-01-15,2024-01-20,2024-01-19,77.0,1.4,rail,5.35,delivered
PO-005444,SUP-005,SKU-00070,WH-APAC,2024-01-29,2024-02-03,2024-02-01,70.0,1.4,road,6.28,delivered
PO-005445,SUP-005,SKU-00070,WH-APAC,2024-02-19,2024-02-21,2024-02-21,101.0,1.4,air,18.92,delivered
PO-005446,SUP-005,SKU-00070,WH-APAC,2024-03-11,2024-03-16,2024-03-13,86.0,1.4,rail,5.83,delivered
PO-005447,SUP-005,SKU-00070,WH-APAC,2024-03-25,2024-03-30,2024-03-29,70.0,1.4,rail,4.27,delivered
PO-005448,SUP-005,SKU-00070,WH-APAC,2024-04-08,2024-04-13,2024-04-16,73.0,1.4,road,7.31,delivered
PO-005449,SUP-005,SKU-00070,WH-APAC,2024-04-29,2024-05-04,2024-05-07,100.0,1.4,road,6.99,delivered
PO-005450,SUP-005,SKU-00070,WH-APAC,2024-05-20,2024-05-22,2024-05-30,75.0,1.4,air,12.67,delivered
PO-005451,SUP-005,SKU-00070,WH-APAC,2024-06-10,2024-06-15,2024-06-16,75.0,1.4,road,6.77,delivered
PO-005452,SUP-005,SKU-00070,WH-APAC,2024-07-01,2024-07-03,2024-07-02,90.0,1.4,air,16.76,delivered
PO-005453,SUP-005,SKU-00070,WH-APAC,2024-07-22,2024-07-27,2024-07-29,87.0,1.4,road,8.37,delivered
PO-005454,SUP-005,SKU-00070,WH-APAC,2024-08-12,2024-08-14,2024-08-14,69.0,1.4,air,9.9,delivered
PO-005455,SUP-005,SKU-00070,WH-APAC,2024-09-02,2024-09-07,2024-09-07,81.0,1.4,road,5.83,delivered
PO-005456,SUP-005,SKU-00070,WH-APAC,2024-09-30,2024-10-05,2024-10-06,84.0,1.4,rail,5.51,delivered
PO-005457,SUP-005,SKU-00070,WH-APAC,2024-10-28,2024-11-02,2024-10-30,86.0,1.4,road,6.21,delivered
PO-005458,SUP-005,SKU-00070,WH-APAC,2024-11-18,2024-11-23,2024-11-24,85.0,1.4,road,6.73,delivered
PO-005459,SUP-005,SKU-00070,WH-APAC,2024-12-09,2024-12-11,2024-12-11,76.0,1.4,air,12.32,delivered
PO-005460,SUP-005,SKU-00070,WH-APAC,2024-12-30,2025-01-04,2025-01-03,77.0,1.4,road,5.83,delivered
PO-005461,SUP-005,SKU-00070,WH-APAC,2025-01-20,2025-01-25,2025-02-02,79.0,1.4,rail,5.32,delivered
PO-005462,SUP-005,SKU-00070,WH-APAC,2025-02-17,2025-02-19,2025-02-19,85.0,1.4,air,13.42,delivered
PO-005463,SUP-005,SKU-00070,WH-APAC,2025-03-10,2025-03-12,2025-03-14,94.0,1.4,air,15.33,delivered
PO-005464,SUP-005,SKU-00070,WH-APAC,2025-03-31,2025-04-05,2025-04-09,80.0,1.4,rail,5.71,delivered
PO-005465,SUP-005,SKU-00070,WH-APAC,2025-04-21,2025-04-26,2025-04-27,73.0,1.4,rail,5.18,delivered
PO-005466,SUP-005,SKU-00070,WH-APAC,2025-05-12,2025-05-17,2025-05-23,91.0,1.4,road,7.17,delivered
PO-005467,SUP-005,SKU-00070,WH-APAC,2025-06-09,2025-06-14,2025-06-15,77.0,1.4,rail,4.65,delivered
PO-005468,SUP-005,SKU-00070,WH-APAC,2025-06-30,2025-07-05,2025-07-05,74.0,1.4,road,7.03,delivered
PO-005469,SUP-005,SKU-00070,WH-APAC,2025-07-21,2025-07-26,2025-07-25,74.0,1.4,rail,4.16,delivered
PO-005470,SUP-005,SKU-00070,WH-APAC,2025-08-11,2025-08-16,2025-08-17,85.0,1.4,road,6.5,delivered
PO-005471,SUP-005,SKU-00070,WH-APAC,2025-09-08,2025-09-13,2025-09-14,76.0,1.4,road,7.6,delivered
PO-005472,SUP-005,SKU-00070,WH-APAC,2025-10-06,2025-10-11,2025-10-10,72.0,1.4,road,5.68,delivered
PO-005473,SUP-005,SKU-00070,WH-APAC,2025-11-03,2025-11-05,2025-11-07,77.0,1.4,air,11.3,delivered
PO-005474,SUP-005,SKU-00070,WH-APAC,2025-11-24,2025-11-29,2025-11-25,80.0,1.4,rail,6.21,delivered
PO-005475,SUP-005,SKU-00070,WH-APAC,2025-12-22,2025-12-27,,88.0,1.4,road,7.13,open
PO-005476,SUP-019,SKU-00071,WH-EAST,2024-01-22,2024-02-15,2024-02-15,1103.0,5.41,ocean,281.74,delivered
PO-005477,SUP-019,SKU-00071,WH-EAST,2024-02-05,2024-02-29,2024-03-02,901.0,5.41,ocean,226.09,delivered
PO-005478,SUP-019,SKU-00071,WH-EAST,2024-02-26,2024-03-21,2024-03-28,1110.0,5.41,ocean,272.93,delivered
PO-005479,SUP-019,SKU-00071,WH-EAST,2024-03-11,2024-03-29,2024-04-04,1031.0,5.41,road,385.59,delivered
PO-005480,SUP-019,SKU-00071,WH-EAST,2024-04-08,2024-05-02,2024-05-02,1093.0,5.41,ocean,251.0,delivered
PO-005481,SUP-019,SKU-00071,WH-EAST,2024-04-22,2024-05-16,2024-05-26,893.0,5.41,ocean,228.65,delivered
PO-005482,SUP-019,SKU-00071,WH-EAST,2024-05-13,2024-05-21,2024-05-20,1177.0,5.41,air,902.52,delivered
PO-005483,SUP-019,SKU-00071,WH-EAST,2024-06-03,2024-06-27,2024-06-24,1125.0,5.41,ocean,234.36,delivered
PO-005484,SUP-019,SKU-00071,WH-EAST,2024-06-17,2024-07-11,2024-07-22,960.0,5.41,ocean,232.59,delivered
PO-005485,SUP-019,SKU-00071,WH-EAST,2024-07-01,2024-07-09,2024-07-09,930.0,5.41,air,697.36,delivered
PO-005486,SUP-019,SKU-00071,WH-EAST,2024-07-15,2024-08-08,2024-08-03,924.0,5.41,ocean,197.85,delivered
PO-005487,SUP-019,SKU-00071,WH-EAST,2024-07-29,2024-08-16,2024-08-22,886.0,5.41,road,268.04,delivered
PO-005488,SUP-019,SKU-00071,WH-EAST,2024-08-12,2024-09-05,2024-08-30,1054.0,5.41,ocean,271.02,delivered
PO-005489,SUP-019,SKU-00071,WH-EAST,2024-09-02,2024-09-26,2024-09-19,1313.0,5.41,ocean,325.62,delivered
PO-005490,SUP-019,SKU-00071,WH-EAST,2024-09-16,2024-09-24,2024-09-25,1086.0,5.41,air,591.03,delivered
PO-005491,SUP-019,SKU-00071,WH-EAST,2024-10-07,2024-10-31,2024-11-03,1267.0,5.41,ocean,287.75,delivered
PO-005492,SUP-019,SKU-00071,WH-EAST,2024-10-21,2024-10-29,2024-10-30,977.0,5.41,air,676.58,delivered
PO-005493,SUP-019,SKU-00071,WH-EAST,2024-11-18,2024-11-26,2024-11-25,1146.0,5.41,air,870.34,delivered
PO-005494,SUP-019,SKU-00071,WH-EAST,2024-12-02,2024-12-10,2024-12-10,924.0,5.41,air,719.18,delivered
PO-005495,SUP-019,SKU-00071,WH-EAST,2024-12-23,2025-01-16,2025-01-19,1308.0,5.41,ocean,282.33,delivered
PO-005496,SUP-019,SKU-00071,WH-EAST,2025-01-13,2025-01-21,2025-01-18,1080.0,5.41,air,735.82,delivered
PO-005497,SUP-019,SKU-00071,WH-EAST,2025-02-03,2025-02-27,2025-02-21,939.0,5.41,ocean,233.89,delivered
PO-005498,SUP-019,SKU-00071,WH-EAST,2025-02-24,2025-03-14,2025-03-18,1058.0,5.41,road,365.16,delivered
PO-005499,SUP-019,SKU-00071,WH-EAST,2025-03-17,2025-04-10,2025-04-13,982.0,5.41,ocean,201.03,delivered
PO-005500,SUP-019,SKU-00071,WH-EAST,2025-04-07,2025-04-26,2025-04-26,959.0,5.41,rail,229.97,delivered
PO-005501,SUP-019,SKU-00071,WH-EAST,2025-04-21,2025-05-15,2025-05-17,902.0,5.41,ocean,161.59,delivered
PO-005502,SUP-019,SKU-00071,WH-EAST,2025-05-12,2025-05-30,2025-05-25,1193.0,5.41,ROAD,397.66,delivered
PO-005503,SUP-019,SKU-00071,WH-EAST,2025-05-26,2025-06-19,2025-06-11,943.0,5.41,ocean,188.54,delivered
PO-005504,SUP-019,SKU-00071,WH-EAST,2025-06-16,2025-07-10,2025-07-04,1192.0,5.41,ocean,253.96,delivered
PO-005505,SUP-019,SKU-00071,WH-EAST,2025-06-30,2025-07-08,2025-07-07,1194.0,5.41,air,659.97,delivered
PO-005506,SUP-019,SKU-00071,WH-EAST,2025-07-14,2025-08-01,2025-07-30,938.0,5.41,road,302.4,delivered
PO-005507,SUP-019,SKU-00071,WH-EAST,2025-07-28,2025-08-21,2025-08-11,906.0,5.41,OCEAN,217.23,delivered
PO-005508,SUP-019,SKU-00071,WH-EAST,2025-08-11,2025-08-30,2025-09-11,1135.0,5.41,rail,283.72,delivered
PO-005509,SUP-019,SKU-00071,WH-EAST,2025-09-01,2025-09-25,2025-09-27,1277.0,5.41,ocean,324.17,delivered
PO-005510,SUP-019,SKU-00071,WH-EAST,2025-09-22,2025-09-30,2025-10-01,889.0,5.41,air,518.51,delivered
PO-005511,SUP-019,SKU-00071,WH-EAST,2025-10-13,2025-10-21,2025-10-24,1269.0,5.41,air,896.09,delivered
PO-005512,SUP-019,SKU-00071,WH-EAST,2025-10-27,2025-11-20,2025-11-26,890.0,5.41,ocean,216.53,delivered
PO-005513,SUP-019,SKU-00071,WH-EAST,2025-11-10,2025-12-04,2025-11-28,952.0,5.41,ocean,187.47,delivered
PO-005514,SUP-019,SKU-00071,WH-EAST,2025-12-08,2025-12-26,2025-12-28,1241.0,5.41,road,439.36,delivered
PO-005515,SUP-003,SKU-00072,WH-SOUTH,2024-01-15,2024-01-25,2024-01-29,50.0,9.53,air,63.38,delivered
PO-005516,SUP-003,SKU-00072,WH-SOUTH,2024-01-29,2024-02-08,2024-02-11,46.0,9.53,air,59.95,delivered
PO-005517,SUP-003,SKU-00072,WH-SOUTH,2024-02-19,2024-03-20,2024-03-18,61.0,9.53,ocean,20.16,delivered
PO-005518,SUP-003,SKU-00072,WH-SOUTH,2024-03-11,2024-04-02,2024-04-03,63.0,9.53,road,39.84,delivered
PO-005519,SUP-003,SKU-00072,WH-SOUTH,2024-04-01,2024-05-01,2024-04-18,53.0,9.53,ocean,23.84,delivered
PO-005520,SUP-003,SKU-00072,WH-SOUTH,2024-04-15,2024-05-15,2024-04-27,47.0,9.53,ocean,19.53,delivered
PO-005521,SUP-003,SKU-00072,WH-SOUTH,2024-05-06,2024-06-05,2024-06-25,59.0,9.53,ocean,25.49,delivered
PO-005522,SUP-003,SKU-00072,WH-SOUTH,2024-05-27,2024-06-26,2024-07-09,53.0,9.53,ocean,17.83,delivered
PO-005523,SUP-003,SKU-00072,WH-SOUTH,2024-07-08,2024-08-07,2024-08-11,58.0,9.53,ocean,21.84,delivered
PO-005524,SUP-003,SKU-00072,WH-SOUTH,2024-08-05,2024-09-04,2024-09-08,59.0,9.53,ocean,,delivered
PO-005525,SUP-003,SKU-00072,WH-SOUTH,2024-08-26,2024-09-17,2024-09-26,48.0,9.53,road,30.66,delivered
PO-005526,SUP-003,SKU-00072,WH-SOUTH,2024-09-16,2024-10-16,2024-10-23,45.0,9.53,ocean,14.66,delivered
PO-005527,SUP-003,SKU-00072,WH-SOUTH,2024-10-07,2024-11-06,2024-11-05,58.0,9.53,ocean,25.41,delivered
PO-005528,SUP-003,SKU-00072,WH-SOUTH,2024-10-28,2024-11-27,2024-12-10,48.0,9.53,ocean,17.59,delivered
PO-005529,SUP-003,SKU-00072,WH-SOUTH,2024-11-11,2024-11-21,2024-11-25,50.0,9.53,air,49.87,delivered
PO-005530,SUP-003,SKU-00072,WH-SOUTH,2024-12-02,2025-01-01,2024-12-15,60.0,9.53,ocean,18.73,delivered
PO-005531,SUP-003,SKU-00072,WH-SOUTH,2024-12-16,2025-01-15,2025-01-18,48.0,9.53,ocean,15.33,delivered
PO-005532,SUP-003,SKU-00072,WH-SOUTH,2024-12-30,2025-01-29,2025-02-09,58.0,9.53,ocean,19.1,delivered
PO-005533,SUP-003,SKU-00072,WH-SOUTH,2025-01-27,2025-02-18,2025-02-18,62.0,9.53,road,30.39,delivered
PO-005534,SUP-003,SKU-00072,WH-SOUTH,2025-02-17,2025-03-11,2025-03-17,44.0,9.53,road,22.43,delivered
PO-005535,SUP-003,SKU-00072,WH-SOUTH,2025-03-03,2025-04-02,2025-03-22,49.0,9.53,ocean,18.84,delivered
PO-005536,SUP-003,SKU-00072,WH-SOUTH,2025-03-24,2025-04-03,2025-03-29,63.0,9.53,air,57.88,delivered
PO-005537,SUP-003,SKU-00072,WH-SOUTH,2025-04-07,2025-05-07,2025-05-02,48.0,9.53,ocean,19.6,delivered
PO-005538,SUP-003,SKU-00072,WH-SOUTH,2025-04-28,2025-05-22,2025-05-22,58.0,9.53,rail,32.05,delivered
PO-005539,SUP-003,SKU-00072,WH-SOUTH,2025-05-19,2025-06-18,2025-06-19,58.0,9.53,ocean,20.63,delivered
PO-005540,SUP-003,SKU-00072,WH-SOUTH,2025-06-09,2025-07-09,2025-07-03,55.0,9.53,ocean,25.08,delivered
PO-005541,SUP-003,SKU-00072,WH-SOUTH,2025-06-30,2025-07-30,2025-08-02,51.0,9.53,ocean,21.49,delivered
PO-005542,SUP-003,SKU-00072,WH-SOUTH,2025-07-21,2025-08-20,2025-08-18,57.0,9.53,ocean,21.7,delivered
PO-005543,SUP-003,SKU-00072,WH-SOUTH,2025-08-11,2025-08-21,2025-08-17,51.0,9.53,air,54.38,delivered
PO-005544,SUP-003,SKU-00072,WH-SOUTH,2025-09-01,2025-09-11,2025-09-11,56.0,9.53,air,55.18,delivered
PO-005545,SUP-003,SKU-00072,WH-SOUTH,2025-09-22,2025-10-16,2025-10-23,64.0,9.53,rail,35.06,delivered
PO-005546,SUP-003,SKU-00072,WH-SOUTH,2025-10-06,2025-10-16,2025-10-17,64.0,9.53,air,69.54,delivered
PO-005547,SUP-003,SKU-00072,WH-SOUTH,2025-11-03,2025-12-03,2025-12-08,62.0,9.53,ocean,24.4,delivered
PO-005548,SUP-003,SKU-00072,WH-SOUTH,2025-11-17,2025-11-27,2025-11-28,52.0,9.53,air,53.28,delivered
PO-005549,SUP-003,SKU-00072,WH-SOUTH,2025-12-08,2025-12-18,2025-12-17,60.0,9.53,air,71.83,delivered
PO-005550,SUP-003,SKU-00072,WH-SOUTH,2025-12-22,2026-01-21,,67.0,9.53,ocean,24.55,open
PO-005551,SUP-003,SKU-00072,WH-APAC,2024-01-15,2024-02-08,2024-02-05,63.0,9.53,rail,29.82,delivered
PO-005552,SUP-003,SKU-00072,WH-APAC,2024-01-29,2024-02-22,2024-03-13,58.0,9.53,rail,28.43,delivered
PO-005553,SUP-003,SKU-00072,WH-APAC,2024-02-12,2024-02-22,2024-02-24,57.0,9.53,air,53.91,delivered
PO-005554,SUP-003,SKU-00072,WH-APAC,2024-03-04,2024-03-26,2024-03-13,82.0,9.53,road,52.56,delivered
PO-005555,SUP-003,SKU-00072,WH-APAC,2024-03-25,2024-04-24,2024-04-16,70.0,9.53,ocean,31.17,delivered
PO-005556,SUP-003,SKU-00072,WH-APAC,2024-04-08,2024-05-02,2024-04-26,-56.0,9.53,rail,30.4,delivered
PO-005557,SUP-003,SKU-00072,WH-APAC,2024-04-29,2024-05-29,2024-05-23,72.0,9.53,ocean,30.08,delivered
PO-005558,SUP-003,SKU-00072,WH-APAC,2024-05-20,2024-06-19,2024-06-08,65.0,9.53,ocean,26.86,delivered
PO-005559,SUP-003,SKU-00072,WH-APAC,2024-06-10,2024-06-20,2024-06-21,59.0,9.53,air,78.33,delivered
PO-005560,SUP-003,SKU-00072,WH-APAC,2024-07-01,2024-07-23,2024-07-21,56.0,9.53,road,29.67,delivered
PO-005561,SUP-003,SKU-00072,WH-APAC,2024-07-22,2024-08-15,2024-08-21,60.0,9.53,rail,29.8,delivered
PO-005562,SUP-003,SKU-00072,WH-APAC,2024-08-12,2024-09-11,2024-09-08,58.0,9.53,ocean,22.01,delivered
PO-005563,SUP-003,SKU-00072,WH-APAC,2024-09-02,2024-10-02,2024-09-21,63.0,9.53,ocean,22.93,delivered
PO-005564,SUP-003,SKU-00072,WH-APAC,2024-09-23,2024-10-23,2024-10-13,66.0,9.53,ocean,29.29,delivered
PO-005565,SUP-003,SKU-00072,WH-APAC,2024-10-14,2024-11-13,2024-11-11,75.0,9.53,ocean,31.73,delivered
PO-005566,SUP-003,SKU-00072,WH-APAC,2024-10-28,2024-11-27,2024-12-04,57.0,9.53,ocean,24.83,delivered
PO-005567,SUP-003,SKU-00072,WH-APAC,2024-11-18,2024-12-12,2024-12-24,67.0,9.53,rail,26.59,delivered
PO-005568,SUP-003,SKU-00072,WH-APAC,2024-12-09,2024-12-31,2025-01-11,68.0,9.53,road,45.51,delivered
PO-005569,SUP-003,SKU-00072,WH-APAC,2024-12-30,2025-01-09,2025-01-08,68.0,9.53,air,87.52,delivered
PO-005570,SUP-003,SKU-00072,WH-APAC,2025-01-20,2025-01-30,2025-01-28,83.0,9.53,air,77.43,delivered
PO-005571,SUP-003,SKU-00072,WH-APAC,2025-02-03,2025-02-25,2025-02-28,60.0,9.53,road,32.12,delivered
PO-005572,SUP-003,SKU-00072,WH-APAC,2025-02-17,2025-02-27,2025-02-27,58.0,9.53,air,61.12,delivered
PO-005573,SUP-003,SKU-00072,WH-APAC,2025-03-03,2025-04-02,2025-04-09,61.0,9.53,ocean,26.62,delivered
PO-005574,SUP-003,SKU-00072,WH-APAC,2025-03-24,2025-04-17,2025-04-04,84.0,9.53,rail,38.25,delivered
PO-005575,SUP-003,SKU-00072,WH-APAC,2025-04-14,2025-05-14,2025-05-16,64.0,9.53,ocean,28.72,delivered
PO-005576,SUP-003,SKU-00072,WH-APAC,2025-05-05,2025-06-04,2025-06-01,71.0,9.53,ocean,23.12,delivered
PO-005577,SUP-003,SKU-00072,WH-APAC,2025-05-26,2025-06-17,2025-06-10,66.0,9.53,road,32.71,delivered
PO-005578,SUP-003,SKU-00072,WH-APAC,2025-06-16,2025-07-16,2025-08-08,65.0,9.53,ocean,26.27,delivered
PO-005579,SUP-003,SKU-00072,WH-APAC,2025-07-07,2025-08-06,2025-07-31,67.0,9.53,ocean,28.47,delivered
PO-005580,SUP-003,SKU-00072,WH-APAC,2025-08-11,2025-09-10,2025-09-03,70.0,9.53,ocean,25.99,delivered
PO-005581,SUP-003,SKU-00072,WH-APAC,2025-09-01,2025-09-11,2025-09-15,66.0,9.53,air,79.23,delivered
PO-005582,SUP-003,SKU-00072,WH-APAC,2025-09-22,2025-10-22,2025-10-09,76.0,9.53,ocean,24.91,delivered
PO-005583,SUP-003,SKU-00072,WH-APAC,2025-10-06,2025-10-16,2025-10-13,81.0,9.53,air,92.41,delivered
PO-005584,SUP-003,SKU-00072,WH-APAC,2025-10-20,2025-11-19,2025-11-15,60.0,9.53,ocean,20.71,delivered
PO-005585,SUP-003,SKU-00072,WH-APAC,2025-11-03,2025-12-03,2025-12-07,62.0,9.53,ocean,19.82,delivered
PO-005586,SUP-003,SKU-00072,WH-APAC,2025-11-17,2025-12-11,2025-12-20,56.0,9.53,rail,27.8,delivered
PO-005587,SUP-003,SKU-00072,WH-APAC,2025-12-08,2026-01-07,2025-12-22,59.0,9.53,ocean,20.61,delivered
PO-005588,SUP-003,SKU-00072,WH-APAC,2025-12-22,2026-01-21,,64.0,9.53,ocean,23.44,open
PO-005589,SUP-010,SKU-00073,WH-EAST,2024-01-15,2024-02-06,2024-02-04,657.0,6.65,road,306.29,delivered
PO-005590,SUP-010,SKU-00073,WH-EAST,2024-01-29,2024-02-23,2024-03-11,773.0,6.65,rail,289.85,delivered
PO-005591,SUP-010,SKU-00073,WH-EAST,2024-02-19,2024-03-20,2024-03-05,784.0,6.65,ocean,239.27,delivered
PO-005592,SUP-010,SKU-00073,WH-EAST,2024-03-18,2024-04-17,2024-04-16,740.0,6.65,ocean,165.69,delivered
PO-005593,SUP-010,SKU-00073,WH-EAST,2024-04-08,2024-05-08,2024-05-01,710.0,6.65,ocean,219.54,delivered
PO-005594,SUP-010,SKU-00073,WH-EAST,2024-04-29,2024-05-29,2024-06-01,654.0,6.65,ocean,179.8,delivered
PO-005595,SUP-010,SKU-00073,WH-EAST,2024-05-20,2024-06-19,2024-06-21,730.0,6.65,ocean,158.87,delivered
PO-005596,SUP-010,SKU-00073,WH-EAST,2024-06-03,2024-06-13,2024-06-13,580.0,6.65,air,420.65,delivered
PO-005597,SUP-010,SKU-00073,WH-EAST,2024-06-24,2024-07-24,2024-07-19,790.0,6.65,ocean,188.98,delivered
PO-005598,SUP-010,SKU-00073,WH-EAST,2024-07-08,2024-07-18,2024-07-19,596.0,6.65,air,386.79,delivered
PO-005599,SUP-010,SKU-00073,WH-EAST,2024-07-22,2024-08-21,2024-08-29,616.0,6.65,ocean,137.29,delivered
PO-005600,SUP-010,SKU-00073,WH-EAST,2024-08-05,2024-09-04,2024-09-05,791.0,6.65,ocean,187.98,delivered
PO-005601,SUP-010,SKU-00073,WH-EAST,2024-09-02,2024-10-02,2024-09-30,645.0,6.65,ocean,174.76,delivered
PO-005602,SUP-010,SKU-00073,WH-EAST,2024-09-16,2024-09-26,2024-09-23,856.0,6.65,air,801.23,delivered
PO-005603,SUP-010,SKU-00073,WH-EAST,2024-09-30,2024-10-30,2024-11-04,818.0,6.65,ocean,236.96,delivered
PO-005604,SUP-010,SKU-00073,WH-EAST,2024-10-14,2024-11-13,2024-11-13,812.0,6.65,ocean,254.77,delivered
PO-005605,SUP-010,SKU-00073,WH-EAST,2024-11-11,2024-11-21,2024-11-19,656.0,6.65,air,484.25,delivered
PO-005606,SUP-010,SKU-00073,WH-EAST,2024-11-25,2024-12-25,2024-12-23,724.0,6.65,ocean,207.13,delivered
PO-005607,SUP-010,SKU-00073,WH-EAST,2024-12-09,2024-12-31,2024-12-31,752.0,6.65,road,308.56,delivered
PO-005608,SUP-010,SKU-00073,WH-EAST,2024-12-30,2025-01-29,2025-01-23,749.0,6.65,ocean,217.24,delivered
PO-005609,SUP-010,SKU-00073,WH-EAST,2025-01-13,2025-01-23,2025-01-19,688.0,6.65,air,571.37,delivered
PO-005610,SUP-010,SKU-00073,WH-EAST,2025-01-27,2025-02-06,2025-02-13,587.0,6.65,air,424.52,delivered
PO-005611,SUP-010,SKU-00073,WH-EAST,2025-02-10,2025-03-04,2025-03-03,622.0,6.65,road,203.07,delivered
PO-005612,SUP-010,SKU-00073,WH-EAST,2025-02-24,2025-03-26,2025-04-05,602.0,6.65,ocean,150.67,delivered
PO-005613,SUP-010,SKU-00073,WH-EAST,2025-03-17,2025-03-27,2025-03-26,778.0,6.65,air,711.88,delivered
PO-005614,SUP-010,SKU-00073,WH-EAST,2025-04-07,2025-04-17,2025-04-16,814.0,6.65,air,644.67,delivered
PO-005615,SUP-010,SKU-00073,WH-EAST,2025-04-28,2025-05-20,2025-05-21,819.0,6.65,road,359.18,delivered
PO-005616,SUP-010,SKU-00073,WH-EAST,2025-05-19,2025-06-13,2025-06-14,783.0,6.65,rail,271.0,delivered
PO-005617,SUP-010,SKU-00073,WH-EAST,2025-06-09,2025-07-04,2025-07-04,858.0,6.65,rail,250.26,delivered
PO-005618,SUP-010,SKU-00073,WH-EAST,2025-06-23,2025-07-15,2025-07-19,613.0,6.65,road,237.86,delivered
PO-005619,SUP-010,SKU-00073,WH-EAST,2025-07-14,2025-08-13,2025-08-12,897.0,6.65,ocean,208.7,delivered
PO-005620,SUP-010,SKU-00073,WH-EAST,2025-07-28,2025-08-27,2025-08-30,754.0,6.65,ocean,230.5,delivered
PO-005621,SUP-010,SKU-00073,WH-EAST,2025-08-25,2025-09-24,2025-09-13,894.0,6.65,ocean,236.05,delivered
PO-005622,SUP-010,SKU-00073,WH-EAST,2025-09-08,2025-09-18,2025-09-18,824.0,6.65,air,649.72,delivered
PO-005623,SUP-010,SKU-00073,WH-EAST,2025-09-22,2025-10-22,2025-10-08,742.0,6.65,ocean,186.31,delivered
PO-005624,SUP-010,SKU-00073,WH-EAST,2025-10-06,2025-10-16,2025-10-17,1049.0,6.65,air,732.82,delivered
PO-005625,SUP-010,SKU-00073,WH-EAST,2025-10-20,2025-10-30,2025-10-29,894.0,6.65,air,777.63,delivered
PO-005626,SUP-010,SKU-00073,WH-EAST,2025-11-03,2025-11-28,2025-11-28,894.0,6.65,rail,333.34,delivered
PO-005627,SUP-010,SKU-00073,WH-EAST,2025-11-17,2025-11-27,2025-11-28,875.0,6.65,air,619.04,delivered
PO-005628,SUP-010,SKU-00073,WH-EAST,2025-12-08,2025-12-18,2025-12-14,650.0,6.65,air,488.38,delivered
PO-005629,SUP-010,SKU-00073,WH-EAST,2025-12-22,2026-01-16,,749.0,6.65,rail,288.93,open
PO-005630,SUP-010,SKU-00073,WH-EU,2024-01-15,2024-02-14,2024-02-10,350.0,6.65,ocean,93.55,delivered
PO-005631,SUP-010,SKU-00073,WH-EU,2024-01-29,2024-02-28,2024-02-26,474.0,6.65,ocean,113.82,delivered
PO-005632,SUP-010,SKU-00073,WH-EU,2024-02-19,2024-03-12,2024-03-09,345.0,6.65,road,162.76,delivered
PO-005633,SUP-010,SKU-00073,WH-EU,2024-03-11,2024-04-10,2024-03-29,395.0,6.65,ocean,122.95,delivered
PO-005634,SUP-010,SKU-00073,WH-EU,2024-04-01,2024-04-26,2024-05-05,361.0,6.65,rail,133.79,delivered
PO-005635,SUP-010,SKU-00073,WH-EU,2024-04-22,2024-05-14,2024-05-08,376.0,6.65,road,140.69,delivered
PO-005636,SUP-010,SKU-00073,WH-EU,2024-05-13,2024-06-07,2024-06-13,411.0,6.65,rail,136.91,delivered
PO-005637,SUP-010,SKU-00073,WH-EU,2024-06-03,2024-06-13,2024-06-15,508.0,6.65,air,446.71,delivered
PO-005638,SUP-010,SKU-00073,WH-EU,2024-06-24,2024-07-24,2024-07-17,348.0,6.65,ocean,87.04,delivered
PO-005639,SUP-010,SKU-00073,WH-EU,2024-07-08,2024-07-18,2024-07-16,356.0,6.65,air,296.5,delivered
PO-005640,SUP-010,SKU-00073,WH-EU,2024-07-22,2024-08-01,2024-08-05,425.0,6.65,air,384.41,delivered
PO-005641,SUP-010,SKU-00073,WH-EU,2024-08-05,2024-09-04,2024-09-01,410.0,6.65,ocean,110.26,delivered
PO-005642,SUP-010,SKU-00073,WH-EU,2024-08-19,2024-09-18,2024-09-30,387.0,6.65,ocean,114.72,delivered
PO-005643,SUP-010,SKU-00073,WH-EU,2024-09-09,2024-10-09,2024-10-03,488.0,6.65,ocean,136.54,delivered
PO-005644,SUP-010,SKU-00073,WH-EU,2024-10-07,2024-11-06,2024-11-02,342.0,6.65,ocean,94.07,delivered
PO-005645,SUP-010,SKU-00073,WH-EU,2024-10-21,2024-11-15,2024-11-16,400.0,6.65,rail,153.58,delivered
PO-005646,SUP-010,SKU-00073,WH-EU,2024-11-11,2024-11-21,2024-11-19,518.0,6.65,air,454.05,delivered
PO-005647,SUP-010,SKU-00073,WH-EU,2024-11-25,2024-12-17,2024-12-22,363.0,6.65,road,152.82,delivered
PO-005648,SUP-010,SKU-00073,WH-EU,2024-12-09,2025-01-08,2025-01-12,451.0,6.65,ocean,103.7,delivered
PO-005649,SUP-010,SKU-00073,WH-EU,2024-12-30,2025-01-29,2025-02-03,418.0,6.65,ocean,110.33,delivered
PO-005650,SUP-010,SKU-00073,WH-EU,2025-01-20,2025-02-19,2025-02-20,329.0,6.65,ocean,86.22,delivered
PO-005651,SUP-010,SKU-00073,WH-EU,2025-02-10,2025-03-12,2025-03-19,431.0,6.65,ocean,118.63,delivered
PO-005652,SUP-010,SKU-00073,WH-EU,2025-02-24,2025-03-26,2025-03-27,321.0,6.65,ocean,99.12,delivered
PO-005653,SUP-010,SKU-00073,WH-EU,2025-03-24,2025-04-03,2025-04-07,380.0,6.65,air,259.22,delivered
PO-005654,SUP-010,SKU-00073,WH-EU,2025-04-14,2025-04-24,2025-04-24,406.0,6.65,air,323.08,delivered
PO-005655,SUP-010,SKU-00073,WH-EU,2025-04-28,2025-05-28,2025-05-23,309.0,6.65,ocean,75.74,delivered
PO-005656,SUP-010,SKU-00073,WH-EU,2025-05-19,2025-05-29,2025-05-29,374.0,6.65,air,271.12,delivered
PO-005657,SUP-010,SKU-00073,WH-EU,2025-06-09,2025-07-09,2025-07-12,481.0,6.65,ocean,141.02,delivered
PO-005658,SUP-010,SKU-00073,WH-EU,2025-06-23,2025-07-23,2025-07-23,365.0,6.65,ocean,92.37,delivered
PO-005659,SUP-010,SKU-00073,WH-EU,2025-07-21,2025-08-20,2025-08-20,396.0,6.65,ocean,86.89,delivered
PO-005660,SUP-010,SKU-00073,WH-EU,2025-08-04,2025-08-14,2025-08-13,532.0,6.65,air,479.13,delivered
PO-005661,SUP-010,SKU-00073,WH-EU,2025-08-25,2025-09-24,2025-09-27,428.0,6.65,ocean,96.66,delivered
PO-005662,SUP-010,SKU-00073,WH-EU,2025-09-08,2025-09-18,2025-09-16,440.0,6.65,air,338.06,delivered
PO-005663,SUP-010,SKU-00073,WH-EU,2025-09-22,2025-10-22,2025-10-24,377.0,6.65,ocean,104.41,delivered
PO-005664,SUP-010,SKU-00073,WH-EU,2025-10-06,2025-10-16,2025-10-19,577.0,6.65,air,413.14,delivered
PO-005665,SUP-010,SKU-00073,WH-EU,2025-10-27,2025-11-26,2025-12-07,355.0,6.65,ocean,102.39,delivered
PO-005666,SUP-010,SKU-00073,WH-EU,2025-11-10,2025-12-10,2025-12-08,481.0,6.65,ocean,117.75,delivered
PO-005667,SUP-010,SKU-00073,WH-EU,2025-12-15,2026-01-14,,434.0,6.65,ocean,133.17,open
PO-005668,SUP-021,SKU-00074,WH-EAST,2024-01-15,2024-01-26,2024-01-21,37.0,15.48,air,67.09,delivered
PO-005669,SUP-021,SKU-00074,WH-EAST,2024-01-29,2024-02-22,2024-03-12,33.0,15.48,road,30.38,delivered
PO-005670,SUP-021,SKU-00074,WH-EAST,2024-02-19,2024-03-14,2024-03-04,47.0,15.48,road,42.24,delivered
PO-005671,SUP-021,SKU-00074,WH-EAST,2024-03-11,2024-04-13,2024-04-19,36.0,15.48,ocean,17.9,delivered
PO-005672,SUP-021,SKU-00074,WH-EAST,2024-03-25,2024-04-27,2024-05-03,34.0,15.48,ocean,20.4,delivered
PO-005673,SUP-021,SKU-00074,WH-EAST,2024-04-15,2024-04-26,2024-04-20,-34.0,15.48,air,63.32,delivered
PO-005674,SUP-021,SKU-00074,WH-EAST,2024-05-06,2024-05-30,2024-06-09,34.0,15.48,road,29.74,delivered
PO-005675,SUP-021,SKU-00074,WH-EAST,2024-05-27,2024-06-07,2024-06-07,43.0,15.48,air,72.81,delivered
PO-005676,SUP-021,SKU-00074,WH-EAST,2024-06-17,2024-07-20,2024-07-12,41.0,15.48,ocean,24.45,delivered
PO-005677,SUP-021,SKU-00074,WH-EAST,2024-07-08,2024-08-10,2024-08-27,44.0,15.48,ocean,24.56,delivered
PO-005678,SUP-021,SKU-00074,WH-EAST,2024-07-29,2024-08-31,2024-08-31,39.0,15.48,ocean,25.48,delivered
PO-005679,SUP-021,SKU-00074,WH-EAST,2024-09-02,2024-09-13,2024-09-08,36.0,15.48,air,71.02,delivered
PO-005680,SUP-021,SKU-00074,WH-EAST,2024-09-23,2024-10-17,2024-10-18,45.0,15.48,road,35.45,delivered
PO-005681,SUP-021,SKU-00074,WH-EAST,2024-10-07,2024-11-09,2024-11-01,31.0,15.48,ocean,21.38,delivered
PO-005682,SUP-021,SKU-00074,WH-EAST,2024-10-21,2024-11-23,2024-11-28,31.0,15.48,ocean,17.03,delivered
PO-005683,SUP-021,SKU-00074,WH-EAST,2024-11-11,2024-12-14,2024-12-18,39.0,15.48,ocean,25.99,delivered
PO-005684,SUP-021,SKU-00074,WH-EAST,2024-12-02,2024-12-13,2024-12-17,44.0,15.48,air,67.93,delivered
PO-005685,SUP-021,SKU-00074,WH-EAST,2024-12-23,2025-01-25,2025-02-19,34.0,15.48,ocean,23.54,delivered
PO-005686,SUP-021,SKU-00074,WH-EAST,2025-01-13,2025-02-15,2025-02-10,45.0,15.48,ocean,22.91,delivered
PO-005687,SUP-021,SKU-00074,WH-EAST,2025-02-17,2025-03-22,2025-03-17,40.0,15.48,ocean,28.84,delivered
PO-005688,SUP-021,SKU-00074,WH-EAST,2025-03-10,2025-04-12,2025-04-16,38.0,15.48,ocean,21.85,delivered
PO-005689,SUP-021,SKU-00074,WH-EAST,2025-03-24,2025-04-26,2025-04-06,38.0,15.48,ocean,27.68,delivered
PO-005690,SUP-021,SKU-00074,WH-EAST,2025-04-14,2025-05-17,2025-05-29,41.0,15.48,ocean,23.49,delivered
PO-005691,SUP-021,SKU-00074,WH-EAST,2025-05-05,2025-06-07,2025-06-02,37.0,15.48,ocean,24.56,delivered
PO-005692,SUP-021,SKU-00074,WH-EAST,2025-06-02,2025-06-29,2025-07-14,32.0,15.48,rail,21.25,delivered
PO-005693,SUP-021,SKU-00074,WH-EAST,2025-06-23,2025-07-26,2025-08-02,38.0,15.48,ocean,26.26,delivered
PO-005694,SUP-021,SKU-00074,WH-EAST,2025-07-14,2025-08-07,2025-08-17,36.0,15.48,road,29.0,delivered
PO-005695,SUP-021,SKU-00074,WH-EAST,2025-08-04,2025-09-06,2025-09-07,33.0,15.48,ocean,24.39,delivered
PO-005696,SUP-021,SKU-00074,WH-EAST,2025-08-25,2025-09-27,2025-09-13,33.0,15.48,ocean,23.44,delivered
PO-005697,SUP-021,SKU-00074,WH-EAST,2025-09-15,2025-10-18,2025-10-09,42.0,15.48,ocean,22.32,delivered
PO-005698,SUP-021,SKU-00074,WH-EAST,2025-10-06,2025-11-08,2025-11-04,37.0,15.48,ocean,20.1,delivered
PO-005699,SUP-021,SKU-00074,WH-EAST,2025-10-27,2025-11-29,2025-11-21,38.0,15.48,ocean,25.68,delivered
PO-005700,SUP-021,SKU-00074,WH-EAST,2025-11-17,2025-12-20,,36.0,15.48,ocean,23.47,open
PO-005701,SUP-021,SKU-00074,WH-EAST,2025-12-08,2026-01-04,,42.0,15.48,rail,31.3,open
PO-005702,SUP-021,SKU-00074,WH-APAC,2024-01-15,2024-02-08,2024-02-24,41.0,15.48,road,45.16,delivered
PO-005703,SUP-021,SKU-00074,WH-APAC,2024-02-05,2024-03-09,2024-03-04,59.0,15.48,ocean,36.64,delivered
PO-005704,SUP-021,SKU-00074,WH-APAC,2024-03-04,2024-04-06,2024-04-23,50.0,15.48,ocean,28.32,delivered
PO-005705,SUP-021,SKU-00074,WH-APAC,2024-03-18,2024-04-20,2024-04-04,38.0,15.48,ocean,24.9,delivered
PO-005706,SUP-021,SKU-00074,WH-APAC,2024-04-08,2024-05-11,2024-05-05,46.0,15.48,ocean,25.1,delivered
PO-005707,SUP-021,SKU-00074,WH-APAC,2024-04-29,2024-05-10,2024-05-08,39.0,15.48,air,77.31,delivered
PO-005708,SUP-021,SKU-00074,WH-APAC,2024-05-20,2024-06-16,2024-06-13,43.0,15.48,rail,30.63,delivered
PO-005709,SUP-021,SKU-00074,WH-APAC,2024-06-10,2024-07-13,2024-07-23,41.0,15.48,ocean,24.64,delivered
PO-005710,SUP-021,SKU-00074,WH-APAC,2024-07-01,2024-07-12,2024-07-13,42.0,15.48,air,68.77,delivered
PO-005711,SUP-021,SKU-00074,WH-APAC,2024-07-22,2024-08-02,2024-07-30,43.0,15.48,air,71.38,delivered
PO-005712,SUP-021,SKU-00074,WH-APAC,2024-08-05,2024-09-07,2024-09-11,41.0,15.48,ocean,26.41,delivered
PO-005713,SUP-021,SKU-00074,WH-APAC,2024-08-26,2024-09-28,2024-10-09,43.0,15.48,ocean,29.85,delivered
PO-005714,SUP-021,SKU-00074,WH-APAC,2024-09-16,2024-10-19,2024-10-13,45.0,15.48,ocean,31.14,delivered
PO-005715,SUP-021,SKU-00074,WH-APAC,2024-10-14,2024-10-25,2024-10-23,51.0,15.48,air,100.16,delivered
PO-005716,SUP-021,SKU-00074,WH-APAC,2024-11-04,2024-12-01,2024-12-27,43.0,15.48,rail,30.7,delivered
PO-005717,SUP-021,SKU-00074,WH-APAC,2024-11-25,2024-12-28,2024-12-10,44.0,15.48,ocean,28.89,delivered
PO-005718,SUP-021,SKU-00074,WH-APAC,2024-12-16,2025-01-18,2025-01-10,64.0,15.48,ocean,46.59,delivered
PO-005719,SUP-021,SKU-00074,WH-APAC,2025-01-13,2025-02-06,2025-02-09,50.0,15.48,road,45.5,delivered
PO-005720,SUP-021,SKU-00074,WH-APAC,2025-01-27,2025-03-01,2025-02-14,44.0,15.48,ocean,,delivered
PO-005721,SUP-021,SKU-00074,WH-APAC,2025-02-17,2025-03-13,2025-03-29,52.0,15.48,ROAD,56.03,delivered
PO-005722,SUP-021,SKU-00074,WH-APAC,2025-03-10,2025-04-12,2025-04-06,48.0,15.48,ocean,24.82,delivered
PO-005723,SUP-021,SKU-00074,WH-APAC,2025-04-07,2025-05-04,2025-04-29,48.0,15.48,rail,31.84,delivered
PO-005724,SUP-021,SKU-00074,WH-APAC,2025-04-28,2025-05-31,2025-05-24,45.0,15.48,ocean,31.86,delivered
PO-005725,SUP-021,SKU-00074,WH-APAC,2025-05-19,2025-06-12,2025-06-08,47.0,15.48,road,41.11,delivered
PO-005726,SUP-021,SKU-00074,WH-APAC,2025-06-16,2025-07-19,2025-07-30,48.0,15.48,ocean,29.58,delivered
PO-005727,SUP-021,SKU-00074,WH-APAC,2025-07-07,2025-08-09,2025-08-19,37.0,15.48,ocean,19.08,delivered
PO-005728,SUP-021,SKU-00074,WH-APAC,2025-08-04,2025-08-31,2025-08-22,44.0,15.48,rail,31.66,delivered
PO-005729,SUP-021,SKU-00074,WH-APAC,2025-08-25,2025-09-27,2025-10-13,39.0,15.48,ocean,22.51,delivered
PO-005730,SUP-021,SKU-00074,WH-APAC,2025-09-15,2025-10-12,2025-09-10,38.0,15.48,rail,28.78,delivered
PO-005731,SUP-021,SKU-00074,WH-APAC,2025-10-06,2025-10-17,2025-10-17,44.0,15.48,air,92.16,delivered
PO-005732,SUP-021,SKU-00074,WH-APAC,2025-11-03,2025-11-30,2025-12-04,47.0,15.48,rail,42.35,delivered
PO-005733,SUP-021,SKU-00074,WH-APAC,2025-11-24,2025-12-27,2025-12-17,41.0,15.48,ocean,21.06,delivered
PO-005734,SUP-021,SKU-00074,WH-APAC,2025-12-15,2026-01-08,,39.0,15.48,road,34.1,open
PO-005735,SUP-021,SKU-00074,WH-WEST,2024-01-15,2024-02-08,2024-02-16,35.0,15.48,road,27.21,delivered
PO-005736,SUP-021,SKU-00074,WH-WEST,2024-01-29,2024-03-02,2024-04-03,40.0,15.48,ocean,26.64,delivered
PO-005737,SUP-021,SKU-00074,WH-WEST,2024-02-12,2024-02-23,2024-02-23,37.0,15.48,air,69.73,delivered
PO-005738,SUP-021,SKU-00074,WH-WEST,2024-03-04,2024-03-15,2024-03-09,34.0,15.48,air,73.77,delivered
PO-005739,SUP-021,SKU-00074,WH-WEST,2024-03-25,2024-04-05,2024-04-05,43.0,15.48,air,90.84,delivered
PO-005740,SUP-021,SKU-00074,WH-WEST,2024-04-15,2024-05-18,2024-05-20,46.0,15.48,ocean,29.99,delivered
PO-005741,SUP-021,SKU-00074,WH-WEST,2024-05-06,2024-06-08,2024-06-04,37.0,15.48,ocean,24.0,delivered
PO-005742,SUP-021,SKU-00074,WH-WEST,2024-05-27,2024-06-29,2024-07-09,37.0,15.48,ocean,24.76,delivered
PO-005743,SUP-021,SKU-00074,WH-WEST,2024-06-17,2024-07-11,2024-07-05,36.0,15.48,road,34.68,delivered
PO-005744,SUP-021,SKU-00074,WH-WEST,2024-07-08,2024-08-10,2024-09-07,40.0,15.48,ocean,28.06,delivered
PO-005745,SUP-021,SKU-00074,WH-WEST,2024-07-29,2024-08-31,2024-09-11,45.0,15.48,ocean,25.48,delivered
PO-005746,SUP-021,SKU-00074,WH-WEST,2024-09-09,2024-10-06,2024-10-22,33.0,15.48,rail,28.55,delivered
PO-005747,SUP-021,SKU-00074,WH-WEST,2024-09-30,2024-11-02,2024-10-20,36.0,15.48,ocean,25.77,delivered
PO-005748,SUP-021,SKU-00074,WH-WEST,2024-10-21,2024-11-23,2024-12-16,41.0,15.48,ocean,21.13,delivered
PO-005749,SUP-021,SKU-00074,WH-WEST,2024-11-11,2024-11-22,2024-11-21,38.0,15.48,air,61.77,delivered
PO-005750,SUP-021,SKU-00074,WH-WEST,2024-12-02,2025-01-04,2025-01-06,44.0,15.48,ocean,31.74,delivered
PO-005751,SUP-021,SKU-00074,WH-WEST,2024-12-23,2025-01-25,2025-01-08,37.0,15.48,ocean,21.15,delivered
PO-005752,SUP-021,SKU-00074,WH-WEST,2025-01-13,2025-02-15,2025-01-14,45.0,15.48,ocean,31.86,delivered
PO-005753,SUP-021,SKU-00074,WH-WEST,2025-01-27,2025-02-23,2025-03-03,39.0,15.48,rail,36.19,delivered
PO-005754,SUP-021,SKU-00074,WH-WEST,2025-02-17,2025-02-28,2025-03-08,38.0,15.48,air,84.69,delivered
PO-005755,SUP-021,SKU-00074,WH-WEST,2025-03-10,2025-03-21,2025-03-27,41.0,15.48,air,72.05,delivered
PO-005756,SUP-021,SKU-00074,WH-WEST,2025-03-24,2025-04-04,2025-03-31,37.0,15.48,air,63.56,delivered
PO-005757,SUP-021,SKU-00074,WH-WEST,2025-04-14,2025-05-17,2025-05-07,41.0,15.48,ocean,23.0,delivered
PO-005758,SUP-021,SKU-00074,WH-WEST,2025-05-05,2025-06-07,2025-06-28,37.0,15.48,ocean,23.3,delivered
PO-005759,SUP-021,SKU-00074,WH-WEST,2025-05-26,2025-06-22,2025-06-07,36.0,15.48,rail,31.91,delivered
PO-005760,SUP-021,SKU-00074,WH-WEST,2025-06-23,2025-07-26,2025-08-11,41.0,15.48,ocean,23.38,delivered
PO-005761,SUP-021,SKU-00074,WH-WEST,2025-07-14,2025-08-16,2025-08-12,38.0,15.48,ocean,19.83,delivered
PO-005762,SUP-021,SKU-00074,WH-WEST,2025-08-04,2025-08-15,2025-08-19,33.0,15.48,air,66.08,delivered
PO-005763,SUP-021,SKU-00074,WH-WEST,2025-09-01,2025-10-04,2025-09-23,36.0,15.48,ocean,20.95,delivered
PO-005764,SUP-021,SKU-00074,WH-WEST,2025-09-22,2025-10-19,2025-10-29,40.0,15.48,rail,32.65,delivered
PO-005765,SUP-021,SKU-00074,WH-WEST,2025-10-13,2025-11-15,2025-11-14,33.0,15.48,ocean,20.55,delivered
PO-005766,SUP-021,SKU-00074,WH-WEST,2025-11-03,2025-12-06,2025-11-16,37.0,15.48,ocean,19.87,delivered
PO-005767,SUP-021,SKU-00074,WH-WEST,2025-11-24,2025-12-27,2025-12-20,35.0,15.48,ocean,18.5,delivered
PO-005768,SUP-021,SKU-00074,WH-WEST,2025-12-15,2026-01-17,,33.0,15.48,ocean,20.36,open
PO-005769,SUP-001,SKU-00075,WH-WEST,2024-01-15,2024-01-18,2024-01-17,61.0,7.36,road,23.32,delivered
PO-005770,SUP-001,SKU-00075,WH-WEST,2024-02-05,2024-02-08,2024-02-08,72.0,7.36,rail,28.55,delivered
PO-005771,SUP-001,SKU-00075,WH-WEST,2024-02-26,2024-02-29,2024-02-27,57.0,7.36,road,21.74,delivered
PO-005772,SUP-001,SKU-00075,WH-WEST,2024-03-11,2024-03-14,2024-03-15,54.0,7.36,rail,17.7,delivered
PO-005773,SUP-001,SKU-00075,WH-WEST,2024-03-25,2024-03-28,2024-03-30,53.0,7.36,rail,19.88,delivered
PO-005774,SUP-001,SKU-00075,WH-WEST,2024-04-15,2024-04-18,2024-04-18,72.0,7.36,road,26.3,delivered
PO-005775,SUP-001,SKU-00075,WH-WEST,2024-04-29,2024-05-02,2024-04-30,68.0,7.36,road,26.39,delivered
PO-005776,SUP-001,SKU-00075,WH-WEST,2024-05-13,2024-05-14,2024-05-14,58.0,7.36,air,59.11,delivered
PO-005777,SUP-001,SKU-00075,WH-WEST,2024-05-27,2024-05-28,2024-05-29,66.0,7.36,air,52.68,delivered
PO-005778,SUP-001,SKU-00075,WH-WEST,2024-06-10,2024-06-11,2024-06-11,72.0,7.36,air,53.4,delivered
PO-005779,SUP-001,SKU-00075,WH-WEST,2024-06-24,2024-06-25,2024-06-27,65.0,7.36,air,53.56,delivered
PO-005780,SUP-001,SKU-00075,WH-WEST,2024-07-08,2024-07-11,2024-07-11,64.0,7.36,rail,21.23,delivered
PO-005781,SUP-001,SKU-00075,WH-WEST,2024-07-22,2024-07-23,2024-07-23,57.0,7.36,air,58.83,delivered
PO-005782,SUP-001,SKU-00075,WH-WEST,2024-08-05,2024-08-06,2024-08-06,64.0,7.36,air,66.87,delivered
PO-005783,SUP-001,SKU-00075,WH-WEST,2024-08-19,2024-08-20,2024-08-20,72.0,7.36,air,60.17,delivered
PO-005784,SUP-001,SKU-00075,WH-WEST,2024-09-02,2024-09-05,2024-09-06,72.0,7.36,road,33.84,delivered
PO-005785,SUP-001,SKU-00075,WH-WEST,2024-09-23,2024-09-26,2024-09-27,72.0,7.36,road,29.26,delivered
PO-005786,SUP-001,SKU-00075,WH-WEST,2024-10-14,2024-10-15,2024-10-15,72.0,7.36,air,72.45,delivered
PO-005787,SUP-001,SKU-00075,WH-WEST,2024-11-04,2024-11-07,2024-11-06,72.0,7.36,rail,21.73,delivered
PO-005788,SUP-001,SKU-00075,WH-WEST,2024-11-25,2024-11-26,2024-11-27,72.0,7.36,air,72.92,delivered
PO-005789,SUP-001,SKU-00075,WH-WEST,2024-12-16,2024-12-17,2024-12-17,69.0,7.36,air,60.63,delivered
PO-005790,SUP-001,SKU-00075,WH-WEST,2025-01-06,2025-01-09,2025-01-10,63.0,7.36,rail,25.41,delivered
PO-005791,SUP-001,SKU-00075,WH-WEST,2025-01-27,2025-01-30,2025-01-30,60.0,7.36,rail,24.57,delivered
PO-005792,SUP-001,SKU-00075,WH-WEST,2025-02-17,2025-02-20,2025-02-21,63.0,7.36,road,25.0,delivered
PO-005793,SUP-001,SKU-00075,WH-WEST,2025-03-10,2025-03-11,2025-03-11,66.0,7.36,air,57.1,delivered
PO-005794,SUP-001,SKU-00075,WH-WEST,2025-03-31,2025-04-01,2025-04-01,70.0,7.36,air,71.5,delivered
PO-005795,SUP-001,SKU-00075,WH-WEST,2025-04-14,2025-04-17,2025-04-28,56.0,7.36,rail,23.23,delivered
PO-005796,SUP-001,SKU-00075,WH-WEST,2025-05-12,2025-05-13,2025-05-14,72.0,7.36,air,62.21,delivered
PO-005797,SUP-001,SKU-00075,WH-WEST,2025-05-26,2025-05-29,2025-05-29,59.0,7.36,rail,23.15,delivered
PO-005798,SUP-001,SKU-00075,WH-WEST,2025-06-09,2025-06-12,2025-06-14,72.0,7.36,rail,30.44,delivered
PO-005799,SUP-001,SKU-00075,WH-WEST,2025-06-30,2025-07-01,2025-07-02,72.0,7.36,air,65.39,delivered
PO-005800,SUP-001,SKU-00075,WH-WEST,2025-07-21,2025-07-22,2025-07-23,72.0,7.36,AIR,58.64,delivered
PO-005801,SUP-001,SKU-00075,WH-WEST,2025-08-04,2025-08-07,2025-08-08,56.0,7.36,rail,23.69,delivered
PO-005802,SUP-001,SKU-00075,WH-WEST,2025-08-18,2025-08-21,2025-08-22,67.0,7.36,road,26.9,delivered
PO-005803,SUP-001,SKU-00075,WH-WEST,2025-09-01,2025-09-04,2025-09-02,53.0,7.36,road,26.27,delivered
PO-005804,SUP-001,SKU-00075,WH-WEST,2025-09-15,2025-09-16,2025-09-18,64.0,7.36,air,67.58,delivered
PO-005805,SUP-001,SKU-00075,WH-WEST,2025-09-29,2025-09-30,2025-09-30,65.0,7.36,air,52.83,delivered
PO-005806,SUP-001,SKU-00075,WH-WEST,2025-10-13,2025-10-16,2025-10-15,59.0,7.36,road,31.15,delivered
PO-005807,SUP-001,SKU-00075,WH-WEST,2025-11-03,2025-11-04,2025-11-04,72.0,7.36,air,,delivered
PO-005808,SUP-001,SKU-00075,WH-WEST,2025-11-17,2025-11-20,2025-11-19,62.0,7.36,road,24.67,delivered
PO-005809,SUP-001,SKU-00075,WH-WEST,2025-12-08,2025-12-09,2025-12-09,72.0,7.36,air,74.79,delivered
PO-005810,SUP-005,SKU-00076,WH-SOUTH,2024-01-22,2024-01-27,2024-01-26,1213.0,9.24,rail,629.63,delivered
PO-005811,SUP-005,SKU-00076,WH-SOUTH,2024-02-12,2024-02-17,2024-02-18,1203.0,9.24,rail,466.53,delivered
PO-005812,SUP-005,SKU-00076,WH-SOUTH,2024-03-04,2024-03-09,2024-03-12,1157.0,9.24,rail,452.68,delivered
PO-005813,SUP-005,SKU-00076,WH-SOUTH,2024-03-25,2024-03-30,2024-04-02,1143.0,9.24,road,652.37,delivered
PO-005814,SUP-005,SKU-00076,WH-SOUTH,2024-04-15,2024-04-17,2024-04-17,1249.0,9.24,air,1132.03,delivered
PO-005815,SUP-005,SKU-00076,WH-SOUTH,2024-04-29,2024-05-04,2024-05-03,1019.0,9.24,road,659.72,delivered
PO-005816,SUP-005,SKU-00076,WH-SOUTH,2024-05-13,2024-05-15,2024-05-14,1000.0,9.24,air,1058.13,delivered
PO-005817,SUP-005,SKU-00076,WH-SOUTH,2024-05-27,2024-06-01,2024-05-29,980.0,9.24,road,482.38,delivered
PO-005818,SUP-005,SKU-00076,WH-SOUTH,2024-06-10,2024-06-15,2024-06-16,942.0,9.24,road,541.09,delivered
PO-005819,SUP-005,SKU-00076,WH-SOUTH,2024-07-01,2024-07-06,2024-07-04,1220.0,9.24,rail,508.92,delivered
PO-005820,SUP-005,SKU-00076,WH-SOUTH,2024-07-22,2024-07-27,2024-07-28,1105.0,9.24,rail,443.59,delivered
PO-005821,SUP-005,SKU-00076,WH-SOUTH,2024-08-12,2024-08-17,2024-08-17,1086.0,9.24,road,588.68,delivered
PO-005822,SUP-005,SKU-00076,WH-SOUTH,2024-09-02,2024-09-07,2024-09-10,950.0,9.24,road,588.53,delivered
PO-005823,SUP-005,SKU-00076,WH-SOUTH,2024-09-30,2024-10-05,2024-10-05,1136.0,9.24,road,523.62,delivered
PO-005824,SUP-005,SKU-00076,WH-SOUTH,2024-10-28,2024-10-30,2024-11-10,1180.0,9.24,air,1299.69,delivered
PO-005825,SUP-005,SKU-00076,WH-SOUTH,2024-11-25,2024-11-30,2024-12-03,983.0,9.24,rail,462.49,delivered
PO-005826,SUP-005,SKU-00076,WH-SOUTH,2024-12-16,2024-12-21,2024-12-20,1153.0,9.24,road,632.93,delivered
PO-005827,SUP-005,SKU-00076,WH-SOUTH,2024-12-30,2025-01-04,2025-01-07,913.0,9.24,rail,421.51,delivered
PO-005828,SUP-005,SKU-00076,WH-SOUTH,2025-01-20,2025-01-22,2025-01-23,1287.0,9.24,air,1432.24,delivered
PO-005829,SUP-005,SKU-00076,WH-SOUTH,2025-02-03,2025-02-08,2025-02-08,1202.0,9.24,rail,539.95,delivered
PO-005830,SUP-005,SKU-00076,WH-SOUTH,2025-02-24,2025-02-26,2025-02-25,1335.0,9.24,air,1501.97,delivered
PO-005831,SUP-005,SKU-00076,WH-SOUTH,2025-03-10,2025-03-15,2025-03-22,1115.0,9.24,road,571.27,delivered
PO-005832,SUP-005,SKU-00076,WH-SOUTH,2025-03-31,2025-04-05,2025-04-07,1335.0,9.24,rail,588.49,delivered
PO-005833,SUP-005,SKU-00076,WH-SOUTH,2025-04-21,2025-04-23,2025-04-24,1335.0,9.24,air,1738.83,delivered
PO-005834,SUP-005,SKU-00076,WH-SOUTH,2025-05-05,2025-05-10,2025-05-09,902.0,9.24,road,594.29,delivered
PO-005835,SUP-005,SKU-00076,WH-SOUTH,2025-05-19,2025-05-24,2025-05-23,1154.0,9.24,rail,446.39,delivered
PO-005836,SUP-005,SKU-00076,WH-SOUTH,2025-06-02,2025-06-07,2025-06-04,1022.0,9.24,rail,384.98,delivered
PO-005837,SUP-005,SKU-00076,WH-SOUTH,2025-06-16,2025-06-18,2025-06-18,1075.0,9.24,air,1135.76,delivered
PO-005838,SUP-005,SKU-00076,WH-SOUTH,2025-06-30,2025-07-05,2025-07-07,1078.0,9.24,road,515.25,delivered
PO-005839,SUP-005,SKU-00076,WH-SOUTH,2025-07-14,2025-07-19,2025-07-15,986.0,9.24,road,605.91,delivered
PO-005840,SUP-005,SKU-00076,WH-SOUTH,2025-08-04,2025-08-06,2025-07-31,1331.0,9.24,air,1318.23,delivered
PO-005841,SUP-005,SKU-00076,WH-SOUTH,2025-08-25,2025-08-30,2025-08-30,1118.0,9.24,road,728.02,delivered
PO-005842,SUP-005,SKU-00076,WH-SOUTH,2025-09-15,2025-09-20,2025-09-18,1107.0,9.24,rail,439.4,delivered
PO-005843,SUP-005,SKU-00076,WH-SOUTH,2025-10-06,2025-10-11,2025-10-08,989.0,9.24,rail,425.24,delivered
PO-005844,SUP-005,SKU-00076,WH-SOUTH,2025-10-27,2025-11-01,2025-10-28,1011.0,9.24,road,506.4,delivered
PO-005845,SUP-005,SKU-00076,WH-SOUTH,2025-11-17,2025-11-22,2025-11-22,1094.0,9.24,road,661.3,delivered
PO-005846,SUP-005,SKU-00076,WH-SOUTH,2025-12-01,2025-12-06,2025-12-07,1112.0,9.24,road,608.05,delivered
PO-005847,SUP-005,SKU-00076,WH-SOUTH,2025-12-22,2025-12-24,2025-12-24,1335.0,9.24,air,1704.54,delivered
PO-005848,SUP-005,SKU-00076,WH-EU,2024-01-22,2024-01-27,2024-02-01,1319.0,9.24,rail,695.16,delivered
PO-005849,SUP-005,SKU-00076,WH-EU,2024-02-19,2024-02-21,2024-02-21,1327.0,9.24,air,1373.5,delivered
PO-005850,SUP-005,SKU-00076,WH-EU,2024-03-04,2024-03-06,2024-03-06,1027.0,9.24,air,1013.63,delivered
PO-005851,SUP-005,SKU-00076,WH-EU,2024-03-18,2024-03-20,2024-03-20,996.0,9.24,air,1249.04,delivered
PO-005852,SUP-005,SKU-00076,WH-EU,2024-04-01,2024-04-03,2024-04-04,1011.0,9.24,air,905.29,delivered
PO-005853,SUP-005,SKU-00076,WH-EU,2024-04-15,2024-04-20,2024-04-19,1068.0,9.24,road,496.29,delivered
PO-005854,SUP-005,SKU-00076,WH-EU,2024-04-29,2024-05-01,2024-05-02,1162.0,9.24,air,1139.5,delivered
PO-005855,SUP-005,SKU-00076,WH-EU,2024-05-13,2024-05-15,2024-05-14,1100.0,9.24,air,1015.24,delivered
PO-005856,SUP-005,SKU-00076,WH-EU,2024-05-27,2024-06-01,2024-06-04,1009.0,9.24,rail,506.23,delivered
PO-005857,SUP-005,SKU-00076,WH-EU,2024-06-17,2024-06-19,2024-06-19,1409.0,9.24,air,1368.94,delivered
PO-005858,SUP-005,SKU-00076,WH-EU,2024-07-08,2024-07-13,2024-07-12,1215.0,9.24,road,581.67,delivered
PO-005859,SUP-005,SKU-00076,WH-EU,2024-07-29,2024-08-03,2024-08-01,1104.0,9.24,rail,579.06,delivered
PO-005860,SUP-005,SKU-00076,WH-EU,2024-08-19,2024-08-24,2024-08-25,1280.0,9.24,road,654.86,delivered
PO-005861,SUP-005,SKU-00076,WH-EU,2024-09-16,2024-09-21,2024-09-20,1110.0,9.24,rail,602.32,delivered
PO-005862,SUP-005,SKU-00076,WH-EU,2024-10-14,2024-10-19,2024-10-18,1197.0,9.24,rail,574.06,delivered
PO-005863,SUP-005,SKU-00076,WH-EU,2024-11-04,2024-11-09,2024-11-07,1204.0,9.24,road,635.93,delivered
PO-005864,SUP-005,SKU-00076,WH-EU,2024-11-25,2024-11-30,2024-12-02,1038.0,9.24,road,491.99,delivered
PO-005865,SUP-005,SKU-00076,WH-EU,2024-12-16,2024-12-21,2024-12-24,1299.0,9.24,road,625.21,delivered
PO-005866,SUP-005,SKU-00076,WH-EU,2025-01-06,2025-01-11,2025-01-07,1283.0,9.24,road,686.92,delivered
PO-005867,SUP-005,SKU-00076,WH-EU,2025-01-20,2025-01-25,2025-01-24,1040.0,9.24,rail,496.8,delivered
PO-005868,SUP-005,SKU-00076,WH-EU,2025-02-03,2025-02-08,2025-02-07,1409.0,9.24,road,773.13,delivered
PO-005869,SUP-005,SKU-00076,WH-EU,2025-02-24,2025-02-26,2025-02-26,1409.0,9.24,air,1361.61,delivered
PO-005870,SUP-005,SKU-00076,WH-EU,2025-03-10,2025-03-15,2025-03-13,1135.0,9.24,road,680.83,delivered
PO-005871,SUP-005,SKU-00076,WH-EU,2025-03-24,2025-03-26,2025-03-27,1376.0,9.24,air,,delivered
PO-005872,SUP-005,SKU-00076,WH-EU,2025-04-07,2025-04-09,2025-04-11,1409.0,9.24,air,1662.03,delivered
PO-005873,SUP-005,SKU-00076,WH-EU,2025-04-21,2025-04-26,2025-04-17,1012.0,9.24,road,638.58,delivered
PO-005874,SUP-005,SKU-00076,WH-EU,2025-05-05,2025-05-10,2025-05-11,1083.0,9.24,rail,525.69,delivered
PO-005875,SUP-005,SKU-00076,WH-EU,2025-05-19,2025-05-24,2025-05-26,1272.0,9.24,road,684.69,delivered
PO-005876,SUP-005,SKU-00076,WH-EU,2025-06-09,2025-06-11,2025-06-11,1409.0,9.24,air,1862.28,delivered
PO-005877,SUP-005,SKU-00076,WH-EU,2025-06-23,2025-06-28,2025-07-01,1075.0,9.24,road,701.93,delivered
PO-005878,SUP-005,SKU-00076,WH-EU,2025-07-14,2025-07-16,2025-07-16,1409.0,9.24,air,,delivered
PO-005879,SUP-005,SKU-00076,WH-EU,2025-08-04,2025-08-06,2025-08-07,1387.0,9.24,air,1411.14,delivered
PO-005880,SUP-005,SKU-00076,WH-EU,2025-08-25,2025-08-30,2025-08-28,1195.0,9.24,road,,delivered
PO-005881,SUP-005,SKU-00076,WH-EU,2025-09-15,2025-09-20,2025-09-19,1250.0,9.24,rail,637.85,delivered
PO-005882,SUP-005,SKU-00076,WH-EU,2025-10-06,2025-10-11,2025-10-13,1021.0,9.24,road,635.51,delivered
PO-005883,SUP-005,SKU-00076,WH-EU,2025-10-27,2025-11-01,2025-10-31,1084.0,9.24,rail,545.82,delivered
PO-005884,SUP-005,SKU-00076,WH-EU,2025-11-17,2025-11-22,2025-11-18,1180.0,9.24,road,719.53,delivered
PO-005885,SUP-005,SKU-00076,WH-EU,2025-12-01,2025-12-03,2025-12-03,1409.0,9.24,air,1841.75,delivered
PO-005886,SUP-005,SKU-00076,WH-EU,2025-12-22,2025-12-24,,1409.0,9.24,air,1601.56,open
PO-005887,SUP-005,SKU-00076,WH-EAST,2024-01-22,2024-01-24,2024-01-23,869.0,9.24,air,1030.84,delivered
PO-005888,SUP-005,SKU-00076,WH-EAST,2024-02-12,2024-02-14,2024-02-14,987.0,9.24,air,1096.18,delivered
PO-005889,SUP-005,SKU-00076,WH-EAST,2024-03-04,2024-03-06,2024-03-07,987.0,9.24,air,1009.15,delivered
PO-005890,SUP-005,SKU-00076,WH-EAST,2024-03-25,2024-03-30,2024-03-26,960.0,9.24,road,630.73,delivered
PO-005891,SUP-005,SKU-00076,WH-EAST,2024-04-08,2024-04-13,2024-04-09,701.0,9.24,road,441.98,delivered
PO-005892,SUP-005,SKU-00076,WH-EAST,2024-04-22,2024-04-27,2024-04-27,722.0,9.24,rail,379.07,delivered
PO-005893,SUP-005,SKU-00076,WH-EAST,2024-05-06,2024-05-11,2024-05-23,740.0,9.24,rail,347.15,delivered
PO-005894,SUP-005,SKU-00076,WH-EAST,2024-06-03,2024-06-08,2024-06-10,734.0,9.24,road,413.8,delivered
PO-005895,SUP-005,SKU-00076,WH-EAST,2024-06-24,2024-06-29,2024-06-29,919.0,9.24,road,583.23,delivered
PO-005896,SUP-005,SKU-00076,WH-EAST,2024-07-15,2024-07-20,2024-07-20,704.0,9.24,road,452.73,delivered
PO-005897,SUP-005,SKU-00076,WH-EAST,2024-08-05,2024-08-10,2024-08-15,780.0,9.24,road,490.63,delivered
PO-005898,SUP-005,SKU-00076,WH-EAST,2024-09-02,2024-09-07,2024-09-09,782.0,9.24,rail,291.76,delivered
PO-005899,SUP-005,SKU-00076,WH-EAST,2024-09-30,2024-10-05,2024-10-08,782.0,9.24,rail,321.72,delivered
PO-005900,SUP-005,SKU-00076,WH-EAST,2024-10-28,2024-11-02,2024-11-07,785.0,9.24,road,402.49,delivered
PO-005901,SUP-005,SKU-00076,WH-EAST,2024-11-25,2024-11-27,2024-11-26,852.0,9.24,air,1007.0,delivered
PO-005902,SUP-005,SKU-00076,WH-EAST,2024-12-16,2024-12-21,2024-12-20,807.0,9.24,road,387.89,delivered
PO-005903,SUP-005,SKU-00076,WH-EAST,2024-12-30,2025-01-04,2025-01-12,717.0,9.24,rail,310.21,delivered
PO-005904,SUP-005,SKU-00076,WH-EAST,2025-01-20,2025-01-25,2025-01-23,765.0,9.24,road,506.17,delivered
PO-005905,SUP-005,SKU-00076,WH-EAST,2025-02-03,2025-02-08,2025-02-09,846.0,9.24,RAIL,345.73,delivered
PO-005906,SUP-005,SKU-00076,WH-EAST,2025-02-24,2025-02-26,2025-02-26,987.0,9.24,air,1137.28,delivered
PO-005907,SUP-005,SKU-00076,WH-EAST,2025-03-10,2025-03-15,2025-03-17,848.0,9.24,road,438.28,delivered
PO-005908,SUP-005,SKU-00076,WH-EAST,2025-03-24,2025-03-29,2025-03-28,698.0,9.24,road,445.03,delivered
PO-005909,SUP-005,SKU-00076,WH-EAST,2025-04-07,2025-04-09,2025-04-09,987.0,9.24,air,1291.65,delivered
PO-005910,SUP-005,SKU-00076,WH-EAST,2025-04-21,2025-04-26,2025-04-25,873.0,9.24,rail,383.56,delivered
PO-005911,SUP-005,SKU-00076,WH-EAST,2025-05-05,2025-05-10,2025-05-08,831.0,9.24,road,437.25,delivered
PO-005912,SUP-005,SKU-00076,WH-EAST,2025-05-19,2025-05-24,2025-05-28,864.0,9.24,road,441.04,delivered
PO-005913,SUP-005,SKU-00076,WH-EAST,2025-06-09,2025-06-14,2025-06-15,835.0,9.24,road,514.38,delivered
PO-005914,SUP-005,SKU-00076,WH-EAST,2025-06-30,2025-07-02,2025-07-03,945.0,9.24,air,935.32,delivered
PO-005915,SUP-005,SKU-00076,WH-EAST,2025-07-21,2025-07-26,2025-07-31,987.0,9.24,road,487.31,delivered
PO-005916,SUP-005,SKU-00076,WH-EAST,2025-08-18,2025-08-23,2025-08-20,701.0,9.24,rail,325.46,delivered
PO-005917,SUP-005,SKU-00076,WH-EAST,2025-09-01,2025-09-03,2025-09-03,721.0,9.24,air,820.79,delivered
PO-005918,SUP-005,SKU-00076,WH-EAST,2025-09-22,2025-09-27,2025-09-26,705.0,9.24,road,430.51,delivered
PO-005919,SUP-005,SKU-00076,WH-EAST,2025-10-13,2025-10-18,2025-10-28,721.0,9.24,rail,359.8,delivered
PO-005920,SUP-005,SKU-00076,WH-EAST,2025-11-10,2025-11-15,2025-11-16,784.0,9.24,road,399.08,delivered
PO-005921,SUP-005,SKU-00076,WH-EAST,2025-12-01,2025-12-03,2025-12-02,987.0,9.24,air,1266.24,delivered
PO-005922,SUP-005,SKU-00076,WH-EAST,2025-12-22,2025-12-27,,973.0,9.24,rail,445.67,open
PO-005923,SUP-006,SKU-00077,WH-WEST,2024-01-15,2024-02-12,2024-02-17,316.0,3.85,ocean,39.41,delivered
PO-005924,SUP-006,SKU-00077,WH-WEST,2024-01-29,2024-02-26,2024-02-19,364.0,3.85,ocean,50.24,delivered
PO-005925,SUP-006,SKU-00077,WH-WEST,2024-02-26,2024-03-25,2024-03-17,315.0,3.85,ocean,49.38,delivered
PO-005926,SUP-006,SKU-00077,WH-WEST,2024-03-18,2024-04-15,2024-04-14,394.0,3.85,ocean,48.73,delivered
PO-005927,SUP-006,SKU-00077,WH-WEST,2024-04-08,2024-05-06,2024-05-11,334.0,3.85,ocean,55.58,delivered
PO-005928,SUP-006,SKU-00077,WH-WEST,2024-04-29,2024-05-22,2024-05-21,391.0,3.85,rail,60.25,delivered
PO-005929,SUP-006,SKU-00077,WH-WEST,2024-05-20,2024-06-10,2024-06-10,346.0,3.85,road,73.37,delivered
PO-005930,SUP-006,SKU-00077,WH-WEST,2024-06-17,2024-07-15,2024-07-20,368.0,3.85,ocean,66.15,delivered
PO-005931,SUP-006,SKU-00077,WH-WEST,2024-07-08,2024-07-31,2024-07-26,275.0,3.85,rail,47.3,delivered
PO-005932,SUP-006,SKU-00077,WH-WEST,2024-07-29,2024-08-26,2024-08-19,389.0,3.85,ocean,57.76,delivered
PO-005933,SUP-006,SKU-00077,WH-WEST,2024-08-19,2024-09-16,2024-09-18,369.0,3.85,ocean,52.18,delivered
PO-005934,SUP-006,SKU-00077,WH-WEST,2024-09-09,2024-10-07,2024-10-06,400.0,3.85,ocean,52.24,delivered
PO-005935,SUP-006,SKU-00077,WH-WEST,2024-09-30,2024-10-09,2024-10-10,384.0,3.85,air,212.43,delivered
PO-005936,SUP-006,SKU-00077,WH-WEST,2024-10-21,2024-11-18,2024-11-18,417.0,3.85,ocean,65.99,delivered
PO-005937,SUP-006,SKU-00077,WH-WEST,2024-11-04,2024-11-13,2024-11-14,355.0,3.85,air,193.97,delivered
PO-005938,SUP-006,SKU-00077,WH-WEST,2024-11-25,2024-12-04,2024-12-04,396.0,3.85,air,219.52,delivered
PO-005939,SUP-006,SKU-00077,WH-WEST,2024-12-09,2024-12-30,2025-01-04,380.0,3.85,road,87.84,delivered
PO-005940,SUP-006,SKU-00077,WH-WEST,2024-12-23,2025-01-20,2025-01-24,278.0,3.85,ocean,49.3,delivered
PO-005941,SUP-006,SKU-00077,WH-WEST,2025-01-06,2025-02-03,2025-01-30,298.0,3.85,ocean,43.13,delivered
PO-005942,SUP-006,SKU-00077,WH-WEST,2025-01-20,2025-01-29,2025-01-29,276.0,3.85,air,138.69,delivered
PO-005943,SUP-006,SKU-00077,WH-WEST,2025-02-10,2025-03-10,2025-03-06,386.0,3.85,ocean,54.18,delivered
PO-005944,SUP-006,SKU-00077,WH-WEST,2025-02-24,2025-03-24,2025-03-30,276.0,3.85,ocean,48.16,delivered
PO-005945,SUP-006,SKU-00077,WH-WEST,2025-03-17,2025-04-14,2025-04-18,436.0,3.85,ocean,68.09,delivered
PO-005946,SUP-006,SKU-00077,WH-WEST,2025-04-07,2025-04-16,2025-04-17,277.0,3.85,air,128.45,delivered
PO-005947,SUP-006,SKU-00077,WH-WEST,2025-04-28,2025-05-19,2025-05-21,281.0,3.85,road,55.11,delivered
PO-005948,SUP-006,SKU-00077,WH-WEST,2025-05-19,2025-06-16,2025-06-19,273.0,3.85,ocean,41.33,delivered
PO-005949,SUP-006,SKU-00077,WH-WEST,2025-06-09,2025-07-07,2025-07-09,297.0,3.85,ocean,38.46,delivered
PO-005950,SUP-006,SKU-00077,WH-WEST,2025-06-30,2025-07-21,2025-07-24,325.0,3.85,road,79.94,delivered
PO-005951,SUP-006,SKU-00077,WH-WEST,2025-07-21,2025-08-18,2025-08-16,346.0,3.85,ocean,50.58,delivered
PO-005952,SUP-006,SKU-00077,WH-WEST,2025-08-11,2025-09-08,2025-09-04,377.0,3.85,ocean,62.21,delivered
PO-005953,SUP-006,SKU-00077,WH-WEST,2025-09-01,2025-09-10,2025-09-12,400.0,3.85,air,154.8,delivered
PO-005954,SUP-006,SKU-00077,WH-WEST,2025-09-15,2025-09-24,2025-09-22,331.0,3.85,air,141.78,delivered
PO-005955,SUP-006,SKU-00077,WH-WEST,2025-09-29,2025-10-08,2025-10-09,327.0,3.85,air,155.83,delivered
PO-005956,SUP-006,SKU-00077,WH-WEST,2025-10-13,2025-11-05,2025-11-02,315.0,3.85,rail,48.95,delivered
PO-005957,SUP-006,SKU-00077,WH-WEST,2025-10-27,2025-11-05,2025-11-06,326.0,3.85,air,136.58,delivered
PO-005958,SUP-006,SKU-00077,WH-WEST,2025-11-10,2025-12-08,2025-12-12,317.0,3.85,ocean,56.24,delivered
PO-005959,SUP-006,SKU-00077,WH-WEST,2025-11-24,2025-12-22,2025-12-27,308.0,3.85,ocean,53.96,delivered
PO-005960,SUP-006,SKU-00077,WH-WEST,2025-12-15,2025-12-24,2025-12-22,326.0,3.85,air,140.08,delivered
PO-005961,SUP-006,SKU-00077,WH-EU,2024-01-15,2024-01-24,2024-01-22,577.0,3.85,air,265.96,delivered
PO-005962,SUP-006,SKU-00077,WH-EU,2024-01-29,2024-02-26,2024-03-05,474.0,3.85,ocean,65.55,delivered
PO-005963,SUP-006,SKU-00077,WH-EU,2024-02-19,2024-03-13,2024-03-15,522.0,3.85,rail,96.12,delivered
PO-005964,SUP-006,SKU-00077,WH-EU,2024-03-11,2024-03-20,2024-03-21,451.0,3.85,air,201.67,delivered
PO-005965,SUP-006,SKU-00077,WH-EU,2024-03-25,2024-04-03,2024-04-04,409.0,3.85,air,215.24,delivered
PO-005966,SUP-006,SKU-00077,WH-EU,2024-04-15,2024-04-24,2024-04-29,545.0,3.85,air,220.28,delivered
PO-005967,SUP-006,SKU-00077,WH-EU,2024-05-06,2024-05-29,2024-05-28,470.0,3.85,rail,101.25,delivered
PO-005968,SUP-006,SKU-00077,WH-EU,2024-05-27,2024-06-24,2024-06-20,488.0,3.85,ocean,80.37,delivered
PO-005969,SUP-006,SKU-00077,WH-EU,2024-06-24,2024-07-22,2024-07-18,490.0,3.85,ocean,72.87,delivered
PO-005970,SUP-006,SKU-00077,WH-EU,2024-07-15,2024-08-05,2024-07-31,417.0,3.85,road,95.14,delivered
PO-005971,SUP-006,SKU-00077,WH-EU,2024-08-05,2024-09-02,2024-09-03,484.0,3.85,ocean,66.62,delivered
PO-005972,SUP-006,SKU-00077,WH-EU,2024-08-26,2024-09-18,2024-09-20,555.0,3.85,rail,103.0,delivered
PO-005973,SUP-006,SKU-00077,WH-EU,2024-09-09,2024-10-07,2024-10-11,442.0,3.85,ocean,72.42,delivered
PO-005974,SUP-006,SKU-00077,WH-EU,2024-09-30,2024-10-28,2024-10-22,570.0,3.85,ocean,75.54,delivered
PO-005975,SUP-006,SKU-00077,WH-EU,2024-10-21,2024-10-30,2024-10-29,631.0,3.85,air,267.84,delivered
PO-005976,SUP-006,SKU-00077,WH-EU,2024-11-04,2024-11-25,2024-11-25,482.0,3.85,road,103.6,delivered
PO-005977,SUP-006,SKU-00077,WH-EU,2024-11-18,2024-12-16,2024-12-17,496.0,3.85,ocean,72.71,delivered
PO-005978,SUP-006,SKU-00077,WH-EU,2024-12-02,2024-12-11,2024-12-14,671.0,3.85,air,259.12,delivered
PO-005979,SUP-006,SKU-00077,WH-EU,2024-12-23,2025-01-01,2025-01-02,560.0,3.85,air,225.62,delivered
PO-005980,SUP-006,SKU-00077,WH-EU,2025-01-06,2025-02-03,2025-02-08,517.0,3.85,ocean,67.28,delivered
PO-005981,SUP-006,SKU-00077,WH-EU,2025-01-20,2025-02-17,2025-02-19,556.0,3.85,ocean,87.82,delivered
PO-005982,SUP-006,SKU-00077,WH-EU,2025-02-17,2025-03-17,2025-03-14,549.0,3.85,ocean,76.06,delivered
PO-005983,SUP-006,SKU-00077,WH-EU,2025-03-03,2025-03-26,2025-03-25,424.0,3.85,rail,69.63,delivered
PO-005984,SUP-006,SKU-00077,WH-EU,2025-03-24,2025-04-14,2025-04-16,439.0,3.85,road,86.73,delivered
PO-005985,SUP-006,SKU-00077,WH-EU,2025-04-14,2025-05-07,2025-04-30,471.0,3.85,rail,85.39,delivered
PO-005986,SUP-006,SKU-00077,WH-EU,2025-05-05,2025-06-02,2025-05-28,421.0,3.85,ocean,77.28,delivered
PO-005987,SUP-006,SKU-00077,WH-EU,2025-05-26,2025-06-18,2025-06-18,418.0,3.85,rail,84.32,delivered
PO-005988,SUP-006,SKU-00077,WH-EU,2025-06-23,2025-07-21,2025-07-15,428.0,3.85,ocean,53.04,delivered
PO-005989,SUP-006,SKU-00077,WH-EU,2025-07-14,2025-08-11,2025-08-10,473.0,3.85,ocean,71.98,delivered
PO-005990,SUP-006,SKU-00077,WH-EU,2025-07-28,2025-08-25,2025-08-17,416.0,3.85,ocean,66.33,delivered
PO-005991,SUP-006,SKU-00077,WH-EU,2025-08-18,2025-09-10,2025-09-15,509.0,3.85,rail,111.12,delivered
PO-005992,SUP-006,SKU-00077,WH-EU,2025-09-08,2025-10-06,2025-10-09,567.0,3.85,ocean,96.31,delivered
PO-005993,SUP-006,SKU-00077,WH-EU,2025-09-22,2025-10-01,2025-10-03,413.0,3.85,air,175.53,delivered
PO-005994,SUP-006,SKU-00077,WH-EU,2025-10-13,2025-11-10,2025-11-10,571.0,3.85,ocean,101.01,delivered
PO-005995,SUP-006,SKU-00077,WH-EU,2025-10-27,2025-11-05,2025-11-05,641.0,3.85,air,306.45,delivered
PO-005996,SUP-006,SKU-00077,WH-EU,2025-11-17,2025-12-15,2025-12-09,426.0,3.85,ocean,59.29,delivered
PO-005997,SUP-006,SKU-00077,WH-EU,2025-12-01,2025-12-29,,530.0,3.85,ocean,96.75,open
PO-005998,SUP-006,SKU-00077,WH-EU,2025-12-15,2025-12-24,2025-12-27,505.0,3.85,air,269.8,delivered
PO-005999,SUP-006,SKU-00077,WH-APAC,2024-01-15,2024-02-12,2024-01-12,441.0,3.85,ocean,63.71,delivered
PO-006000,SUP-006,SKU-00077,WH-APAC,2024-01-29,2024-02-07,2024-02-10,439.0,3.85,air,199.88,delivered
PO-006001,SUP-006,SKU-00077,WH-APAC,2024-02-12,2024-02-21,2024-02-20,369.0,3.85,air,199.89,delivered
PO-006002,SUP-006,SKU-00077,WH-APAC,2024-03-04,2024-04-01,2024-04-04,388.0,3.85,ocean,70.57,delivered
PO-006003,SUP-006,SKU-00077,WH-APAC,2024-03-25,2024-04-17,2024-04-17,518.0,3.85,rail,103.65,delivered
PO-006004,SUP-006,SKU-00077,WH-APAC,2024-04-15,2024-05-08,2024-05-02,367.0,3.85,rail,57.04,delivered
PO-006005,SUP-006,SKU-00077,WH-APAC,2024-05-06,2024-06-03,2024-05-28,448.0,3.85,ocean,68.25,delivered
PO-006006,SUP-006,SKU-00077,WH-APAC,2024-05-27,2024-06-19,2024-06-13,426.0,3.85,RAIL,75.11,delivered
PO-006007,SUP-006,SKU-00077,WH-APAC,2024-06-24,2024-07-22,2024-07-21,405.0,3.85,ocean,64.55,delivered
PO-006008,SUP-006,SKU-00077,WH-APAC,2024-07-22,2024-08-19,2024-08-16,507.0,3.85,OCEAN,82.14,delivered
PO-006009,SUP-006,SKU-00077,WH-APAC,2024-08-19,2024-09-11,2024-09-11,517.0,3.85,RAIL,86.77,delivered
PO-006010,SUP-006,SKU-00077,WH-APAC,2024-09-09,2024-10-07,2024-10-12,428.0,3.85,ocean,75.93,delivered
PO-006011,SUP-006,SKU-00077,WH-APAC,2024-09-23,2024-10-14,2024-10-14,401.0,3.85,road,102.76,delivered
PO-006012,SUP-006,SKU-00077,WH-APAC,2024-10-14,2024-10-23,2024-10-23,373.0,3.85,air,185.83,delivered
PO-006013,SUP-006,SKU-00077,WH-APAC,2024-10-28,2024-11-20,2024-11-18,470.0,3.85,rail,86.3,delivered
PO-006014,SUP-006,SKU-00077,WH-APAC,2024-11-11,2024-12-09,2024-12-03,380.0,3.85,ocean,58.04,delivered
PO-006015,SUP-006,SKU-00077,WH-APAC,2024-12-02,2024-12-30,2024-12-27,684.0,3.85,ocean,118.41,delivered
PO-006016,SUP-006,SKU-00077,WH-APAC,2024-12-23,2025-01-20,2025-01-19,422.0,3.85,ocean,72.11,delivered
PO-006017,SUP-006,SKU-00077,WH-APAC,2025-01-13,2025-02-10,2025-02-23,491.0,3.85,ocean,76.96,delivered
PO-006018,SUP-006,SKU-00077,WH-APAC,2025-01-27,2025-02-17,2025-02-15,392.0,3.85,road,98.13,delivered
PO-006019,SUP-006,SKU-00077,WH-APAC,2025-02-24,2025-03-24,2025-03-29,477.0,3.85,ocean,60.9,delivered
PO-006020,SUP-006,SKU-00077,WH-APAC,2025-03-17,2025-04-14,2025-04-17,426.0,3.85,ocean,70.76,delivered
PO-006021,SUP-006,SKU-00077,WH-APAC,2025-04-07,2025-04-30,2025-05-03,421.0,3.85,rail,68.17,delivered
PO-006022,SUP-006,SKU-00077,WH-APAC,2025-04-28,2025-05-26,2025-05-26,422.0,3.85,ocean,67.69,delivered
PO-006023,SUP-006,SKU-00077,WH-APAC,2025-05-26,2025-06-18,2025-06-15,373.0,3.85,rail,66.55,delivered
PO-006024,SUP-006,SKU-00077,WH-APAC,2025-06-23,2025-07-21,2025-07-22,486.0,3.85,OCEAN,87.12,delivered
PO-006025,SUP-006,SKU-00077,WH-APAC,2025-07-21,2025-08-18,2025-08-30,478.0,3.85,ocean,87.91,delivered
PO-006026,SUP-006,SKU-00077,WH-APAC,2025-08-11,2025-09-08,2025-09-01,397.0,3.85,ocean,68.71,delivered
PO-006027,SUP-006,SKU-00077,WH-APAC,2025-09-08,2025-09-17,2025-09-17,424.0,3.85,air,183.41,delivered
PO-006028,SUP-006,SKU-00077,WH-APAC,2025-09-22,2025-10-20,2025-10-14,399.0,3.85,ocean,73.13,delivered
PO-006029,SUP-006,SKU-00077,WH-APAC,2025-10-06,2025-10-27,2025-11-04,405.0,3.85,road,111.47,delivered
PO-006030,SUP-006,SKU-00077,WH-APAC,2025-10-27,2025-11-05,2025-11-08,603.0,3.85,air,266.95,delivered
PO-006031,SUP-006,SKU-00077,WH-APAC,2025-11-17,2025-11-26,2025-11-24,505.0,3.85,air,265.57,delivered
PO-006032,SUP-006,SKU-00077,WH-APAC,2025-12-01,2025-12-29,,457.0,3.85,ocean,76.9,open
PO-006033,SUP-006,SKU-00077,WH-APAC,2025-12-22,2025-12-31,,573.0,3.85,air,306.47,open
PO-006034,SUP-015,SKU-00078,WH-EAST,2024-01-15,2024-02-01,2024-01-31,488.0,16.33,ocean,342.29,delivered
PO-006035,SUP-015,SKU-00078,WH-EAST,2024-01-29,2024-02-12,2024-02-12,484.0,16.33,rail,394.35,delivered
PO-006036,SUP-015,SKU-00078,WH-EAST,2024-02-19,2024-03-02,2024-03-03,668.0,16.33,road,643.92,delivered
PO-006037,SUP-015,SKU-00078,WH-EAST,2024-03-11,2024-03-28,2024-04-04,659.0,16.33,ocean,445.23,delivered
PO-006038,SUP-015,SKU-00078,WH-EAST,2024-04-08,2024-04-25,2024-04-23,546.0,16.33,OCEAN,421.15,delivered
PO-006039,SUP-015,SKU-00078,WH-EAST,2024-04-29,2024-05-11,2024-05-10,636.0,16.33,road,634.67,delivered
PO-006040,SUP-015,SKU-00078,WH-EAST,2024-05-20,2024-06-06,2024-06-04,639.0,16.33,ocean,436.69,delivered
PO-006041,SUP-015,SKU-00078,WH-EAST,2024-06-10,2024-06-27,2024-06-26,599.0,16.33,ocean,427.33,delivered
PO-006042,SUP-015,SKU-00078,WH-EAST,2024-07-01,2024-07-18,2024-07-15,614.0,16.33,ocean,441.76,delivered
PO-006043,SUP-015,SKU-00078,WH-EAST,2024-07-22,2024-08-05,2024-08-06,628.0,16.33,rail,564.42,delivered
PO-006044,SUP-015,SKU-00078,WH-EAST,2024-08-12,2024-08-29,2024-08-28,-624.0,16.33,ocean,431.5,delivered
PO-006045,SUP-015,SKU-00078,WH-EAST,2024-09-02,2024-09-08,2024-09-07,608.0,16.33,AIR,1324.33,delivered
PO-006046,SUP-015,SKU-00078,WH-EAST,2024-09-23,2024-09-29,2024-09-30,654.0,16.33,air,1197.13,delivered
PO-006047,SUP-015,SKU-00078,WH-EAST,2024-10-14,2024-10-31,2024-11-02,673.0,16.33,ocean,405.75,delivered
PO-006048,SUP-015,SKU-00078,WH-EAST,2024-11-11,2024-11-25,2024-11-23,664.0,16.33,rail,474.86,delivered
PO-006049,SUP-015,SKU-00078,WH-EAST,2024-12-02,2024-12-14,2024-12-14,664.0,16.33,road,624.29,delivered
PO-006050,SUP-015,SKU-00078,WH-EAST,2024-12-16,2024-12-22,2024-12-22,482.0,16.33,air,825.97,delivered
PO-006051,SUP-015,SKU-00078,WH-EAST,2025-01-06,2025-01-23,2025-01-19,726.0,16.33,ocean,422.88,delivered
PO-006052,SUP-015,SKU-00078,WH-EAST,2025-01-27,2025-02-08,2025-02-13,645.0,16.33,road,534.23,delivered
PO-006053,SUP-015,SKU-00078,WH-EAST,2025-02-17,2025-02-23,2025-02-21,607.0,16.33,air,1385.77,delivered
PO-006054,SUP-015,SKU-00078,WH-EAST,2025-03-03,2025-03-09,2025-03-09,590.0,16.33,air,1107.42,delivered
PO-006055,SUP-015,SKU-00078,WH-EAST,2025-03-24,2025-04-10,2025-04-11,707.0,16.33,ocean,476.74,delivered
PO-006056,SUP-015,SKU-00078,WH-EAST,2025-04-21,2025-05-08,2025-05-06,689.0,16.33,ocean,529.36,delivered
PO-006057,SUP-015,SKU-00078,WH-EAST,2025-05-12,2025-05-29,2025-05-28,659.0,16.33,ocean,494.6,delivered
PO-006058,SUP-015,SKU-00078,WH-EAST,2025-06-02,2025-06-16,2025-06-14,549.0,16.33,rail,383.63,delivered
PO-006059,SUP-015,SKU-00078,WH-EAST,2025-06-23,2025-06-29,2025-06-30,633.0,16.33,air,1129.32,delivered
PO-006060,SUP-015,SKU-00078,WH-EAST,2025-07-14,2025-07-28,2025-07-28,652.0,16.33,rail,531.76,delivered
PO-006061,SUP-015,SKU-00078,WH-EAST,2025-08-04,2025-08-10,2025-08-10,743.0,16.33,air,1366.1,delivered
PO-006062,SUP-015,SKU-00078,WH-EAST,2025-08-25,2025-09-11,2025-09-10,692.0,16.33,ocean,449.22,delivered
PO-006063,SUP-015,SKU-00078,WH-EAST,2025-09-15,2025-10-02,2025-10-01,558.0,16.33,ocean,403.84,delivered
PO-006064,SUP-015,SKU-00078,WH-EAST,2025-09-29,2025-10-05,2025-10-06,488.0,16.33,air,1021.88,delivered
PO-006065,SUP-015,SKU-00078,WH-EAST,2025-10-20,2025-11-03,2025-11-02,645.0,16.33,rail,424.71,delivered
PO-006066,SUP-015,SKU-00078,WH-EAST,2025-11-10,2025-11-27,2025-11-25,703.0,16.33,ocean,501.23,delivered
PO-006067,SUP-015,SKU-00078,WH-EAST,2025-12-01,2025-12-15,2025-12-14,595.0,16.33,rail,438.03,delivered
PO-006068,SUP-015,SKU-00078,WH-EAST,2025-12-22,2026-01-03,,715.0,16.33,road,775.32,open
PO-006069,SUP-016,SKU-00079,WH-EAST,2024-01-15,2024-02-05,2024-01-31,196.0,39.1,ocean,327.41,delivered
PO-006070,SUP-016,SKU-00079,WH-EAST,2024-01-29,2024-02-19,2024-03-02,188.0,39.1,ocean,275.67,delivered
PO-006071,SUP-016,SKU-00079,WH-EAST,2024-02-19,2024-02-26,2024-02-22,263.0,39.1,air,1079.72,delivered
PO-006072,SUP-016,SKU-00079,WH-EAST,2024-03-11,2024-03-27,2024-03-26,235.0,39.1,ROAD,569.25,delivered
PO-006073,SUP-016,SKU-00079,WH-EAST,2024-04-01,2024-04-22,2024-04-24,246.0,39.1,ocean,379.46,delivered
PO-006074,SUP-016,SKU-00079,WH-EAST,2024-04-22,2024-04-29,2024-04-30,212.0,39.1,air,1156.43,delivered
PO-006075,SUP-016,SKU-00079,WH-EAST,2024-05-13,2024-06-03,2024-06-01,220.0,39.1,ocean,327.05,delivered
PO-006076,SUP-016,SKU-00079,WH-EAST,2024-05-27,2024-06-17,2024-06-20,183.0,39.1,ocean,242.69,delivered
PO-006077,SUP-016,SKU-00079,WH-EAST,2024-06-10,2024-06-27,2024-06-27,194.0,39.1,rail,448.9,delivered
PO-006078,SUP-016,SKU-00079,WH-EAST,2024-07-01,2024-07-18,2024-08-06,204.0,39.1,rail,333.11,delivered
PO-006079,SUP-016,SKU-00079,WH-EAST,2024-07-22,2024-08-08,2024-08-09,254.0,39.1,rail,566.49,delivered
PO-006080,SUP-016,SKU-00079,WH-EAST,2024-08-19,2024-09-09,2024-09-01,201.0,39.1,ocean,272.63,delivered
PO-006081,SUP-016,SKU-00079,WH-EAST,2024-09-02,2024-09-23,2024-10-01,194.0,39.1,ocean,312.75,delivered
PO-006082,SUP-016,SKU-00079,WH-EAST,2024-09-16,2024-09-23,2024-09-19,185.0,39.1,air,958.44,delivered
PO-006083,SUP-016,SKU-00079,WH-EAST,2024-10-07,2024-10-23,2024-10-16,291.0,39.1,road,682.76,delivered
PO-006084,SUP-016,SKU-00079,WH-EAST,2024-10-21,2024-10-28,2024-10-25,236.0,39.1,air,904.31,delivered
PO-006085,SUP-016,SKU-00079,WH-EAST,2024-11-04,2024-11-11,2024-11-17,213.0,39.1,air,1124.89,delivered
PO-006086,SUP-016,SKU-00079,WH-EAST,2024-11-18,2024-11-25,2024-11-25,180.0,39.1,air,844.52,delivered
PO-006087,SUP-016,SKU-00079,WH-EAST,2024-12-09,2024-12-30,2024-12-19,226.0,39.1,ocean,293.46,delivered
PO-006088,SUP-016,SKU-00079,WH-EAST,2024-12-23,2025-01-08,2025-01-01,197.0,39.1,road,373.3,delivered
PO-006089,SUP-016,SKU-00079,WH-EAST,2025-01-13,2025-02-03,2025-02-11,266.0,39.1,ocean,375.85,delivered
PO-006090,SUP-016,SKU-00079,WH-EAST,2025-01-27,2025-02-03,2025-01-31,189.0,39.1,air,947.62,delivered
PO-006091,SUP-016,SKU-00079,WH-EAST,2025-02-17,2025-03-10,2025-02-27,187.0,39.1,ocean,291.72,delivered
PO-006092,SUP-016,SKU-00079,WH-EAST,2025-03-03,2025-03-24,2025-03-17,211.0,39.1,ocean,272.35,delivered
PO-006093,SUP-016,SKU-00079,WH-EAST,2025-03-17,2025-04-07,2025-04-02,177.0,39.1,ocean,283.46,delivered
PO-006094,SUP-016,SKU-00079,WH-EAST,2025-04-07,2025-04-28,2025-05-17,262.0,39.1,ocean,450.37,delivered
PO-006095,SUP-016,SKU-00079,WH-EAST,2025-04-28,2025-05-19,2025-05-14,196.0,39.1,ocean,334.29,delivered
PO-006096,SUP-016,SKU-00079,WH-EAST,2025-06-02,2025-06-23,2025-06-15,224.0,39.1,ocean,373.95,delivered
PO-006097,SUP-016,SKU-00079,WH-EAST,2025-06-23,2025-07-14,2025-07-12,288.0,39.1,ocean,512.09,delivered
PO-006098,SUP-016,SKU-00079,WH-EAST,2025-07-14,2025-08-04,2025-08-14,209.0,39.1,ocean,366.38,delivered
PO-006099,SUP-016,SKU-00079,WH-EAST,2025-08-04,2025-08-11,2025-08-16,249.0,39.1,air,1204.85,delivered
PO-006100,SUP-016,SKU-00079,WH-EAST,2025-09-01,2025-09-18,2025-09-11,220.0,39.1,rail,473.65,delivered
PO-006101,SUP-016,SKU-00079,WH-EAST,2025-09-22,2025-10-13,2025-10-20,252.0,39.1,ocean,387.49,delivered
PO-006102,SUP-016,SKU-00079,WH-EAST,2025-10-13,2025-11-03,2025-11-06,206.0,39.1,ocean,373.75,delivered
PO-006103,SUP-016,SKU-00079,WH-EAST,2025-11-03,2025-11-24,2025-11-13,184.0,39.1,ocean,275.33,delivered
PO-006104,SUP-016,SKU-00079,WH-EAST,2025-11-17,2025-11-24,2025-11-24,176.0,39.1,air,982.11,delivered
PO-006105,SUP-016,SKU-00079,WH-EAST,2025-12-08,2025-12-15,2025-12-17,261.0,39.1,air,1120.29,delivered
PO-006106,SUP-016,SKU-00079,WH-SOUTH,2024-01-15,2024-01-22,2024-01-19,251.0,39.1,air,1371.33,delivered
PO-006107,SUP-016,SKU-00079,WH-SOUTH,2024-02-05,2024-02-22,2024-02-23,263.0,39.1,rail,597.32,delivered
PO-006108,SUP-016,SKU-00079,WH-SOUTH,2024-02-26,2024-03-18,2024-03-04,283.0,39.1,ocean,409.85,delivered
PO-006109,SUP-016,SKU-00079,WH-SOUTH,2024-03-11,2024-04-01,2024-03-22,199.0,39.1,ocean,333.68,delivered
PO-006110,SUP-016,SKU-00079,WH-SOUTH,2024-04-01,2024-04-08,2024-04-02,259.0,39.1,air,1158.54,delivered
PO-006111,SUP-016,SKU-00079,WH-SOUTH,2024-04-22,2024-05-09,2024-05-26,270.0,39.1,rail,440.88,delivered
PO-006112,SUP-016,SKU-00079,WH-SOUTH,2024-05-06,2024-05-13,2024-05-11,201.0,39.1,air,1088.49,delivered
PO-006113,SUP-016,SKU-00079,WH-SOUTH,2024-05-27,2024-06-17,2024-06-22,212.0,39.1,ocean,394.84,delivered
PO-006114,SUP-016,SKU-00079,WH-SOUTH,2024-06-17,2024-06-24,2024-06-21,277.0,39.1,air,1245.28,delivered
PO-006115,SUP-016,SKU-00079,WH-SOUTH,2024-07-08,2024-07-15,2024-07-14,227.0,39.1,air,926.15,delivered
PO-006116,SUP-016,SKU-00079,WH-SOUTH,2024-07-22,2024-08-12,2024-07-25,193.0,39.1,ocean,284.61,delivered
PO-006117,SUP-016,SKU-00079,WH-SOUTH,2024-08-12,2024-08-29,2024-08-26,306.0,39.1,rail,593.86,delivered
PO-006118,SUP-016,SKU-00079,WH-SOUTH,2024-08-26,2024-09-16,2024-08-29,196.0,39.1,ocean,324.24,delivered
PO-006119,SUP-016,SKU-00079,WH-SOUTH,2024-09-16,2024-10-02,2024-10-11,264.0,39.1,road,577.68,delivered
PO-006120,SUP-016,SKU-00079,WH-SOUTH,2024-09-30,2024-10-07,2024-10-08,203.0,39.1,air,857.79,delivered
PO-006121,SUP-016,SKU-00079,WH-SOUTH,2024-10-21,2024-11-07,2024-11-06,229.0,39.1,rail,493.97,delivered
PO-006122,SUP-016,SKU-00079,WH-SOUTH,2024-11-04,2024-11-11,2024-11-13,219.0,39.1,air,1063.43,delivered
PO-006123,SUP-016,SKU-00079,WH-SOUTH,2024-11-18,2024-12-09,2024-12-15,231.0,39.1,ocean,347.71,delivered
PO-006124,SUP-016,SKU-00079,WH-SOUTH,2024-12-02,2024-12-18,2024-12-26,208.0,39.1,road,429.14,delivered
PO-006125,SUP-016,SKU-00079,WH-SOUTH,2024-12-30,2025-01-20,2025-02-04,228.0,39.1,ocean,408.0,delivered
PO-006126,SUP-016,SKU-00079,WH-SOUTH,2025-01-20,2025-02-10,2025-02-01,243.0,39.1,ocean,410.7,delivered
PO-006127,SUP-016,SKU-00079,WH-SOUTH,2025-02-17,2025-03-10,2025-03-05,247.0,39.1,OCEAN,431.41,delivered
PO-006128,SUP-016,SKU-00079,WH-SOUTH,2025-03-03,2025-03-10,2025-03-05,242.0,39.1,air,1104.74,delivered
PO-006129,SUP-016,SKU-00079,WH-SOUTH,2025-03-24,2025-04-14,2025-05-02,237.0,39.1,ocean,395.32,delivered
PO-006130,SUP-016,SKU-00079,WH-SOUTH,2025-04-14,2025-04-21,2025-04-20,211.0,39.1,air,858.55,delivered
PO-006131,SUP-016,SKU-00079,WH-SOUTH,2025-05-05,2025-05-26,2025-05-29,236.0,39.1,ocean,380.01,delivered
PO-006132,SUP-016,SKU-00079,WH-SOUTH,2025-05-26,2025-06-02,2025-05-31,247.0,39.1,air,1297.33,delivered
PO-006133,SUP-016,SKU-00079,WH-SOUTH,2025-06-16,2025-07-07,2025-07-01,210.0,39.1,ocean,312.42,delivered
PO-006134,SUP-016,SKU-00079,WH-SOUTH,2025-06-30,2025-07-07,2025-07-07,243.0,39.1,air,1363.34,delivered
PO-006135,SUP-016,SKU-00079,WH-SOUTH,2025-07-21,2025-07-28,2025-07-28,214.0,39.1,air,982.72,delivered
PO-006136,SUP-016,SKU-00079,WH-SOUTH,2025-08-11,2025-09-01,2025-09-01,271.0,39.1,ocean,491.38,delivered
PO-006137,SUP-016,SKU-00079,WH-SOUTH,2025-09-01,2025-09-17,2025-09-14,226.0,39.1,road,514.03,delivered
PO-006138,SUP-016,SKU-00079,WH-SOUTH,2025-09-22,2025-10-09,2025-10-13,275.0,39.1,rail,440.29,delivered
PO-006139,SUP-016,SKU-00079,WH-SOUTH,2025-10-13,2025-10-30,2025-10-26,224.0,39.1,rail,443.6,delivered
PO-006140,SUP-016,SKU-00079,WH-SOUTH,2025-11-03,2025-11-24,2025-11-15,233.0,39.1,ocean,353.61,delivered
PO-006141,SUP-016,SKU-00079,WH-SOUTH,2025-11-17,2025-12-04,2025-12-08,194.0,39.1,rail,325.69,delivered
PO-006142,SUP-016,SKU-00079,WH-SOUTH,2025-12-08,2025-12-29,2025-12-27,201.0,39.1,ocean,283.45,delivered
PO-006143,SUP-018,SKU-00080,WH-WEST,2024-01-15,2024-02-05,2024-02-12,409.0,10.17,ocean,164.57,delivered
PO-006144,SUP-018,SKU-00080,WH-WEST,2024-02-05,2024-02-12,2024-02-11,455.0,10.17,air,468.52,delivered
PO-006145,SUP-018,SKU-00080,WH-WEST,2024-02-26,2024-03-14,2024-03-01,468.0,10.17,rail,243.34,delivered
PO-006146,SUP-018,SKU-00080,WH-WEST,2024-03-18,2024-04-04,2024-04-03,515.0,10.17,rail,248.91,delivered
PO-006147,SUP-018,SKU-00080,WH-WEST,2024-04-08,2024-04-29,2024-04-28,419.0,10.17,ocean,200.97,delivered
PO-006148,SUP-018,SKU-00080,WH-WEST,2024-04-29,2024-05-16,2024-05-21,352.0,10.17,rail,155.69,delivered
PO-006149,SUP-018,SKU-00080,WH-WEST,2024-05-20,2024-06-10,2024-06-09,368.0,10.17,ocean,170.36,delivered
PO-006150,SUP-018,SKU-00080,WH-WEST,2024-06-10,2024-07-01,2024-06-23,364.0,10.17,ocean,126.44,delivered
PO-006151,SUP-018,SKU-00080,WH-WEST,2024-07-01,2024-07-22,2024-07-30,358.0,10.17,ocean,119.86,delivered
PO-006152,SUP-018,SKU-00080,WH-WEST,2024-07-22,2024-07-29,2024-07-28,413.0,10.17,air,420.22,delivered
PO-006153,SUP-018,SKU-00080,WH-WEST,2024-08-12,2024-09-02,2024-08-22,444.0,10.17,ocean,,delivered
PO-006154,SUP-018,SKU-00080,WH-WEST,2024-09-02,2024-09-23,2024-09-24,528.0,10.17,ocean,224.33,delivered
PO-006155,SUP-018,SKU-00080,WH-WEST,2024-09-30,2024-10-07,2024-10-10,535.0,10.17,air,755.71,delivered
PO-006156,SUP-018,SKU-00080,WH-WEST,2024-10-14,2024-11-04,2024-11-05,417.0,10.17,OCEAN,136.67,delivered
PO-006157,SUP-018,SKU-00080,WH-WEST,2024-10-28,2024-11-04,2024-11-06,447.0,10.17,air,462.2,delivered
PO-006158,SUP-018,SKU-00080,WH-WEST,2024-11-18,2024-12-09,2024-12-04,451.0,10.17,ocean,176.92,delivered
PO-006159,SUP-018,SKU-00080,WH-WEST,2024-12-02,2024-12-09,2024-12-12,413.0,10.17,air,529.65,delivered
PO-006160,SUP-018,SKU-00080,WH-WEST,2024-12-16,2025-01-02,2025-01-07,441.0,10.17,rail,242.2,delivered
PO-006161,SUP-018,SKU-00080,WH-WEST,2024-12-30,2025-01-06,2025-01-03,423.0,10.17,AIR,437.52,delivered
PO-006162,SUP-018,SKU-00080,WH-WEST,2025-01-20,2025-01-27,2025-01-27,567.0,10.17,air,585.65,delivered
PO-006163,SUP-018,SKU-00080,WH-WEST,2025-02-03,2025-02-24,2025-02-25,412.0,10.17,ocean,164.49,delivered
PO-006164,SUP-018,SKU-00080,WH-WEST,2025-02-17,2025-02-24,2025-02-25,404.0,10.17,air,534.56,delivered
PO-006165,SUP-018,SKU-00080,WH-WEST,2025-03-10,2025-03-31,2025-04-02,415.0,10.17,ocean,159.21,delivered
PO-006166,SUP-018,SKU-00080,WH-WEST,2025-03-24,2025-04-14,2025-04-04,367.0,10.17,ocean,141.84,delivered
PO-006167,SUP-018,SKU-00080,WH-WEST,2025-04-14,2025-05-05,2025-04-30,389.0,10.17,ocean,127.98,delivered
PO-006168,SUP-018,SKU-00080,WH-WEST,2025-05-05,2025-05-22,2025-05-21,457.0,10.17,rail,232.34,delivered
PO-006169,SUP-018,SKU-00080,WH-WEST,2025-05-26,2025-06-11,2025-06-14,472.0,10.17,road,324.78,delivered
PO-006170,SUP-018,SKU-00080,WH-WEST,2025-06-09,2025-06-16,2025-06-17,349.0,10.17,air,366.63,delivered
PO-006171,SUP-018,SKU-00080,WH-WEST,2025-06-30,2025-07-21,2025-08-03,447.0,10.17,ocean,159.79,delivered
PO-006172,SUP-018,SKU-00080,WH-WEST,2025-07-14,2025-07-31,2025-07-23,363.0,10.17,rail,167.09,delivered
PO-006173,SUP-018,SKU-00080,WH-WEST,2025-08-04,2025-08-25,2025-08-26,419.0,10.17,ocean,189.72,delivered
PO-006174,SUP-018,SKU-00080,WH-WEST,2025-08-18,2025-09-08,2025-09-11,399.0,10.17,ocean,160.44,delivered
PO-006175,SUP-018,SKU-00080,WH-WEST,2025-09-08,2025-09-29,2025-09-26,465.0,10.17,ocean,188.2,delivered
PO-006176,SUP-018,SKU-00080,WH-WEST,2025-09-22,2025-09-29,2025-10-01,399.0,10.17,air,554.29,delivered
PO-006177,SUP-018,SKU-00080,WH-WEST,2025-10-06,2025-10-27,2025-10-25,497.0,10.17,ocean,184.98,delivered
PO-006178,SUP-018,SKU-00080,WH-WEST,2025-10-13,2025-10-20,2025-10-19,367.0,10.17,air,516.86,delivered
PO-006179,SUP-018,SKU-00080,WH-WEST,2025-10-27,2025-11-17,2025-11-23,370.0,10.17,ocean,174.56,delivered
PO-006180,SUP-018,SKU-00080,WH-WEST,2025-11-10,2025-11-17,2025-11-16,494.0,10.17,air,629.69,delivered
PO-006181,SUP-018,SKU-00080,WH-WEST,2025-11-24,2025-12-01,2025-11-28,361.0,10.17,air,459.6,delivered
PO-006182,SUP-018,SKU-00080,WH-WEST,2025-12-08,2025-12-29,,596.0,10.17,ocean,234.06,open
PO-006183,SUP-014,SKU-00081,WH-WEST,2024-01-15,2024-02-06,2024-02-25,54.0,9.12,ocean,18.52,delivered
PO-006184,SUP-014,SKU-00081,WH-WEST,2024-02-05,2024-02-12,2024-02-14,74.0,9.12,air,95.19,delivered
PO-006185,SUP-014,SKU-00081,WH-WEST,2024-02-26,2024-03-04,2024-03-07,55.0,9.12,air,65.06,delivered
PO-006186,SUP-014,SKU-00081,WH-WEST,2024-03-11,2024-04-02,2024-04-06,65.0,9.12,ocean,20.59,delivered
PO-006187,SUP-014,SKU-00081,WH-WEST,2024-03-25,2024-04-01,2024-04-01,55.0,9.12,air,64.67,delivered
PO-006188,SUP-014,SKU-00081,WH-WEST,2024-04-08,2024-04-15,2024-04-14,59.0,9.12,air,76.08,delivered
PO-006189,SUP-014,SKU-00081,WH-WEST,2024-04-22,2024-05-08,2024-05-05,57.0,9.12,road,37.19,delivered
PO-006190,SUP-014,SKU-00081,WH-WEST,2024-05-06,2024-05-28,2024-06-06,54.0,9.12,ocean,16.09,delivered
PO-006191,SUP-014,SKU-00081,WH-WEST,2024-05-20,2024-06-11,2024-06-20,61.0,9.12,ocean,19.9,delivered
PO-006192,SUP-014,SKU-00081,WH-WEST,2024-06-10,2024-07-02,2024-06-30,63.0,9.12,ocean,26.84,delivered
PO-006193,SUP-014,SKU-00081,WH-WEST,2024-07-01,2024-07-08,2024-07-12,69.0,9.12,air,67.72,delivered
PO-006194,SUP-014,SKU-00081,WH-WEST,2024-07-15,2024-08-06,2024-08-17,70.0,9.12,ocean,22.26,delivered
PO-006195,SUP-014,SKU-00081,WH-WEST,2024-07-29,2024-08-05,2024-08-07,66.0,9.12,AIR,67.31,delivered
PO-006196,SUP-014,SKU-00081,WH-WEST,2024-08-19,2024-09-10,2024-08-27,65.0,9.12,ocean,27.15,delivered
PO-006197,SUP-014,SKU-00081,WH-WEST,2024-09-02,2024-09-24,2024-10-01,71.0,9.12,ocean,30.74,delivered
PO-006198,SUP-014,SKU-00081,WH-WEST,2024-09-16,2024-09-23,2024-09-25,66.0,9.12,air,59.18,delivered
PO-006199,SUP-014,SKU-00081,WH-WEST,2024-10-07,2024-10-14,2024-10-17,67.0,9.12,air,77.73,delivered
PO-006200,SUP-014,SKU-00081,WH-WEST,2024-10-21,2024-11-06,2024-11-12,72.0,9.12,road,43.1,delivered
PO-006201,SUP-014,SKU-00081,WH-WEST,2024-11-04,2024-11-26,2024-11-29,65.0,9.12,ocean,20.86,delivered
PO-006202,SUP-014,SKU-00081,WH-WEST,2024-11-25,2024-12-02,2024-12-04,64.0,9.12,AIR,58.45,delivered
PO-006203,SUP-014,SKU-00081,WH-WEST,2024-12-09,2024-12-25,2024-12-31,58.0,9.12,road,28.68,delivered
PO-006204,SUP-014,SKU-00081,WH-WEST,2024-12-23,2025-01-14,2025-01-21,63.0,9.12,ocean,24.32,delivered
PO-006205,SUP-014,SKU-00081,WH-WEST,2025-01-06,2025-01-22,2025-01-24,59.0,9.12,road,26.53,delivered
PO-006206,SUP-014,SKU-00081,WH-WEST,2025-02-03,2025-02-21,2025-02-18,75.0,9.12,rail,37.29,delivered
PO-006207,SUP-014,SKU-00081,WH-WEST,2025-02-24,2025-03-18,2025-03-16,81.0,9.12,ocean,32.0,delivered
PO-006208,SUP-014,SKU-00081,WH-WEST,2025-03-10,2025-03-17,2025-03-17,56.0,9.12,air,61.01,delivered
PO-006209,SUP-014,SKU-00081,WH-WEST,2025-03-31,2025-04-16,2025-04-25,74.0,9.12,road,36.07,delivered
PO-006210,SUP-014,SKU-00081,WH-WEST,2025-04-14,2025-04-21,2025-04-23,61.0,9.12,air,67.07,delivered
PO-006211,SUP-014,SKU-00081,WH-WEST,2025-05-05,2025-05-27,2025-05-30,64.0,9.12,ocean,23.13,delivered
PO-006212,SUP-014,SKU-00081,WH-WEST,2025-05-19,2025-05-26,2025-05-25,73.0,9.12,air,79.17,delivered
PO-006213,SUP-014,SKU-00081,WH-WEST,2025-06-09,2025-06-16,2025-06-16,86.0,9.12,air,80.53,delivered
PO-006214,SUP-014,SKU-00081,WH-WEST,2025-06-23,2025-07-15,2025-07-03,89.0,9.12,ocean,32.35,delivered
PO-006215,SUP-014,SKU-00081,WH-WEST,2025-07-07,2025-07-25,2025-08-05,77.0,9.12,rail,34.64,delivered
PO-006216,SUP-014,SKU-00081,WH-WEST,2025-07-21,2025-08-12,2025-08-22,60.0,9.12,ocean,21.51,delivered
PO-006217,SUP-014,SKU-00081,WH-WEST,2025-08-18,2025-08-25,2025-08-25,77.0,9.12,air,85.01,delivered
PO-006218,SUP-014,SKU-00081,WH-WEST,2025-09-01,2025-09-23,2025-09-27,65.0,9.12,ocean,26.39,delivered
PO-006219,SUP-014,SKU-00081,WH-WEST,2025-09-08,2025-09-26,2025-09-22,72.0,9.12,rail,36.78,delivered
PO-006220,SUP-014,SKU-00081,WH-WEST,2025-10-06,2025-10-28,2025-10-30,105.0,9.12,ocean,41.63,delivered
PO-006221,SUP-014,SKU-00081,WH-WEST,2025-11-03,2025-11-10,2025-11-09,58.0,9.12,air,51.23,delivered
PO-006222,SUP-014,SKU-00081,WH-WEST,2025-11-17,2025-12-03,2025-12-06,70.0,9.12,road,41.31,delivered
PO-006223,SUP-014,SKU-00081,WH-WEST,2025-12-01,2025-12-08,2025-12-12,67.0,9.12,air,76.81,delivered
PO-006224,SUP-014,SKU-00081,WH-WEST,2025-12-22,2026-01-09,,82.0,9.12,rail,37.32,open
PO-006225,SUP-014,SKU-00081,WH-EU,2024-01-22,2024-02-13,2024-01-31,118.0,9.12,ocean,45.29,delivered
PO-006226,SUP-014,SKU-00081,WH-EU,2024-02-12,2024-03-05,2024-03-05,109.0,9.12,ocean,44.8,delivered
PO-006227,SUP-014,SKU-00081,WH-EU,2024-03-04,2024-03-11,2024-03-13,98.0,9.12,air,121.16,delivered
PO-006228,SUP-014,SKU-00081,WH-EU,2024-03-25,2024-04-12,2024-04-11,124.0,9.12,rail,66.66,delivered
PO-006229,SUP-014,SKU-00081,WH-EU,2024-04-08,2024-04-15,2024-04-18,83.0,9.12,air,88.13,delivered
PO-006230,SUP-014,SKU-00081,WH-EU,2024-04-29,2024-05-21,2024-05-19,118.0,9.12,ocean,41.05,delivered
PO-006231,SUP-014,SKU-00081,WH-EU,2024-05-13,2024-05-20,2024-05-19,89.0,9.12,air,104.6,delivered
PO-006232,SUP-014,SKU-00081,WH-EU,2024-06-03,2024-06-10,2024-06-12,106.0,9.12,air,103.01,delivered
PO-006233,SUP-014,SKU-00081,WH-EU,2024-06-17,2024-07-09,2024-06-26,144.0,9.12,ocean,46.77,delivered
PO-006234,SUP-014,SKU-00081,WH-EU,2024-07-01,2024-07-19,2024-07-27,99.0,9.12,rail,48.87,delivered
PO-006235,SUP-014,SKU-00081,WH-EU,2024-07-15,2024-07-22,2024-07-25,106.0,9.12,air,110.54,delivered
PO-006236,SUP-014,SKU-00081,WH-EU,2024-08-05,2024-08-27,2024-09-03,98.0,9.12,ocean,40.8,delivered
PO-006237,SUP-014,SKU-00081,WH-EU,2024-08-19,2024-09-10,2024-09-27,104.0,9.12,ocean,40.01,delivered
PO-006238,SUP-014,SKU-00081,WH-EU,2024-09-16,2024-09-23,2024-09-22,103.0,9.12,air,98.17,delivered
PO-006239,SUP-014,SKU-00081,WH-EU,2024-10-07,2024-10-29,2024-10-26,119.0,9.12,ocean,48.25,delivered
PO-006240,SUP-014,SKU-00081,WH-EU,2024-10-21,2024-10-28,2024-10-28,88.0,9.12,air,91.61,delivered
PO-006241,SUP-014,SKU-00081,WH-EU,2024-11-11,2024-12-03,2024-12-09,126.0,9.12,ocean,43.49,delivered
PO-006242,SUP-014,SKU-00081,WH-EU,2024-12-09,2024-12-31,2025-01-01,88.0,9.12,ocean,28.55,delivered
PO-006243,SUP-014,SKU-00081,WH-EU,2024-12-23,2025-01-14,2025-01-20,85.0,9.12,ocean,36.93,delivered
PO-006244,SUP-014,SKU-00081,WH-EU,2025-01-06,2025-01-24,2025-02-01,94.0,9.12,rail,41.84,delivered
PO-006245,SUP-014,SKU-00081,WH-EU,2025-01-27,2025-02-12,2025-02-11,82.0,9.12,road,51.68,delivered
PO-006246,SUP-014,SKU-00081,WH-EU,2025-02-10,2025-02-26,2025-03-02,89.0,9.12,road,55.4,delivered
PO-006247,SUP-014,SKU-00081,WH-EU,2025-02-24,2025-03-12,2025-03-08,92.0,9.12,road,41.41,delivered
PO-006248,SUP-014,SKU-00081,WH-EU,2025-03-10,2025-04-01,2025-04-12,84.0,9.12,ocean,33.06,delivered
PO-006249,SUP-014,SKU-00081,WH-EU,2025-03-24,2025-04-15,2025-04-04,84.0,9.12,ocean,27.76,delivered
PO-006250,SUP-014,SKU-00081,WH-EU,2025-04-14,2025-05-06,2025-05-17,118.0,9.12,ocean,45.42,delivered
PO-006251,SUP-014,SKU-00081,WH-EU,2025-04-28,2025-05-05,2025-05-05,89.0,9.12,air,90.21,delivered
PO-006252,SUP-014,SKU-00081,WH-EU,2025-05-19,2025-06-10,2025-06-07,108.0,9.12,ocean,45.8,delivered
PO-006253,SUP-014,SKU-00081,WH-EU,2025-06-02,2025-06-24,2025-06-26,99.0,9.12,ocean,33.16,delivered
PO-006254,SUP-014,SKU-00081,WH-EU,2025-06-16,2025-07-08,2025-07-10,85.0,9.12,ocean,31.4,delivered
PO-006255,SUP-014,SKU-00081,WH-EU,2025-07-07,2025-07-14,2025-07-17,119.0,9.12,air,115.72,delivered
PO-006256,SUP-014,SKU-00081,WH-EU,2025-07-21,2025-07-28,2025-08-02,103.0,9.12,air,118.98,delivered
PO-006257,SUP-014,SKU-00081,WH-EU,2025-08-04,2025-08-26,2025-08-19,134.0,9.12,ocean,57.31,delivered
PO-006258,SUP-014,SKU-00081,WH-EU,2025-08-25,2025-09-16,2025-09-19,142.0,9.12,ocean,41.81,delivered
PO-006259,SUP-014,SKU-00081,WH-EU,2025-09-22,2025-10-08,2025-10-07,101.0,9.12,road,64.56,delivered
PO-006260,SUP-014,SKU-00081,WH-EU,2025-10-06,2025-10-13,2025-10-22,106.0,9.12,air,95.0,delivered
PO-006261,SUP-014,SKU-00081,WH-EU,2025-10-20,2025-10-27,2025-10-29,101.0,9.12,air,91.67,delivered
PO-006262,SUP-014,SKU-00081,WH-EU,2025-11-03,2025-11-25,2025-11-13,111.0,9.12,ocean,48.36,delivered
PO-006263,SUP-014,SKU-00081,WH-EU,2025-11-17,2025-12-09,2025-12-10,113.0,9.12,ocean,46.45,delivered
PO-006264,SUP-014,SKU-00081,WH-EU,2025-12-01,2025-12-08,2025-12-09,94.0,9.12,air,104.62,delivered
PO-006265,SUP-014,SKU-00081,WH-EU,2025-12-22,2026-01-13,,102.0,9.12,ocean,42.01,open
PO-006266,SUP-014,SKU-00081,WH-SOUTH,2024-01-15,2024-02-02,2024-01-28,70.0,9.12,rail,37.54,delivered
PO-006267,SUP-014,SKU-00081,WH-SOUTH,2024-02-05,2024-02-27,2024-03-02,91.0,9.12,ocean,30.46,delivered
PO-006268,SUP-014,SKU-00081,WH-SOUTH,2024-02-26,2024-03-19,2024-03-25,80.0,9.12,ocean,23.92,delivered
PO-006269,SUP-014,SKU-00081,WH-SOUTH,2024-03-18,2024-04-09,2024-04-07,90.0,9.12,ocean,27.51,delivered
PO-006270,SUP-014,SKU-00081,WH-SOUTH,2024-04-08,2024-04-15,2024-04-17,89.0,9.12,air,112.31,delivered
PO-006271,SUP-014,SKU-00081,WH-SOUTH,2024-04-29,2024-05-21,2024-05-27,102.0,9.12,ocean,30.75,delivered
PO-006272,SUP-014,SKU-00081,WH-SOUTH,2024-05-13,2024-05-20,2024-05-20,69.0,9.12,air,67.77,delivered
PO-006273,SUP-014,SKU-00081,WH-SOUTH,2024-06-03,2024-06-21,2024-06-27,84.0,9.12,rail,35.24,delivered
PO-006274,SUP-014,SKU-00081,WH-SOUTH,2024-06-17,2024-06-24,2024-06-22,87.0,9.12,air,90.91,delivered
PO-006275,SUP-014,SKU-00081,WH-SOUTH,2024-07-08,2024-07-26,2024-07-24,98.0,9.12,rail,47.27,delivered
PO-006276,SUP-014,SKU-00081,WH-SOUTH,2024-07-22,2024-07-29,2024-07-28,73.0,9.12,air,71.11,delivered
PO-006277,SUP-014,SKU-00081,WH-SOUTH,2024-08-05,2024-08-23,2024-08-22,86.0,9.12,rail,42.16,delivered
PO-006278,SUP-014,SKU-00081,WH-SOUTH,2024-08-19,2024-08-26,2024-08-29,85.0,9.12,air,99.74,delivered
PO-006279,SUP-014,SKU-00081,WH-SOUTH,2024-09-02,2024-09-09,2024-09-07,79.0,9.12,air,73.87,delivered
PO-006280,SUP-014,SKU-00081,WH-SOUTH,2024-09-16,2024-10-04,2024-10-03,90.0,9.12,rail,47.7,delivered
PO-006281,SUP-014,SKU-00081,WH-SOUTH,2024-09-30,2024-10-07,2024-10-08,81.0,9.12,air,72.81,delivered
PO-006282,SUP-014,SKU-00081,WH-SOUTH,2024-10-21,2024-11-12,2024-11-16,108.0,9.12,ocean,46.68,delivered
PO-006283,SUP-014,SKU-00081,WH-SOUTH,2024-11-18,2024-12-10,2024-12-18,81.0,9.12,ocean,32.71,delivered
PO-006284,SUP-014,SKU-00081,WH-SOUTH,2024-12-02,2024-12-24,2024-12-21,79.0,9.12,ocean,24.09,delivered
PO-006285,SUP-014,SKU-00081,WH-SOUTH,2024-12-30,2025-01-15,2025-01-13,81.0,9.12,road,41.88,delivered
PO-006286,SUP-014,SKU-00081,WH-SOUTH,2025-01-13,2025-02-04,2025-02-01,95.0,9.12,ocean,28.94,delivered
PO-006287,SUP-014,SKU-00081,WH-SOUTH,2025-01-27,2025-02-14,2025-02-22,70.0,9.12,rail,37.61,delivered
PO-006288,SUP-014,SKU-00081,WH-SOUTH,2025-02-17,2025-03-11,2025-03-08,87.0,9.12,ocean,37.11,delivered
PO-006289,SUP-014,SKU-00081,WH-SOUTH,2025-03-10,2025-04-01,2025-04-05,100.0,9.12,ocean,34.78,delivered
PO-006290,SUP-014,SKU-00081,WH-SOUTH,2025-03-24,2025-03-31,2025-03-31,70.0,9.12,air,67.53,delivered
PO-006291,SUP-014,SKU-00081,WH-SOUTH,2025-04-14,2025-04-30,2025-04-23,76.0,9.12,road,37.86,delivered
PO-006292,SUP-014,SKU-00081,WH-SOUTH,2025-04-28,2025-05-20,2025-05-21,77.0,9.12,ocean,23.85,delivered
PO-006293,SUP-014,SKU-00081,WH-SOUTH,2025-05-12,2025-05-19,2025-05-19,87.0,9.12,air,85.88,delivered
PO-006294,SUP-014,SKU-00081,WH-SOUTH,2025-06-02,2025-06-20,2025-06-17,103.0,9.12,RAIL,53.39,delivered
PO-006295,SUP-014,SKU-00081,WH-SOUTH,2025-06-16,2025-06-23,2025-06-23,68.0,9.12,air,79.77,delivered
PO-006296,SUP-014,SKU-00081,WH-SOUTH,2025-06-30,2025-07-07,2025-07-08,105.0,9.12,air,132.18,delivered
PO-006297,SUP-014,SKU-00081,WH-SOUTH,2025-07-14,2025-08-05,2025-08-13,101.0,9.12,ocean,43.82,delivered
PO-006298,SUP-014,SKU-00081,WH-SOUTH,2025-07-28,2025-08-19,2025-08-04,70.0,9.12,ocean,21.51,delivered
PO-006299,SUP-014,SKU-00081,WH-SOUTH,2025-08-18,2025-09-05,2025-09-05,98.0,9.12,rail,50.39,delivered
PO-006300,SUP-014,SKU-00081,WH-SOUTH,2025-09-01,2025-09-08,2025-09-18,73.0,9.12,air,82.31,delivered
PO-006301,SUP-014,SKU-00081,WH-SOUTH,2025-09-15,2025-09-22,2025-09-22,98.0,9.12,air,104.02,delivered
PO-006302,SUP-014,SKU-00081,WH-SOUTH,2025-09-29,2025-10-21,2025-10-21,81.0,9.12,ocean,29.54,delivered
PO-006303,SUP-014,SKU-00081,WH-SOUTH,2025-10-13,2025-11-04,2025-11-15,90.0,9.12,ocean,38.23,delivered
PO-006304,SUP-014,SKU-00081,WH-SOUTH,2025-11-03,2025-11-10,2025-11-10,81.0,9.12,air,75.73,delivered
PO-006305,SUP-014,SKU-00081,WH-SOUTH,2025-11-24,2025-12-16,2025-12-22,98.0,9.12,ocean,39.38,delivered
PO-006306,SUP-014,SKU-00081,WH-SOUTH,2025-12-08,2025-12-15,2025-12-19,73.0,9.12,air,68.04,delivered
PO-006307,SUP-013,SKU-00082,WH-EAST,2024-01-15,2024-02-06,2024-02-12,545.0,8.94,ocean,198.65,delivered
PO-006308,SUP-013,SKU-00082,WH-EAST,2024-01-29,2024-02-16,2024-02-06,601.0,8.94,rail,315.5,delivered
PO-006309,SUP-013,SKU-00082,WH-EAST,2024-02-19,2024-03-12,2024-03-09,739.0,8.94,ocean,237.46,delivered
PO-006310,SUP-013,SKU-00082,WH-EAST,2024-03-11,2024-03-29,2024-04-01,684.0,8.94,rail,356.88,delivered
PO-006311,SUP-013,SKU-00082,WH-EAST,2024-04-01,2024-04-08,2024-04-08,667.0,8.94,air,649.6,delivered
PO-006312,SUP-013,SKU-00082,WH-EAST,2024-04-15,2024-05-07,2024-05-15,555.0,8.94,ocean,170.22,delivered
PO-006313,SUP-013,SKU-00082,WH-EAST,2024-04-29,2024-05-17,2024-05-16,542.0,8.94,rail,226.21,delivered
PO-006314,SUP-013,SKU-00082,WH-EAST,2024-05-20,2024-06-07,2024-06-09,564.0,8.94,rail,255.9,delivered
PO-006315,SUP-013,SKU-00082,WH-EAST,2024-06-03,2024-06-10,2024-06-18,642.0,8.94,air,622.22,delivered
PO-006316,SUP-013,SKU-00082,WH-EAST,2024-06-17,2024-06-24,2024-06-22,701.0,8.94,air,791.37,delivered
PO-006317,SUP-013,SKU-00082,WH-EAST,2024-07-01,2024-07-17,2024-07-21,727.0,8.94,road,411.21,delivered
PO-006318,SUP-013,SKU-00082,WH-EAST,2024-07-15,2024-08-06,2024-08-11,616.0,8.94,ocean,185.21,delivered
PO-006319,SUP-013,SKU-00082,WH-EAST,2024-08-05,2024-08-27,2024-08-24,727.0,8.94,ocean,237.83,delivered
PO-006320,SUP-013,SKU-00082,WH-EAST,2024-08-19,2024-08-26,2024-08-26,518.0,8.94,air,561.32,delivered
PO-006321,SUP-013,SKU-00082,WH-EAST,2024-09-02,2024-09-09,2024-09-14,671.0,8.94,air,737.65,delivered
PO-006322,SUP-013,SKU-00082,WH-EAST,2024-09-16,2024-10-04,2024-10-08,722.0,8.94,rail,262.38,delivered
PO-006323,SUP-013,SKU-00082,WH-EAST,2024-09-30,2024-10-07,2024-10-06,621.0,8.94,air,545.69,delivered
PO-006324,SUP-013,SKU-00082,WH-EAST,2024-10-21,2024-11-12,2024-11-10,753.0,8.94,ocean,290.87,delivered
PO-006325,SUP-013,SKU-00082,WH-EAST,2024-11-04,2024-11-11,2024-11-12,510.0,8.94,air,528.57,delivered
PO-006326,SUP-013,SKU-00082,WH-EAST,2024-11-25,2024-12-02,2024-12-06,763.0,8.94,AIR,940.32,delivered
PO-006327,SUP-013,SKU-00082,WH-EAST,2024-12-09,2024-12-31,2024-12-30,576.0,8.94,ocean,218.48,delivered
PO-006328,SUP-013,SKU-00082,WH-EAST,2024-12-30,2025-01-15,2025-01-23,657.0,8.94,road,407.1,delivered
PO-006329,SUP-013,SKU-00082,WH-EAST,2025-01-20,2025-01-27,2025-01-29,686.0,8.94,air,793.53,delivered
PO-006330,SUP-013,SKU-00082,WH-EAST,2025-02-10,2025-03-04,2025-03-07,573.0,8.94,ocean,229.3,delivered
PO-006331,SUP-013,SKU-00082,WH-EAST,2025-02-24,2025-03-03,2025-03-06,496.0,8.94,air,510.0,delivered
PO-006332,SUP-013,SKU-00082,WH-EAST,2025-03-17,2025-04-08,2025-04-09,745.0,8.94,ocean,248.44,delivered
PO-006333,SUP-013,SKU-00082,WH-EAST,2025-03-31,2025-04-07,2025-04-07,598.0,8.94,air,677.73,delivered
PO-006334,SUP-013,SKU-00082,WH-EAST,2025-04-21,2025-05-09,2025-05-15,584.0,8.94,rail,300.63,delivered
PO-006335,SUP-013,SKU-00082,WH-EAST,2025-05-05,2025-05-12,2025-05-11,740.0,8.94,air,835.5,delivered
PO-006336,SUP-013,SKU-00082,WH-EAST,2025-05-19,2025-06-10,2025-06-18,538.0,8.94,ocean,215.99,delivered
PO-006337,SUP-013,SKU-00082,WH-EAST,2025-06-02,2025-06-09,2025-06-07,675.0,8.94,air,679.38,delivered
PO-006338,SUP-013,SKU-00082,WH-EAST,2025-06-16,2025-07-08,2025-07-15,591.0,8.94,ocean,226.08,delivered
PO-006339,SUP-013,SKU-00082,WH-EAST,2025-06-30,2025-07-07,2025-07-06,752.0,8.94,air,773.16,delivered
PO-006340,SUP-013,SKU-00082,WH-EAST,2025-07-14,2025-07-21,2025-07-18,564.0,8.94,air,724.93,delivered
PO-006341,SUP-013,SKU-00082,WH-EAST,2025-07-28,2025-08-04,2025-08-03,717.0,8.94,air,697.4,delivered
PO-006342,SUP-013,SKU-00082,WH-EAST,2025-08-11,2025-08-29,2025-09-04,731.0,8.94,rail,266.02,delivered
PO-006343,SUP-013,SKU-00082,WH-EAST,2025-08-25,2025-09-01,2025-08-31,612.0,8.94,air,571.18,delivered
PO-006344,SUP-013,SKU-00082,WH-EAST,2025-09-15,2025-10-03,2025-10-07,997.0,8.94,rail,515.36,delivered
PO-006345,SUP-013,SKU-00082,WH-EAST,2025-10-13,2025-11-04,2025-11-08,711.0,8.94,ocean,297.88,delivered
PO-006346,SUP-013,SKU-00082,WH-EAST,2025-10-27,2025-11-18,2025-11-19,632.0,8.94,ocean,217.36,delivered
PO-006347,SUP-013,SKU-00082,WH-EAST,2025-11-24,2025-12-16,,635.0,8.94,ocean,247.59,open
PO-006348,SUP-013,SKU-00082,WH-EAST,2025-12-08,2025-12-26,2025-12-22,548.0,8.94,rail,247.7,delivered
PO-006349,SUP-013,SKU-00083,WH-SOUTH,2024-01-15,2024-02-06,2024-01-30,169.0,14.05,ocean,80.73,delivered
PO-006350,SUP-013,SKU-00083,WH-SOUTH,2024-02-05,2024-02-21,2024-02-20,243.0,14.05,road,197.04,delivered
PO-006351,SUP-013,SKU-00083,WH-SOUTH,2024-02-26,2024-03-19,2024-03-12,260.0,14.05,ocean,121.58,delivered
PO-006352,SUP-013,SKU-00083,WH-SOUTH,2024-03-11,2024-03-18,2024-03-19,165.0,14.05,air,255.39,delivered
PO-006353,SUP-013,SKU-00083,WH-SOUTH,2024-04-01,2024-04-08,2024-04-11,222.0,14.05,air,342.01,delivered
PO-006354,SUP-013,SKU-00083,WH-SOUTH,2024-04-15,2024-04-22,2024-04-30,213.0,14.05,air,328.74,delivered
PO-006355,SUP-013,SKU-00083,WH-SOUTH,2024-04-29,2024-05-06,2024-05-09,217.0,14.05,air,318.43,delivered
PO-006356,SUP-013,SKU-00083,WH-SOUTH,2024-05-13,2024-06-04,2024-06-09,275.0,14.05,ocean,161.14,delivered
PO-006357,SUP-013,SKU-00083,WH-SOUTH,2024-05-27,2024-06-03,2024-06-05,164.0,14.05,air,309.34,delivered
PO-006358,SUP-013,SKU-00083,WH-SOUTH,2024-06-17,2024-07-09,2024-07-23,247.0,14.05,ocean,135.08,delivered
PO-006359,SUP-013,SKU-00083,WH-SOUTH,2024-06-24,2024-07-01,2024-06-29,163.0,14.05,air,249.79,delivered
PO-006360,SUP-013,SKU-00083,WH-SOUTH,2024-07-08,2024-07-15,2024-07-15,192.0,14.05,air,345.46,delivered
PO-006361,SUP-013,SKU-00083,WH-SOUTH,2024-07-22,2024-07-29,2024-07-29,163.0,14.05,air,243.1,delivered
PO-006362,SUP-013,SKU-00083,WH-SOUTH,2024-08-05,2024-08-23,2024-08-10,247.0,14.05,rail,183.19,delivered
PO-006363,SUP-013,SKU-00083,WH-SOUTH,2024-08-26,2024-09-17,2024-09-19,294.0,14.05,ocean,133.75,delivered
PO-006364,SUP-013,SKU-00083,WH-SOUTH,2024-09-23,2024-10-15,2024-10-13,238.0,14.05,ocean,136.56,delivered
PO-006365,SUP-013,SKU-00083,WH-SOUTH,2024-10-07,2024-10-29,2024-10-30,194.0,14.05,ocean,103.61,delivered
PO-006366,SUP-013,SKU-00083,WH-SOUTH,2024-10-21,2024-10-28,2024-10-26,245.0,14.05,air,413.9,delivered
PO-006367,SUP-013,SKU-00083,WH-SOUTH,2024-11-04,2024-11-26,2024-11-19,257.0,14.05,ocean,154.57,delivered
PO-006368,SUP-013,SKU-00083,WH-SOUTH,2024-11-18,2024-11-25,2024-11-23,182.0,14.05,air,302.08,delivered
PO-006369,SUP-013,SKU-00083,WH-SOUTH,2024-12-02,2024-12-24,2024-12-31,223.0,14.05,ocean,131.51,delivered
PO-006370,SUP-013,SKU-00083,WH-SOUTH,2024-12-16,2025-01-01,2025-01-07,201.0,14.05,road,158.25,delivered
PO-006371,SUP-013,SKU-00083,WH-SOUTH,2025-01-13,2025-02-04,2025-02-03,194.0,14.05,ocean,111.11,delivered
PO-006372,SUP-013,SKU-00083,WH-SOUTH,2025-02-03,2025-02-21,2025-02-17,225.0,14.05,rail,145.28,delivered
PO-006373,SUP-013,SKU-00083,WH-SOUTH,2025-02-24,2025-03-18,2025-03-11,234.0,14.05,ocean,125.82,delivered
PO-006374,SUP-013,SKU-00083,WH-SOUTH,2025-03-10,2025-03-17,2025-03-16,163.0,14.05,air,296.95,delivered
PO-006375,SUP-013,SKU-00083,WH-SOUTH,2025-03-24,2025-04-15,2025-04-02,226.0,14.05,ocean,137.87,delivered
PO-006376,SUP-013,SKU-00083,WH-SOUTH,2025-04-07,2025-04-25,2025-04-29,190.0,14.05,rail,142.06,delivered
PO-006377,SUP-013,SKU-00083,WH-SOUTH,2025-04-21,2025-04-28,2025-04-30,217.0,14.05,air,325.53,delivered
PO-006378,SUP-013,SKU-00083,WH-SOUTH,2025-05-05,2025-05-21,2025-05-20,203.0,14.05,road,164.57,delivered
PO-006379,SUP-013,SKU-00083,WH-SOUTH,2025-05-12,2025-05-19,2025-05-25,177.0,14.05,air,288.65,delivered
PO-006380,SUP-013,SKU-00083,WH-SOUTH,2025-06-02,2025-06-24,2025-07-09,282.0,14.05,ocean,163.02,delivered
PO-006381,SUP-013,SKU-00083,WH-SOUTH,2025-07-14,2025-08-05,2025-08-07,271.0,14.05,ocean,160.6,delivered
PO-006382,SUP-013,SKU-00083,WH-SOUTH,2025-07-28,2025-08-19,2025-08-19,168.0,14.05,ocean,106.21,delivered
PO-006383,SUP-013,SKU-00083,WH-SOUTH,2025-08-18,2025-08-25,2025-08-28,245.0,14.05,air,336.17,delivered
PO-006384,SUP-013,SKU-00083,WH-SOUTH,2025-08-25,2025-09-16,2025-09-20,194.0,14.05,ocean,129.18,delivered
PO-006385,SUP-013,SKU-00083,WH-SOUTH,2025-09-08,2025-09-15,2025-09-21,239.0,14.05,air,359.57,delivered
PO-006386,SUP-013,SKU-00083,WH-SOUTH,2025-09-29,2025-10-15,2025-10-22,229.0,14.05,road,205.92,delivered
PO-006387,SUP-013,SKU-00083,WH-SOUTH,2025-10-13,2025-10-20,2025-10-24,210.0,14.05,air,330.81,delivered
PO-006388,SUP-013,SKU-00083,WH-SOUTH,2025-11-10,2025-12-02,2025-11-21,276.0,14.05,ocean,125.95,delivered
PO-006389,SUP-013,SKU-00083,WH-SOUTH,2025-11-24,2025-12-16,2025-12-11,209.0,14.05,ocean,99.07,delivered
PO-006390,SUP-013,SKU-00083,WH-SOUTH,2025-12-08,2025-12-15,2025-12-13,213.0,14.05,air,382.85,delivered
PO-006391,SUP-013,SKU-00083,WH-SOUTH,2025-12-22,2026-01-13,,200.0,14.05,ocean,131.31,open
PO-006392,SUP-018,SKU-00084,WH-WEST,2024-01-15,2024-02-05,2024-01-29,110.0,12.09,ocean,47.95,delivered
PO-006393,SUP-018,SKU-00084,WH-WEST,2024-01-29,2024-02-19,2024-02-23,95.0,12.09,ocean,49.3,delivered
PO-006394,SUP-018,SKU-00084,WH-WEST,2024-02-19,2024-03-11,2024-03-11,126.0,12.09,ocean,65.8,delivered
PO-006395,SUP-018,SKU-00084,WH-WEST,2024-03-11,2024-04-01,2024-03-26,113.0,12.09,ocean,44.44,delivered
PO-006396,SUP-018,SKU-00084,WH-WEST,2024-04-01,2024-04-22,2024-04-13,95.0,12.09,ocean,47.73,delivered
PO-006397,SUP-018,SKU-00084,WH-WEST,2024-04-29,2024-05-20,2024-05-16,111.0,12.09,ocean,53.37,delivered
PO-006398,SUP-018,SKU-00084,WH-WEST,2024-05-27,2024-06-17,2024-06-20,94.0,12.09,ocean,40.79,delivered
PO-006399,SUP-018,SKU-00084,WH-WEST,2024-06-17,2024-06-24,2024-06-25,90.0,12.09,air,111.44,delivered
PO-006400,SUP-018,SKU-00084,WH-WEST,2024-07-08,2024-07-29,2024-08-11,100.0,12.09,ocean,55.53,delivered
PO-006401,SUP-018,SKU-00084,WH-WEST,2024-07-29,2024-08-05,2024-08-05,89.0,12.09,air,125.61,delivered
PO-006402,SUP-018,SKU-00084,WH-WEST,2024-08-12,2024-08-28,2024-08-30,87.0,12.09,road,67.64,delivered
PO-006403,SUP-018,SKU-00084,WH-WEST,2024-09-02,2024-09-18,2024-09-17,133.0,12.09,road,113.95,delivered
PO-006404,SUP-018,SKU-00084,WH-WEST,2024-09-23,2024-09-30,2024-10-06,131.0,12.09,air,171.42,delivered
PO-006405,SUP-018,SKU-00084,WH-WEST,2024-10-07,2024-10-14,2024-10-12,104.0,12.09,air,142.83,delivered
PO-006406,SUP-018,SKU-00084,WH-WEST,2024-10-21,2024-11-11,2024-11-14,114.0,12.09,ocean,61.39,delivered
PO-006407,SUP-018,SKU-00084,WH-WEST,2024-11-04,2024-11-11,2024-11-10,91.0,12.09,air,130.54,delivered
PO-006408,SUP-018,SKU-00084,WH-WEST,2024-11-18,2024-12-09,2024-12-08,99.0,12.09,ocean,41.32,delivered
PO-006409,SUP-018,SKU-00084,WH-WEST,2024-12-02,2024-12-09,2024-12-08,107.0,12.09,air,169.6,delivered
PO-006410,SUP-018,SKU-00084,WH-WEST,2024-12-16,2025-01-06,2025-01-06,89.0,12.09,ocean,44.95,delivered
PO-006411,SUP-018,SKU-00084,WH-WEST,2024-12-30,2025-01-06,2025-01-08,108.0,12.09,air,148.42,delivered
PO-006412,SUP-018,SKU-00084,WH-WEST,2025-01-20,2025-02-10,2025-02-06,120.0,12.09,ocean,49.49,delivered
PO-006413,SUP-018,SKU-00084,WH-WEST,2025-02-03,2025-02-10,2025-02-11,90.0,12.09,air,154.3,delivered
PO-006414,SUP-018,SKU-00084,WH-WEST,2025-02-17,2025-03-10,2025-03-10,88.0,12.09,ocean,42.82,delivered
PO-006415,SUP-018,SKU-00084,WH-WEST,2025-03-03,2025-03-20,2025-03-18,97.0,12.09,rail,51.17,delivered
PO-006416,SUP-018,SKU-00084,WH-WEST,2025-03-24,2025-04-14,2025-04-08,134.0,12.09,ocean,52.88,delivered
PO-006417,SUP-018,SKU-00084,WH-WEST,2025-04-14,2025-05-05,2025-04-29,109.0,12.09,ocean,51.29,delivered
PO-006418,SUP-018,SKU-00084,WH-WEST,2025-05-05,2025-05-26,2025-05-26,90.0,12.09,ocean,36.32,delivered
PO-006419,SUP-018,SKU-00084,WH-WEST,2025-05-26,2025-06-16,2025-06-17,93.0,12.09,ocean,44.7,delivered
PO-006420,SUP-018,SKU-00084,WH-WEST,2025-06-23,2025-06-30,2025-06-28,89.0,12.09,air,132.86,delivered
PO-006421,SUP-018,SKU-00084,WH-WEST,2025-07-14,2025-07-21,2025-07-25,101.0,12.09,air,140.13,delivered
PO-006422,SUP-018,SKU-00084,WH-WEST,2025-08-04,2025-08-25,2025-08-31,98.0,12.09,ocean,55.57,delivered
PO-006423,SUP-018,SKU-00084,WH-WEST,2025-08-25,2025-09-01,2025-08-29,130.0,12.09,air,194.19,delivered
PO-006424,SUP-018,SKU-00084,WH-WEST,2025-09-15,2025-10-02,2025-09-28,96.0,12.09,rail,53.79,delivered
PO-006425,SUP-018,SKU-00084,WH-WEST,2025-09-29,2025-10-20,2025-10-19,88.0,12.09,ocean,34.66,delivered
PO-006426,SUP-018,SKU-00084,WH-WEST,2025-10-13,2025-11-03,2025-11-09,106.0,12.09,ocean,44.96,delivered
PO-006427,SUP-018,SKU-00084,WH-WEST,2025-10-27,2025-11-03,2025-11-07,107.0,12.09,air,169.41,delivered
PO-006428,SUP-018,SKU-00084,WH-WEST,2025-11-17,2025-12-03,2025-12-03,86.0,12.09,road,64.1,delivered
PO-006429,SUP-018,SKU-00084,WH-WEST,2025-12-01,2025-12-08,2025-12-08,124.0,12.09,air,150.08,delivered
PO-006430,SUP-018,SKU-00084,WH-WEST,2025-12-15,2026-01-05,,101.0,12.09,ocean,44.41,open
PO-006431,SUP-018,SKU-00084,WH-EU,2024-01-15,2024-01-31,2024-02-05,81.0,12.09,road,64.39,delivered
PO-006432,SUP-018,SKU-00084,WH-EU,2024-01-29,2024-02-19,2024-02-23,75.0,12.09,ocean,35.94,delivered
PO-006433,SUP-018,SKU-00084,WH-EU,2024-02-12,2024-03-04,2024-03-17,79.0,12.09,ocean,31.89,delivered
PO-006434,SUP-018,SKU-00084,WH-EU,2024-03-04,2024-03-20,2024-03-19,77.0,12.09,road,62.02,delivered
PO-006435,SUP-018,SKU-00084,WH-EU,2024-03-25,2024-04-15,2024-04-07,74.0,12.09,ocean,42.33,delivered
PO-006436,SUP-018,SKU-00084,WH-EU,2024-04-15,2024-05-06,2024-05-12,97.0,12.09,ocean,42.63,delivered
PO-006437,SUP-018,SKU-00084,WH-EU,2024-05-06,2024-05-13,2024-05-14,91.0,12.09,air,107.21,delivered
PO-006438,SUP-018,SKU-00084,WH-EU,2024-06-03,2024-06-19,2024-06-17,81.0,12.09,road,59.17,delivered
PO-006439,SUP-018,SKU-00084,WH-EU,2024-06-24,2024-07-01,2024-06-27,84.0,12.09,air,130.71,delivered
PO-006440,SUP-018,SKU-00084,WH-EU,2024-07-15,2024-08-05,2024-07-30,85.0,12.09,ocean,46.71,delivered
PO-006441,SUP-018,SKU-00084,WH-EU,2024-08-05,2024-08-22,2024-08-24,99.0,12.09,rail,59.71,delivered
PO-006442,SUP-018,SKU-00084,WH-EU,2024-08-19,2024-09-09,2024-09-01,82.0,12.09,ocean,39.92,delivered
PO-006443,SUP-018,SKU-00084,WH-EU,2024-09-09,2024-09-16,2024-09-16,76.0,12.09,air,105.34,delivered
PO-006444,SUP-018,SKU-00084,WH-EU,2024-09-30,2024-10-07,2024-10-07,91.0,12.09,air,144.28,delivered
PO-006445,SUP-018,SKU-00084,WH-EU,2024-10-14,2024-11-04,2024-11-06,77.0,12.09,ocean,32.43,delivered
PO-006446,SUP-018,SKU-00084,WH-EU,2024-10-28,2024-11-04,2024-11-05,111.0,12.09,air,138.55,delivered
PO-006447,SUP-018,SKU-00084,WH-EU,2024-11-18,2024-11-25,2024-11-27,78.0,12.09,air,104.28,delivered
PO-006448,SUP-018,SKU-00084,WH-EU,2024-12-02,2024-12-19,2024-12-19,81.0,12.09,rail,44.05,delivered
PO-006449,SUP-018,SKU-00084,WH-EU,2024-12-16,2024-12-23,2024-12-24,89.0,12.09,air,128.75,delivered
PO-006450,SUP-018,SKU-00084,WH-EU,2024-12-30,2025-01-06,2025-01-06,76.0,12.09,air,109.23,delivered
PO-006451,SUP-018,SKU-00084,WH-EU,2025-01-13,2025-01-30,2025-01-25,72.0,12.09,rail,35.29,delivered
PO-006452,SUP-018,SKU-00084,WH-EU,2025-01-27,2025-02-03,2025-01-31,74.0,12.09,air,105.86,delivered
PO-006453,SUP-018,SKU-00084,WH-EU,2025-02-10,2025-02-17,2025-02-14,87.0,12.09,air,107.55,delivered
PO-006454,SUP-018,SKU-00084,WH-EU,2025-02-24,2025-03-17,2025-03-22,73.0,12.09,ocean,42.05,delivered
PO-006455,SUP-018,SKU-00084,WH-EU,2025-03-10,2025-03-31,2025-03-27,77.0,12.09,ocean,39.01,delivered
PO-006456,SUP-018,SKU-00084,WH-EU,2025-03-31,2025-04-17,2025-04-26,99.0,12.09,rail,67.19,delivered
PO-006457,SUP-018,SKU-00084,WH-EU,2025-04-21,2025-05-12,2025-04-30,82.0,12.09,ocean,44.37,delivered
PO-006458,SUP-018,SKU-00084,WH-EU,2025-05-12,2025-06-02,2025-05-31,81.0,12.09,ocean,36.6,delivered
PO-006459,SUP-018,SKU-00084,WH-EU,2025-06-09,2025-06-30,2025-06-30,89.0,12.09,ocean,44.6,delivered
PO-006460,SUP-018,SKU-00084,WH-EU,2025-06-30,2025-07-17,2025-07-26,75.0,12.09,rail,53.63,delivered
PO-006461,SUP-018,SKU-00084,WH-EU,2025-07-21,2025-08-11,2025-08-17,90.0,12.09,ocean,36.15,delivered
PO-006462,SUP-018,SKU-00084,WH-EU,2025-08-11,2025-08-18,2025-08-17,98.0,12.09,air,130.3,delivered
PO-006463,SUP-018,SKU-00084,WH-EU,2025-09-01,2025-09-22,2025-09-25,94.0,12.09,ocean,49.19,delivered
PO-006464,SUP-018,SKU-00084,WH-EU,2025-09-22,2025-10-09,2025-10-01,94.0,12.09,rail,55.72,delivered
PO-006465,SUP-018,SKU-00084,WH-EU,2025-10-13,2025-11-03,2025-11-06,102.0,12.09,ocean,49.48,delivered
PO-006466,SUP-018,SKU-00084,WH-EU,2025-10-27,2025-11-13,2025-11-18,80.0,12.09,rail,56.03,delivered
PO-006467,SUP-018,SKU-00084,WH-EU,2025-11-17,2025-12-03,2025-12-09,108.0,12.09,road,90.77,delivered
PO-006468,SUP-018,SKU-00084,WH-EU,2025-12-01,2025-12-08,2025-12-07,80.0,12.09,air,124.31,delivered
PO-006469,SUP-018,SKU-00084,WH-EU,2025-12-22,2025-12-29,2025-12-27,99.0,12.09,air,148.36,delivered
PO-006470,SUP-009,SKU-00085,WH-EU,2024-01-15,2024-01-24,2024-01-19,708.0,5.95,air,523.19,delivered
PO-006471,SUP-009,SKU-00085,WH-EU,2024-02-05,2024-02-14,2024-02-27,799.0,5.95,air,647.09,delivered
PO-006472,SUP-009,SKU-00085,WH-EU,2024-02-26,2024-03-25,2024-03-04,874.0,5.95,ocean,191.45,delivered
PO-006473,SUP-009,SKU-00085,WH-EU,2024-03-11,2024-04-08,2024-04-09,735.0,5.95,ocean,207.66,delivered
PO-006474,SUP-009,SKU-00085,WH-EU,2024-04-01,2024-04-29,2024-05-13,741.0,5.95,ocean,206.5,delivered
PO-006475,SUP-009,SKU-00085,WH-EU,2024-04-22,2024-05-20,2024-06-07,646.0,5.95,ocean,127.38,delivered
PO-006476,SUP-009,SKU-00085,WH-EU,2024-05-27,2024-06-24,2024-07-20,707.0,5.95,ocean,173.16,delivered
PO-006477,SUP-009,SKU-00085,WH-EU,2024-06-17,2024-07-08,2024-07-07,601.0,5.95,road,229.22,delivered
PO-006478,SUP-009,SKU-00085,WH-EU,2024-07-15,2024-08-12,2024-08-10,636.0,5.95,ocean,139.76,delivered
PO-006479,SUP-009,SKU-00085,WH-EU,2024-08-12,2024-09-09,2024-09-02,680.0,5.95,ocean,191.61,delivered
PO-006480,SUP-009,SKU-00085,WH-EU,2024-09-09,2024-10-02,2024-10-13,734.0,5.95,rail,182.72,delivered
PO-006481,SUP-009,SKU-00085,WH-EU,2024-09-30,2024-10-28,2024-11-06,726.0,5.95,ocean,155.81,delivered
PO-006482,SUP-009,SKU-00085,WH-EU,2024-10-21,2024-11-13,2024-11-10,633.0,5.95,rail,181.17,delivered
PO-006483,SUP-009,SKU-00085,WH-EU,2024-11-11,2024-12-09,2024-12-06,626.0,5.95,ocean,141.51,delivered
PO-006484,SUP-009,SKU-00085,WH-EU,2024-11-25,2024-12-04,2024-12-02,636.0,5.95,air,533.74,delivered
PO-006485,SUP-009,SKU-00085,WH-EU,2024-12-09,2025-01-06,2025-01-05,664.0,5.95,ocean,165.46,delivered
PO-006486,SUP-009,SKU-00085,WH-EU,2024-12-23,2025-01-15,2025-01-10,644.0,5.95,rail,158.88,delivered
PO-006487,SUP-009,SKU-00085,WH-EU,2025-01-13,2025-02-10,2025-01-28,818.0,5.95,ocean,212.23,delivered
PO-006488,SUP-009,SKU-00085,WH-EU,2025-01-27,2025-02-05,2025-02-09,617.0,5.95,air,378.49,delivered
PO-006489,SUP-009,SKU-00085,WH-EU,2025-02-10,2025-03-10,2025-03-31,624.0,5.95,ocean,160.79,delivered
PO-006490,SUP-009,SKU-00085,WH-EU,2025-03-03,2025-03-31,2025-03-29,878.0,5.95,ocean,211.72,delivered
PO-006491,SUP-009,SKU-00085,WH-EU,2025-04-14,2025-05-05,2025-05-04,-846.0,5.95,road,243.41,delivered
PO-006492,SUP-009,SKU-00085,WH-EU,2025-05-05,2025-05-14,2025-05-13,711.0,5.95,air,586.65,delivered
PO-006493,SUP-009,SKU-00085,WH-EU,2025-05-26,2025-06-23,2025-07-04,653.0,5.95,ocean,144.87,delivered
PO-006494,SUP-009,SKU-00085,WH-EU,2025-06-23,2025-07-21,2025-07-21,690.0,5.95,OCEAN,136.96,delivered
PO-006495,SUP-009,SKU-00085,WH-EU,2025-07-14,2025-08-11,2025-08-03,662.0,5.95,ocean,139.89,delivered
PO-006496,SUP-009,SKU-00085,WH-EU,2025-08-04,2025-09-01,2025-08-13,723.0,5.95,ocean,146.67,delivered
PO-006497,SUP-009,SKU-00085,WH-EU,2025-09-01,2025-09-22,2025-09-30,738.0,5.95,road,300.32,delivered
PO-006498,SUP-009,SKU-00085,WH-EU,2025-09-22,2025-10-20,2025-10-07,697.0,5.95,ocean,191.03,delivered
PO-006499,SUP-009,SKU-00085,WH-EU,2025-10-13,2025-10-22,2025-10-23,808.0,5.95,air,658.02,delivered
PO-006500,SUP-009,SKU-00085,WH-EU,2025-10-27,2025-11-24,2025-11-15,633.0,5.95,ocean,143.23,delivered
PO-006501,SUP-009,SKU-00085,WH-EU,2025-11-10,2025-12-01,2025-12-12,592.0,5.95,road,199.91,delivered
PO-006502,SUP-009,SKU-00085,WH-EU,2025-11-24,2025-12-22,2025-12-28,643.0,5.95,ocean,171.2,delivered
PO-006503,SUP-009,SKU-00085,WH-EU,2025-12-15,2025-12-24,,653.0,5.95,air,441.75,open
PO-006504,SUP-005,SKU-00086,WH-APAC,2024-01-15,2024-01-20,2024-01-20,16.0,7.6,road,7.36,delivered
PO-006505,SUP-005,SKU-00086,WH-APAC,2024-01-29,2024-02-03,2024-02-06,14.0,7.6,road,6.4,delivered
PO-006506,SUP-005,SKU-00086,WH-APAC,2024-02-19,2024-02-24,2024-02-27,21.0,7.6,road,10.39,delivered
PO-006507,SUP-005,SKU-00086,WH-APAC,2024-03-18,2024-03-23,2024-03-20,18.0,7.6,road,8.98,delivered
PO-006508,SUP-005,SKU-00086,WH-APAC,2024-04-08,2024-04-13,2024-04-24,21.0,7.6,rail,7.43,delivered
PO-006509,SUP-005,SKU-00086,WH-APAC,2024-05-06,2024-05-08,2024-05-15,15.0,7.6,air,,delivered
PO-006510,SUP-005,SKU-00086,WH-APAC,2024-05-20,2024-05-25,2024-05-28,15.0,7.6,road,7.25,delivered
PO-006511,SUP-005,SKU-00086,WH-APAC,2024-06-10,2024-06-15,2024-06-15,18.0,7.6,road,8.16,delivered
PO-006512,SUP-005,SKU-00086,WH-APAC,2024-06-24,2024-06-29,2024-06-30,15.0,7.6,road,5.79,delivered
PO-006513,SUP-005,SKU-00086,WH-APAC,2024-07-15,2024-07-17,2024-07-19,19.0,7.6,air,15.36,delivered
PO-006514,SUP-005,SKU-00086,WH-APAC,2024-07-29,2024-08-03,2024-08-06,14.0,7.6,rail,4.6,delivered
PO-006515,SUP-005,SKU-00086,WH-APAC,2024-08-19,2024-08-21,2024-08-21,19.0,7.6,air,16.18,delivered
PO-006516,SUP-005,SKU-00086,WH-APAC,2024-09-02,2024-09-04,2024-09-03,14.0,7.6,air,11.92,delivered
PO-006517,SUP-005,SKU-00086,WH-APAC,2024-09-23,2024-09-28,2024-09-25,16.0,7.6,road,8.23,delivered
PO-006518,SUP-005,SKU-00086,WH-APAC,2024-10-14,2024-10-16,2024-10-15,19.0,7.6,air,18.04,delivered
PO-006519,SUP-005,SKU-00086,WH-APAC,2024-11-04,2024-11-06,2024-11-05,19.0,7.6,air,15.75,delivered
PO-006520,SUP-005,SKU-00086,WH-APAC,2024-11-25,2024-11-30,2024-12-02,18.0,7.6,road,9.63,delivered
PO-006521,SUP-005,SKU-00086,WH-APAC,2024-12-16,2024-12-21,2024-12-19,15.0,7.6,road,6.99,delivered
PO-006522,SUP-005,SKU-00086,WH-APAC,2025-01-06,2025-01-08,2025-01-09,19.0,7.6,air,20.39,delivered
PO-006523,SUP-005,SKU-00086,WH-APAC,2025-01-20,2025-01-22,2025-01-22,21.0,7.6,air,15.95,delivered
PO-006524,SUP-005,SKU-00086,WH-APAC,2025-02-03,2025-02-08,2025-02-06,15.0,7.6,road,7.94,delivered
PO-006525,SUP-005,SKU-00086,WH-APAC,2025-02-17,2025-02-22,2025-02-22,15.0,7.6,road,7.27,delivered
PO-006526,SUP-005,SKU-00086,WH-APAC,2025-03-03,2025-03-08,2025-03-07,19.0,7.6,road,9.26,delivered
PO-006527,SUP-005,SKU-00086,WH-APAC,2025-03-17,2025-03-22,2025-03-27,17.0,7.6,road,8.54,delivered
PO-006528,SUP-005,SKU-00086,WH-APAC,2025-04-07,2025-04-12,2025-04-18,17.0,7.6,road,9.18,delivered
PO-006529,SUP-005,SKU-00086,WH-APAC,2025-04-28,2025-05-03,2025-05-03,15.0,7.6,road,5.57,delivered
PO-006530,SUP-005,SKU-00086,WH-APAC,2025-05-12,2025-05-14,2025-05-15,21.0,7.6,air,19.15,delivered
PO-006531,SUP-005,SKU-00086,WH-APAC,2025-06-02,2025-06-07,2025-06-14,20.0,7.6,road,9.89,delivered
PO-006532,SUP-005,SKU-00086,WH-APAC,2025-06-30,2025-07-05,2025-07-03,18.0,7.6,road,8.65,delivered
PO-006533,SUP-005,SKU-00086,WH-APAC,2025-07-14,2025-07-16,2025-07-15,18.0,7.6,air,17.14,delivered
PO-006534,SUP-005,SKU-00086,WH-APAC,2025-08-04,2025-08-09,2025-08-07,21.0,7.6,road,9.13,delivered
PO-006535,SUP-005,SKU-00086,WH-APAC,2025-08-25,2025-08-27,2025-08-26,20.0,7.6,air,18.53,delivered
PO-006536,SUP-005,SKU-00086,WH-APAC,2025-09-08,2025-09-13,2025-09-12,15.0,7.6,rail,5.37,delivered
PO-006537,SUP-005,SKU-00086,WH-APAC,2025-09-29,2025-10-01,2025-10-02,21.0,7.6,air,22.77,delivered
PO-006538,SUP-005,SKU-00086,WH-APAC,2025-10-13,2025-10-18,2025-10-21,16.0,7.6,road,7.2,delivered
PO-006539,SUP-005,SKU-00086,WH-APAC,2025-11-03,2025-11-05,2025-11-05,21.0,7.6,air,19.98,delivered
PO-006540,SUP-005,SKU-00086,WH-APAC,2025-11-17,2025-11-22,2025-11-21,16.0,7.6,road,8.0,delivered
PO-006541,SUP-005,SKU-00086,WH-APAC,2025-12-08,2025-12-10,2025-12-10,20.0,7.6,air,16.62,delivered
PO-006542,SUP-005,SKU-00086,WH-APAC,2025-12-22,2025-12-27,2025-12-28,18.0,7.6,rail,5.57,delivered
PO-006543,SUP-005,SKU-00086,WH-EU,2024-01-15,2024-01-20,2024-01-22,19.0,7.6,rail,6.65,delivered
PO-006544,SUP-005,SKU-00086,WH-EU,2024-01-29,2024-02-03,2024-02-01,21.0,7.6,road,8.34,delivered
PO-006545,SUP-005,SKU-00086,WH-EU,2024-02-19,2024-02-24,2024-02-21,18.0,7.6,rail,7.1,delivered
PO-006546,SUP-005,SKU-00086,WH-EU,2024-03-04,2024-03-09,2024-03-10,18.0,7.6,road,7.66,delivered
PO-006547,SUP-005,SKU-00086,WH-EU,2024-03-25,2024-03-27,2024-03-28,27.0,7.6,air,28.87,delivered
PO-006548,SUP-005,SKU-00086,WH-EU,2024-04-15,2024-04-20,2024-04-18,22.0,7.6,road,9.18,delivered
PO-006549,SUP-005,SKU-00086,WH-EU,2024-05-06,2024-05-11,2024-05-10,22.0,7.6,rail,8.66,delivered
PO-006550,SUP-005,SKU-00086,WH-EU,2024-05-27,2024-05-29,2024-06-01,26.0,7.6,air,25.54,delivered
PO-006551,SUP-005,SKU-00086,WH-EU,2024-06-10,2024-06-15,2024-06-15,18.0,7.6,road,8.87,delivered
PO-006552,SUP-005,SKU-00086,WH-EU,2024-06-24,2024-06-29,2024-06-29,20.0,7.6,road,9.42,delivered
PO-006553,SUP-005,SKU-00086,WH-EU,2024-07-15,2024-07-20,2024-07-22,23.0,7.6,road,10.4,delivered
PO-006554,SUP-005,SKU-00086,WH-EU,2024-08-05,2024-08-10,2024-08-10,23.0,7.6,road,9.0,delivered
PO-006555,SUP-005,SKU-00086,WH-EU,2024-08-26,2024-08-31,2024-08-31,24.0,7.6,road,9.43,delivered
PO-006556,SUP-005,SKU-00086,WH-EU,2024-09-09,2024-09-14,2024-09-15,18.0,7.6,rail,5.91,delivered
PO-006557,SUP-005,SKU-00086,WH-EU,2024-09-30,2024-10-05,2024-10-15,24.0,7.6,road,8.99,delivered
PO-006558,SUP-005,SKU-00086,WH-EU,2024-10-28,2024-11-02,2024-11-03,21.0,7.6,road,10.71,delivered
PO-006559,SUP-005,SKU-00086,WH-EU,2024-11-18,2024-11-23,2024-11-24,23.0,7.6,rail,10.3,delivered
PO-006560,SUP-005,SKU-00086,WH-EU,2024-12-09,2024-12-14,2024-12-11,27.0,7.6,road,13.94,delivered
PO-006561,SUP-005,SKU-00086,WH-EU,2024-12-30,2025-01-01,2024-12-31,23.0,7.6,air,17.11,delivered
PO-006562,SUP-005,SKU-00086,WH-EU,2025-01-13,2025-01-18,2025-01-17,21.0,7.6,road,10.65,delivered
PO-006563,SUP-005,SKU-00086,WH-EU,2025-01-27,2025-02-01,2025-02-01,23.0,7.6,rail,10.29,delivered
PO-006564,SUP-005,SKU-00086,WH-EU,2025-02-17,2025-02-22,2025-02-20,23.0,7.6,road,10.3,delivered
PO-006565,SUP-005,SKU-00086,WH-EU,2025-03-03,2025-03-08,2025-03-09,20.0,7.6,rail,6.79,delivered
PO-006566,SUP-005,SKU-00086,WH-EU,2025-03-17,2025-03-22,2025-03-22,18.0,7.6,rail,7.51,delivered
PO-006567,SUP-005,SKU-00086,WH-EU,2025-03-31,2025-04-05,2025-04-06,-20.0,7.6,rail,6.97,delivered
PO-006568,SUP-005,SKU-00086,WH-EU,2025-04-14,2025-04-19,2025-04-23,20.0,7.6,road,9.27,delivered
PO-006569,SUP-005,SKU-00086,WH-EU,2025-05-05,2025-05-07,2025-05-06,22.0,7.6,air,22.68,delivered
PO-006570,SUP-005,SKU-00086,WH-EU,2025-05-19,2025-05-24,2025-05-23,21.0,7.6,road,,delivered
PO-006571,SUP-005,SKU-00086,WH-EU,2025-06-02,2025-06-07,2025-06-18,21.0,7.6,road,8.57,delivered
PO-006572,SUP-005,SKU-00086,WH-EU,2025-06-30,2025-07-05,2025-07-08,24.0,7.6,rail,7.75,delivered
PO-006573,SUP-005,SKU-00086,WH-EU,2025-07-14,2025-07-19,2025-07-16,21.0,7.6,road,8.58,delivered
PO-006574,SUP-005,SKU-00086,WH-EU,2025-08-04,2025-08-09,2025-08-06,23.0,7.6,road,10.58,delivered
PO-006575,SUP-005,SKU-00086,WH-EU,2025-08-18,2025-08-20,2025-08-21,18.0,7.6,air,18.02,delivered
PO-006576,SUP-005,SKU-00086,WH-EU,2025-09-08,2025-09-13,2025-09-13,22.0,7.6,road,9.65,delivered
PO-006577,SUP-005,SKU-00086,WH-EU,2025-09-29,2025-10-04,2025-10-03,23.0,7.6,road,8.66,delivered
PO-006578,SUP-005,SKU-00086,WH-EU,2025-10-13,2025-10-18,2025-10-17,22.0,7.6,rail,7.33,delivered
PO-006579,SUP-005,SKU-00086,WH-EU,2025-11-03,2025-11-05,2025-11-06,27.0,7.6,air,26.84,delivered
PO-006580,SUP-005,SKU-00086,WH-EU,2025-11-17,2025-11-19,2025-11-20,19.0,7.6,air,18.8,delivered
PO-006581,SUP-005,SKU-00086,WH-EU,2025-12-01,2025-12-03,2025-12-03,20.0,7.6,air,19.6,delivered
PO-006582,SUP-005,SKU-00086,WH-EU,2025-12-15,2025-12-20,2025-12-18,18.0,7.6,road,9.62,delivered
PO-006583,SUP-005,SKU-00086,WH-EAST,2024-01-15,2024-01-20,2024-01-20,21.0,7.6,road,7.75,delivered
PO-006584,SUP-005,SKU-00086,WH-EAST,2024-01-29,2024-02-03,2024-02-03,22.0,7.6,rail,9.71,delivered
PO-006585,SUP-005,SKU-00086,WH-EAST,2024-02-19,2024-02-21,2024-02-21,27.0,7.6,air,27.26,delivered
PO-006586,SUP-005,SKU-00086,WH-EAST,2024-03-04,2024-03-09,2024-03-09,19.0,7.6,road,8.92,delivered
PO-006587,SUP-005,SKU-00086,WH-EAST,2024-03-25,2024-03-30,2024-04-02,23.0,7.6,road,9.85,delivered
PO-006588,SUP-005,SKU-00086,WH-EAST,2024-04-15,2024-04-20,2024-04-17,25.0,7.6,road,10.38,delivered
PO-006589,SUP-005,SKU-00086,WH-EAST,2024-04-29,2024-05-04,2024-05-03,20.0,7.6,road,7.78,delivered
PO-006590,SUP-005,SKU-00086,WH-EAST,2024-05-13,2024-05-15,2024-05-16,22.0,7.6,air,17.1,delivered
PO-006591,SUP-005,SKU-00086,WH-EAST,2024-05-27,2024-06-01,2024-06-04,25.0,7.6,road,11.7,delivered
PO-006592,SUP-005,SKU-00086,WH-EAST,2024-06-17,2024-06-22,2024-06-22,23.0,7.6,road,11.04,delivered
PO-006593,SUP-005,SKU-00086,WH-EAST,2024-07-01,2024-07-06,2024-07-04,19.0,7.6,road,7.64,delivered
PO-006594,SUP-005,SKU-00086,WH-EAST,2024-07-15,2024-07-20,2024-07-18,19.0,7.6,rail,7.93,delivered
PO-006595,SUP-005,SKU-00086,WH-EAST,2024-08-05,2024-08-07,2024-08-07,26.0,7.6,air,21.42,delivered
PO-006596,SUP-005,SKU-00086,WH-EAST,2024-08-26,2024-08-31,2024-09-02,27.0,7.6,road,13.86,delivered
PO-006597,SUP-005,SKU-00086,WH-EAST,2024-09-23,2024-09-28,2024-09-29,25.0,7.6,road,10.59,delivered
PO-006598,SUP-005,SKU-00086,WH-EAST,2024-10-14,2024-10-19,2024-10-20,23.0,7.6,road,8.68,delivered
PO-006599,SUP-005,SKU-00086,WH-EAST,2024-11-04,2024-11-09,2024-11-17,22.0,7.6,road,11.38,delivered
PO-006600,SUP-005,SKU-00086,WH-EAST,2024-11-25,2024-11-30,2024-12-03,20.0,7.6,rail,8.3,delivered
PO-006601,SUP-005,SKU-00086,WH-EAST,2024-12-09,2024-12-14,2024-12-19,20.0,7.6,road,10.45,delivered
PO-006602,SUP-005,SKU-00086,WH-EAST,2024-12-30,2025-01-04,2025-01-12,24.0,7.6,road,10.95,delivered
PO-006603,SUP-005,SKU-00086,WH-EAST,2025-01-20,2025-01-25,2025-01-26,23.0,7.6,rail,7.84,delivered
PO-006604,SUP-005,SKU-00086,WH-EAST,2025-02-03,2025-02-08,2025-02-08,19.0,7.6,road,8.22,delivered
PO-006605,SUP-005,SKU-00086,WH-EAST,2025-02-17,2025-02-19,2025-02-18,26.0,7.6,air,27.94,delivered
PO-006606,SUP-005,SKU-00086,WH-EAST,2025-03-03,2025-03-08,2025-03-07,20.0,7.6,road,7.7,delivered
PO-006607,SUP-005,SKU-00086,WH-EAST,2025-03-17,2025-03-22,2025-03-18,19.0,7.6,road,9.95,delivered
PO-006608,SUP-005,SKU-00086,WH-EAST,2025-03-31,2025-04-05,2025-04-03,20.0,7.6,road,10.79,delivered
PO-006609,SUP-005,SKU-00086,WH-EAST,2025-04-14,2025-04-19,2025-04-17,21.0,7.6,road,8.45,delivered
PO-006610,SUP-005,SKU-00086,WH-EAST,2025-04-28,2025-05-03,2025-05-01,22.0,7.6,rail,9.41,delivered
PO-006611,SUP-005,SKU-00086,WH-EAST,2025-05-12,2025-05-17,2025-05-18,21.0,7.6,road,8.93,delivered
PO-006612,SUP-005,SKU-00086,WH-EAST,2025-05-26,2025-05-28,2025-05-28,23.0,7.6,air,24.28,delivered
PO-006613,SUP-005,SKU-00086,WH-EAST,2025-06-09,2025-06-14,2025-06-15,19.0,7.6,road,7.92,delivered
PO-006614,SUP-005,SKU-00086,WH-EAST,2025-06-23,2025-06-28,2025-06-25,20.0,7.6,rail,7.71,delivered
PO-006615,SUP-005,SKU-00086,WH-EAST,2025-07-07,2025-07-12,2025-07-12,21.0,7.6,road,8.47,delivered
PO-006616,SUP-005,SKU-00086,WH-EAST,2025-07-21,2025-07-26,2025-08-05,25.0,7.6,road,13.48,delivered
PO-006617,SUP-005,SKU-00086,WH-EAST,2025-08-18,2025-08-20,2025-08-21,28.0,7.6,air,20.86,delivered
PO-006618,SUP-005,SKU-00086,WH-EAST,2025-09-08,2025-09-13,2025-09-13,23.0,7.6,rail,8.79,delivered
PO-006619,SUP-005,SKU-00086,WH-EAST,2025-09-22,2025-09-24,2025-10-03,19.0,7.6,air,20.09,delivered
PO-006620,SUP-005,SKU-00086,WH-EAST,2025-10-13,2025-10-15,2025-10-18,27.0,7.6,air,20.09,delivered
PO-006621,SUP-005,SKU-00086,WH-EAST,2025-11-03,2025-11-08,2025-11-06,25.0,7.6,road,12.29,delivered
PO-006622,SUP-005,SKU-00086,WH-EAST,2025-11-24,2025-11-26,2025-11-27,28.0,7.6,air,28.39,delivered
PO-006623,SUP-005,SKU-00086,WH-EAST,2025-12-15,2025-12-17,2025-12-17,25.0,7.6,air,23.96,delivered
PO-006624,SUP-017,SKU-00087,WH-EU,2024-01-22,2024-02-06,2024-02-03,1238.0,3.32,road,278.67,delivered
PO-006625,SUP-017,SKU-00087,WH-EU,2024-02-12,2024-03-03,2024-02-24,1250.0,3.32,ocean,179.72,delivered
PO-006626,SUP-017,SKU-00087,WH-EU,2024-02-26,2024-03-17,2024-03-15,884.0,3.32,ocean,129.55,delivered
PO-006627,SUP-017,SKU-00087,WH-EU,2024-03-11,2024-03-31,2024-04-04,928.0,3.32,ocean,124.88,delivered
PO-006628,SUP-017,SKU-00087,WH-EU,2024-03-25,2024-04-14,2024-04-10,967.0,3.32,ocean,145.14,delivered
PO-006629,SUP-017,SKU-00087,WH-EU,2024-04-15,2024-05-01,2024-04-28,1156.0,3.32,rail,197.35,delivered
PO-006630,SUP-017,SKU-00087,WH-EU,2024-04-29,2024-05-15,2024-05-19,949.0,3.32,rail,179.02,delivered
PO-006631,SUP-017,SKU-00087,WH-EU,2024-05-13,2024-05-20,2024-05-19,1039.0,3.32,air,418.17,delivered
PO-006632,SUP-017,SKU-00087,WH-EU,2024-06-03,2024-06-23,2024-06-25,1205.0,3.32,ocean,149.51,delivered
PO-006633,SUP-017,SKU-00087,WH-EU,2024-07-01,2024-07-21,2024-07-18,1528.0,3.32,ocean,243.33,delivered
PO-006634,SUP-017,SKU-00087,WH-EU,2024-07-29,2024-08-05,2024-08-05,1222.0,3.32,air,488.13,delivered
PO-006635,SUP-017,SKU-00087,WH-EU,2024-08-19,2024-09-08,2024-09-06,1139.0,3.32,ocean,173.88,delivered
PO-006636,SUP-017,SKU-00087,WH-EU,2024-09-09,2024-09-29,2024-09-29,1112.0,3.32,ocean,165.72,delivered
PO-006637,SUP-017,SKU-00087,WH-EU,2024-09-30,2024-10-15,2024-10-17,1072.0,3.32,road,185.01,delivered
PO-006638,SUP-017,SKU-00087,WH-EU,2024-10-21,2024-10-28,2024-10-28,1199.0,3.32,air,558.68,delivered
PO-006639,SUP-017,SKU-00087,WH-EU,2024-11-11,2024-12-01,2024-11-29,1251.0,3.32,ocean,196.97,delivered
PO-006640,SUP-017,SKU-00087,WH-EU,2024-12-02,2024-12-22,2024-12-21,1053.0,3.32,ocean,121.07,delivered
PO-006641,SUP-017,SKU-00087,WH-EU,2024-12-16,2024-12-23,2024-12-22,1006.0,3.32,air,434.08,delivered
PO-006642,SUP-017,SKU-00087,WH-EU,2025-01-06,2025-01-26,2025-01-26,1211.0,3.32,ocean,149.12,delivered
PO-006643,SUP-017,SKU-00087,WH-EU,2025-01-27,2025-02-16,2025-02-18,1029.0,3.32,ocean,113.03,delivered
PO-006644,SUP-017,SKU-00087,WH-EU,2025-02-10,2025-02-17,2025-02-17,1030.0,3.32,air,450.78,delivered
PO-006645,SUP-017,SKU-00087,WH-EU,2025-03-03,2025-03-10,2025-03-09,1324.0,3.32,air,508.83,delivered
PO-006646,SUP-017,SKU-00087,WH-EU,2025-03-17,2025-04-02,2025-03-30,1201.0,3.32,rail,224.27,delivered
PO-006647,SUP-017,SKU-00087,WH-EU,2025-03-31,2025-04-07,2025-04-08,1028.0,3.32,air,484.12,delivered
PO-006648,SUP-017,SKU-00087,WH-EU,2025-04-14,2025-05-04,2025-05-05,1243.0,3.32,ocean,184.33,delivered
PO-006649,SUP-017,SKU-00087,WH-EU,2025-05-05,2025-05-25,2025-05-23,903.0,3.32,ocean,118.19,delivered
PO-006650,SUP-017,SKU-00087,WH-EU,2025-05-19,2025-05-26,2025-05-24,1156.0,3.32,air,408.93,delivered
PO-006651,SUP-017,SKU-00087,WH-EU,2025-06-02,2025-06-09,2025-06-10,887.0,3.32,air,291.67,delivered
PO-006652,SUP-017,SKU-00087,WH-EU,2025-06-16,2025-07-06,2025-07-11,1091.0,3.32,ocean,144.62,delivered
PO-006653,SUP-017,SKU-00087,WH-EU,2025-06-30,2025-07-07,2025-07-06,968.0,3.32,air,326.91,delivered
PO-006654,SUP-017,SKU-00087,WH-EU,2025-07-21,2025-07-28,2025-07-27,1243.0,3.32,air,509.33,delivered
PO-006655,SUP-017,SKU-00087,WH-EU,2025-08-04,2025-08-24,2025-08-24,1244.0,3.32,ocean,168.01,delivered
PO-006656,SUP-017,SKU-00087,WH-EU,2025-08-25,2025-09-09,2025-09-08,971.0,3.32,road,203.08,delivered
PO-006657,SUP-017,SKU-00087,WH-EU,2025-09-08,2025-09-28,2025-10-01,972.0,3.32,ocean,135.95,delivered
PO-006658,SUP-017,SKU-00087,WH-EU,2025-09-22,2025-09-29,2025-09-30,1087.0,3.32,AIR,472.89,delivered
PO-006659,SUP-017,SKU-00087,WH-EU,2025-10-13,2025-10-20,2025-10-19,989.0,3.32,air,421.22,delivered
PO-006660,SUP-017,SKU-00087,WH-EU,2025-10-27,2025-11-11,2025-11-13,1002.0,3.32,road,238.18,delivered
PO-006661,SUP-017,SKU-00087,WH-EU,2025-11-10,2025-11-17,2025-11-27,1057.0,3.32,air,398.55,delivered
PO-006662,SUP-017,SKU-00087,WH-EU,2025-11-24,2025-12-01,2025-12-01,947.0,3.32,air,407.9,delivered
PO-006663,SUP-017,SKU-00087,WH-EU,2025-12-08,2025-12-28,2025-12-25,1042.0,3.32,ocean,146.99,delivered
PO-006664,SUP-017,SKU-00087,WH-EU,2025-12-22,2025-12-29,2025-12-28,1017.0,3.32,air,400.35,delivered
PO-006665,SUP-017,SKU-00087,WH-WEST,2024-01-22,2024-02-07,2024-02-10,1049.0,3.32,rail,194.98,delivered
PO-006666,SUP-017,SKU-00087,WH-WEST,2024-02-12,2024-03-03,2024-03-07,856.0,3.32,OCEAN,131.56,delivered
PO-006667,SUP-017,SKU-00087,WH-WEST,2024-03-04,2024-03-11,2024-03-09,884.0,3.32,air,401.89,delivered
PO-006668,SUP-017,SKU-00087,WH-WEST,2024-03-25,2024-04-14,2024-04-11,1104.0,3.32,ocean,121.9,delivered
PO-006669,SUP-017,SKU-00087,WH-WEST,2024-04-15,2024-05-01,2024-05-02,930.0,3.32,rail,141.5,delivered
PO-006670,SUP-017,SKU-00087,WH-WEST,2024-04-29,2024-05-06,2024-05-06,810.0,3.32,air,346.57,delivered
PO-006671,SUP-017,SKU-00087,WH-WEST,2024-05-20,2024-06-09,2024-06-14,1099.0,3.32,ocean,124.68,delivered
PO-006672,SUP-017,SKU-00087,WH-WEST,2024-06-17,2024-07-07,2024-07-07,846.0,3.32,ocean,121.95,delivered
PO-006673,SUP-017,SKU-00087,WH-WEST,2024-07-01,2024-07-08,2024-07-07,894.0,3.32,air,410.32,delivered
PO-006674,SUP-017,SKU-00087,WH-WEST,2024-07-22,2024-08-06,2024-08-06,844.0,3.32,road,183.29,delivered
PO-006675,SUP-017,SKU-00087,WH-WEST,2024-08-12,2024-08-28,2024-08-27,1055.0,3.32,rail,199.98,delivered
PO-006676,SUP-017,SKU-00087,WH-WEST,2024-09-02,2024-09-09,2024-09-08,965.0,3.32,air,439.74,delivered
PO-006677,SUP-017,SKU-00087,WH-WEST,2024-09-23,2024-10-13,2024-10-09,1016.0,3.32,ocean,127.97,delivered
PO-006678,SUP-017,SKU-00087,WH-WEST,2024-10-14,2024-11-03,2024-11-02,992.0,3.32,ocean,120.39,delivered
PO-006679,SUP-017,SKU-00087,WH-WEST,2024-11-04,2024-11-11,2024-11-12,889.0,3.32,air,422.57,delivered
PO-006680,SUP-017,SKU-00087,WH-WEST,2024-11-18,2024-12-03,2024-12-07,740.0,3.32,road,157.5,delivered
PO-006681,SUP-017,SKU-00087,WH-WEST,2024-12-09,2024-12-16,2024-12-16,1111.0,3.32,air,486.52,delivered
PO-006682,SUP-017,SKU-00087,WH-WEST,2024-12-23,2024-12-30,2024-12-28,1102.0,3.32,air,474.49,delivered
PO-006683,SUP-017,SKU-00087,WH-WEST,2025-01-06,2025-01-26,2025-01-24,889.0,3.32,ocean,100.81,delivered
PO-006684,SUP-017,SKU-00087,WH-WEST,2025-01-20,2025-01-27,2025-01-28,851.0,3.32,air,302.46,delivered
PO-006685,SUP-017,SKU-00087,WH-WEST,2025-02-10,2025-03-02,2025-03-07,1187.0,3.32,ocean,156.52,delivered
PO-006686,SUP-017,SKU-00087,WH-WEST,2025-03-10,2025-03-26,2025-03-27,874.0,3.32,rail,160.37,delivered
PO-006687,SUP-017,SKU-00087,WH-WEST,2025-03-24,2025-04-09,2025-04-11,866.0,3.32,rail,140.55,delivered
PO-006688,SUP-017,SKU-00087,WH-WEST,2025-04-07,2025-04-22,2025-04-22,874.0,3.32,road,208.0,delivered
PO-006689,SUP-017,SKU-00087,WH-WEST,2025-04-21,2025-05-11,2025-05-13,866.0,3.32,ocean,104.66,delivered
PO-006690,SUP-017,SKU-00087,WH-WEST,2025-05-05,2025-05-12,2025-05-12,874.0,3.32,air,394.31,delivered
PO-006691,SUP-017,SKU-00087,WH-WEST,2025-05-26,2025-06-15,2025-06-16,1148.0,3.32,ocean,153.65,delivered
PO-006692,SUP-017,SKU-00087,WH-WEST,2025-06-23,2025-07-09,2025-07-08,1165.0,3.32,rail,162.62,delivered
PO-006693,SUP-017,SKU-00087,WH-WEST,2025-07-14,2025-08-03,2025-08-02,1020.0,3.32,ocean,141.83,delivered
PO-006694,SUP-017,SKU-00087,WH-WEST,2025-08-04,2025-08-19,2025-08-21,1076.0,3.32,road,253.18,delivered
PO-006695,SUP-017,SKU-00087,WH-WEST,2025-08-25,2025-09-10,2025-09-11,976.0,3.32,rail,166.82,delivered
PO-006696,SUP-017,SKU-00087,WH-WEST,2025-09-08,2025-09-15,2025-09-14,764.0,3.32,air,339.23,delivered
PO-006697,SUP-017,SKU-00087,WH-WEST,2025-09-22,2025-10-08,2025-10-10,851.0,3.32,rail,116.62,delivered
PO-006698,SUP-017,SKU-00087,WH-WEST,2025-10-06,2025-10-21,2025-10-24,744.0,3.32,road,136.74,delivered
PO-006699,SUP-017,SKU-00087,WH-WEST,2025-10-20,2025-11-05,2025-11-06,802.0,3.32,rail,138.98,delivered
PO-006700,SUP-017,SKU-00087,WH-WEST,2025-11-03,2025-11-10,2025-11-10,835.0,3.32,air,288.33,delivered
PO-006701,SUP-017,SKU-00087,WH-WEST,2025-11-17,2025-12-07,2025-12-06,816.0,3.32,ocean,97.34,delivered
PO-006702,SUP-017,SKU-00087,WH-WEST,2025-12-01,2025-12-21,2025-12-19,924.0,3.32,ocean,128.65,delivered
PO-006703,SUP-017,SKU-00087,WH-WEST,2025-12-22,2026-01-11,,1109.0,3.32,ocean,145.28,open
PO-006704,SUP-017,SKU-00087,WH-EAST,2024-01-22,2024-02-07,2024-02-09,922.0,3.32,rail,176.81,delivered
PO-006705,SUP-017,SKU-00087,WH-EAST,2024-02-12,2024-03-03,2024-03-01,780.0,3.32,ocean,115.11,delivered
PO-006706,SUP-017,SKU-00087,WH-EAST,2024-03-04,2024-03-24,2024-03-22,944.0,3.32,ocean,106.31,delivered
PO-006707,SUP-017,SKU-00087,WH-EAST,2024-03-25,2024-04-01,2024-04-02,813.0,3.32,air,348.95,delivered
PO-006708,SUP-017,SKU-00087,WH-EAST,2024-04-08,2024-04-28,2024-04-24,748.0,3.32,ocean,117.64,delivered
PO-006709,SUP-017,SKU-00087,WH-EAST,2024-04-22,2024-04-29,2024-04-28,783.0,3.32,air,277.93,delivered
PO-006710,SUP-017,SKU-00087,WH-EAST,2024-05-13,2024-06-02,2024-06-02,943.0,3.32,ocean,103.47,delivered
PO-006711,SUP-017,SKU-00087,WH-EAST,2024-06-03,2024-06-23,2024-06-19,715.0,3.32,ocean,101.38,delivered
PO-006712,SUP-017,SKU-00087,WH-EAST,2024-06-17,2024-07-03,2024-07-02,659.0,3.32,rail,92.12,delivered
PO-006713,SUP-017,SKU-00087,WH-EAST,2024-07-01,2024-07-08,2024-07-07,872.0,3.32,air,301.65,delivered
PO-006714,SUP-017,SKU-00087,WH-EAST,2024-07-22,2024-08-11,2024-08-12,948.0,3.32,ocean,130.85,delivered
PO-006715,SUP-017,SKU-00087,WH-EAST,2024-08-19,2024-09-08,2024-09-08,956.0,3.32,OCEAN,121.29,delivered
PO-006716,SUP-017,SKU-00087,WH-EAST,2024-09-09,2024-09-29,2024-09-24,668.0,3.32,ocean,98.04,delivered
PO-006717,SUP-017,SKU-00087,WH-EAST,2024-09-30,2024-10-20,2024-10-17,829.0,3.32,ocean,96.48,delivered
PO-006718,SUP-017,SKU-00087,WH-EAST,2024-10-21,2024-11-06,2024-11-05,876.0,3.32,rail,161.39,delivered
PO-006719,SUP-017,SKU-00087,WH-EAST,2024-11-11,2024-12-01,2024-12-02,937.0,3.32,ocean,111.95,delivered
PO-006720,SUP-017,SKU-00087,WH-EAST,2024-12-02,2024-12-22,2024-12-21,648.0,3.32,ocean,82.26,delivered
PO-006721,SUP-017,SKU-00087,WH-EAST,2024-12-16,2024-12-23,2024-12-22,883.0,3.32,air,373.37,delivered
PO-006722,SUP-017,SKU-00087,WH-EAST,2025-01-06,2025-01-22,2025-01-24,911.0,3.32,rail,143.32,delivered
PO-006723,SUP-017,SKU-00087,WH-EAST,2025-01-27,2025-02-03,2025-02-03,866.0,3.32,air,395.1,delivered
PO-006724,SUP-017,SKU-00087,WH-EAST,2025-02-10,2025-02-17,2025-02-16,818.0,3.32,air,377.28,delivered
PO-006725,SUP-017,SKU-00087,WH-EAST,2025-02-24,2025-03-16,2025-03-22,839.0,3.32,ocean,98.3,delivered
PO-006726,SUP-017,SKU-00087,WH-EAST,2025-03-10,2025-03-17,2025-03-16,692.0,3.32,air,234.72,delivered
PO-006727,SUP-017,SKU-00087,WH-EAST,2025-03-31,2025-04-20,2025-04-17,1026.0,3.32,ocean,144.64,delivered
PO-006728,SUP-017,SKU-00087,WH-EAST,2025-04-21,2025-05-11,2025-05-07,1058.0,3.32,ocean,133.18,delivered
PO-006729,SUP-017,SKU-00087,WH-EAST,2025-05-12,2025-05-27,2025-06-10,925.0,3.32,road,212.54,delivered
PO-006730,SUP-017,SKU-00087,WH-EAST,2025-06-16,2025-06-23,2025-06-30,1047.0,3.32,air,389.53,delivered
PO-006731,SUP-017,SKU-00087,WH-EAST,2025-07-07,2025-07-27,2025-07-24,950.0,3.32,ocean,125.05,delivered
PO-006732,SUP-017,SKU-00087,WH-EAST,2025-07-28,2025-08-04,2025-08-04,869.0,3.32,air,304.27,delivered
PO-006733,SUP-017,SKU-00087,WH-EAST,2025-08-11,2025-08-27,2025-08-28,1065.0,3.32,rail,182.88,delivered
PO-006734,SUP-017,SKU-00087,WH-EAST,2025-09-01,2025-09-21,2025-09-21,713.0,3.32,ocean,100.41,delivered
PO-006735,SUP-017,SKU-00087,WH-EAST,2025-09-15,2025-10-05,2025-10-04,818.0,3.32,ocean,114.1,delivered
PO-006736,SUP-017,SKU-00087,WH-EAST,2025-10-06,2025-10-26,2025-10-19,899.0,3.32,ocean,135.56,delivered
PO-006737,SUP-017,SKU-00087,WH-EAST,2025-10-20,2025-11-09,2025-11-11,708.0,3.32,ocean,86.11,delivered
PO-006738,SUP-017,SKU-00087,WH-EAST,2025-11-03,2025-11-23,2025-11-16,721.0,3.32,ocean,110.32,delivered
PO-006739,SUP-017,SKU-00087,WH-EAST,2025-11-24,2025-12-14,2025-12-17,931.0,3.32,ocean,121.04,delivered
PO-006740,SUP-017,SKU-00087,WH-EAST,2025-12-22,2026-01-11,,973.0,3.32,ocean,151.96,open
PO-006741,SUP-003,SKU-00088,WH-SOUTH,2024-01-15,2024-02-08,2024-02-09,3319.0,10.86,rail,2042.41,delivered
PO-006742,SUP-003,SKU-00088,WH-SOUTH,2024-01-29,2024-02-22,2024-02-26,3368.0,10.86,rail,1974.82,delivered
PO-006743,SUP-003,SKU-00088,WH-SOUTH,2024-02-19,2024-03-20,2024-03-18,4396.0,10.86,ocean,1721.98,delivered
PO-006744,SUP-003,SKU-00088,WH-SOUTH,2024-03-04,2024-03-14,2024-03-08,3416.0,10.86,air,4199.83,delivered
PO-006745,SUP-003,SKU-00088,WH-SOUTH,2024-03-18,2024-04-17,2024-05-04,3392.0,10.86,ocean,1703.96,delivered
PO-006746,SUP-003,SKU-00088,WH-SOUTH,2024-04-08,2024-04-18,2024-04-16,4461.0,10.86,air,5664.92,delivered
PO-006747,SUP-003,SKU-00088,WH-SOUTH,2024-04-29,2024-05-23,2024-06-07,4003.0,10.86,rail,2111.47,delivered
PO-006748,SUP-003,SKU-00088,WH-SOUTH,2024-05-27,2024-06-06,2024-06-09,4033.0,10.86,air,4679.31,delivered
PO-006749,SUP-003,SKU-00088,WH-SOUTH,2024-06-24,2024-07-04,2024-07-02,3388.0,10.86,air,4829.81,delivered
PO-006750,SUP-003,SKU-00088,WH-SOUTH,2024-07-22,2024-08-15,2024-08-23,3929.0,10.86,rail,1895.14,delivered
PO-006751,SUP-003,SKU-00088,WH-SOUTH,2024-08-19,2024-09-18,2024-09-09,3375.0,10.86,ocean,1366.76,delivered
PO-006752,SUP-003,SKU-00088,WH-SOUTH,2024-09-09,2024-10-01,2024-09-19,3708.0,10.86,road,2247.51,delivered
PO-006753,SUP-003,SKU-00088,WH-SOUTH,2024-09-30,2024-10-24,2024-09-26,3275.0,10.86,rail,1970.64,delivered
PO-006754,SUP-003,SKU-00088,WH-SOUTH,2024-10-21,2024-11-20,2024-11-21,3692.0,10.86,ocean,1740.78,delivered
PO-006755,SUP-003,SKU-00088,WH-SOUTH,2024-11-11,2024-11-21,2024-11-23,4933.0,10.86,air,6417.74,delivered
PO-006756,SUP-003,SKU-00088,WH-SOUTH,2024-12-02,2025-01-01,2024-12-21,3223.0,10.86,ocean,1344.78,delivered
PO-006757,SUP-003,SKU-00088,WH-SOUTH,2024-12-23,2025-01-16,2025-01-16,5569.0,10.86,rail,2530.67,delivered
PO-006758,SUP-003,SKU-00088,WH-SOUTH,2025-01-13,2025-01-23,2025-01-22,4445.0,10.86,air,6421.93,delivered
PO-006759,SUP-003,SKU-00088,WH-SOUTH,2025-02-03,2025-02-13,2025-02-17,4217.0,10.86,air,4444.11,delivered
PO-006760,SUP-003,SKU-00088,WH-SOUTH,2025-02-17,2025-02-27,2025-02-23,3370.0,10.86,air,,delivered
PO-006761,SUP-003,SKU-00088,WH-SOUTH,2025-03-10,2025-04-03,2025-04-03,3909.0,10.86,rail,2244.21,delivered
PO-006762,SUP-003,SKU-00088,WH-SOUTH,2025-03-24,2025-04-23,2025-05-07,3904.0,10.86,ocean,1685.36,delivered
PO-006763,SUP-003,SKU-00088,WH-SOUTH,2025-04-14,2025-05-14,2025-05-16,4492.0,10.86,ocean,1744.9,delivered
PO-006764,SUP-003,SKU-00088,WH-SOUTH,2025-05-19,2025-05-29,2025-05-30,3544.0,10.86,air,4809.71,delivered
PO-006765,SUP-003,SKU-00088,WH-SOUTH,2025-06-09,2025-07-09,2025-07-12,3489.0,10.86,ocean,1691.41,delivered
PO-006766,SUP-003,SKU-00088,WH-SOUTH,2025-07-07,2025-07-29,2025-07-25,3996.0,10.86,road,2863.57,delivered
PO-006767,SUP-003,SKU-00088,WH-SOUTH,2025-07-28,2025-08-27,2025-09-03,3430.0,10.86,ocean,1384.27,delivered
PO-006768,SUP-003,SKU-00088,WH-SOUTH,2025-08-18,2025-09-17,2025-10-07,3506.0,10.86,ocean,1720.2,delivered
PO-006769,SUP-003,SKU-00088,WH-SOUTH,2025-09-08,2025-10-08,2025-10-19,3895.0,10.86,ocean,1750.45,delivered
PO-006770,SUP-003,SKU-00088,WH-SOUTH,2025-10-13,2025-11-12,2025-10-28,3854.0,10.86,ocean,1394.95,delivered
PO-006771,SUP-003,SKU-00088,WH-SOUTH,2025-11-03,2025-12-03,2025-12-04,5089.0,10.86,ocean,1773.78,delivered
PO-006772,SUP-003,SKU-00088,WH-SOUTH,2025-11-17,2025-12-17,2025-12-22,3243.0,10.86,ocean,1328.39,delivered
PO-006773,SUP-003,SKU-00088,WH-SOUTH,2025-12-15,2025-12-25,2025-12-21,4514.0,10.86,air,5986.43,delivered
PO-006774,SUP-003,SKU-00088,WH-EAST,2024-01-22,2024-02-21,2024-03-11,6083.0,10.86,OCEAN,2605.2,delivered
PO-006775,SUP-003,SKU-00088,WH-EAST,2024-02-05,2024-03-06,2024-03-24,5493.0,10.86,ocean,2099.2,delivered
PO-006776,SUP-003,SKU-00088,WH-EAST,2024-03-18,2024-03-28,2024-03-27,5864.0,10.86,air,8088.94,delivered
PO-006777,SUP-003,SKU-00088,WH-EAST,2024-04-01,2024-04-25,2024-04-24,4617.0,10.86,rail,2172.8,delivered
PO-006778,SUP-003,SKU-00088,WH-EAST,2024-04-22,2024-05-22,2024-05-22,6040.0,10.86,ocean,2899.91,delivered
PO-006779,SUP-003,SKU-00088,WH-EAST,2024-05-13,2024-06-12,2024-06-03,5105.0,10.86,ocean,1882.14,delivered
PO-006780,SUP-003,SKU-00088,WH-EAST,2024-06-03,2024-07-03,2024-07-08,5118.0,10.86,ocean,1954.88,delivered
PO-006781,SUP-003,SKU-00088,WH-EAST,2024-07-01,2024-07-31,2024-07-23,5412.0,10.86,OCEAN,2228.76,delivered
PO-006782,SUP-003,SKU-00088,WH-EAST,2024-07-29,2024-08-28,2024-08-31,5739.0,10.86,ocean,2157.22,delivered
PO-006783,SUP-003,SKU-00088,WH-EAST,2024-08-19,2024-09-18,2024-09-23,4712.0,10.86,ocean,1779.36,delivered
PO-006784,SUP-003,SKU-00088,WH-EAST,2024-09-16,2024-10-16,2024-10-21,5967.0,10.86,ocean,3070.67,delivered
PO-006785,SUP-003,SKU-00088,WH-EAST,2024-10-07,2024-10-29,2024-10-24,5865.0,10.86,road,4126.9,delivered
PO-006786,SUP-003,SKU-00088,WH-EAST,2024-10-28,2024-11-27,2024-11-02,5403.0,10.86,ocean,2635.35,delivered
PO-006787,SUP-003,SKU-00088,WH-EAST,2024-11-11,2024-12-11,2024-11-19,4779.0,10.86,ocean,2289.97,delivered
PO-006788,SUP-003,SKU-00088,WH-EAST,2024-11-25,2024-12-05,2024-12-09,4729.0,10.86,air,6924.59,delivered
PO-006789,SUP-003,SKU-00088,WH-EAST,2024-12-09,2024-12-31,2025-01-08,4809.0,10.86,road,3175.91,delivered
PO-006790,SUP-003,SKU-00088,WH-EAST,2024-12-23,2025-01-16,2025-01-27,7334.0,10.86,rail,4029.22,delivered
PO-006791,SUP-003,SKU-00088,WH-EAST,2025-01-13,2025-02-06,2025-02-02,4837.0,10.86,rail,2912.69,delivered
PO-006792,SUP-003,SKU-00088,WH-EAST,2025-02-03,2025-03-05,2025-03-18,5583.0,10.86,ocean,2080.59,delivered
PO-006793,SUP-003,SKU-00088,WH-EAST,2025-02-17,2025-03-11,2025-03-12,4734.0,10.86,ROAD,3219.84,delivered
PO-006794,SUP-003,SKU-00088,WH-EAST,2025-03-17,2025-04-16,2025-04-21,7095.0,10.86,ocean,2668.63,delivered
PO-006795,SUP-003,SKU-00088,WH-EAST,2025-04-07,2025-05-07,2025-04-15,5668.0,10.86,ocean,2024.64,delivered
PO-006796,SUP-003,SKU-00088,WH-EAST,2025-04-28,2025-05-28,2025-05-25,5423.0,10.86,ocean,2241.42,delivered
PO-006797,SUP-003,SKU-00088,WH-EAST,2025-05-19,2025-06-18,2025-06-18,4973.0,10.86,OCEAN,1874.55,delivered
PO-006798,SUP-003,SKU-00088,WH-EAST,2025-06-09,2025-07-09,2025-07-14,4804.0,10.86,ocean,1905.19,delivered
PO-006799,SUP-003,SKU-00088,WH-EAST,2025-07-07,2025-08-06,2025-07-22,5739.0,10.86,ocean,2612.28,delivered
PO-006800,SUP-003,SKU-00088,WH-EAST,2025-07-28,2025-08-21,2025-08-19,4960.0,10.86,rail,2554.79,delivered
PO-006801,SUP-003,SKU-00088,WH-EAST,2025-08-18,2025-09-11,2025-09-22,6977.0,10.86,rail,3199.01,delivered
PO-006802,SUP-003,SKU-00088,WH-EAST,2025-09-01,2025-10-01,2025-09-23,4804.0,10.86,ocean,1779.32,delivered
PO-006803,SUP-003,SKU-00088,WH-EAST,2025-10-06,2025-10-28,2025-10-30,6400.0,10.86,road,4794.18,delivered
PO-006804,SUP-003,SKU-00088,WH-EAST,2025-10-27,2025-11-26,2025-12-02,6054.0,10.86,ocean,2578.8,delivered
PO-006805,SUP-003,SKU-00088,WH-EAST,2025-11-17,2025-12-17,2025-12-09,6930.0,10.86,ocean,3006.73,delivered
PO-006806,SUP-003,SKU-00088,WH-EAST,2025-12-15,2026-01-14,,7286.0,10.86,ocean,2927.12,open
PO-006807,SUP-003,SKU-00088,WH-WEST,2024-01-15,2024-02-14,2024-01-30,5631.0,10.86,ocean,2635.23,delivered
PO-006808,SUP-003,SKU-00088,WH-WEST,2024-01-29,2024-02-08,2024-02-07,5872.0,10.86,air,6446.09,delivered
PO-006809,SUP-003,SKU-00088,WH-WEST,2024-02-12,2024-03-05,2024-03-06,5334.0,10.86,road,3230.01,delivered
PO-006810,SUP-003,SKU-00088,WH-WEST,2024-03-04,2024-03-26,2024-03-22,6635.0,10.86,road,3783.32,delivered
PO-006811,SUP-003,SKU-00088,WH-WEST,2024-03-25,2024-04-24,2024-05-12,7810.0,10.86,ocean,2732.01,delivered
PO-006812,SUP-003,SKU-00088,WH-WEST,2024-04-15,2024-05-15,2024-05-30,5843.0,10.86,ocean,2146.88,delivered
PO-006813,SUP-003,SKU-00088,WH-WEST,2024-05-27,2024-06-20,2024-07-05,6613.0,10.86,rail,3456.5,delivered
PO-006814,SUP-003,SKU-00088,WH-WEST,2024-06-24,2024-07-18,2024-07-12,5817.0,10.86,rail,3623.42,delivered
PO-006815,SUP-003,SKU-00088,WH-WEST,2024-07-22,2024-08-21,2024-08-15,6030.0,10.86,ocean,2481.86,delivered
PO-006816,SUP-003,SKU-00088,WH-WEST,2024-08-19,2024-09-18,2024-08-25,6527.0,10.86,ocean,2822.6,delivered
PO-006817,SUP-003,SKU-00088,WH-WEST,2024-09-09,2024-10-01,2024-09-25,6105.0,10.86,road,4408.85,delivered
PO-006818,SUP-003,SKU-00088,WH-WEST,2024-09-30,2024-10-10,2024-10-11,6313.0,10.86,air,9825.72,delivered
PO-006819,SUP-003,SKU-00088,WH-WEST,2024-10-21,2024-11-14,2024-11-25,5896.0,10.86,rail,2808.7,delivered
PO-006820,SUP-003,SKU-00088,WH-WEST,2024-11-11,2024-12-11,2024-12-15,6840.0,10.86,ocean,2483.4,delivered
PO-006821,SUP-003,SKU-00088,WH-WEST,2024-12-02,2024-12-12,2024-12-09,6501.0,10.86,air,9284.97,delivered
PO-006822,SUP-003,SKU-00088,WH-WEST,2024-12-16,2025-01-15,2025-01-15,5491.0,10.86,ocean,2068.74,delivered
PO-006823,SUP-003,SKU-00088,WH-WEST,2025-01-06,2025-02-05,2025-02-03,7860.0,10.86,ocean,3963.65,delivered
PO-006824,SUP-003,SKU-00088,WH-WEST,2025-01-20,2025-02-19,2025-02-26,5125.0,10.86,ocean,2469.24,delivered
PO-006825,SUP-003,SKU-00088,WH-WEST,2025-02-10,2025-03-12,2025-03-03,5744.0,10.86,ocean,2777.45,delivered
PO-006826,SUP-003,SKU-00088,WH-WEST,2025-02-24,2025-03-06,2025-03-05,5182.0,10.86,air,7010.32,delivered
PO-006827,SUP-003,SKU-00088,WH-WEST,2025-03-17,2025-04-16,2025-04-08,6944.0,10.86,ocean,2525.51,delivered
PO-006828,SUP-003,SKU-00088,WH-WEST,2025-04-07,2025-05-01,2025-05-01,6048.0,10.86,rail,3139.18,delivered
PO-006829,SUP-003,SKU-00088,WH-WEST,2025-04-28,2025-05-08,2025-05-07,6306.0,10.86,air,8478.86,delivered
PO-006830,SUP-003,SKU-00088,WH-WEST,2025-05-19,2025-06-18,2025-06-16,5441.0,10.86,ocean,1953.9,delivered
PO-006831,SUP-003,SKU-00088,WH-WEST,2025-06-16,2025-07-10,2025-06-27,7128.0,10.86,rail,4388.0,delivered
PO-006832,SUP-003,SKU-00088,WH-WEST,2025-07-14,2025-07-24,2025-07-27,6768.0,10.86,air,9023.69,delivered
PO-006833,SUP-003,SKU-00088,WH-WEST,2025-08-11,2025-09-10,2025-09-18,6846.0,10.86,ocean,3195.76,delivered
PO-006834,SUP-003,SKU-00088,WH-WEST,2025-09-01,2025-10-01,2025-10-13,6047.0,10.86,ocean,2679.4,delivered
PO-006835,SUP-003,SKU-00088,WH-WEST,2025-09-29,2025-10-29,2025-10-24,7188.0,10.86,ocean,3700.73,delivered
PO-006836,SUP-003,SKU-00088,WH-WEST,2025-10-20,2025-11-19,2025-11-13,5367.0,10.86,ocean,1915.09,delivered
PO-006837,SUP-003,SKU-00088,WH-WEST,2025-11-03,2025-11-25,2025-11-28,5473.0,10.86,road,4107.89,delivered
PO-006838,SUP-003,SKU-00088,WH-WEST,2025-11-17,2025-12-11,2025-12-10,5127.0,10.86,rail,2646.94,delivered
PO-006839,SUP-003,SKU-00088,WH-WEST,2025-12-01,2025-12-31,,5178.0,10.86,ocean,2519.88,open
PO-006840,SUP-003,SKU-00088,WH-WEST,2025-12-15,2026-01-14,2025-12-26,5582.0,10.86,ocean,2073.87,delivered
PO-006841,SUP-013,SKU-00089,WH-EAST,2024-01-15,2024-01-22,2024-01-24,216.0,22.63,air,616.31,delivered
PO-006842,SUP-013,SKU-00089,WH-EAST,2024-02-05,2024-02-27,2024-03-10,275.0,22.63,ocean,293.26,delivered
PO-006843,SUP-013,SKU-00089,WH-EAST,2024-02-19,2024-03-06,2024-03-03,215.0,22.63,road,295.93,delivered
PO-006844,SUP-013,SKU-00089,WH-EAST,2024-03-18,2024-03-25,2024-03-25,266.0,22.63,air,754.08,delivered
PO-006845,SUP-013,SKU-00089,WH-EAST,2024-04-01,2024-04-08,2024-04-09,274.0,22.63,air,764.37,delivered
PO-006846,SUP-013,SKU-00089,WH-EAST,2024-04-15,2024-05-07,2024-05-02,232.0,22.63,ocean,241.12,delivered
PO-006847,SUP-013,SKU-00089,WH-EAST,2024-04-29,2024-05-21,2024-05-25,223.0,22.63,ocean,162.78,delivered
PO-006848,SUP-013,SKU-00089,WH-EAST,2024-05-13,2024-06-04,2024-06-08,240.0,22.63,ocean,176.91,delivered
PO-006849,SUP-013,SKU-00089,WH-EAST,2024-06-03,2024-06-10,2024-06-08,262.0,22.63,air,717.0,delivered
PO-006850,SUP-013,SKU-00089,WH-EAST,2024-06-24,2024-07-01,2024-06-30,338.0,22.63,air,984.61,delivered
PO-006851,SUP-013,SKU-00089,WH-EAST,2024-07-08,2024-07-15,2024-07-13,268.0,22.63,air,582.24,delivered
PO-006852,SUP-013,SKU-00089,WH-EAST,2024-07-22,2024-08-07,2024-08-05,295.0,22.63,road,347.94,delivered
PO-006853,SUP-013,SKU-00089,WH-EAST,2024-08-05,2024-08-12,2024-08-12,273.0,22.63,air,676.92,delivered
PO-006854,SUP-013,SKU-00089,WH-EAST,2024-08-19,2024-09-10,2024-09-05,292.0,22.63,ocean,243.74,delivered
PO-006855,SUP-013,SKU-00089,WH-EAST,2024-09-02,2024-09-09,2024-09-13,249.0,22.63,air,551.22,delivered
PO-006856,SUP-013,SKU-00089,WH-EAST,2024-09-16,2024-10-02,2024-10-07,238.0,22.63,road,368.69,delivered
PO-006857,SUP-013,SKU-00089,WH-EAST,2024-09-30,2024-10-16,2024-10-18,266.0,22.63,road,396.64,delivered
PO-006858,SUP-013,SKU-00089,WH-EAST,2024-10-21,2024-11-06,2024-11-04,343.0,22.63,road,543.09,delivered
PO-006859,SUP-013,SKU-00089,WH-EAST,2024-11-11,2024-11-18,2024-11-23,333.0,22.63,air,768.41,delivered
PO-006860,SUP-013,SKU-00089,WH-EAST,2024-11-25,2024-12-17,2024-12-27,255.0,22.63,ocean,242.35,delivered
PO-006861,SUP-013,SKU-00089,WH-EAST,2024-12-09,2024-12-31,2024-12-25,219.0,22.63,ocean,215.38,delivered
PO-006862,SUP-013,SKU-00089,WH-EAST,2025-01-06,2025-01-28,2025-01-16,292.0,22.63,ocean,311.52,delivered
PO-006863,SUP-013,SKU-00089,WH-EAST,2025-01-20,2025-02-11,2025-02-16,242.0,22.63,ocean,223.67,delivered
PO-006864,SUP-013,SKU-00089,WH-EAST,2025-02-03,2025-02-25,2025-02-16,234.0,22.63,ocean,244.24,delivered
PO-006865,SUP-013,SKU-00089,WH-EAST,2025-03-03,2025-03-25,2025-03-24,334.0,22.63,ocean,244.98,delivered
PO-006866,SUP-013,SKU-00089,WH-EAST,2025-03-24,2025-04-15,2025-04-09,231.0,22.63,ocean,208.94,delivered
PO-006867,SUP-013,SKU-00089,WH-EAST,2025-04-07,2025-04-14,2025-04-15,308.0,22.63,air,964.17,delivered
PO-006868,SUP-013,SKU-00089,WH-EAST,2025-04-21,2025-05-13,2025-05-26,341.0,22.63,ocean,254.32,delivered
PO-006869,SUP-013,SKU-00089,WH-EAST,2025-05-26,2025-06-13,2025-06-15,219.0,22.63,rail,249.57,delivered
PO-006870,SUP-013,SKU-00089,WH-EAST,2025-06-09,2025-07-01,2025-07-20,313.0,22.63,ocean,333.89,delivered
PO-006871,SUP-013,SKU-00089,WH-EAST,2025-06-30,2025-07-07,2025-07-08,228.0,22.63,air,571.58,delivered
PO-006872,SUP-013,SKU-00089,WH-EAST,2025-07-14,2025-07-21,2025-07-23,228.0,22.63,air,647.05,delivered
PO-006873,SUP-013,SKU-00089,WH-EAST,2025-08-04,2025-08-26,2025-08-30,350.0,22.63,ocean,370.59,delivered
PO-006874,SUP-013,SKU-00089,WH-EAST,2025-09-01,2025-09-23,2025-09-15,258.0,22.63,OCEAN,187.55,delivered
PO-006875,SUP-013,SKU-00089,WH-EAST,2025-09-15,2025-10-07,2025-10-01,300.0,22.63,ocean,236.75,delivered
PO-006876,SUP-013,SKU-00089,WH-EAST,2025-09-22,2025-09-29,2025-09-29,221.0,22.63,air,,delivered
PO-006877,SUP-013,SKU-00089,WH-EAST,2025-10-13,2025-10-31,2025-11-11,332.0,22.63,rail,427.3,delivered
PO-006878,SUP-013,SKU-00089,WH-EAST,2025-11-17,2025-12-05,2025-11-30,350.0,22.63,rail,459.74,delivered
PO-006879,SUP-013,SKU-00089,WH-EAST,2025-12-01,2025-12-17,2025-12-24,244.0,22.63,road,287.38,delivered
PO-006880,SUP-013,SKU-00089,WH-EAST,2025-12-15,2026-01-06,,278.0,22.63,OCEAN,207.2,open
PO-006881,SUP-010,SKU-00090,WH-EAST,2024-01-15,2024-02-09,2024-02-11,132.0,2.48,rail,19.59,delivered
PO-006882,SUP-010,SKU-00090,WH-EAST,2024-01-29,2024-02-08,2024-02-09,115.0,2.48,air,28.91,delivered
PO-006883,SUP-010,SKU-00090,WH-EAST,2024-02-19,2024-03-20,2024-03-14,138.0,2.48,ocean,11.6,delivered
PO-006884,SUP-010,SKU-00090,WH-EAST,2024-03-11,2024-03-21,2024-03-22,135.0,2.48,air,35.97,delivered
PO-006885,SUP-010,SKU-00090,WH-EAST,2024-04-01,2024-04-23,2024-04-19,113.0,2.48,road,15.3,delivered
PO-006886,SUP-010,SKU-00090,WH-EAST,2024-04-22,2024-05-17,2024-05-21,130.0,2.48,rail,18.03,delivered
PO-006887,SUP-010,SKU-00090,WH-EAST,2024-05-13,2024-06-12,2024-06-09,112.0,2.48,ocean,9.13,delivered
PO-006888,SUP-010,SKU-00090,WH-EAST,2024-06-03,2024-06-28,2024-06-29,138.0,2.48,rail,19.99,delivered
PO-006889,SUP-010,SKU-00090,WH-EAST,2024-06-17,2024-07-17,2024-07-30,98.0,2.48,ocean,11.24,delivered
PO-006890,SUP-010,SKU-00090,WH-EAST,2024-07-08,2024-07-30,2024-07-26,127.0,2.48,road,19.02,delivered
PO-006891,SUP-010,SKU-00090,WH-EAST,2024-07-29,2024-08-08,2024-08-07,112.0,2.48,air,34.36,delivered
PO-006892,SUP-010,SKU-00090,WH-EAST,2024-08-12,2024-09-03,2024-09-09,98.0,2.48,road,16.22,delivered
PO-006893,SUP-010,SKU-00090,WH-EAST,2024-08-26,2024-09-25,2024-10-04,98.0,2.48,ocean,11.35,delivered
PO-006894,SUP-010,SKU-00090,WH-EAST,2024-09-16,2024-09-26,2024-09-25,143.0,2.48,air,41.57,delivered
PO-006895,SUP-010,SKU-00090,WH-EAST,2024-09-30,2024-10-10,2024-10-13,112.0,2.48,air,31.85,delivered
PO-006896,SUP-010,SKU-00090,WH-EAST,2024-10-21,2024-11-15,2024-11-26,139.0,2.48,rail,19.01,delivered
PO-006897,SUP-010,SKU-00090,WH-EAST,2024-11-11,2024-11-21,2024-11-20,134.0,2.48,air,47.8,delivered
PO-006898,SUP-010,SKU-00090,WH-EAST,2024-12-02,2024-12-12,2024-12-13,136.0,2.48,air,33.49,delivered
PO-006899,SUP-010,SKU-00090,WH-EAST,2024-12-16,2025-01-15,2025-01-17,98.0,2.48,ocean,8.77,delivered
PO-006900,SUP-010,SKU-00090,WH-EAST,2025-01-06,2025-01-16,2025-01-13,134.0,2.48,air,36.87,delivered
PO-006901,SUP-010,SKU-00090,WH-EAST,2025-01-27,2025-02-06,2025-02-06,127.0,2.48,air,30.53,delivered
PO-006902,SUP-010,SKU-00090,WH-EAST,2025-02-17,2025-03-11,2025-03-07,145.0,2.48,road,18.69,delivered
PO-006903,SUP-010,SKU-00090,WH-EAST,2025-03-10,2025-04-09,2025-04-02,125.0,2.48,ocean,11.48,delivered
PO-006904,SUP-010,SKU-00090,WH-EAST,2025-03-31,2025-04-22,2025-04-21,121.0,2.48,road,21.36,delivered
PO-006905,SUP-010,SKU-00090,WH-EAST,2025-04-14,2025-05-14,2025-05-14,101.0,2.48,ocean,10.58,delivered
PO-006906,SUP-010,SKU-00090,WH-EAST,2025-05-05,2025-05-15,2025-05-14,117.0,2.48,air,35.59,delivered
PO-006907,SUP-010,SKU-00090,WH-EAST,2025-05-26,2025-06-05,2025-06-04,113.0,2.48,air,34.81,delivered
PO-006908,SUP-010,SKU-00090,WH-EAST,2025-06-16,2025-07-16,2025-07-18,128.0,2.48,ocean,12.92,delivered
PO-006909,SUP-010,SKU-00090,WH-EAST,2025-07-07,2025-07-17,2025-07-19,125.0,2.48,air,42.53,delivered
PO-006910,SUP-010,SKU-00090,WH-EAST,2025-07-28,2025-08-27,2025-08-28,125.0,2.48,ocean,10.83,delivered
PO-006911,SUP-010,SKU-00090,WH-EAST,2025-08-18,2025-09-17,2025-09-27,142.0,2.48,ocean,13.71,delivered
PO-006912,SUP-010,SKU-00090,WH-EAST,2025-09-08,2025-10-08,2025-09-26,131.0,2.48,ocean,11.59,delivered
PO-006913,SUP-010,SKU-00090,WH-EAST,2025-10-06,2025-10-28,2025-10-28,117.0,2.48,road,14.25,delivered
PO-006914,SUP-010,SKU-00090,WH-EAST,2025-10-20,2025-11-19,2025-11-18,104.0,2.48,ocean,9.95,delivered
PO-006915,SUP-010,SKU-00090,WH-EAST,2025-11-03,2025-12-03,2025-12-11,146.0,2.48,ocean,16.15,delivered
PO-006916,SUP-010,SKU-00090,WH-EAST,2025-11-24,2025-12-04,2025-12-02,109.0,2.48,air,28.83,delivered
PO-006917,SUP-010,SKU-00090,WH-EAST,2025-12-15,2026-01-14,,133.0,2.48,ocean,13.38,open
PO-006918,SUP-010,SKU-00090,WH-SOUTH,2024-01-15,2024-02-14,2024-02-24,106.0,2.48,ocean,10.41,delivered
PO-006919,SUP-010,SKU-00090,WH-SOUTH,2024-01-29,2024-02-20,2024-02-20,94.0,2.48,road,15.4,delivered
PO-006920,SUP-010,SKU-00090,WH-SOUTH,2024-02-26,2024-03-27,2024-03-27,98.0,2.48,ocean,7.78,delivered
PO-006921,SUP-010,SKU-00090,WH-SOUTH,2024-03-18,2024-04-17,2024-04-20,113.0,2.48,ocean,9.47,delivered
PO-006922,SUP-010,SKU-00090,WH-SOUTH,2024-04-08,2024-05-08,2024-05-08,114.0,2.48,ocean,9.31,delivered
PO-006923,SUP-010,SKU-00090,WH-SOUTH,2024-04-29,2024-05-29,2024-06-02,94.0,2.48,ocean,8.92,delivered
PO-006924,SUP-010,SKU-00090,WH-SOUTH,2024-05-20,2024-05-30,2024-05-26,106.0,2.48,air,35.18,delivered
PO-006925,SUP-010,SKU-00090,WH-SOUTH,2024-06-10,2024-07-10,2024-07-03,114.0,2.48,ocean,10.97,delivered
PO-006926,SUP-010,SKU-00090,WH-SOUTH,2024-07-01,2024-07-31,2024-08-01,117.0,2.48,ocean,11.09,delivered
PO-006927,SUP-010,SKU-00090,WH-SOUTH,2024-07-22,2024-08-21,2024-08-18,110.0,2.48,ocean,9.36,delivered
PO-006928,SUP-010,SKU-00090,WH-SOUTH,2024-08-12,2024-09-06,2024-09-05,99.0,2.48,rail,14.56,delivered
PO-006929,SUP-010,SKU-00090,WH-SOUTH,2024-08-26,2024-09-25,2024-10-04,87.0,2.48,ocean,7.38,delivered
PO-006930,SUP-010,SKU-00090,WH-SOUTH,2024-09-09,2024-10-01,2024-09-27,86.0,2.48,road,10.38,delivered
PO-006931,SUP-010,SKU-00090,WH-SOUTH,2024-09-23,2024-10-03,2024-10-03,86.0,2.48,air,25.64,delivered
PO-006932,SUP-010,SKU-00090,WH-SOUTH,2024-10-14,2024-10-24,2024-10-21,115.0,2.48,air,27.74,delivered
PO-006933,SUP-010,SKU-00090,WH-SOUTH,2024-10-28,2024-11-27,2024-12-08,101.0,2.48,ocean,11.0,delivered
PO-006934,SUP-010,SKU-00090,WH-SOUTH,2024-11-11,2024-12-06,2024-12-07,89.0,2.48,rail,9.4,delivered
PO-006935,SUP-010,SKU-00090,WH-SOUTH,2024-12-09,2025-01-08,2024-12-31,89.0,2.48,ocean,7.13,delivered
PO-006936,SUP-010,SKU-00090,WH-SOUTH,2024-12-30,2025-01-09,2025-01-08,124.0,2.48,air,40.92,delivered
PO-006937,SUP-010,SKU-00090,WH-SOUTH,2025-01-20,2025-02-11,2025-02-25,111.0,2.48,road,15.89,delivered
PO-006938,SUP-010,SKU-00090,WH-SOUTH,2025-02-10,2025-03-04,2025-03-03,130.0,2.48,road,19.64,delivered
PO-006939,SUP-010,SKU-00090,WH-SOUTH,2025-03-10,2025-04-04,2025-04-05,88.0,2.48,rail,9.15,delivered
PO-006940,SUP-010,SKU-00090,WH-SOUTH,2025-03-31,2025-04-25,2025-05-02,106.0,2.48,rail,13.83,delivered
PO-006941,SUP-010,SKU-00090,WH-SOUTH,2025-04-14,2025-05-14,2025-05-13,88.0,2.48,ocean,10.22,delivered
PO-006942,SUP-010,SKU-00090,WH-SOUTH,2025-05-05,2025-06-04,2025-06-01,87.0,2.48,ocean,9.06,delivered
PO-006943,SUP-010,SKU-00090,WH-SOUTH,2025-05-26,2025-06-17,2025-05-22,105.0,2.48,road,14.3,delivered
PO-006944,SUP-010,SKU-00090,WH-SOUTH,2025-06-16,2025-07-16,2025-07-10,116.0,2.48,ocean,11.71,delivered
PO-006945,SUP-010,SKU-00090,WH-SOUTH,2025-07-07,2025-08-06,2025-08-04,102.0,2.48,ocean,11.78,delivered
PO-006946,SUP-010,SKU-00090,WH-SOUTH,2025-07-28,2025-08-27,2025-08-30,99.0,2.48,ocean,11.71,delivered
PO-006947,SUP-010,SKU-00090,WH-SOUTH,2025-08-18,2025-08-28,2025-08-30,110.0,2.48,air,27.52,delivered
PO-006948,SUP-010,SKU-00090,WH-SOUTH,2025-09-08,2025-09-18,2025-09-19,110.0,2.48,air,29.69,delivered
PO-006949,SUP-010,SKU-00090,WH-SOUTH,2025-09-22,2025-10-02,2025-09-30,92.0,2.48,air,24.54,delivered
PO-006950,SUP-010,SKU-00090,WH-SOUTH,2025-10-06,2025-10-16,2025-10-13,86.0,2.48,air,21.22,delivered
PO-006951,SUP-010,SKU-00090,WH-SOUTH,2025-10-27,2025-11-26,2025-11-20,127.0,2.48,ocean,14.36,delivered
PO-006952,SUP-010,SKU-00090,WH-SOUTH,2025-11-10,2025-12-02,2025-12-06,109.0,2.48,road,15.97,delivered
PO-006953,SUP-010,SKU-00090,WH-SOUTH,2025-12-01,2025-12-31,2025-12-23,100.0,2.48,ocean,8.34,delivered
PO-006954,SUP-010,SKU-00090,WH-SOUTH,2025-12-22,2026-01-21,,114.0,2.48,ocean,9.47,open
PO-006955,SUP-010,SKU-00090,WH-WEST,2024-01-15,2024-01-25,2024-01-28,135.0,2.48,air,40.33,delivered
PO-006956,SUP-010,SKU-00090,WH-WEST,2024-01-29,2024-02-23,2024-02-22,96.0,2.48,rail,14.28,delivered
PO-006957,SUP-010,SKU-00090,WH-WEST,2024-02-12,2024-03-05,2024-03-11,93.0,2.48,road,12.12,delivered
PO-006958,SUP-010,SKU-00090,WH-WEST,2024-03-04,2024-03-29,2024-03-20,128.0,2.48,rail,15.64,delivered
PO-006959,SUP-010,SKU-00090,WH-WEST,2024-03-25,2024-04-04,2024-04-01,111.0,2.48,air,37.91,delivered
PO-006960,SUP-010,SKU-00090,WH-WEST,2024-04-15,2024-05-10,2024-05-24,125.0,2.48,rail,16.85,delivered
PO-006961,SUP-010,SKU-00090,WH-WEST,2024-05-06,2024-06-05,2024-06-07,130.0,2.48,ocean,12.84,delivered
PO-006962,SUP-010,SKU-00090,WH-WEST,2024-06-03,2024-07-03,2024-07-06,102.0,2.48,ocean,9.91,delivered
PO-006963,SUP-010,SKU-00090,WH-WEST,2024-06-17,2024-07-17,2024-07-18,105.0,2.48,ocean,8.75,delivered
PO-006964,SUP-010,SKU-00090,WH-WEST,2024-07-08,2024-08-07,2024-08-19,105.0,2.48,ocean,9.67,delivered
PO-006965,SUP-010,SKU-00090,WH-WEST,2024-07-29,2024-08-28,2024-08-15,139.0,2.48,ocean,15.04,delivered
PO-006966,SUP-010,SKU-00090,WH-WEST,2024-08-26,2024-09-25,2024-10-04,131.0,2.48,ocean,10.58,delivered
PO-006967,SUP-010,SKU-00090,WH-WEST,2024-09-09,2024-10-09,2024-10-04,104.0,2.48,ocean,9.03,delivered
PO-006968,SUP-010,SKU-00090,WH-WEST,2024-10-14,2024-11-13,2024-11-10,130.0,2.48,ocean,15.47,delivered
PO-006969,SUP-010,SKU-00090,WH-WEST,2024-10-28,2024-11-22,2024-11-26,94.0,2.48,rail,13.01,delivered
PO-006970,SUP-010,SKU-00090,WH-WEST,2024-11-18,2024-12-18,2024-12-09,122.0,2.48,ocean,10.47,delivered
PO-006971,SUP-010,SKU-00090,WH-WEST,2024-12-02,2025-01-01,2025-01-18,94.0,2.48,ocean,9.53,delivered
PO-006972,SUP-010,SKU-00090,WH-WEST,2024-12-16,2025-01-15,2025-01-10,93.0,2.48,ocean,7.94,delivered
PO-006973,SUP-010,SKU-00090,WH-WEST,2024-12-30,2025-01-09,2025-01-08,98.0,2.48,air,29.3,delivered
PO-006974,SUP-010,SKU-00090,WH-WEST,2025-01-27,2025-02-26,2025-02-24,118.0,2.48,ocean,9.65,delivered
PO-006975,SUP-010,SKU-00090,WH-WEST,2025-02-17,2025-03-19,2025-03-21,144.0,2.48,ocean,13.07,delivered
PO-006976,SUP-010,SKU-00090,WH-WEST,2025-03-10,2025-04-04,2025-04-05,112.0,2.48,rail,16.19,delivered
PO-006977,SUP-010,SKU-00090,WH-WEST,2025-03-31,2025-04-10,2025-04-12,100.0,2.48,air,25.14,delivered
PO-006978,SUP-010,SKU-00090,WH-WEST,2025-04-14,2025-05-09,2025-05-05,101.0,2.48,rail,14.79,delivered
PO-006979,SUP-010,SKU-00090,WH-WEST,2025-05-05,2025-05-30,2025-06-01,102.0,2.48,rail,11.22,delivered
PO-006980,SUP-010,SKU-00090,WH-WEST,2025-05-26,2025-06-20,2025-06-21,109.0,2.48,RAIL,15.41,delivered
PO-006981,SUP-010,SKU-00090,WH-WEST,2025-06-16,2025-06-26,2025-06-28,124.0,2.48,air,34.73,delivered
PO-006982,SUP-010,SKU-00090,WH-WEST,2025-07-07,2025-08-06,2025-08-18,126.0,2.48,ocean,12.27,delivered
PO-006983,SUP-010,SKU-00090,WH-WEST,2025-07-28,2025-08-07,2025-08-06,125.0,2.48,air,37.7,delivered
PO-006984,SUP-010,SKU-00090,WH-WEST,2025-08-18,2025-09-17,2025-09-22,122.0,2.48,ocean,10.2,delivered
PO-006985,SUP-010,SKU-00090,WH-WEST,2025-09-08,2025-09-30,2025-09-28,133.0,2.48,road,20.54,delivered
PO-006986,SUP-010,SKU-00090,WH-WEST,2025-09-29,2025-10-09,2025-10-08,94.0,2.48,air,26.11,delivered
PO-006987,SUP-010,SKU-00090,WH-WEST,2025-10-13,2025-11-04,2025-11-05,99.0,2.48,ROAD,17.51,delivered
PO-006988,SUP-010,SKU-00090,WH-WEST,2025-10-27,2025-11-18,2025-11-09,97.0,2.48,road,14.99,delivered
PO-006989,SUP-010,SKU-00090,WH-WEST,2025-11-10,2025-12-10,2025-12-06,120.0,2.48,ocean,13.37,delivered
PO-006990,SUP-010,SKU-00090,WH-WEST,2025-12-01,2025-12-11,2025-12-09,152.0,2.48,air,44.83,delivered
PO-006991,SUP-010,SKU-00090,WH-WEST,2025-12-22,2026-01-16,,106.0,2.48,rail,12.63,open
PO-000625,SUP-001,SKU-00009,WH-EU,2024-05-06,2024-05-07,2024-05-08,57.0,1.86,air,10.18,delivered
PO-006156,SUP-018,SKU-00080,WH-WEST,2024-10-14,2024-11-04,2024-11-05,417.0,10.17,OCEAN,136.67,delivered
PO-000809,SUP-001,SKU-00011,WH-EU,2024-08-26,2024-08-29,2024-08-28,49.0,1.06,rail,2.99,delivered
PO-002382,SUP-023,SKU-00031,WH-APAC,2025-03-03,2025-03-12,2025-03-16,466.0,10.95,air,585.24,delivered
PO-004683,SUP-003,SKU-00060,WH-EU,2024-10-14,2024-11-13,2024-11-14,36.0,3.81,ocean,4.98,delivered
PO-000249,SUP-002,SKU-00003,WH-EAST,2025-05-05,2025-05-26,2025-05-28,21.0,47.47,rail,50.1,delivered
PO-002716,SUP-006,SKU-00035,WH-APAC,2024-03-18,2024-04-15,2024-04-15,54.0,8.18,ocean,16.48,delivered
PO-005601,SUP-010,SKU-00073,WH-EAST,2024-09-02,2024-10-02,2024-09-30,645.0,6.65,ocean,174.76,delivered
PO-006514,SUP-005,SKU-00086,WH-APAC,2024-07-29,2024-08-03,2024-08-06,14.0,7.6,rail,4.6,delivered
PO-000121,SUP-001,SKU-00002,WH-SOUTH,2025-03-31,2025-04-03,2025-04-02,371.0,4.49,rail,90.96,delivered
PO-001871,SUP-009,SKU-00024,WH-EAST,2024-07-22,2024-08-19,2024-08-21,1224.0,26.5,ocean,1213.92,delivered
PO-006798,SUP-003,SKU-00088,WH-EAST,2025-06-09,2025-07-09,2025-07-14,4804.0,10.86,ocean,1905.19,delivered
PO-004958,SUP-011,SKU-00063,WH-WEST,2025-04-14,2025-05-13,2025-05-30,291.0,6.49,ocean,67.06,delivered
PO-003558,SUP-013,SKU-00046,WH-APAC,2025-08-18,2025-09-09,2025-09-23,198.0,13.89,ocean,104.68,delivered
PO-005263,SUP-013,SKU-00068,WH-SOUTH,2024-12-16,2025-01-07,2024-12-30,190.0,85.26,ocean,717.29,delivered
PO-001426,SUP-008,SKU-00018,WH-SOUTH,2024-07-01,2024-07-18,2024-07-18,68.0,7.79,road,30.47,delivered
PO-001260,SUP-021,SKU-00016,WH-EU,2024-12-23,2025-01-19,2025-02-05,31.0,52.74,rail,69.36,delivered
PO-005203,SUP-014,SKU-00067,WH-EAST,2024-02-12,2024-02-19,2024-02-17,693.0,13.53,air,930.62,delivered
PO-006900,SUP-010,SKU-00090,WH-EAST,2025-01-06,2025-01-16,2025-01-13,134.0,2.48,air,36.87,delivered
PO-001983,SUP-002,SKU-00025,WH-EU,2024-07-08,2024-08-02,2024-08-06,132.0,19.18,ocean,103.63,delivered
PO-001057,SUP-016,SKU-00014,WH-EU,2025-09-15,2025-10-02,2025-10-06,316.0,2.31,rail,31.34,delivered
